// Generated by scripts/bmp_to_rgb565.py from resources/buttons.bmp -- do not edit.
// 120 x 480 pixels, RGB565, top row first.
#include <cstdint>

extern const std::uint16_t kButtonsImageWidth = 120;
extern const std::uint16_t kButtonsImageHeight = 480;
extern const std::uint16_t kButtonsImage[57600] = {
    0x4A69, 0x4A69, 0xEDC0, 0xEDC0, 0xEDC0, 0xEDC0, 0xEDC0, 0xEDC0, 0xEDC0, 0xEDC0, 0xEDC0, 0xEDC0,
    0xEDC0, 0xEDC0, 0xEDC0, 0xEDC0, 0xEDC0, 0xEDC0, 0xEDC0, 0xEDC0, 0xEDC0, 0xEDC0, 0xEDC0, 0xEDC0,
    0xEDC0, 0xEDC0, 0xEDC0, 0xEDC0, 0xEDC0, 0xEDC0, 0xEDC0, 0xEDC0, 0xEDC0, 0xEDC0, 0xEDC0, 0xEDC0,
    0xEDC0, 0xEDC0, 0xEDC0, 0xEDC0, 0xEDC0, 0xEDC0, 0xEDC0, 0xEDC0, 0xEDC0, 0xEDC0, 0xEDC0, 0xEDC0,
    0xEDC0, 0xEDC0, 0xEDC0, 0xEDC0, 0xEDC0, 0xEDC0, 0xEDC0, 0xEDC0, 0xEDC0, 0xEDC0, 0xEDC0, 0xEDC0,
    0xEDC0, 0xEDC0, 0xEDC0, 0xEDC0, 0xEDC0, 0xEDC0, 0xEDC0, 0xEDC0, 0xEDC0, 0xEDC0, 0xEDC0, 0xEDC0,
    0xEDC0, 0xEDC0, 0xEDC0, 0xEDC0, 0xEDC0, 0xEDC0, 0xEDC0, 0xEDC0, 0xEDC0, 0xEDC0, 0xEDC0, 0xEDC0,
    0xEDC0, 0xEDC0, 0xEDC0, 0xEDC0, 0xEDC0, 0xEDC0, 0xEDC0, 0xEDC0, 0xEDC0, 0xEDC0, 0xEDC0, 0xEDC0,
    0xEDC0, 0xEDC0, 0xEDC0, 0xEDC0, 0xEDC0, 0xEDC0, 0xEDC0, 0xEDC0, 0xEDC0, 0xEDC0, 0xEDC0, 0xEDC0,
    0xEDC0, 0xEDC0, 0xEDC0, 0xEDC0, 0xEDC0, 0xEDC0, 0xEDC0, 0xEDC0, 0xEDC0, 0xEDC0, 0x4A69, 0x4A69,
    0x4A69, 0xEDC0, 0xEDC0, 0xEDC0, 0xEDC0, 0xEDC0, 0xEDC0, 0xEDC0, 0xEDC0, 0xEDC0, 0xEDC0, 0xEDC0,
    0xEDC0, 0xEDC0, 0xEDC0, 0xEDC0, 0xEDC0, 0xEDC0, 0xEDC0, 0xEDC0, 0xEDC0, 0xEDC0, 0xEDC0, 0xEDC0,
    0xEDC0, 0xEDC0, 0xEDC0, 0xEDC0, 0xEDC0, 0xEDC0, 0xEDC0, 0xEDC0, 0xEDC0, 0xEDC0, 0xEDC0, 0xEDC0,
    0xEDC0, 0xEDC0, 0xEDC0, 0xEDC0, 0xEDC0, 0xEDC0, 0xEDC0, 0xEDC0, 0xEDC0, 0xEDC0, 0xEDC0, 0xEDC0,
    0xEDC0, 0xEDC0, 0xEDC0, 0xEDC0, 0xEDC0, 0xEDC0, 0xEDC0, 0xEDC0, 0xEDC0, 0xEDC0, 0xEDC0, 0xEDC0,
    0xEDC0, 0xEDC0, 0xEDC0, 0xEDC0, 0xEDC0, 0xEDC0, 0xEDC0, 0xEDC0, 0xEDC0, 0xEDC0, 0xEDC0, 0xEDC0,
    0xEDC0, 0xEDC0, 0xEDC0, 0xEDC0, 0xEDC0, 0xEDC0, 0xEDC0, 0xEDC0, 0xEDC0, 0xEDC0, 0xEDC0, 0xEDC0,
    0xEDC0, 0xEDC0, 0xEDC0, 0xEDC0, 0xEDC0, 0xEDC0, 0xEDC0, 0xEDC0, 0xEDC0, 0xEDC0, 0xEDC0, 0xEDC0,
    0xEDC0, 0xEDC0, 0xEDC0, 0xEDC0, 0xEDC0, 0xEDC0, 0xEDC0, 0xEDC0, 0xEDC0, 0xEDC0, 0xEDC0, 0xEDC0,
    0xEDC0, 0xEDC0, 0xEDC0, 0xEDC0, 0xEDC0, 0xEDC0, 0xEDC0, 0xEDC0, 0xEDC0, 0xEDC0, 0xEDC0, 0x4A69,
    0xEDC0, 0xEDC0, 0xEDC0, 0xEDC0, 0xEDC0, 0xEDC0, 0xEDC0, 0xEDC0, 0xEDC0, 0xEDC0, 0xEDC0, 0xEDC0,
    0xEDC0, 0xEDC0, 0xEDC0, 0xEDC0, 0xEDC0, 0xEDC0, 0xEDC0, 0xEDC0, 0xEDC0, 0xEDC0, 0xEDC0, 0xEDC0,
    0xEDC0, 0xEDC0, 0xEDC0, 0xEDC0, 0xEDC0, 0xEDC0, 0xEDC0, 0xEDC0, 0xEDC0, 0xEDC0, 0xEDC0, 0xEDC0,
    0xEDC0, 0xEDC0, 0xEDC0, 0xEDC0, 0xEDC0, 0xEDC0, 0xEDC0, 0xEDC0, 0xEDC0, 0xEDC0, 0xEDC0, 0xEDC0,
    0xEDC0, 0xEDC0, 0xEDC0, 0xEDC0, 0xEDC0, 0xEDC0, 0xEDC0, 0xEDC0, 0xEDC0, 0xEDC0, 0xEDC0, 0xEDC0,
    0xEDC0, 0xEDC0, 0xEDC0, 0xEDC0, 0xEDC0, 0xEDC0, 0xEDC0, 0xEDC0, 0xEDC0, 0xEDC0, 0xEDC0, 0xEDC0,
    0xEDC0, 0xEDC0, 0xEDC0, 0xEDC0, 0xEDC0, 0xEDC0, 0xEDC0, 0xEDC0, 0xEDC0, 0xEDC0, 0xEDC0, 0xEDC0,
    0xEDC0, 0xEDC0, 0xEDC0, 0xEDC0, 0xEDC0, 0xEDC0, 0xEDC0, 0xEDC0, 0xEDC0, 0xEDC0, 0xEDC0, 0xEDC0,
    0xEDC0, 0xEDC0, 0xEDC0, 0xEDC0, 0xEDC0, 0xEDC0, 0xEDC0, 0xEDC0, 0xEDC0, 0xEDC0, 0xEDC0, 0xEDC0,
    0xEDC0, 0xEDC0, 0xEDC0, 0xEDC0, 0xEDC0, 0xEDC0, 0xEDC0, 0xEDC0, 0xEDC0, 0xEDC0, 0xEDC0, 0xEDC0,
    0xEDC0, 0xEDC0, 0xEDC0, 0xEDC0, 0xEDC0, 0xEDC0, 0xEDC0, 0xEDC0, 0xEDC0, 0xEDC0, 0xEDC0, 0xEDC0,
    0xEDC0, 0xEDC0, 0xEDC0, 0xEDC0, 0xEDC0, 0xEDC0, 0xEDC0, 0xEDC0, 0xEDC0, 0xEDC0, 0xEDC0, 0xEDC0,
    0xEDC0, 0xEDC0, 0xEDC0, 0xEDC0, 0xEDC0, 0xEDC0, 0xEDC0, 0xEDC0, 0xEDC0, 0xEDC0, 0xEDC0, 0xEDC0,
    0xEDC0, 0xEDC0, 0xEDC0, 0xEDC0, 0xEDC0, 0xEDC0, 0xEDC0, 0xEDC0, 0xEDC0, 0xEDC0, 0xEDC0, 0xEDC0,
    0xEDC0, 0xEDC0, 0xEDC0, 0xEDC0, 0xEDC0, 0xEDC0, 0xEDC0, 0xEDC0, 0xEDC0, 0xEDC0, 0xEDC0, 0xEDC0,
    0xEDC0, 0xEDC0, 0xEDC0, 0xEDC0, 0xEDC0, 0xEDC0, 0xEDC0, 0xEDC0, 0xEDC0, 0xEDC0, 0xEDC0, 0xEDC0,
    0xEDC0, 0xEDC0, 0xEDC0, 0xEDC0, 0xEDC0, 0xEDC0, 0xEDC0, 0xEDC0, 0xEDC0, 0xEDC0, 0xEDC0, 0xEDC0,
    0xEDC0, 0xEDC0, 0xEDC0, 0xEDC0, 0xEDC0, 0xEDC0, 0xEDC0, 0xEDC0, 0xEDC0, 0xEDC0, 0xEDC0, 0xEDC0,
    0xEDC0, 0xEDC0, 0xEDC0, 0xEDC0, 0xEDC0, 0xEDC0, 0xEDC0, 0xEDC0, 0xEDC0, 0xEDC0, 0xEDC0, 0xEDC0,
    0xEDC0, 0xEDC0, 0xEDC0, 0xEDC0, 0xEDC0, 0xEDC0, 0xEDC0, 0xEDC0, 0xEDC0, 0xEDC0, 0xEDC0, 0xEDC0,
    0xEDC0, 0xEDC0, 0xEDC0, 0xEDC0, 0xEDC0, 0x4A69, 0x4A69, 0x4A69, 0x4A69, 0x4A69, 0x4A69, 0x4A69,
    0x4A69, 0x4A69, 0x4A69, 0x4A69, 0x4A69, 0x4A69, 0x4A69, 0x4A69, 0x4A69, 0x4A69, 0x4A69, 0x4A69,
    0x4A69, 0x4A69, 0x4A69, 0x4A69, 0x4A69, 0x4A69, 0x4A69, 0x4A69, 0x4A69, 0x4A69, 0x4A69, 0x4A69,
    0x4A69, 0x4A69, 0x4A69, 0x4A69, 0x4A69, 0x4A69, 0x4A69, 0x4A69, 0x4A69, 0x4A69, 0x4A69, 0x4A69,
    0x4A69, 0x4A69, 0x4A69, 0x4A69, 0x4A69, 0x4A69, 0x4A69, 0x4A69, 0x4A69, 0x4A69, 0x4A69, 0x4A69,
    0x4A69, 0x4A69, 0x4A69, 0x4A69, 0x4A69, 0x4A69, 0x4A69, 0x4A69, 0x4A69, 0x4A69, 0x4A69, 0x4A69,
    0x4A69, 0x4A69, 0x4A69, 0x4A69, 0x4A69, 0x4A69, 0x4A69, 0x4A69, 0x4A69, 0x4A69, 0x4A69, 0x4A69,
    0x4A69, 0x4A69, 0x4A69, 0x4A69, 0x4A69, 0x4A69, 0x4A69, 0x4A69, 0x4A69, 0x4A69, 0x4A69, 0x4A69,
    0x4A69, 0x4A69, 0x4A69, 0x4A69, 0x4A69, 0x4A69, 0x4A69, 0x4A69, 0x4A69, 0x4A69, 0x4A69, 0x4A69,
    0x4A69, 0x4A69, 0x4A69, 0x4A69, 0x4A69, 0x4A69, 0x4A69, 0xEDC0, 0xEDC0, 0xEDC0, 0xEDC0, 0xEDC0,
    0xEDC0, 0xEDC0, 0xEDC0, 0xEDC0, 0x4A69, 0x4A69, 0x4A69, 0x4A69, 0x4A69, 0x4A69, 0x4A69, 0x4A69,
    0x4A69, 0x4A69, 0x4A69, 0x4A69, 0x4A69, 0x4A69, 0x4A69, 0x4A69, 0x4A69, 0x4A69, 0x4A69, 0x4A69,
    0x4A69, 0x4A69, 0x4A69, 0x4A69, 0x4A69, 0x4A69, 0x4A69, 0x4A69, 0x4A69, 0x4A69, 0x4A69, 0x4A69,
    0x4A69, 0x4A69, 0x4A69, 0x4A69, 0x4A69, 0x4A69, 0x4A69, 0x4A69, 0x4A69, 0x4A69, 0x4A69, 0x4A69,
    0x4A69, 0x4A69, 0x4A69, 0x4A69, 0x4A69, 0x4A69, 0x4A69, 0x4A69, 0x4A69, 0x4A69, 0x4A69, 0x4A69,
    0x4A69, 0x4A69, 0x4A69, 0x4A69, 0x4A69, 0x4A69, 0x4A69, 0x4A69, 0x4A69, 0x4A69, 0x4A69, 0x4A69,
    0x4A69, 0x4A69, 0x4A69, 0x4A69, 0x4A69, 0x4A69, 0x4A69, 0x4A69, 0x4A69, 0x4A69, 0x4A69, 0x4A69,
    0x4A69, 0x4A69, 0x4A69, 0x4A69, 0x4A69, 0x4A69, 0x4A69, 0x4A69, 0x4A69, 0x4A69, 0x4A69, 0x4A69,
    0x4A69, 0x4A69, 0x4A69, 0x4A69, 0x4A69, 0x4A69, 0x4A69, 0x4A69, 0x4A69, 0x4A69, 0x4A69, 0x4A69,
    0x4A69, 0x4A69, 0x4A69, 0x4A69, 0x4A69, 0x4A69, 0x4A69, 0x4A69, 0xEDC0, 0xEDC0, 0xEDC0, 0xEDC0,
    0xEDC0, 0xEDC0, 0xEDC0, 0xEDC0, 0x4A69, 0x4A69, 0x4A69, 0x4A69, 0x4A69, 0x4A69, 0x4A69, 0x4A69,
    0x4A69, 0x4A69, 0x4A69, 0x4A69, 0x4A69, 0x4A69, 0x4A69, 0x4A69, 0x4A69, 0x4A69, 0x4A69, 0x4A69,
    0x4A69, 0x4A69, 0x4A69, 0x4A69, 0x4A69, 0x4A69, 0x4A69, 0x4A69, 0x4A69, 0x4A69, 0x4A69, 0x4A69,
    0x4A69, 0x4A69, 0x4A69, 0x4A69, 0x4A69, 0x4A69, 0x4A69, 0x4A69, 0x4A69, 0x4A69, 0x4A69, 0x4A69,
    0x4A69, 0x4A69, 0x4A69, 0x4A69, 0x4A69, 0x4A69, 0x4A69, 0x4A69, 0x4A69, 0x4A69, 0x4A69, 0x4A69,
    0x4A69, 0x4A69, 0x4A69, 0x4A69, 0x4A69, 0x4A69, 0x4A69, 0x4A69, 0x4A69, 0x4A69, 0x4A69, 0x4A69,
    0x4A69, 0x4A69, 0x4A69, 0x4A69, 0x4A69, 0x4A69, 0x4A69, 0x4A69, 0x4A69, 0x4A69, 0x4A69, 0x4A69,
    0x4A69, 0x4A69, 0x4A69, 0x4A69, 0x4A69, 0x4A69, 0x4A69, 0x4A69, 0x4A69, 0x4A69, 0x4A69, 0x4A69,
    0x4A69, 0x4A69, 0x4A69, 0x4A69, 0x4A69, 0x4A69, 0x4A69, 0x4A69, 0x4A69, 0x4A69, 0x4A69, 0x4A69,
    0x4A69, 0x4A69, 0x4A69, 0x4A69, 0x4A69, 0x4A69, 0x4A69, 0x4A69, 0xEDC0, 0xEDC0, 0xEDC0, 0xEDC0,
    0xEDC0, 0xEDC0, 0xEDC0, 0xEDC0, 0x4A69, 0x4A69, 0x4A69, 0x4A69, 0x4A69, 0x4A69, 0x4A69, 0x4A69,
    0x4A69, 0x4A69, 0x4A69, 0x4A69, 0x4A69, 0x4A69, 0x4A69, 0x4A69, 0x4A69, 0x4A69, 0x4A69, 0x4A69,
    0x4A69, 0x4A69, 0x4A69, 0x4A69, 0x4A69, 0x4A69, 0x4A69, 0x4A69, 0x4A69, 0x4A69, 0x4A69, 0x4A69,
    0x4A69, 0x4A69, 0x4A69, 0x4A69, 0x4A69, 0x4A69, 0x4A69, 0x4A69, 0x4A69, 0x4A69, 0x4A69, 0x4A69,
    0x4A69, 0x4A69, 0x4A69, 0x4A69, 0x4A69, 0x4A69, 0x4A69, 0x4A69, 0x4A69, 0x4A69, 0x4A69, 0x4A69,
    0x4A69, 0x4A69, 0x4A69, 0x4A69, 0x4A69, 0x4A69, 0x4A69, 0x4A69, 0x4A69, 0x4A69, 0x4A69, 0x4A69,
    0x4A69, 0x4A69, 0x4A69, 0x4A69, 0x4A69, 0x4A69, 0x4A69, 0x4A69, 0x4A69, 0x4A69, 0x4A69, 0x4A69,
    0x4A69, 0x4A69, 0x4A69, 0x4A69, 0x4A69, 0x4A69, 0x4A69, 0x4A69, 0x4A69, 0x4A69, 0x4A69, 0x4A69,
    0x4A69, 0x4A69, 0x4A69, 0x4A69, 0x4A69, 0x4A69, 0x4A69, 0x4A69, 0x4A69, 0x4A69, 0x4A69, 0x4A69,
    0x4A69, 0x4A69, 0x4A69, 0x4A69, 0x4A69, 0x4A69, 0x4A69, 0x4A69, 0xEDC0, 0xEDC0, 0xEDC0, 0xEDC0,
    0xEDC0, 0xEDC0, 0xEDC0, 0xEDC0, 0x4A69, 0x4A69, 0x4A69, 0x4A69, 0x4A69, 0x4A69, 0x4A69, 0x4A69,
    0x4A69, 0x4A69, 0x4A69, 0x4A69, 0x4A69, 0x4A69, 0x4A69, 0x4A69, 0x4A69, 0x4A69, 0x4A69, 0x4A69,
    0x4A69, 0x4A69, 0x4A69, 0x4A69, 0x4A69, 0x4A69, 0x4A69, 0x4A69, 0x4A69, 0x4A69, 0x4A69, 0x4A69,
    0x4A69, 0x4A69, 0x4A69, 0x4A69, 0x4A69, 0x4A69, 0x4A69, 0x4A69, 0x4A69, 0x4A69, 0x4A69, 0x4A69,
    0x4A69, 0x4A69, 0x4A69, 0x4A69, 0x4A69, 0x4A69, 0x4A69, 0x4A69, 0x4A69, 0x4A69, 0x4A69, 0x4A69,
    0x4A69, 0x4A69, 0x4A69, 0x4A69, 0x4A69, 0x4A69, 0x4A69, 0x4A69, 0x4A69, 0x4A69, 0x4A69, 0x4A69,
    0x4A69, 0x4A69, 0x4A69, 0x4A69, 0x4A69, 0x4A69, 0x4A69, 0x4A69, 0x4A69, 0x4A69, 0x4A69, 0x4A69,
    0x4A69, 0x4A69, 0x4A69, 0x4A69, 0x4A69, 0x4A69, 0x4A69, 0x4A69, 0x4A69, 0x4A69, 0x4A69, 0x4A69,
    0x4A69, 0x4A69, 0x4A69, 0x4A69, 0x4A69, 0x4A69, 0x4A69, 0x4A69, 0x4A69, 0x4A69, 0x4A69, 0x4A69,
    0x4A69, 0x4A69, 0x4A69, 0x4A69, 0x4A69, 0x4A69, 0x4A69, 0x4A69, 0xEDC0, 0xEDC0, 0xEDC0, 0xEDC0,
    0xEDC0, 0xEDC0, 0xEDC0, 0xEDC0, 0x4A69, 0x4A69, 0x4A69, 0x4A69, 0x4A69, 0x4A69, 0x4A69, 0x4A69,
    0x4A69, 0x4A69, 0x4A69, 0x4A69, 0x4A69, 0x4A69, 0x4A69, 0x4A69, 0x4A69, 0x4A69, 0x4A69, 0x4A69,
    0x4A69, 0x4A69, 0x4A69, 0x4A69, 0x4A69, 0x4A69, 0x4A69, 0x4A69, 0x4A69, 0x4A69, 0x4A69, 0x4A69,
    0x4A69, 0x4A69, 0x4A69, 0x4A69, 0x4A69, 0x4A69, 0x4A69, 0x4A69, 0x4A69, 0x4A69, 0x4A69, 0x4A69,
    0x4A69, 0x4A69, 0x4A69, 0x4A69, 0x4A69, 0x4A69, 0x4A69, 0x4A69, 0x4A69, 0x4A69, 0x4A69, 0x4A69,
    0x4A69, 0x4A69, 0x4A69, 0x4A69, 0x4A69, 0x4A69, 0x4A69, 0x4A69, 0x4A69, 0x4A69, 0x4A69, 0x4A69,
    0x4A69, 0x4A69, 0x4A69, 0x4A69, 0x4A69, 0x4A69, 0x4A69, 0x4A69, 0x4A69, 0x4A69, 0x4A69, 0x4A69,
    0x4A69, 0x4A69, 0x4A69, 0x4A69, 0x4A69, 0x4A69, 0x4A69, 0x4A69, 0x4A69, 0x4A69, 0x4A69, 0x4A69,
    0x4A69, 0x4A69, 0x4A69, 0x4A69, 0x4A69, 0x4A69, 0x4A69, 0x4A69, 0x4A69, 0x4A69, 0x4A69, 0x4A69,
    0x4A69, 0x4A69, 0x4A69, 0x4A69, 0x4A69, 0x4A69, 0x4A69, 0x4A69, 0xEDC0, 0xEDC0, 0xEDC0, 0xEDC0,
    0xEDC0, 0xEDC0, 0xEDC0, 0xEDC0, 0x4A69, 0x4A69, 0x4A69, 0x4A69, 0x4A69, 0x4A69, 0x4A69, 0x4A69,
    0x4A69, 0x4A69, 0x4A69, 0x4A69, 0x4A69, 0x4A69, 0x4A69, 0x4A69, 0x4A69, 0x4A69, 0x4A69, 0x4A69,
    0x4A69, 0x4A69, 0x4A69, 0x4A69, 0x4A69, 0x4A69, 0x4A69, 0x4A69, 0x4A69, 0x4A69, 0x4A69, 0x4A69,
    0x4A69, 0x4A69, 0x4A69, 0x4A69, 0x4A69, 0x4A69, 0x4A69, 0x4A69, 0x4A69, 0x4A69, 0x4A69, 0x4A69,
    0x4A69, 0x4A69, 0x4A69, 0x4A69, 0x4A69, 0x4A69, 0x4A69, 0x4A69, 0x4A69, 0x4A69, 0x4A69, 0x4A69,
    0x4A69, 0x4A69, 0x4A69, 0x4A69, 0x4A69, 0x4A69, 0x4A69, 0x4A69, 0x4A69, 0x4A69, 0x4A69, 0x4A69,
    0x4A69, 0x4A69, 0x4A69, 0x4A69, 0x4A69, 0x4A69, 0x4A69, 0x4A69, 0x4A69, 0x4A69, 0x4A69, 0x4A69,
    0x4A69, 0x4A69, 0x4A69, 0x4A69, 0x4A69, 0x4A69, 0x4A69, 0x4A69, 0x4A69, 0x4A69, 0x4A69, 0x4A69,
    0x4A69, 0x4A69, 0x4A69, 0x4A69, 0x4A69, 0x4A69, 0x4A69, 0x4A69, 0x4A69, 0x4A69, 0x4A69, 0x4A69,
    0x4A69, 0x4A69, 0x4A69, 0x4A69, 0x4A69, 0x4A69, 0x4A69, 0x4A69, 0xEDC0, 0xEDC0, 0xEDC0, 0xEDC0,
    0xEDC0, 0xEDC0, 0xEDC0, 0xEDC0, 0x4A69, 0x4A69, 0x4A69, 0x4A69, 0x4A69, 0x4A69, 0x4A69, 0x4A69,
    0x4A69, 0x4A69, 0x4A69, 0x4A69, 0x4A69, 0x4A69, 0x4A69, 0x4A69, 0x4A69, 0x4A69, 0x4A69, 0x4A69,
    0x4A69, 0x4A69, 0x4A69, 0x4A69, 0x4A69, 0x4A69, 0x4A69, 0x4A69, 0x4A69, 0x4A69, 0x4A69, 0x4A69,
    0x4A69, 0x4A69, 0x4A69, 0x4A69, 0x4A69, 0x4A69, 0x4A69, 0x4A69, 0x4A69, 0x4A69, 0x4A69, 0x4A69,
    0x4A69, 0x4A69, 0x4A69, 0x4A69, 0x4A69, 0x4A69, 0x4A69, 0x4A69, 0x4A69, 0x4A69, 0x4A69, 0x4A69,
    0x4A69, 0x4A69, 0x4A69, 0x4A69, 0x4A69, 0x4A69, 0x4A69, 0x4A69, 0x4A69, 0x4A69, 0x4A69, 0x4A69,
    0x4A69, 0x4A69, 0x4A69, 0x4A69, 0x4A69, 0x4A69, 0x4A69, 0x4A69, 0x4A69, 0x4A69, 0x4A69, 0x4A69,
    0x4A69, 0x4A69, 0x4A69, 0x4A69, 0x4A69, 0x4A69, 0x4A69, 0x4A69, 0x4A69, 0x4A69, 0x4A69, 0x4A69,
    0x4A69, 0x4A69, 0x4A69, 0x4A69, 0x4A69, 0x4A69, 0x4A69, 0x4A69, 0x4A69, 0x4A69, 0x4A69, 0x4A69,
    0x4A69, 0x4A69, 0x4A69, 0x4A69, 0x4A69, 0x4A69, 0x4A69, 0x4A69, 0xEDC0, 0xEDC0, 0xEDC0, 0xEDC0,
    0xEDC0, 0xEDC0, 0xEDC0, 0xEDC0, 0x4A69, 0x4A69, 0x4A69, 0x4A69, 0x4A69, 0x4A69, 0x4A69, 0x4A69,
    0x4A69, 0x4A69, 0x4A69, 0x4A69, 0x4A69, 0x4A69, 0x4A69, 0x4A69, 0x4A69, 0x4A69, 0x4A69, 0x4A69,
    0x4A69, 0x4A69, 0x4A69, 0x4A69, 0x4A69, 0x4A69, 0x4A69, 0x4A69, 0x4A69, 0x4A69, 0x4A69, 0x4A69,
    0x4A69, 0x4A69, 0x4A69, 0x4A69, 0x4A69, 0x4A69, 0x4A69, 0x4A69, 0x4A69, 0x4A69, 0x4A69, 0x4A69,
    0x4A69, 0x4A69, 0x4A69, 0x4A69, 0x4A69, 0x4A69, 0x4A69, 0x4A69, 0x4A69, 0x4A69, 0x4A69, 0x4A69,
    0x4A69, 0x4A69, 0x4A69, 0x4A69, 0x4A69, 0x4A69, 0x4A69, 0x4A69, 0x4A69, 0x4A69, 0x4A69, 0x4A69,
    0x4A69, 0x4A69, 0x4A69, 0x4A69, 0x4A69, 0x4A69, 0x4A69, 0x4A69, 0x4A69, 0x4A69, 0x4A69, 0x4A69,
    0x4A69, 0x4A69, 0x4A69, 0x4A69, 0x4A69, 0x4A69, 0x4A69, 0x4A69, 0x4A69, 0x4A69, 0x4A69, 0x4A69,
    0x4A69, 0x4A69, 0x4A69, 0x4A69, 0x4A69, 0x4A69, 0x4A69, 0x4A69, 0x4A69, 0x4A69, 0x4A69, 0x4A69,
    0x4A69, 0x4A69, 0x4A69, 0x4A69, 0x4A69, 0x4A69, 0x4A69, 0x4A69, 0xEDC0, 0xEDC0, 0xEDC0, 0xEDC0,
    0xEDC0, 0xEDC0, 0xEDC0, 0xEDC0, 0x4A69, 0x4A69, 0x4A69, 0x4A69, 0x4A69, 0x4A69, 0x4A69, 0x4A69,
    0x4A69, 0x4A69, 0x4A69, 0x4A69, 0x4A69, 0x4A69, 0x4A69, 0x4A69, 0x4A69, 0x4A69, 0x4A69, 0x4A69,
    0x4A69, 0x4A69, 0x4A69, 0x4A69, 0x4A69, 0x4A69, 0x4A69, 0x4A69, 0x4A69, 0x4A69, 0x4A69, 0x4A69,
    0x4A69, 0x4A69, 0x4A69, 0x4A69, 0x4A69, 0x4A69, 0x4A69, 0x4A69, 0x4A69, 0x4A69, 0x4A69, 0x4A69,
    0x4A69, 0x4A69, 0x4A69, 0x4A69, 0x4A69, 0x4A69, 0x4A69, 0x4A69, 0x4A69, 0x4A69, 0x4A69, 0x4A69,
    0x4A69, 0x4A69, 0x4A69, 0x4A69, 0x4A69, 0x4A69, 0x4A69, 0x4A69, 0x4A69, 0x4A69, 0x4A69, 0x4A69,
    0x4A69, 0x4A69, 0x4A69, 0x4A69, 0x4A69, 0x4A69, 0x4A69, 0x4A69, 0x4A69, 0x4A69, 0x4A69, 0x4A69,
    0x4A69, 0x4A69, 0x4A69, 0x4A69, 0x4A69, 0x4A69, 0x4A69, 0x4A69, 0x4A69, 0x4A69, 0x4A69, 0x4A69,
    0x4A69, 0x4A69, 0x4A69, 0x4A69, 0x4A69, 0x4A69, 0x4A69, 0x4A69, 0x4A69, 0x4A69, 0x4A69, 0x4A69,
    0x4A69, 0x4A69, 0x4A69, 0x4A69, 0x4A69, 0x4A69, 0x4A69, 0x4A69, 0xEDC0, 0xEDC0, 0xEDC0, 0xEDC0,
    0xEDC0, 0xEDC0, 0xEDC0, 0xEDC0, 0x4A69, 0x4A69, 0x4A69, 0x4A69, 0x4A69, 0x4A69, 0x4A69, 0x4A69,
    0x4A69, 0x4A69, 0x4A69, 0x4A69, 0x4A69, 0x4A69, 0x4A69, 0x4A69, 0x4A69, 0x4A69, 0x4A69, 0x4A69,
    0x4A69, 0x4A69, 0x4A69, 0x4A69, 0x4A69, 0x4A69, 0x4A69, 0x4A69, 0x4A69, 0x4A69, 0x4A69, 0x4A69,
    0x4A69, 0x4A69, 0x4A69, 0x4A69, 0x4A69, 0x4A69, 0x4A69, 0x4A69, 0x4A69, 0x4A69, 0x4A69, 0x4A69,
    0x4A69, 0x4A69, 0x4A69, 0x4A69, 0x4A69, 0x4A69, 0x4A69, 0x4A69, 0x4A69, 0x4A69, 0x4A69, 0x4A69,
    0x4A69, 0x4A69, 0x4A69, 0x4A69, 0x4A69, 0x4A69, 0x4A69, 0x4A69, 0x4A69, 0x4A69, 0x4A69, 0x4A69,
    0x4A69, 0x4A69, 0x4A69, 0x4A69, 0x4A69, 0x4A69, 0x4A69, 0x4A69, 0x4A69, 0x4A69, 0x4A69, 0x4A69,
    0x4A69, 0x4A69, 0x4A69, 0x4A69, 0x4A69, 0x4A69, 0x4A69, 0x4A69, 0x4A69, 0x4A69, 0x4A69, 0x4A69,
    0x4A69, 0x4A69, 0x4A69, 0x4A69, 0x4A69, 0x4A69, 0x4A69, 0x4A69, 0x4A69, 0x4A69, 0x4A69, 0x4A69,
    0x4A69, 0x4A69, 0x4A69, 0x4A69, 0x4A69, 0x4A69, 0x4A69, 0x4A69, 0xEDC0, 0xEDC0, 0xEDC0, 0xEDC0,
    0xEDC0, 0xEDC0, 0xEDC0, 0xEDC0, 0x4A69, 0x4A69, 0x4A69, 0x4A69, 0x4A69, 0x4A69, 0x4A69, 0x4A69,
    0x4A69, 0x4A69, 0x4A69, 0x4A69, 0x4A69, 0x4A69, 0x4A69, 0x4A69, 0x4A69, 0x4A69, 0x4A69, 0x4A69,
    0x4A69, 0x4A69, 0x4A69, 0x4A69, 0x4A69, 0x4A69, 0x4A69, 0x4A69, 0x4A69, 0x4A69, 0x4A69, 0x4A69,
    0x4A69, 0x4A69, 0x4A69, 0x4A69, 0x4A69, 0x4A69, 0x4A69, 0x4A69, 0x4A69, 0x4A69, 0x4A69, 0x4A69,
    0x4A69, 0x4A69, 0x4A69, 0x4A69, 0x4A69, 0x4A69, 0x4A69, 0x4A69, 0x4A69, 0x4A69, 0x4A69, 0x4A69,
    0x4A69, 0x4A69, 0x4A69, 0x4A69, 0x4A69, 0x4A69, 0x4A69, 0x4A69, 0x4A69, 0x4A69, 0x4A69, 0x4A69,
    0x4A69, 0x4A69, 0x4A69, 0x4A69, 0x4A69, 0x4A69, 0x4A69, 0x4A69, 0x4A69, 0x4A69, 0x4A69, 0x4A69,
    0x4A69, 0x4A69, 0x4A69, 0x4A69, 0x4A69, 0x4A69, 0x4A69, 0x4A69, 0x4A69, 0x4A69, 0x4A69, 0x4A69,
    0x4A69, 0x4A69, 0x4A69, 0x4A69, 0x4A69, 0x4A69, 0x4A69, 0x4A69, 0x4A69, 0x4A69, 0x4A69, 0x4A69,
    0x4A69, 0x4A69, 0x4A69, 0x4A69, 0x4A69, 0x4A69, 0x4A69, 0x4A69, 0xEDC0, 0xEDC0, 0xEDC0, 0xEDC0,
    0xEDC0, 0xEDC0, 0xEDC0, 0xEDC0, 0x4A69, 0x4A69, 0x4A69, 0x4A69, 0x4A69, 0x4A69, 0x4A69, 0x4A69,
    0x4A69, 0x4A69, 0x4A69, 0x4A69, 0x4A69, 0x4A69, 0x4A69, 0x4A69, 0x4A69, 0x4A69, 0x4A69, 0x4A69,
    0x4A69, 0x4A69, 0x4A69, 0x4A69, 0x4A69, 0x4A69, 0x4A69, 0x0861, 0x0861, 0x0861, 0x0861, 0x0861,
    0x0861, 0x0861, 0x0861, 0x0861, 0x0861, 0x0861, 0x0861, 0x0861, 0x0861, 0x0861, 0x0861, 0x0861,
    0x0861, 0x0861, 0x0861, 0x0861, 0x0861, 0x0861, 0x0861, 0x0861, 0x0861, 0x0861, 0x0861, 0x0861,
    0x0861, 0x0861, 0x0861, 0x0861, 0x0861, 0x0861, 0x0861, 0x0861, 0x0861, 0x0861, 0x0861, 0x0861,
    0x0861, 0x0861, 0x0861, 0x0861, 0x0861, 0x0861, 0x0861, 0x0861, 0x0861, 0x0861, 0x0861, 0x0861,
    0x0861, 0x0861, 0x0861, 0x0861, 0x0861, 0x0861, 0x4A69, 0x4A69, 0x4A69, 0x4A69, 0x4A69, 0x4A69,
    0x4A69, 0x4A69, 0x4A69, 0x4A69, 0x4A69, 0x4A69, 0x4A69, 0x4A69, 0x4A69, 0x4A69, 0x4A69, 0x4A69,
    0x4A69, 0x4A69, 0x4A69, 0x4A69, 0x4A69, 0x4A69, 0x4A69, 0x4A69, 0xEDC0, 0xEDC0, 0xEDC0, 0xEDC0,
    0xEDC0, 0xEDC0, 0xEDC0, 0xEDC0, 0x4A69, 0x4A69, 0x4A69, 0x4A69, 0x4A69, 0x4A69, 0x4A69, 0x4A69,
    0x4A69, 0x4A69, 0x4A69, 0x4A69, 0x4A69, 0x4A69, 0x4A69, 0x4A69, 0x4A69, 0x4A69, 0x4A69, 0x4A69,
    0x4A69, 0x4A69, 0x4A69, 0x4A69, 0x4A69, 0x0861, 0x0861, 0x0861, 0x0861, 0x0861, 0x0861, 0x0861,
    0x0861, 0x0861, 0x0861, 0x0861, 0x0861, 0x0861, 0x0861, 0x0861, 0x0861, 0x0861, 0x0861, 0x0861,
    0x0861, 0x0861, 0x0861, 0x0861, 0x0861, 0x0861, 0x0861, 0x0861, 0x0861, 0x0861, 0x0861, 0x0861,
    0x0861, 0x0861, 0x0861, 0x0861, 0x0861, 0x0861, 0x0861, 0x0861, 0x0861, 0x0861, 0x0861, 0x0861,
    0x0861, 0x0861, 0x0861, 0x0861, 0x0861, 0x0861, 0x0861, 0x0861, 0x0861, 0x0861, 0x0861, 0x0861,
    0x0861, 0x0861, 0x0861, 0x0861, 0x0861, 0x0861, 0x0861, 0x0861, 0x4A69, 0x4A69, 0x4A69, 0x4A69,
    0x4A69, 0x4A69, 0x4A69, 0x4A69, 0x4A69, 0x4A69, 0x4A69, 0x4A69, 0x4A69, 0x4A69, 0x4A69, 0x4A69,
    0x4A69, 0x4A69, 0x4A69, 0x4A69, 0x4A69, 0x4A69, 0x4A69, 0x4A69, 0xEDC0, 0xEDC0, 0xEDC0, 0xEDC0,
    0xEDC0, 0xEDC0, 0xEDC0, 0xEDC0, 0x4A69, 0x4A69, 0x4A69, 0x4A69, 0x4A69, 0x4A69, 0x4A69, 0x4A69,
    0x4A69, 0x4A69, 0x4A69, 0x4A69, 0x4A69, 0x4A69, 0x4A69, 0x4A69, 0x4A69, 0x4A69, 0x4A69, 0x4A69,
    0x4A69, 0x4A69, 0x4A69, 0x4A69, 0x0861, 0x0861, 0x0861, 0x0861, 0xFE87, 0xFE87, 0xFE87, 0xFE87,
    0xFE87, 0xFE87, 0xFE87, 0xFE87, 0xFE87, 0xFE87, 0xFE87, 0xFE87, 0xFE87, 0xFE87, 0xFE87, 0xFE87,
    0xFE87, 0xFE87, 0xFE87, 0xFE87, 0xFE87, 0xFE87, 0xFE87, 0xFE87, 0xFE87, 0xFE87, 0xFE87, 0xFE87,
    0xFE87, 0xFE87, 0xFE87, 0xFE87, 0xFE87, 0xFE87, 0xFE87, 0xFE87, 0xFE87, 0xFE87, 0xFE87, 0xFE87,
    0xFE87, 0xFE87, 0xFE87, 0xFE87, 0xFE87, 0xFE87, 0xFE87, 0xFE87, 0xFE87, 0xFE87, 0xFE87, 0xFE87,
    0xFE87, 0xFE87, 0xFE87, 0xFE87, 0xFE87, 0x0861, 0x0861, 0x0861, 0x0861, 0x4A69, 0x4A69, 0x4A69,
    0x4A69, 0x4A69, 0x4A69, 0x4A69, 0x4A69, 0x4A69, 0x4A69, 0x4A69, 0x4A69, 0x4A69, 0x4A69, 0x4A69,
    0x4A69, 0x4A69, 0x4A69, 0x4A69, 0x4A69, 0x4A69, 0x4A69, 0x4A69, 0xEDC0, 0xEDC0, 0xEDC0, 0xEDC0,
    0xEDC0, 0xEDC0, 0xEDC0, 0xEDC0, 0x4A69, 0x4A69, 0x4A69, 0x4A69, 0x4A69, 0x4A69, 0x4A69, 0x4A69,
    0x4A69, 0x4A69, 0x4A69, 0x4A69, 0x4A69, 0x4A69, 0x4A69, 0x4A69, 0x4A69, 0x4A69, 0x4A69, 0x4A69,
    0x4A69, 0x4A69, 0x4A69, 0x0861, 0x0861, 0x0861, 0xFE87, 0xFE87, 0xEDC0, 0xEDC0, 0xEDC0, 0xEDC0,
    0xEDC0, 0xEDC0, 0xEDC0, 0xEDC0, 0xEDC0, 0xEDC0, 0xEDC0, 0xEDC0, 0xEDC0, 0xEDC0, 0xEDC0, 0xEDC0,
    0xEDC0, 0xEDC0, 0xEDC0, 0xEDC0, 0xEDC0, 0xEDC0, 0xEDC0, 0xEDC0, 0xEDC0, 0xEDC0, 0xEDC0, 0xEDC0,
    0xEDC0, 0xEDC0, 0xEDC0, 0xEDC0, 0xEDC0, 0xEDC0, 0xEDC0, 0xEDC0, 0xEDC0, 0xEDC0, 0xEDC0, 0xEDC0,
    0xEDC0, 0xEDC0, 0xEDC0, 0xEDC0, 0xEDC0, 0xEDC0, 0xEDC0, 0xEDC0, 0xEDC0, 0xEDC0, 0xEDC0, 0xEDC0,
    0xEDC0, 0xEDC0, 0xEDC0, 0xEDC0, 0xEDC0, 0xFE87, 0xFE87, 0x0861, 0x0861, 0x0861, 0x4A69, 0x4A69,
    0x4A69, 0x4A69, 0x4A69, 0x4A69, 0x4A69, 0x4A69, 0x4A69, 0x4A69, 0x4A69, 0x4A69, 0x4A69, 0x4A69,
    0x4A69, 0x4A69, 0x4A69, 0x4A69, 0x4A69, 0x4A69, 0x4A69, 0x4A69, 0xEDC0, 0xEDC0, 0xEDC0, 0xEDC0,
    0xEDC0, 0xEDC0, 0xEDC0, 0xEDC0, 0x4A69, 0x4A69, 0x4A69, 0x4A69, 0x4A69, 0x4A69, 0x4A69, 0x4A69,
    0x4A69, 0x4A69, 0x4A69, 0x4A69, 0x4A69, 0x4A69, 0x4A69, 0x4A69, 0x4A69, 0x4A69, 0x4A69, 0x4A69,
    0x4A69, 0x4A69, 0x0861, 0x0861, 0x0861, 0xFE87, 0xEDC0, 0xEDC0, 0xEDC0, 0xEDC0, 0xEDC0, 0xEDC0,
    0xEDC0, 0xEDC0, 0xEDC0, 0xEDC0, 0xEDC0, 0xEDC0, 0xEDC0, 0xEDC0, 0xEDC0, 0xEDC0, 0xEDC0, 0xEDC0,
    0xEDC0, 0xEDC0, 0xEDC0, 0xEDC0, 0xEDC0, 0xEDC0, 0xEDC0, 0xEDC0, 0xEDC0, 0xEDC0, 0xEDC0, 0xEDC0,
    0xEDC0, 0xEDC0, 0xEDC0, 0xEDC0, 0xEDC0, 0xEDC0, 0xEDC0, 0xEDC0, 0xEDC0, 0xEDC0, 0xEDC0, 0xEDC0,
    0xEDC0, 0xEDC0, 0xEDC0, 0xEDC0, 0xEDC0, 0xEDC0, 0xEDC0, 0xEDC0, 0xEDC0, 0xEDC0, 0xEDC0, 0xEDC0,
    0xEDC0, 0xEDC0, 0xEDC0, 0xEDC0, 0xEDC0, 0xEDC0, 0xEDC0, 0xFE87, 0x0861, 0x0861, 0x0861, 0x4A69,
    0x4A69, 0x4A69, 0x4A69, 0x4A69, 0x4A69, 0x4A69, 0x4A69, 0x4A69, 0x4A69, 0x4A69, 0x4A69, 0x4A69,
    0x4A69, 0x4A69, 0x4A69, 0x4A69, 0x4A69, 0x4A69, 0x4A69, 0x4A69, 0xEDC0, 0xEDC0, 0xEDC0, 0xEDC0,
    0xEDC0, 0xEDC0, 0xEDC0, 0xEDC0, 0x4A69, 0x4A69, 0x4A69, 0x4A69, 0x4A69, 0x4A69, 0x4A69, 0x4A69,
    0x4A69, 0x4A69, 0x4A69, 0x4A69, 0x4A69, 0x4A69, 0x4A69, 0x4A69, 0x4A69, 0x4A69, 0x4A69, 0x4A69,
    0x4A69, 0x0861, 0x0861, 0x0861, 0xFE87, 0xEDC0, 0xEDC0, 0xEDC0, 0xEDC0, 0xEDC0, 0xEDC0, 0xEDC0,
    0xEDC0, 0xEDC0, 0xEDC0, 0xEDC0, 0xEDC0, 0xEDC0, 0xEDC0, 0xEDC0, 0xEDC0, 0xEDC0, 0xEDC0, 0xEDC0,
    0xEDC0, 0xEDC0, 0xEDC0, 0xEDC0, 0xEDC0, 0xEDC0, 0xEDC0, 0xEDC0, 0xEDC0, 0xEDC0, 0xEDC0, 0xEDC0,
    0xEDC0, 0xEDC0, 0xEDC0, 0xEDC0, 0xEDC0, 0xEDC0, 0xEDC0, 0xEDC0, 0xEDC0, 0xEDC0, 0xEDC0, 0xEDC0,
    0xEDC0, 0xEDC0, 0xEDC0, 0xEDC0, 0xEDC0, 0xEDC0, 0xEDC0, 0xEDC0, 0xEDC0, 0xEDC0, 0xEDC0, 0xEDC0,
    0xEDC0, 0xEDC0, 0xEDC0, 0xEDC0, 0xEDC0, 0xEDC0, 0xEDC0, 0xEDC0, 0xFE87, 0x0861, 0x0861, 0x0861,
    0x4A69, 0x4A69, 0x4A69, 0x4A69, 0x4A69, 0x4A69, 0x4A69, 0x4A69, 0x4A69, 0x4A69, 0x4A69, 0x4A69,
    0x4A69, 0x4A69, 0x4A69, 0x4A69, 0x4A69, 0x4A69, 0x4A69, 0x4A69, 0xEDC0, 0xEDC0, 0xEDC0, 0xEDC0,
    0xEDC0, 0xEDC0, 0xEDC0, 0xEDC0, 0x4A69, 0x4A69, 0x4A69, 0x4A69, 0x4A69, 0x4A69, 0x4A69, 0x4A69,
    0x4A69, 0x4A69, 0x4A69, 0x4A69, 0x4A69, 0x4A69, 0x4A69, 0x4A69, 0x4A69, 0x4A69, 0x4A69, 0x4A69,
    0x4A69, 0x0861, 0x0861, 0xFE87, 0xEDC0, 0xEDC0, 0xEDC0, 0xEDC0, 0xEDC0, 0xEDC0, 0xEDC0, 0xEDC0,
    0xEDC0, 0xEDC0, 0xEDC0, 0xEDC0, 0xEDC0, 0xEDC0, 0xEDC0, 0xEDC0, 0xEDC0, 0xEDC0, 0xEDC0, 0xEDC0,
    0xEDC0, 0xEDC0, 0xEDC0, 0xEDC0, 0xEDC0, 0xEDC0, 0xEDC0, 0xEDC0, 0xEDC0, 0xEDC0, 0xEDC0, 0xEDC0,
    0xEDC0, 0xEDC0, 0xEDC0, 0xEDC0, 0xEDC0, 0xEDC0, 0xEDC0, 0xEDC0, 0xEDC0, 0xEDC0, 0xEDC0, 0xEDC0,
    0xEDC0, 0xEDC0, 0xEDC0, 0xEDC0, 0xEDC0, 0xEDC0, 0xEDC0, 0xEDC0, 0xEDC0, 0xEDC0, 0xEDC0, 0xEDC0,
    0xEDC0, 0xEDC0, 0xEDC0, 0xEDC0, 0xEDC0, 0xEDC0, 0xEDC0, 0xEDC0, 0xEDC0, 0xFE87, 0x0861, 0x0861,
    0x4A69, 0x4A69, 0x4A69, 0x4A69, 0x4A69, 0x4A69, 0x4A69, 0x4A69, 0x4A69, 0x4A69, 0x4A69, 0x4A69,
    0x4A69, 0x4A69, 0x4A69, 0x4A69, 0x4A69, 0x4A69, 0x4A69, 0x4A69, 0xEDC0, 0xEDC0, 0xEDC0, 0xEDC0,
    0xEDC0, 0xEDC0, 0xEDC0, 0xEDC0, 0x4A69, 0x4A69, 0x4A69, 0x4A69, 0x4A69, 0x4A69, 0x4A69, 0x4A69,
    0x4A69, 0x4A69, 0x4A69, 0x4A69, 0x4A69, 0x4A69, 0x4A69, 0x4A69, 0x4A69, 0x4A69, 0x4A69, 0x4A69,
    0x0861, 0x0861, 0x0861, 0xFE87, 0xEDC0, 0xEDC0, 0xEDC0, 0xEDC0, 0xEDC0, 0xEDC0, 0xEDC0, 0xEDC0,
    0xEDC0, 0xEDC0, 0xEDC0, 0xEDC0, 0xEDC0, 0xEDC0, 0xEDC0, 0xEDC0, 0xEDC0, 0xEDC0, 0xEDC0, 0xEDC0,
    0xEDC0, 0xEDC0, 0xEDC0, 0xEDC0, 0xEDC0, 0xEDC0, 0xEDC0, 0xEDC0, 0xEDC0, 0xEDC0, 0xEDC0, 0xEDC0,
    0xEDC0, 0xEDC0, 0xEDC0, 0xEDC0, 0xEDC0, 0xEDC0, 0xEDC0, 0xEDC0, 0xEDC0, 0xEDC0, 0xEDC0, 0xEDC0,
    0xEDC0, 0xEDC0, 0xEDC0, 0xEDC0, 0xEDC0, 0xEDC0, 0xEDC0, 0xEDC0, 0xEDC0, 0xEDC0, 0xEDC0, 0xEDC0,
    0xEDC0, 0xEDC0, 0xEDC0, 0xEDC0, 0xEDC0, 0xEDC0, 0xEDC0, 0xEDC0, 0xEDC0, 0xFE87, 0x0861, 0x0861,
    0x0861, 0x4A69, 0x4A69, 0x4A69, 0x4A69, 0x4A69, 0x4A69, 0x4A69, 0x4A69, 0x4A69, 0x4A69, 0x4A69,
    0x4A69, 0x4A69, 0x4A69, 0x4A69, 0x4A69, 0x4A69, 0x4A69, 0x4A69, 0xEDC0, 0xEDC0, 0xEDC0, 0xEDC0,
    0xEDC0, 0xEDC0, 0xEDC0, 0xEDC0, 0x4A69, 0x4A69, 0x4A69, 0x4A69, 0x4A69, 0x4A69, 0x4A69, 0x4A69,
    0x4A69, 0x4A69, 0x4A69, 0x4A69, 0x4A69, 0x4A69, 0x4A69, 0x4A69, 0x4A69, 0x4A69, 0x4A69, 0x4A69,
    0x0861, 0x0861, 0xFE87, 0xEDC0, 0xEDC0, 0xEDC0, 0xEDC0, 0xEDC0, 0xEDC0, 0xEDC0, 0xEDC0, 0xEDC0,
    0xEDC0, 0xEDC0, 0xEDC0, 0xEDC0, 0xEDC0, 0xEDC0, 0xEDC0, 0xEDC0, 0xEDC0, 0xEDC0, 0xEDC0, 0xEDC0,
    0xEDC0, 0xEDC0, 0xEDC0, 0xEDC0, 0xEDC0, 0xEDC0, 0xEDC0, 0xEDC0, 0xEDC0, 0xEDC0, 0xEDC0, 0xEDC0,
    0xEDC0, 0xEDC0, 0xEDC0, 0xEDC0, 0xEDC0, 0xEDC0, 0xEDC0, 0xEDC0, 0xEDC0, 0xEDC0, 0xEDC0, 0xEDC0,
    0xEDC0, 0xEDC0, 0xEDC0, 0xEDC0, 0xEDC0, 0xEDC0, 0xEDC0, 0xEDC0, 0xEDC0, 0xEDC0, 0xEDC0, 0xEDC0,
    0xEDC0, 0xEDC0, 0xEDC0, 0xEDC0, 0xEDC0, 0xEDC0, 0xEDC0, 0xEDC0, 0xEDC0, 0xEDC0, 0xFE87, 0x0861,
    0x0861, 0x4A69, 0x4A69, 0x4A69, 0x4A69, 0x4A69, 0x4A69, 0x4A69, 0x4A69, 0x4A69, 0x4A69, 0x4A69,
    0x4A69, 0x4A69, 0x4A69, 0x4A69, 0x4A69, 0x4A69, 0x4A69, 0x4A69, 0xEDC0, 0xEDC0, 0xEDC0, 0xEDC0,
    0xEDC0, 0xEDC0, 0xEDC0, 0xEDC0, 0x4A69, 0x4A69, 0x4A69, 0x4A69, 0x4A69, 0x4A69, 0x4A69, 0x4A69,
    0x4A69, 0x4A69, 0x4A69, 0x4A69, 0x4A69, 0x4A69, 0x4A69, 0x4A69, 0x4A69, 0x4A69, 0x4A69, 0x4A69,
    0x0861, 0x0861, 0xFE87, 0xEDC0, 0xEDC0, 0xEDC0, 0xEDC0, 0xEDC0, 0xEDC0, 0xEDC0, 0xEDC0, 0xEDC0,
    0xEDC0, 0xEDC0, 0xEDC0, 0xEDC0, 0xEDC0, 0xEDC0, 0xEDC0, 0xEDC0, 0xEDC0, 0xEDC0, 0xEDC0, 0xEDC0,
    0xEDC0, 0xEDC0, 0xEDC0, 0xEDC0, 0xEDC0, 0xEDC0, 0xEDC0, 0xEDC0, 0xEDC0, 0xEDC0, 0xEDC0, 0xEDC0,
    0xEDC0, 0xEDC0, 0xEDC0, 0xEDC0, 0xEDC0, 0xEDC0, 0xEDC0, 0xEDC0, 0xEDC0, 0xEDC0, 0xEDC0, 0xEDC0,
    0xEDC0, 0xEDC0, 0xEDC0, 0xEDC0, 0xEDC0, 0xEDC0, 0xEDC0, 0xEDC0, 0xEDC0, 0xEDC0, 0xEDC0, 0xEDC0,
    0xEDC0, 0xEDC0, 0xEDC0, 0xEDC0, 0xEDC0, 0xEDC0, 0xEDC0, 0xEDC0, 0xEDC0, 0xEDC0, 0xFE87, 0x0861,
    0x0861, 0x4A69, 0x4A69, 0x4A69, 0x4A69, 0x4A69, 0x4A69, 0x4A69, 0x4A69, 0x4A69, 0x4A69, 0x4A69,
    0x4A69, 0x4A69, 0x4A69, 0x4A69, 0x4A69, 0x4A69, 0x4A69, 0x4A69, 0xEDC0, 0xEDC0, 0xEDC0, 0xEDC0,
    0xEDC0, 0xEDC0, 0xEDC0, 0xEDC0, 0x4A69, 0x4A69, 0x4A69, 0x4A69, 0x4A69, 0x4A69, 0x4A69, 0x4A69,
    0x4A69, 0x4A69, 0x4A69, 0x4A69, 0x4A69, 0x4A69, 0x4A69, 0x4A69, 0x4A69, 0x4A69, 0x4A69, 0x4A69,
    0x0861, 0x0861, 0xFE87, 0xEDC0, 0xEDC0, 0xEDC0, 0xEDC0, 0xEDC0, 0xEDC0, 0xEDC0, 0xEDC0, 0xEDC0,
    0xEDC0, 0xEDC0, 0xEDC0, 0xEDC0, 0xEDC0, 0xEDC0, 0xEDC0, 0xEDC0, 0xEDC0, 0xEDC0, 0xEDC0, 0xEDC0,
    0xEDC0, 0xEDC0, 0xEDC0, 0xEDC0, 0xEDC0, 0xEDC0, 0xEDC0, 0xEDC0, 0xEDC0, 0xEDC0, 0xEDC0, 0xEDC0,
    0xEDC0, 0xEDC0, 0xEDC0, 0xEDC0, 0xEDC0, 0xEDC0, 0xEDC0, 0xEDC0, 0xEDC0, 0xEDC0, 0xEDC0, 0xEDC0,
    0xEDC0, 0xEDC0, 0xEDC0, 0xEDC0, 0xEDC0, 0xEDC0, 0xEDC0, 0xEDC0, 0xEDC0, 0xEDC0, 0xEDC0, 0xEDC0,
    0xEDC0, 0xEDC0, 0xEDC0, 0xEDC0, 0xEDC0, 0xEDC0, 0xEDC0, 0xEDC0, 0xEDC0, 0xEDC0, 0xFE87, 0x0861,
    0x0861, 0x4A69, 0x4A69, 0x4A69, 0x4A69, 0x4A69, 0x4A69, 0x4A69, 0x4A69, 0x4A69, 0x4A69, 0x4A69,
    0x4A69, 0x4A69, 0x4A69, 0x4A69, 0x4A69, 0x4A69, 0x4A69, 0x4A69, 0xEDC0, 0xEDC0, 0xEDC0, 0xEDC0,
    0xEDC0, 0xEDC0, 0xEDC0, 0xEDC0, 0x4A69, 0x4A69, 0x4A69, 0x4A69, 0x4A69, 0x4A69, 0x4A69, 0x4A69,
    0x4A69, 0x4A69, 0x4A69, 0x4A69, 0x4A69, 0x4A69, 0x4A69, 0x4A69, 0x4A69, 0x4A69, 0x4A69, 0x4A69,
    0x0861, 0x0861, 0xFE87, 0xEDC0, 0xEDC0, 0xEDC0, 0xEDC0, 0xEDC0, 0xEDC0, 0xEDC0, 0xEDC0, 0xEDC0,
    0xEDC0, 0xEDC0, 0xEDC0, 0xEDC0, 0xEDC0, 0xEDC0, 0xEDC0, 0xEDC0, 0xEDC0, 0xEDC0, 0xEDC0, 0xEDC0,
    0xEDC0, 0xEDC0, 0xEDC0, 0xEDC0, 0xEDC0, 0xEDC0, 0xEDC0, 0xEDC0, 0xEDC0, 0xEDC0, 0xEDC0, 0xEDC0,
    0xEDC0, 0xEDC0, 0xEDC0, 0xEDC0, 0xEDC0, 0xEDC0, 0xEDC0, 0xEDC0, 0xEDC0, 0xEDC0, 0xEDC0, 0xEDC0,
    0xEDC0, 0xEDC0, 0xEDC0, 0xEDC0, 0xEDC0, 0xEDC0, 0xEDC0, 0xEDC0, 0xEDC0, 0xEDC0, 0xEDC0, 0xEDC0,
    0xEDC0, 0xEDC0, 0xEDC0, 0xEDC0, 0xEDC0, 0xEDC0, 0xEDC0, 0xEDC0, 0xEDC0, 0xEDC0, 0xFE87, 0x0861,
    0x0861, 0x4A69, 0x4A69, 0x4A69, 0x4A69, 0x4A69, 0x4A69, 0x4A69, 0x4A69, 0x4A69, 0x4A69, 0x4A69,
    0x4A69, 0x4A69, 0x4A69, 0x4A69, 0x4A69, 0x4A69, 0x4A69, 0x4A69, 0xEDC0, 0xEDC0, 0xEDC0, 0xEDC0,
    0xEDC0, 0xEDC0, 0xEDC0, 0xEDC0, 0x4A69, 0x4A69, 0x4A69, 0x4A69, 0x4A69, 0x4A69, 0x4A69, 0x4A69,
    0x4A69, 0x4A69, 0x4A69, 0x4A69, 0x4A69, 0x4A69, 0x4A69, 0x4A69, 0x4A69, 0x4A69, 0x4A69, 0x4A69,
    0x0861, 0x0861, 0xFE87, 0xEDC0, 0xEDC0, 0xEDC0, 0xEDC0, 0xEDC0, 0xEDC0, 0xEDC0, 0xEDC0, 0xEDC0,
    0xEDC0, 0xEDC0, 0xEDC0, 0xEDC0, 0xEDC0, 0xEDC0, 0xEDC0, 0xEDC0, 0xEDC0, 0xEDC0, 0xEDC0, 0xEDC0,
    0xEDC0, 0xEDC0, 0xEDC0, 0xEDC0, 0xEDC0, 0xEDC0, 0xEDC0, 0xEDC0, 0xEDC0, 0xEDC0, 0xEDC0, 0xEDC0,
    0xEDC0, 0xEDC0, 0xEDC0, 0xEDC0, 0xEDC0, 0xEDC0, 0xEDC0, 0xEDC0, 0xEDC0, 0xEDC0, 0xEDC0, 0xEDC0,
    0xEDC0, 0xEDC0, 0xEDC0, 0xEDC0, 0xEDC0, 0xEDC0, 0xEDC0, 0xEDC0, 0xEDC0, 0xEDC0, 0xEDC0, 0xEDC0,
    0xEDC0, 0xEDC0, 0xEDC0, 0xEDC0, 0xEDC0, 0xEDC0, 0xEDC0, 0xEDC0, 0xEDC0, 0xEDC0, 0xFE87, 0x0861,
    0x0861, 0x4A69, 0x4A69, 0x4A69, 0x4A69, 0x4A69, 0x4A69, 0x4A69, 0x4A69, 0x4A69, 0x4A69, 0x4A69,
    0x4A69, 0x4A69, 0x4A69, 0x4A69, 0x4A69, 0x4A69, 0x4A69, 0x4A69, 0xEDC0, 0xEDC0, 0xEDC0, 0xEDC0,
    0xEDC0, 0xEDC0, 0xEDC0, 0xEDC0, 0x4A69, 0x4A69, 0x4A69, 0x4A69, 0x4A69, 0x4A69, 0x4A69, 0x4A69,
    0x4A69, 0x4A69, 0x4A69, 0x4A69, 0x4A69, 0x4A69, 0x4A69, 0x4A69, 0x4A69, 0x4A69, 0x4A69, 0x4A69,
    0x0861, 0x0861, 0xFE87, 0xEDC0, 0xEDC0, 0xEDC0, 0xEDC0, 0xEDC0, 0xEDC0, 0xEDC0, 0xEDC0, 0xEDC0,
    0xEDC0, 0xEDC0, 0xEDC0, 0xEDC0, 0xEDC0, 0xEDC0, 0xEDC0, 0xEDC0, 0xEDC0, 0xEDC0, 0xEDC0, 0xEDC0,
    0xEDC0, 0xEDC0, 0xEDC0, 0xEDC0, 0xEDC0, 0xEDC0, 0xEDC0, 0xEDC0, 0xEDC0, 0xEDC0, 0xEDC0, 0xEDC0,
    0xEDC0, 0xEDC0, 0xEDC0, 0xEDC0, 0xEDC0, 0xEDC0, 0xEDC0, 0xEDC0, 0xEDC0, 0xEDC0, 0xEDC0, 0xEDC0,
    0xEDC0, 0xEDC0, 0xEDC0, 0xEDC0, 0xEDC0, 0xEDC0, 0xEDC0, 0xEDC0, 0xEDC0, 0xEDC0, 0xEDC0, 0xEDC0,
    0xEDC0, 0xEDC0, 0xEDC0, 0xEDC0, 0xEDC0, 0xEDC0, 0xEDC0, 0xEDC0, 0xEDC0, 0xEDC0, 0xFE87, 0x0861,
    0x0861, 0x4A69, 0x4A69, 0x4A69, 0x4A69, 0x4A69, 0x4A69, 0x4A69, 0x4A69, 0x4A69, 0x4A69, 0x4A69,
    0x4A69, 0x4A69, 0x4A69, 0x4A69, 0x4A69, 0x4A69, 0x4A69, 0x4A69, 0xEDC0, 0xEDC0, 0xEDC0, 0xEDC0,
    0xEDC0, 0xEDC0, 0xEDC0, 0xEDC0, 0x4A69, 0x4A69, 0x4A69, 0x4A69, 0x4A69, 0x4A69, 0x4A69, 0x4A69,
    0x4A69, 0x4A69, 0x4A69, 0x4A69, 0x4A69, 0x4A69, 0x4A69, 0x4A69, 0x4A69, 0x4A69, 0x4A69, 0x4A69,
    0x0861, 0x0861, 0xFE87, 0xEDC0, 0xEDC0, 0xEDC0, 0xEDC0, 0xEDC0, 0xEDC0, 0xEDC0, 0xEDC0, 0xEDC0,
    0xEDC0, 0xEDC0, 0xEDC0, 0xEDC0, 0xEDC0, 0xEDC0, 0xEDC0, 0xEDC0, 0xEDC0, 0xEDC0, 0xEDC0, 0xEDC0,
    0xEDC0, 0xEDC0, 0xEDC0, 0xEDC0, 0xEDC0, 0xEDC0, 0xEDC0, 0xEDC0, 0xEDC0, 0xEDC0, 0xEDC0, 0xEDC0,
    0xEDC0, 0xEDC0, 0xEDC0, 0xEDC0, 0xEDC0, 0xEDC0, 0xEDC0, 0xEDC0, 0xEDC0, 0xEDC0, 0xEDC0, 0xEDC0,
    0xEDC0, 0xEDC0, 0xEDC0, 0xEDC0, 0xEDC0, 0xEDC0, 0xEDC0, 0xEDC0, 0xEDC0, 0xEDC0, 0xEDC0, 0xEDC0,
    0xEDC0, 0xEDC0, 0xEDC0, 0xEDC0, 0xEDC0, 0xEDC0, 0xEDC0, 0xEDC0, 0xEDC0, 0xEDC0, 0xFE87, 0x0861,
    0x0861, 0x4A69, 0x4A69, 0x4A69, 0x4A69, 0x4A69, 0x4A69, 0x4A69, 0x4A69, 0x4A69, 0x4A69, 0x4A69,
    0x4A69, 0x4A69, 0x4A69, 0x4A69, 0x4A69, 0x4A69, 0x4A69, 0x4A69, 0xEDC0, 0xEDC0, 0xEDC0, 0xEDC0,
    0xEDC0, 0xEDC0, 0xEDC0, 0xEDC0, 0x4A69, 0x4A69, 0x4A69, 0x4A69, 0x4A69, 0x4A69, 0x4A69, 0x4A69,
    0x4A69, 0x4A69, 0x4A69, 0x4A69, 0x4A69, 0x4A69, 0x4A69, 0x4A69, 0x4A69, 0x4A69, 0x4A69, 0x4A69,
    0x0861, 0x0861, 0xFE87, 0xEDC0, 0xEDC0, 0xEDC0, 0xEDC0, 0xEDC0, 0xEDC0, 0xEDC0, 0xEDC0, 0xEDC0,
    0xEDC0, 0xEDC0, 0xEDC0, 0xEDC0, 0xEDC0, 0xEDC0, 0xEDC0, 0xEDC0, 0xEDC0, 0xEDC0, 0xEDC0, 0xEDC0,
    0xEDC0, 0xEDC0, 0xEDC0, 0xEDC0, 0xEDC0, 0xEDC0, 0xEDC0, 0xEDC0, 0xEDC0, 0xEDC0, 0xEDC0, 0xEDC0,
    0xEDC0, 0xEDC0, 0xEDC0, 0xEDC0, 0xEDC0, 0xEDC0, 0xEDC0, 0xEDC0, 0xEDC0, 0xEDC0, 0xEDC0, 0xEDC0,
    0xEDC0, 0xEDC0, 0xEDC0, 0xEDC0, 0xEDC0, 0xEDC0, 0xEDC0, 0xEDC0, 0xEDC0, 0xEDC0, 0xEDC0, 0xEDC0,
    0xEDC0, 0xEDC0, 0xEDC0, 0xEDC0, 0xEDC0, 0xEDC0, 0xEDC0, 0xEDC0, 0xEDC0, 0xEDC0, 0xFE87, 0x0861,
    0x0861, 0x4A69, 0x4A69, 0x4A69, 0x4A69, 0x4A69, 0x4A69, 0x4A69, 0x4A69, 0x4A69, 0x4A69, 0x4A69,
    0x4A69, 0x4A69, 0x4A69, 0x4A69, 0x4A69, 0x4A69, 0x4A69, 0x4A69, 0xEDC0, 0xEDC0, 0xEDC0, 0xEDC0,
    0xEDC0, 0xEDC0, 0xEDC0, 0xEDC0, 0x4A69, 0x4A69, 0x4A69, 0x4A69, 0x4A69, 0x4A69, 0x4A69, 0x4A69,
    0x4A69, 0x4A69, 0x4A69, 0x4A69, 0x4A69, 0x4A69, 0x4A69, 0x4A69, 0x4A69, 0x4A69, 0x4A69, 0x4A69,
    0x0861, 0x0861, 0xFE87, 0xEDC0, 0xEDC0, 0xEDC0, 0xEDC0, 0xEDC0, 0xEDC0, 0xEDC0, 0xEDC0, 0xEDC0,
    0xEDC0, 0xEDC0, 0xEDC0, 0xEDC0, 0xEDC0, 0xEDC0, 0xEDC0, 0xEDC0, 0xEDC0, 0xEDC0, 0xEDC0, 0xEDC0,
    0xEDC0, 0xEDC0, 0xEDC0, 0xEDC0, 0xEDC0, 0xEDC0, 0xEDC0, 0xEDC0, 0xEDC0, 0xEDC0, 0xEDC0, 0xEDC0,
    0xEDC0, 0xEDC0, 0xEDC0, 0xEDC0, 0xEDC0, 0xEDC0, 0xEDC0, 0xEDC0, 0xEDC0, 0xEDC0, 0xEDC0, 0xEDC0,
    0xEDC0, 0xEDC0, 0xEDC0, 0xEDC0, 0xEDC0, 0xEDC0, 0xEDC0, 0xEDC0, 0xEDC0, 0xEDC0, 0xEDC0, 0xEDC0,
    0xEDC0, 0xEDC0, 0xEDC0, 0xEDC0, 0xEDC0, 0xEDC0, 0xEDC0, 0xEDC0, 0xEDC0, 0xEDC0, 0xFE87, 0x0861,
    0x0861, 0x4A69, 0x4A69, 0x4A69, 0x4A69, 0x4A69, 0x4A69, 0x4A69, 0x4A69, 0x4A69, 0x4A69, 0x4A69,
    0x4A69, 0x4A69, 0x4A69, 0x4A69, 0x4A69, 0x4A69, 0x4A69, 0x4A69, 0xEDC0, 0xEDC0, 0xEDC0, 0xEDC0,
    0xEDC0, 0xEDC0, 0xEDC0, 0xEDC0, 0x4A69, 0x4A69, 0x4A69, 0x4A69, 0x4A69, 0x4A69, 0x4A69, 0x4A69,
    0x4A69, 0x4A69, 0x4A69, 0x4A69, 0x4A69, 0x4A69, 0x4A69, 0x4A69, 0x4A69, 0x4A69, 0x4A69, 0x4A69,
    0x0861, 0x0861, 0xFE87, 0xEDC0, 0xEDC0, 0xEDC0, 0xEDC0, 0xEDC0, 0xEDC0, 0xEDC0, 0xEDC0, 0xEDC0,
    0xEDC0, 0xEDC0, 0xEDC0, 0xEDC0, 0xEDC0, 0xEDC0, 0xEDC0, 0xEDC0, 0xEDC0, 0xEDC0, 0xEDC0, 0xEDC0,
    0xEDC0, 0xEDC0, 0xEDC0, 0xEDC0, 0xEDC0, 0xEDC0, 0xEDC0, 0xEDC0, 0xEDC0, 0xEDC0, 0xEDC0, 0xEDC0,
    0xEDC0, 0xEDC0, 0xEDC0, 0xEDC0, 0xEDC0, 0xEDC0, 0xEDC0, 0xEDC0, 0xEDC0, 0xEDC0, 0xEDC0, 0xEDC0,
    0xEDC0, 0xEDC0, 0xEDC0, 0xEDC0, 0xEDC0, 0xEDC0, 0xEDC0, 0xEDC0, 0xEDC0, 0xEDC0, 0xEDC0, 0xEDC0,
    0xEDC0, 0xEDC0, 0xEDC0, 0xEDC0, 0xEDC0, 0xEDC0, 0xEDC0, 0xEDC0, 0xEDC0, 0xEDC0, 0xFE87, 0x0861,
    0x0861, 0x4A69, 0x4A69, 0x4A69, 0x4A69, 0x4A69, 0x4A69, 0x4A69, 0x4A69, 0x4A69, 0x4A69, 0x4A69,
    0x4A69, 0x4A69, 0x4A69, 0x4A69, 0x4A69, 0x4A69, 0x4A69, 0x4A69, 0xEDC0, 0xEDC0, 0xEDC0, 0xEDC0,
    0xEDC0, 0xEDC0, 0xEDC0, 0xEDC0, 0x4A69, 0x4A69, 0x4A69, 0x4A69, 0x4A69, 0x4A69, 0x4A69, 0x4A69,
    0x4A69, 0x4A69, 0x4A69, 0x4A69, 0x4A69, 0x4A69, 0x4A69, 0x4A69, 0x4A69, 0x4A69, 0x4A69, 0x4A69,
    0x0861, 0x0861, 0xFE87, 0xEDC0, 0xEDC0, 0xEDC0, 0xEDC0, 0xEDC0, 0xEDC0, 0xEDC0, 0xEDC0, 0xEDC0,
    0xEDC0, 0xEDC0, 0xEDC0, 0xEDC0, 0xEDC0, 0xEDC0, 0xEDC0, 0xEDC0, 0xEDC0, 0xEDC0, 0xEDC0, 0xEDC0,
    0xEDC0, 0xEDC0, 0xEDC0, 0xEDC0, 0xEDC0, 0xEDC0, 0xEDC0, 0xEDC0, 0xEDC0, 0xEDC0, 0xEDC0, 0xEDC0,
    0xEDC0, 0xEDC0, 0xEDC0, 0xEDC0, 0xEDC0, 0xEDC0, 0xEDC0, 0xEDC0, 0xEDC0, 0xEDC0, 0xEDC0, 0xEDC0,
    0xEDC0, 0xEDC0, 0xEDC0, 0xEDC0, 0xEDC0, 0xEDC0, 0xEDC0, 0xEDC0, 0xEDC0, 0xEDC0, 0xEDC0, 0xEDC0,
    0xEDC0, 0xEDC0, 0xEDC0, 0xEDC0, 0xEDC0, 0xEDC0, 0xEDC0, 0xEDC0, 0xEDC0, 0xEDC0, 0xFE87, 0x0861,
    0x0861, 0x4A69, 0x4A69, 0x4A69, 0x4A69, 0x4A69, 0x4A69, 0x4A69, 0x4A69, 0x4A69, 0x4A69, 0x4A69,
    0x4A69, 0x4A69, 0x4A69, 0x4A69, 0x4A69, 0x4A69, 0x4A69, 0x4A69, 0xEDC0, 0xEDC0, 0xEDC0, 0xEDC0,
    0xEDC0, 0xEDC0, 0xEDC0, 0xEDC0, 0x4A69, 0x4A69, 0x4A69, 0x4A69, 0x4A69, 0x4A69, 0x4A69, 0x4A69,
    0x4A69, 0x4A69, 0x4A69, 0x4A69, 0x4A69, 0x4A69, 0x4A69, 0x4A69, 0x4A69, 0x4A69, 0x4A69, 0x4A69,
    0x0861, 0x0861, 0xFE87, 0xEDC0, 0xEDC0, 0xEDC0, 0xEDC0, 0xEDC0, 0xEDC0, 0xEDC0, 0xEDC0, 0xEDC0,
    0xEDC0, 0xEDC0, 0xEDC0, 0xEDC0, 0xEDC0, 0xEDC0, 0xEDC0, 0xEDC0, 0xEDC0, 0xEDC0, 0xEDC0, 0xEDC0,
    0xEDC0, 0xEDC0, 0xEDC0, 0xEDC0, 0xEDC0, 0xEDC0, 0xEDC0, 0xEDC0, 0xEDC0, 0xEDC0, 0xEDC0, 0xEDC0,
    0xEDC0, 0xEDC0, 0xEDC0, 0xEDC0, 0xEDC0, 0xEDC0, 0xEDC0, 0xEDC0, 0xEDC0, 0xEDC0, 0xEDC0, 0xEDC0,
    0xEDC0, 0xEDC0, 0xEDC0, 0xEDC0, 0xEDC0, 0xEDC0, 0xEDC0, 0xEDC0, 0xEDC0, 0xEDC0, 0xEDC0, 0xEDC0,
    0xEDC0, 0xEDC0, 0xEDC0, 0xEDC0, 0xEDC0, 0xEDC0, 0xEDC0, 0xEDC0, 0xEDC0, 0xEDC0, 0xFE87, 0x0861,
    0x0861, 0x4A69, 0x4A69, 0x4A69, 0x4A69, 0x4A69, 0x4A69, 0x4A69, 0x4A69, 0x4A69, 0x4A69, 0x4A69,
    0x4A69, 0x4A69, 0x4A69, 0x4A69, 0x4A69, 0x4A69, 0x4A69, 0x4A69, 0xEDC0, 0xEDC0, 0xEDC0, 0xEDC0,
    0xEDC0, 0xEDC0, 0xEDC0, 0xEDC0, 0x4A69, 0x4A69, 0x4A69, 0x4A69, 0x4A69, 0x4A69, 0x4A69, 0x4A69,
    0x4A69, 0x4A69, 0x4A69, 0x4A69, 0x4A69, 0x4A69, 0x4A69, 0x4A69, 0x4A69, 0x4A69, 0x4A69, 0x4A69,
    0x0861, 0x0861, 0xFE87, 0xEDC0, 0xEDC0, 0xEDC0, 0xEDC0, 0xEDC0, 0xEDC0, 0xEDC0, 0xEDC0, 0xEDC0,
    0xEDC0, 0xEDC0, 0xEDC0, 0xEDC0, 0xEDC0, 0xEDC0, 0xEDC0, 0xEDC0, 0xEDC0, 0xEDC0, 0xEDC0, 0xEDC0,
    0xEDC0, 0xEDC0, 0xEDC0, 0xEDC0, 0xEDC0, 0xEDC0, 0xEDC0, 0xEDC0, 0xEDC0, 0xEDC0, 0xEDC0, 0xEDC0,
    0xEDC0, 0xEDC0, 0xEDC0, 0xEDC0, 0xEDC0, 0xEDC0, 0xEDC0, 0xEDC0, 0xEDC0, 0xEDC0, 0xEDC0, 0xEDC0,
    0xEDC0, 0xEDC0, 0xEDC0, 0xEDC0, 0xEDC0, 0xEDC0, 0xEDC0, 0xEDC0, 0xEDC0, 0xEDC0, 0xEDC0, 0xEDC0,
    0xEDC0, 0xEDC0, 0xEDC0, 0xEDC0, 0xEDC0, 0xEDC0, 0xEDC0, 0xEDC0, 0xEDC0, 0xEDC0, 0xFE87, 0x0861,
    0x0861, 0x4A69, 0x4A69, 0x4A69, 0x4A69, 0x4A69, 0x4A69, 0x4A69, 0x4A69, 0x4A69, 0x4A69, 0x4A69,
    0x4A69, 0x4A69, 0x4A69, 0x4A69, 0x4A69, 0x4A69, 0x4A69, 0x4A69, 0xEDC0, 0xEDC0, 0xEDC0, 0xEDC0,
    0xEDC0, 0xEDC0, 0xEDC0, 0xEDC0, 0x4A69, 0x4A69, 0x4A69, 0x4A69, 0x4A69, 0x4A69, 0x4A69, 0x4A69,
    0x4A69, 0x4A69, 0x4A69, 0x4A69, 0x4A69, 0x4A69, 0x4A69, 0x4A69, 0x4A69, 0x4A69, 0x4A69, 0x4A69,
    0x0861, 0x0861, 0xFE87, 0xEDC0, 0xEDC0, 0xEDC0, 0xEDC0, 0xEDC0, 0xEDC0, 0xEDC0, 0xEDC0, 0xEDC0,
    0xEDC0, 0xEDC0, 0xEDC0, 0xEDC0, 0xEDC0, 0xEDC0, 0xEDC0, 0xEDC0, 0xEDC0, 0xEDC0, 0xEDC0, 0xEDC0,
    0xEDC0, 0xEDC0, 0xEDC0, 0xEDC0, 0xEDC0, 0xEDC0, 0xEDC0, 0xEDC0, 0xEDC0, 0xEDC0, 0xEDC0, 0xEDC0,
    0xEDC0, 0xEDC0, 0xEDC0, 0xEDC0, 0xEDC0, 0xEDC0, 0xEDC0, 0xEDC0, 0xEDC0, 0xEDC0, 0xEDC0, 0xEDC0,
    0xEDC0, 0xEDC0, 0xEDC0, 0xEDC0, 0xEDC0, 0xEDC0, 0xEDC0, 0xEDC0, 0xEDC0, 0xEDC0, 0xEDC0, 0xEDC0,
    0xEDC0, 0xEDC0, 0xEDC0, 0xEDC0, 0xEDC0, 0xEDC0, 0xEDC0, 0xEDC0, 0xEDC0, 0xEDC0, 0xFE87, 0x0861,
    0x0861, 0x4A69, 0x4A69, 0x4A69, 0x4A69, 0x4A69, 0x4A69, 0x4A69, 0x4A69, 0x4A69, 0x4A69, 0x4A69,
    0x4A69, 0x4A69, 0x4A69, 0x4A69, 0x4A69, 0x4A69, 0x4A69, 0x4A69, 0xEDC0, 0xEDC0, 0xEDC0, 0xEDC0,
    0xEDC0, 0xEDC0, 0xEDC0, 0xEDC0, 0x4A69, 0x4A69, 0x4A69, 0x4A69, 0x4A69, 0x4A69, 0x4A69, 0x4A69,
    0x4A69, 0x4A69, 0x4A69, 0x4A69, 0x4A69, 0x4A69, 0x4A69, 0x4A69, 0x4A69, 0x4A69, 0x4A69, 0x4A69,
    0x0861, 0x0861, 0xFE87, 0xEDC0, 0xEDC0, 0xEDC0, 0xEDC0, 0xEDC0, 0xEDC0, 0xEDC0, 0xEDC0, 0xEDC0,
    0xEDC0, 0xEDC0, 0xEDC0, 0xEDC0, 0xEDC0, 0xEDC0, 0xEDC0, 0xEDC0, 0xEDC0, 0xEDC0, 0xEDC0, 0xEDC0,
    0xEDC0, 0xEDC0, 0xEDC0, 0xEDC0, 0xEDC0, 0xEDC0, 0xEDC0, 0xEDC0, 0xEDC0, 0xEDC0, 0xEDC0, 0xEDC0,
    0xEDC0, 0xEDC0, 0xEDC0, 0xEDC0, 0xEDC0, 0xEDC0, 0xEDC0, 0xEDC0, 0xEDC0, 0xEDC0, 0xEDC0, 0xEDC0,
    0xEDC0, 0xEDC0, 0xEDC0, 0xEDC0, 0xEDC0, 0xEDC0, 0xEDC0, 0xEDC0, 0xEDC0, 0xEDC0, 0xEDC0, 0xEDC0,
    0xEDC0, 0xEDC0, 0xEDC0, 0xEDC0, 0xEDC0, 0xEDC0, 0xEDC0, 0xEDC0, 0xEDC0, 0xEDC0, 0xFE87, 0x0861,
    0x0861, 0x4A69, 0x4A69, 0x4A69, 0x4A69, 0x4A69, 0x4A69, 0x4A69, 0x4A69, 0x4A69, 0x4A69, 0x4A69,
    0x4A69, 0x4A69, 0x4A69, 0x4A69, 0x4A69, 0x4A69, 0x4A69, 0x4A69, 0xEDC0, 0xEDC0, 0xEDC0, 0xEDC0,
    0xEDC0, 0xEDC0, 0xEDC0, 0xEDC0, 0x4A69, 0x4A69, 0x4A69, 0x4A69, 0x4A69, 0x4A69, 0x4A69, 0x4A69,
    0x4A69, 0x4A69, 0x4A69, 0x4A69, 0x4A69, 0x4A69, 0x4A69, 0x4A69, 0x4A69, 0x4A69, 0x4A69, 0x4A69,
    0x0861, 0x0861, 0xFE87, 0xEDC0, 0xEDC0, 0xEDC0, 0xEDC0, 0xEDC0, 0xEDC0, 0xEDC0, 0xEDC0, 0xEDC0,
    0xEDC0, 0xEDC0, 0xEDC0, 0xEDC0, 0xEDC0, 0xEDC0, 0xEDC0, 0xEDC0, 0xEDC0, 0xEDC0, 0xEDC0, 0xEDC0,
    0xEDC0, 0xEDC0, 0xEDC0, 0xEDC0, 0xEDC0, 0xEDC0, 0xEDC0, 0xEDC0, 0xEDC0, 0xEDC0, 0xEDC0, 0xEDC0,
    0xEDC0, 0xEDC0, 0xEDC0, 0xEDC0, 0xEDC0, 0xEDC0, 0xEDC0, 0xEDC0, 0xEDC0, 0xEDC0, 0xEDC0, 0xEDC0,
    0xEDC0, 0xEDC0, 0xEDC0, 0xEDC0, 0xEDC0, 0xEDC0, 0xEDC0, 0xEDC0, 0xEDC0, 0xEDC0, 0xEDC0, 0xEDC0,
    0xEDC0, 0xEDC0, 0xEDC0, 0xEDC0, 0xEDC0, 0xEDC0, 0xEDC0, 0xEDC0, 0xEDC0, 0xEDC0, 0xFE87, 0x0861,
    0x0861, 0x4A69, 0x4A69, 0x4A69, 0x4A69, 0x4A69, 0x4A69, 0x4A69, 0x4A69, 0x4A69, 0x4A69, 0x4A69,
    0x4A69, 0x4A69, 0x4A69, 0x4A69, 0x4A69, 0x4A69, 0x4A69, 0x4A69, 0xEDC0, 0xEDC0, 0xEDC0, 0xEDC0,
    0xEDC0, 0xEDC0, 0xEDC0, 0xEDC0, 0x4A69, 0x4A69, 0x4A69, 0x4A69, 0x4A69, 0x4A69, 0x4A69, 0x4A69,
    0x4A69, 0x4A69, 0x4A69, 0x4A69, 0x4A69, 0x4A69, 0x4A69, 0x4A69, 0x4A69, 0x4A69, 0x4A69, 0x4A69,
    0x0861, 0x0861, 0xFE87, 0xEDC0, 0xEDC0, 0xEDC0, 0xEDC0, 0xEDC0, 0xEDC0, 0xEDC0, 0xEDC0, 0xEDC0,
    0xEDC0, 0xEDC0, 0xEDC0, 0xEDC0, 0xEDC0, 0xEDC0, 0xEDC0, 0xEDC0, 0xEDC0, 0xEDC0, 0xEDC0, 0xEDC0,
    0xEDC0, 0xEDC0, 0xEDC0, 0xEDC0, 0xEDC0, 0xEDC0, 0xEDC0, 0xEDC0, 0xEDC0, 0xEDC0, 0xEDC0, 0xEDC0,
    0xEDC0, 0xEDC0, 0xEDC0, 0xEDC0, 0xEDC0, 0xEDC0, 0xEDC0, 0xEDC0, 0xEDC0, 0xEDC0, 0xEDC0, 0xEDC0,
    0xEDC0, 0xEDC0, 0xEDC0, 0xEDC0, 0xEDC0, 0xEDC0, 0xEDC0, 0xEDC0, 0xEDC0, 0xEDC0, 0xEDC0, 0xEDC0,
    0xEDC0, 0xEDC0, 0xEDC0, 0xEDC0, 0xEDC0, 0xEDC0, 0xEDC0, 0xEDC0, 0xEDC0, 0xEDC0, 0xFE87, 0x0861,
    0x0861, 0x4A69, 0x4A69, 0x4A69, 0x4A69, 0x4A69, 0x4A69, 0x4A69, 0x4A69, 0x4A69, 0x4A69, 0x4A69,
    0x4A69, 0x4A69, 0x4A69, 0x4A69, 0x4A69, 0x4A69, 0x4A69, 0x4A69, 0xEDC0, 0xEDC0, 0xEDC0, 0xEDC0,
    0xEDC0, 0xEDC0, 0xEDC0, 0xEDC0, 0x4A69, 0x4A69, 0x4A69, 0x4A69, 0x4A69, 0x4A69, 0x4A69, 0x4A69,
    0x4A69, 0x4A69, 0x4A69, 0x4A69, 0x4A69, 0x4A69, 0x4A69, 0x4A69, 0x4A69, 0x4A69, 0x4A69, 0x4A69,
    0x0861, 0x0861, 0xFE87, 0xEDC0, 0xEDC0, 0xEDC0, 0xEDC0, 0xEDC0, 0xEDC0, 0xEDC0, 0xEDC0, 0xEDC0,
    0xEDC0, 0xEDC0, 0xEDC0, 0xEDC0, 0xEDC0, 0xEDC0, 0xEDC0, 0xEDC0, 0xEDC0, 0xEDC0, 0xEDC0, 0xEDC0,
    0xEDC0, 0xEDC0, 0xEDC0, 0xEDC0, 0xEDC0, 0xEDC0, 0xEDC0, 0xEDC0, 0xEDC0, 0xEDC0, 0xEDC0, 0xEDC0,
    0xEDC0, 0xEDC0, 0xEDC0, 0xEDC0, 0xEDC0, 0xEDC0, 0xEDC0, 0xEDC0, 0xEDC0, 0xEDC0, 0xEDC0, 0xEDC0,
    0xEDC0, 0xEDC0, 0xEDC0, 0xEDC0, 0xEDC0, 0xEDC0, 0xEDC0, 0xEDC0, 0xEDC0, 0xEDC0, 0xEDC0, 0xEDC0,
    0xEDC0, 0xEDC0, 0xEDC0, 0xEDC0, 0xEDC0, 0xEDC0, 0xEDC0, 0xEDC0, 0xEDC0, 0xEDC0, 0xFE87, 0x0861,
    0x0861, 0x4A69, 0x4A69, 0x4A69, 0x4A69, 0x4A69, 0x4A69, 0x4A69, 0x4A69, 0x4A69, 0x4A69, 0x4A69,
    0x4A69, 0x4A69, 0x4A69, 0x4A69, 0x4A69, 0x4A69, 0x4A69, 0x4A69, 0xEDC0, 0xEDC0, 0xEDC0, 0xEDC0,
    0xEDC0, 0xEDC0, 0xEDC0, 0xEDC0, 0x4A69, 0x4A69, 0x4A69, 0x4A69, 0x4A69, 0x4A69, 0x4A69, 0x4A69,
    0x4A69, 0x4A69, 0x4A69, 0x4A69, 0x4A69, 0x4A69, 0x4A69, 0x4A69, 0x4A69, 0x4A69, 0x4A69, 0x4A69,
    0x0861, 0x0861, 0xFE87, 0xEDC0, 0xEDC0, 0xEDC0, 0xEDC0, 0xEDC0, 0xEDC0, 0xEDC0, 0xEDC0, 0xEDC0,
    0xEDC0, 0xEDC0, 0xEDC0, 0xEDC0, 0xEDC0, 0xEDC0, 0xEDC0, 0xEDC0, 0xEDC0, 0xEDC0, 0xEDC0, 0xEDC0,
    0xEDC0, 0xEDC0, 0xEDC0, 0xEDC0, 0xEDC0, 0xEDC0, 0xEDC0, 0xEDC0, 0xEDC0, 0xEDC0, 0xEDC0, 0xEDC0,
    0xEDC0, 0xEDC0, 0xEDC0, 0xEDC0, 0xEDC0, 0xEDC0, 0xEDC0, 0xEDC0, 0xEDC0, 0xEDC0, 0xEDC0, 0xEDC0,
    0xEDC0, 0xEDC0, 0xEDC0, 0xEDC0, 0xEDC0, 0xEDC0, 0xEDC0, 0xEDC0, 0xEDC0, 0xEDC0, 0xEDC0, 0xEDC0,
    0xEDC0, 0xEDC0, 0xEDC0, 0xEDC0, 0xEDC0, 0xEDC0, 0xEDC0, 0xEDC0, 0xEDC0, 0xEDC0, 0xFE87, 0x0861,
    0x0861, 0x4A69, 0x4A69, 0x4A69, 0x4A69, 0x4A69, 0x4A69, 0x4A69, 0x4A69, 0x4A69, 0x4A69, 0x4A69,
    0x4A69, 0x4A69, 0x4A69, 0x4A69, 0x4A69, 0x4A69, 0x4A69, 0x4A69, 0xEDC0, 0xEDC0, 0xEDC0, 0xEDC0,
    0xEDC0, 0xEDC0, 0xEDC0, 0xEDC0, 0x4A69, 0x4A69, 0x4A69, 0x4A69, 0x4A69, 0x4A69, 0x4A69, 0x4A69,
    0x4A69, 0x4A69, 0x4A69, 0x4A69, 0x4A69, 0x4A69, 0x4A69, 0x4A69, 0x4A69, 0x4A69, 0x4A69, 0x4A69,
    0x0861, 0x0861, 0xFE87, 0xEDC0, 0xEDC0, 0xEDC0, 0xEDC0, 0xEDC0, 0xEDC0, 0xEDC0, 0xEDC0, 0xEDC0,
    0xEDC0, 0xEDC0, 0xEDC0, 0xEDC0, 0xEDC0, 0xEDC0, 0xEDC0, 0xEDC0, 0xEDC0, 0xEDC0, 0xEDC0, 0xEDC0,
    0xEDC0, 0xEDC0, 0xEDC0, 0xEDC0, 0xEDC0, 0xEDC0, 0xEDC0, 0xEDC0, 0xEDC0, 0xEDC0, 0xEDC0, 0xEDC0,
    0xEDC0, 0xEDC0, 0xEDC0, 0xEDC0, 0xEDC0, 0xEDC0, 0xEDC0, 0xEDC0, 0xEDC0, 0xEDC0, 0xEDC0, 0xEDC0,
    0xEDC0, 0xEDC0, 0xEDC0, 0xEDC0, 0xEDC0, 0xEDC0, 0xEDC0, 0xEDC0, 0xEDC0, 0xEDC0, 0xEDC0, 0xEDC0,
    0xEDC0, 0xEDC0, 0xEDC0, 0xEDC0, 0xEDC0, 0xEDC0, 0xEDC0, 0xEDC0, 0xEDC0, 0xEDC0, 0xFE87, 0x0861,
    0x0861, 0x4A69, 0x4A69, 0x4A69, 0x4A69, 0x4A69, 0x4A69, 0x4A69, 0x4A69, 0x4A69, 0x4A69, 0x4A69,
    0x4A69, 0x4A69, 0x4A69, 0x4A69, 0x4A69, 0x4A69, 0x4A69, 0x4A69, 0xEDC0, 0xEDC0, 0xEDC0, 0xEDC0,
    0xEDC0, 0xEDC0, 0xEDC0, 0xEDC0, 0x4A69, 0x4A69, 0x4A69, 0x4A69, 0x4A69, 0x4A69, 0x4A69, 0x4A69,
    0x4A69, 0x4A69, 0x4A69, 0x4A69, 0x4A69, 0x4A69, 0x4A69, 0x4A69, 0x4A69, 0x4A69, 0x4A69, 0x4A69,
    0x0861, 0x0861, 0xFE87, 0xEDC0, 0xEDC0, 0xEDC0, 0xEDC0, 0xEDC0, 0xEDC0, 0xEDC0, 0xEDC0, 0xEDC0,
    0xEDC0, 0xEDC0, 0xEDC0, 0xEDC0, 0xEDC0, 0xEDC0, 0xEDC0, 0xEDC0, 0xEDC0, 0xEDC0, 0xEDC0, 0xEDC0,
    0xEDC0, 0xEDC0, 0xEDC0, 0xEDC0, 0xEDC0, 0xEDC0, 0xEDC0, 0xEDC0, 0xEDC0, 0xEDC0, 0xEDC0, 0xEDC0,
    0xEDC0, 0xEDC0, 0xEDC0, 0xEDC0, 0xEDC0, 0xEDC0, 0xEDC0, 0xEDC0, 0xEDC0, 0xEDC0, 0xEDC0, 0xEDC0,
    0xEDC0, 0xEDC0, 0xEDC0, 0xEDC0, 0xEDC0, 0xEDC0, 0xEDC0, 0xEDC0, 0xEDC0, 0xEDC0, 0xEDC0, 0xEDC0,
    0xEDC0, 0xEDC0, 0xEDC0, 0xEDC0, 0xEDC0, 0xEDC0, 0xEDC0, 0xEDC0, 0xEDC0, 0xEDC0, 0xFE87, 0x0861,
    0x0861, 0x4A69, 0x4A69, 0x4A69, 0x4A69, 0x4A69, 0x4A69, 0x4A69, 0x4A69, 0x4A69, 0x4A69, 0x4A69,
    0x4A69, 0x4A69, 0x4A69, 0x4A69, 0x4A69, 0x4A69, 0x4A69, 0x4A69, 0xEDC0, 0xEDC0, 0xEDC0, 0xEDC0,
    0xEDC0, 0xEDC0, 0xEDC0, 0xEDC0, 0x4A69, 0x4A69, 0x4A69, 0x4A69, 0x4A69, 0x4A69, 0x4A69, 0x4A69,
    0x4A69, 0x4A69, 0x4A69, 0x4A69, 0x4A69, 0x4A69, 0x4A69, 0x4A69, 0x4A69, 0x4A69, 0x4A69, 0x4A69,
    0x0861, 0x0861, 0xFE87, 0xEDC0, 0xEDC0, 0xEDC0, 0xEDC0, 0xEDC0, 0xEDC0, 0xEDC0, 0xEDC0, 0xEDC0,
    0xEDC0, 0xEDC0, 0xEDC0, 0xEDC0, 0xEDC0, 0xEDC0, 0xEDC0, 0xEDC0, 0xEDC0, 0xEDC0, 0xEDC0, 0xEDC0,
    0xEDC0, 0xEDC0, 0xEDC0, 0xEDC0, 0xEDC0, 0xEDC0, 0xEDC0, 0xEDC0, 0xEDC0, 0xEDC0, 0xEDC0, 0xEDC0,
    0xEDC0, 0xEDC0, 0xEDC0, 0xEDC0, 0xEDC0, 0xEDC0, 0xEDC0, 0xEDC0, 0xEDC0, 0xEDC0, 0xEDC0, 0xEDC0,
    0xEDC0, 0xEDC0, 0xEDC0, 0xEDC0, 0xEDC0, 0xEDC0, 0xEDC0, 0xEDC0, 0xEDC0, 0xEDC0, 0xEDC0, 0xEDC0,
    0xEDC0, 0xEDC0, 0xEDC0, 0xEDC0, 0xEDC0, 0xEDC0, 0xEDC0, 0xEDC0, 0xEDC0, 0xEDC0, 0xFE87, 0x0861,
    0x0861, 0x4A69, 0x4A69, 0x4A69, 0x4A69, 0x4A69, 0x4A69, 0x4A69, 0x4A69, 0x4A69, 0x4A69, 0x4A69,
    0x4A69, 0x4A69, 0x4A69, 0x4A69, 0x4A69, 0x4A69, 0x4A69, 0x4A69, 0xEDC0, 0xEDC0, 0xEDC0, 0xEDC0,
    0xEDC0, 0xEDC0, 0xEDC0, 0xEDC0, 0x4A69, 0x4A69, 0x4A69, 0x4A69, 0x4A69, 0x4A69, 0x4A69, 0x4A69,
    0x4A69, 0x4A69, 0x4A69, 0x4A69, 0x4A69, 0x4A69, 0x4A69, 0x4A69, 0x4A69, 0x4A69, 0x4A69, 0x4A69,
    0x0861, 0x0861, 0xFE87, 0xEDC0, 0xEDC0, 0xEDC0, 0xEDC0, 0xEDC0, 0xEDC0, 0xEDC0, 0xEDC0, 0xEDC0,
    0xEDC0, 0xEDC0, 0xEDC0, 0xEDC0, 0xEDC0, 0xEDC0, 0xEDC0, 0xEDC0, 0xEDC0, 0xEDC0, 0xEDC0, 0xEDC0,
    0xEDC0, 0xEDC0, 0xEDC0, 0xEDC0, 0xEDC0, 0xEDC0, 0xEDC0, 0xEDC0, 0xEDC0, 0xEDC0, 0xEDC0, 0xEDC0,
    0xEDC0, 0xEDC0, 0xEDC0, 0xEDC0, 0xEDC0, 0xEDC0, 0xEDC0, 0xEDC0, 0xEDC0, 0xEDC0, 0xEDC0, 0xEDC0,
    0xEDC0, 0xEDC0, 0xEDC0, 0xEDC0, 0xEDC0, 0xEDC0, 0xEDC0, 0xEDC0, 0xEDC0, 0xEDC0, 0xEDC0, 0xEDC0,
    0xEDC0, 0xEDC0, 0xEDC0, 0xEDC0, 0xEDC0, 0xEDC0, 0xEDC0, 0xEDC0, 0xEDC0, 0xEDC0, 0xFE87, 0x0861,
    0x0861, 0x4A69, 0x4A69, 0x4A69, 0x4A69, 0x4A69, 0x4A69, 0x4A69, 0x4A69, 0x4A69, 0x4A69, 0x4A69,
    0x4A69, 0x4A69, 0x4A69, 0x4A69, 0x4A69, 0x4A69, 0x4A69, 0x4A69, 0xEDC0, 0xEDC0, 0xEDC0, 0xEDC0,
    0xEDC0, 0xEDC0, 0xEDC0, 0xEDC0, 0x4A69, 0x4A69, 0x4A69, 0x4A69, 0x4A69, 0x4A69, 0x4A69, 0x4A69,
    0x4A69, 0x4A69, 0x4A69, 0x4A69, 0x4A69, 0x4A69, 0x4A69, 0x4A69, 0x4A69, 0x4A69, 0x4A69, 0x4A69,
    0x0861, 0x0861, 0xFE87, 0xEDC0, 0xEDC0, 0xEDC0, 0xEDC0, 0xEDC0, 0xEDC0, 0xEDC0, 0xEDC0, 0xEDC0,
    0xEDC0, 0xEDC0, 0xEDC0, 0xEDC0, 0xEDC0, 0xEDC0, 0xEDC0, 0xEDC0, 0xEDC0, 0xEDC0, 0xEDC0, 0xEDC0,
    0xEDC0, 0xEDC0, 0xEDC0, 0xEDC0, 0xEDC0, 0xEDC0, 0xEDC0, 0xEDC0, 0xEDC0, 0xEDC0, 0xEDC0, 0xEDC0,
    0xEDC0, 0xEDC0, 0xEDC0, 0xEDC0, 0xEDC0, 0xEDC0, 0xEDC0, 0xEDC0, 0xEDC0, 0xEDC0, 0xEDC0, 0xEDC0,
    0xEDC0, 0xEDC0, 0xEDC0, 0xEDC0, 0xEDC0, 0xEDC0, 0xEDC0, 0xEDC0, 0xEDC0, 0xEDC0, 0xEDC0, 0xEDC0,
    0xEDC0, 0xEDC0, 0xEDC0, 0xEDC0, 0xEDC0, 0xEDC0, 0xEDC0, 0xEDC0, 0xEDC0, 0xEDC0, 0xFE87, 0x0861,
    0x0861, 0x4A69, 0x4A69, 0x4A69, 0x4A69, 0x4A69, 0x4A69, 0x4A69, 0x4A69, 0x4A69, 0x4A69, 0x4A69,
    0x4A69, 0x4A69, 0x4A69, 0x4A69, 0x4A69, 0x4A69, 0x4A69, 0x4A69, 0xEDC0, 0xEDC0, 0xEDC0, 0xEDC0,
    0xEDC0, 0xEDC0, 0xEDC0, 0xEDC0, 0x4A69, 0x4A69, 0x4A69, 0x4A69, 0x4A69, 0x4A69, 0x4A69, 0x4A69,
    0x4A69, 0x4A69, 0x4A69, 0x4A69, 0x4A69, 0x4A69, 0x4A69, 0x4A69, 0x4A69, 0x4A69, 0x4A69, 0x4A69,
    0x0861, 0x0861, 0xFE87, 0xEDC0, 0xEDC0, 0xEDC0, 0xEDC0, 0xEDC0, 0xEDC0, 0xEDC0, 0xEDC0, 0xEDC0,
    0xEDC0, 0xEDC0, 0xEDC0, 0xEDC0, 0xEDC0, 0xEDC0, 0xEDC0, 0xEDC0, 0xEDC0, 0xEDC0, 0xEDC0, 0xEDC0,
    0xEDC0, 0xEDC0, 0xEDC0, 0xEDC0, 0xEDC0, 0xEDC0, 0xEDC0, 0xEDC0, 0xEDC0, 0xEDC0, 0xEDC0, 0xEDC0,
    0xEDC0, 0xEDC0, 0xEDC0, 0xEDC0, 0xEDC0, 0xEDC0, 0xEDC0, 0xEDC0, 0xEDC0, 0xEDC0, 0xEDC0, 0xEDC0,
    0xEDC0, 0xEDC0, 0xEDC0, 0xEDC0, 0xEDC0, 0xEDC0, 0xEDC0, 0xEDC0, 0xEDC0, 0xEDC0, 0xEDC0, 0xEDC0,
    0xEDC0, 0xEDC0, 0xEDC0, 0xEDC0, 0xEDC0, 0xEDC0, 0xEDC0, 0xEDC0, 0xEDC0, 0xEDC0, 0xFE87, 0x0861,
    0x0861, 0x4A69, 0x4A69, 0x4A69, 0x4A69, 0x4A69, 0x4A69, 0x4A69, 0x4A69, 0x4A69, 0x4A69, 0x4A69,
    0x4A69, 0x4A69, 0x4A69, 0x4A69, 0x4A69, 0x4A69, 0x4A69, 0x4A69, 0xEDC0, 0xEDC0, 0xEDC0, 0xEDC0,
    0xEDC0, 0xEDC0, 0xEDC0, 0xEDC0, 0x4A69, 0x4A69, 0x4A69, 0x4A69, 0x4A69, 0x4A69, 0x4A69, 0x4A69,
    0x4A69, 0x4A69, 0x4A69, 0x4A69, 0x4A69, 0x4A69, 0x4A69, 0x4A69, 0x4A69, 0x4A69, 0x4A69, 0x4A69,
    0x0861, 0x0861, 0xFE87, 0xEDC0, 0xEDC0, 0xEDC0, 0xEDC0, 0xEDC0, 0xEDC0, 0xEDC0, 0xEDC0, 0xEDC0,
    0xEDC0, 0xEDC0, 0xEDC0, 0xEDC0, 0xEDC0, 0xEDC0, 0xEDC0, 0xEDC0, 0xEDC0, 0xEDC0, 0xEDC0, 0xEDC0,
    0xEDC0, 0xEDC0, 0xEDC0, 0xEDC0, 0xEDC0, 0xEDC0, 0xEDC0, 0xEDC0, 0xEDC0, 0xEDC0, 0xEDC0, 0xEDC0,
    0xEDC0, 0xEDC0, 0xEDC0, 0xEDC0, 0xEDC0, 0xEDC0, 0xEDC0, 0xEDC0, 0xEDC0, 0xEDC0, 0xEDC0, 0xEDC0,
    0xEDC0, 0xEDC0, 0xEDC0, 0xEDC0, 0xEDC0, 0xEDC0, 0xEDC0, 0xEDC0, 0xEDC0, 0xEDC0, 0xEDC0, 0xEDC0,
    0xEDC0, 0xEDC0, 0xEDC0, 0xEDC0, 0xEDC0, 0xEDC0, 0xEDC0, 0xEDC0, 0xEDC0, 0xEDC0, 0xFE87, 0x0861,
    0x0861, 0x4A69, 0x4A69, 0x4A69, 0x4A69, 0x4A69, 0x4A69, 0x4A69, 0x4A69, 0x4A69, 0x4A69, 0x4A69,
    0x4A69, 0x4A69, 0x4A69, 0x4A69, 0x4A69, 0x4A69, 0x4A69, 0x4A69, 0xEDC0, 0xEDC0, 0xEDC0, 0xEDC0,
    0xEDC0, 0xEDC0, 0xEDC0, 0xEDC0, 0x4A69, 0x4A69, 0x4A69, 0x4A69, 0x4A69, 0x4A69, 0x4A69, 0x4A69,
    0x4A69, 0x4A69, 0x4A69, 0x4A69, 0x4A69, 0x4A69, 0x4A69, 0x4A69, 0x4A69, 0x4A69, 0x4A69, 0x4A69,
    0x0861, 0x0861, 0xFE87, 0xFF0D, 0xFF0D, 0xFF0D, 0xFF0D, 0xFF0D, 0xFF0D, 0xFF0D, 0xFF0D, 0xFF0D,
    0xFF0D, 0xFF0D, 0xFF0D, 0xFF0D, 0xFF0D, 0xFF0D, 0xFF0D, 0xFF0D, 0xFF0D, 0xFF0D, 0xFF0D, 0xFF0D,
    0xFF0D, 0xFF0D, 0xFF0D, 0xFF0D, 0xFF0D, 0xFF0D, 0xFF0D, 0xFF0D, 0xFF0D, 0xFF0D, 0xFF0D, 0xFF0D,
    0xFF0D, 0xFF0D, 0xFF0D, 0xFF0D, 0xFF0D, 0xFF0D, 0xFF0D, 0xFF0D, 0xFF0D, 0xFF0D, 0xFF0D, 0xFF0D,
    0xFF0D, 0xFF0D, 0xFF0D, 0xFF0D, 0xFF0D, 0xFF0D, 0xFF0D, 0xFF0D, 0xFF0D, 0xFF0D, 0xFF0D, 0xFF0D,
    0xFF0D, 0xFF0D, 0xFF0D, 0xFF0D, 0xFF0D, 0xFF0D, 0xFF0D, 0xFF0D, 0xFF0D, 0xFF0D, 0xFE87, 0x0861,
    0x0861, 0x4A69, 0x4A69, 0x4A69, 0x4A69, 0x4A69, 0x4A69, 0x4A69, 0x4A69, 0x4A69, 0x4A69, 0x4A69,
    0x4A69, 0x4A69, 0x4A69, 0x4A69, 0x4A69, 0x4A69, 0x4A69, 0x4A69, 0xEDC0, 0xEDC0, 0xEDC0, 0xEDC0,
    0xEDC0, 0xEDC0, 0xEDC0, 0xEDC0, 0x4A69, 0x4A69, 0x4A69, 0x4A69, 0x4A69, 0x4A69, 0x4A69, 0x4A69,
    0x4A69, 0x4A69, 0x4A69, 0x4A69, 0x4A69, 0x4A69, 0x4A69, 0x4A69, 0x4A69, 0x4A69, 0x4A69, 0x4A69,
    0x0861, 0x0861, 0xFE87, 0xAC20, 0xAC20, 0xAC20, 0xAC20, 0xAC20, 0xAC20, 0xAC20, 0xAC20, 0xAC20,
    0xAC20, 0xAC20, 0xAC20, 0xAC20, 0xAC20, 0xAC20, 0xAC20, 0xAC20, 0xAC20, 0xAC20, 0xAC20, 0xAC20,
    0xAC20, 0xAC20, 0xAC20, 0xAC20, 0xAC20, 0xAC20, 0xAC20, 0xAC20, 0xAC20, 0xAC20, 0xAC20, 0xAC20,
    0xAC20, 0xAC20, 0xAC20, 0xAC20, 0xAC20, 0xAC20, 0xAC20, 0xAC20, 0xAC20, 0xAC20, 0xAC20, 0xAC20,
    0xAC20, 0xAC20, 0xAC20, 0xAC20, 0xAC20, 0xAC20, 0xAC20, 0xAC20, 0xAC20, 0xAC20, 0xAC20, 0xAC20,
    0xAC20, 0xAC20, 0xAC20, 0xAC20, 0xAC20, 0xAC20, 0xAC20, 0xAC20, 0xAC20, 0xAC20, 0xFE87, 0x0861,
    0x0861, 0x4A69, 0x4A69, 0x4A69, 0x4A69, 0x4A69, 0x4A69, 0x4A69, 0x4A69, 0x4A69, 0x4A69, 0x4A69,
    0x4A69, 0x4A69, 0x4A69, 0x4A69, 0x4A69, 0x4A69, 0x4A69, 0x4A69, 0xEDC0, 0xEDC0, 0xEDC0, 0xEDC0,
    0xEDC0, 0xEDC0, 0xEDC0, 0xEDC0, 0x4A69, 0x4A69, 0x4A69, 0x4A69, 0x4A69, 0x4A69, 0x4A69, 0x4A69,
    0x4A69, 0x4A69, 0x4A69, 0x4A69, 0x4A69, 0x4A69, 0x4A69, 0x4A69, 0x4A69, 0x4A69, 0x4A69, 0x4A69,
    0x0861, 0x0861, 0xFE87, 0xAC20, 0xAC20, 0xAC20, 0xAC20, 0xAC20, 0xAC20, 0xAC20, 0xAC20, 0xAC20,
    0xAC20, 0xAC20, 0xAC20, 0xAC20, 0xAC20, 0xAC20, 0xAC20, 0xAC20, 0xAC20, 0xAC20, 0xAC20, 0xAC20,
    0xAC20, 0xAC20, 0xAC20, 0xAC20, 0xAC20, 0xAC20, 0xAC20, 0xAC20, 0xAC20, 0xAC20, 0xAC20, 0xAC20,
    0xAC20, 0xAC20, 0xAC20, 0xAC20, 0xAC20, 0xAC20, 0xAC20, 0xAC20, 0xAC20, 0xAC20, 0xAC20, 0xAC20,
    0xAC20, 0xAC20, 0xAC20, 0xAC20, 0xAC20, 0xAC20, 0xAC20, 0xAC20, 0xAC20, 0xAC20, 0xAC20, 0xAC20,
    0xAC20, 0xAC20, 0xAC20, 0xAC20, 0xAC20, 0xAC20, 0xAC20, 0xAC20, 0xAC20, 0xAC20, 0xFE87, 0x0861,
    0x0861, 0x4A69, 0x4A69, 0x4A69, 0x4A69, 0x4A69, 0x4A69, 0x4A69, 0x4A69, 0x4A69, 0x4A69, 0x4A69,
    0x4A69, 0x4A69, 0x4A69, 0x4A69, 0x4A69, 0x4A69, 0x4A69, 0x4A69, 0xEDC0, 0xEDC0, 0xEDC0, 0xEDC0,
    0xEDC0, 0xEDC0, 0xEDC0, 0xEDC0, 0x4A69, 0x4A69, 0x4A69, 0x4A69, 0x4A69, 0x4A69, 0x4A69, 0x4A69,
    0x4A69, 0x4A69, 0x4A69, 0x4A69, 0x4A69, 0x4A69, 0x4A69, 0x4A69, 0x4A69, 0x4A69, 0x4A69, 0x4A69,
    0x0861, 0x0861, 0xFE87, 0xAC20, 0xAC20, 0xAC20, 0xAC20, 0xAC20, 0xAC20, 0xAC20, 0xAC20, 0xAC20,
    0xAC20, 0xAC20, 0xAC20, 0xAC20, 0xAC20, 0xAC20, 0xAC20, 0xAC20, 0xAC20, 0xAC20, 0xAC20, 0xAC20,
    0xAC20, 0xAC20, 0xAC20, 0xAC20, 0xAC20, 0xAC20, 0xAC20, 0xAC20, 0xAC20, 0xAC20, 0xAC20, 0xAC20,
    0xAC20, 0xAC20, 0xAC20, 0xAC20, 0xAC20, 0xAC20, 0xAC20, 0xAC20, 0xAC20, 0xAC20, 0xAC20, 0xAC20,
    0xAC20, 0xAC20, 0xAC20, 0xAC20, 0xAC20, 0xAC20, 0xAC20, 0xAC20, 0xAC20, 0xAC20, 0xAC20, 0xAC20,
    0xAC20, 0xAC20, 0xAC20, 0xAC20, 0xAC20, 0xAC20, 0xAC20, 0xAC20, 0xAC20, 0xAC20, 0xFE87, 0x0861,
    0x0861, 0x4A69, 0x4A69, 0x4A69, 0x4A69, 0x4A69, 0x4A69, 0x4A69, 0x4A69, 0x4A69, 0x4A69, 0x4A69,
    0x4A69, 0x4A69, 0x4A69, 0x4A69, 0x4A69, 0x4A69, 0x4A69, 0x4A69, 0xEDC0, 0xEDC0, 0xEDC0, 0xEDC0,
    0xEDC0, 0xEDC0, 0xEDC0, 0xEDC0, 0x4A69, 0x4A69, 0x4A69, 0x4A69, 0x4A69, 0x4A69, 0x4A69, 0x4A69,
    0x4A69, 0x4A69, 0x4A69, 0x4A69, 0x4A69, 0x4A69, 0x4A69, 0x4A69, 0x4A69, 0x4A69, 0x4A69, 0x4A69,
    0x0861, 0x0861, 0xFE87, 0xAC20, 0xAC20, 0xAC20, 0xAC20, 0xAC20, 0xAC20, 0xAC20, 0xAC20, 0xAC20,
    0xAC20, 0xAC20, 0xAC20, 0xAC20, 0xAC20, 0xAC20, 0xAC20, 0xAC20, 0xAC20, 0xAC20, 0xAC20, 0xAC20,
    0xAC20, 0xAC20, 0xAC20, 0xAC20, 0xAC20, 0xAC20, 0xAC20, 0xAC20, 0xAC20, 0xAC20, 0xAC20, 0xAC20,
    0xAC20, 0xAC20, 0xAC20, 0xAC20, 0xAC20, 0xAC20, 0xAC20, 0xAC20, 0xAC20, 0xAC20, 0xAC20, 0xAC20,
    0xAC20, 0xAC20, 0xAC20, 0xAC20, 0xAC20, 0xAC20, 0xAC20, 0xAC20, 0xAC20, 0xAC20, 0xAC20, 0xAC20,
    0xAC20, 0xAC20, 0xAC20, 0xAC20, 0xAC20, 0xAC20, 0xAC20, 0xAC20, 0xAC20, 0xAC20, 0xFE87, 0x0861,
    0x0861, 0x4A69, 0x4A69, 0x4A69, 0x4A69, 0x4A69, 0x4A69, 0x4A69, 0x4A69, 0x4A69, 0x4A69, 0x4A69,
    0x4A69, 0x4A69, 0x4A69, 0x4A69, 0x4A69, 0x4A69, 0x4A69, 0x4A69, 0xEDC0, 0xEDC0, 0xEDC0, 0xEDC0,
    0xEDC0, 0xEDC0, 0xEDC0, 0xEDC0, 0x4A69, 0x4A69, 0x4A69, 0x4A69, 0x4A69, 0x4A69, 0x4A69, 0x4A69,
    0x4A69, 0x4A69, 0x4A69, 0x4A69, 0x4A69, 0x4A69, 0x4A69, 0x4A69, 0x4A69, 0x4A69, 0x4A69, 0x4A69,
    0x0861, 0x0861, 0xFE87, 0xAC20, 0xAC20, 0xAC20, 0xAC20, 0xAC20, 0xAC20, 0xAC20, 0xAC20, 0xAC20,
    0xAC20, 0xAC20, 0xAC20, 0xAC20, 0xAC20, 0xAC20, 0xAC20, 0xAC20, 0xAC20, 0xAC20, 0xAC20, 0xAC20,
    0xAC20, 0xAC20, 0xAC20, 0xAC20, 0xAC20, 0xAC20, 0xAC20, 0xAC20, 0xAC20, 0xAC20, 0xAC20, 0xAC20,
    0xAC20, 0xAC20, 0xAC20, 0xAC20, 0xAC20, 0xAC20, 0xAC20, 0xAC20, 0xAC20, 0xAC20, 0xAC20, 0xAC20,
    0xAC20, 0xAC20, 0xAC20, 0xAC20, 0xAC20, 0xAC20, 0xAC20, 0xAC20, 0xAC20, 0xAC20, 0xAC20, 0xAC20,
    0xAC20, 0xAC20, 0xAC20, 0xAC20, 0xAC20, 0xAC20, 0xAC20, 0xAC20, 0xAC20, 0xAC20, 0xFE87, 0x0861,
    0x0861, 0x4A69, 0x4A69, 0x4A69, 0x4A69, 0x4A69, 0x4A69, 0x4A69, 0x4A69, 0x4A69, 0x4A69, 0x4A69,
    0x4A69, 0x4A69, 0x4A69, 0x4A69, 0x4A69, 0x4A69, 0x4A69, 0x4A69, 0xEDC0, 0xEDC0, 0xEDC0, 0xEDC0,
    0xEDC0, 0xEDC0, 0xEDC0, 0xEDC0, 0x4A69, 0x4A69, 0x4A69, 0x4A69, 0x4A69, 0x4A69, 0x4A69, 0x4A69,
    0x4A69, 0x4A69, 0x4A69, 0x4A69, 0x4A69, 0x4A69, 0x4A69, 0x4A69, 0x4A69, 0x4A69, 0x4A69, 0x4A69,
    0x0861, 0x0861, 0xFE87, 0xAC20, 0xAC20, 0xAC20, 0xAC20, 0xAC20, 0xAC20, 0xAC20, 0xAC20, 0xAC20,
    0xAC20, 0xAC20, 0xAC20, 0xAC20, 0xAC20, 0xAC20, 0xAC20, 0xAC20, 0xAC20, 0xAC20, 0xAC20, 0xAC20,
    0xAC20, 0xAC20, 0xAC20, 0xAC20, 0xAC20, 0xAC20, 0xAC20, 0xAC20, 0xAC20, 0xAC20, 0xAC20, 0xAC20,
    0xAC20, 0xAC20, 0xAC20, 0xAC20, 0xAC20, 0xAC20, 0xAC20, 0xAC20, 0xAC20, 0xAC20, 0xAC20, 0xAC20,
    0xAC20, 0xAC20, 0xAC20, 0xAC20, 0xAC20, 0xAC20, 0xAC20, 0xAC20, 0xAC20, 0xAC20, 0xAC20, 0xAC20,
    0xAC20, 0xAC20, 0xAC20, 0xAC20, 0xAC20, 0xAC20, 0xAC20, 0xAC20, 0xAC20, 0xAC20, 0xFE87, 0x0861,
    0x0861, 0x4A69, 0x4A69, 0x4A69, 0x4A69, 0x4A69, 0x4A69, 0x4A69, 0x4A69, 0x4A69, 0x4A69, 0x4A69,
    0x4A69, 0x4A69, 0x4A69, 0x4A69, 0x4A69, 0x4A69, 0x4A69, 0x4A69, 0xEDC0, 0xEDC0, 0xEDC0, 0xEDC0,
    0xEDC0, 0xEDC0, 0xEDC0, 0xEDC0, 0x4A69, 0x4A69, 0x4A69, 0x4A69, 0x4A69, 0x4A69, 0x4A69, 0x4A69,
    0x4A69, 0x4A69, 0x4A69, 0x4A69, 0x4A69, 0x4A69, 0x4A69, 0x4A69, 0x4A69, 0x4A69, 0x4A69, 0x4A69,
    0x0861, 0x0861, 0xFE87, 0xAC20, 0xAC20, 0xAC20, 0xAC20, 0xAC20, 0xAC20, 0xAC20, 0xAC20, 0xAC20,
    0xAC20, 0xAC20, 0xAC20, 0xAC20, 0xAC20, 0xAC20, 0xAC20, 0xAC20, 0xAC20, 0xAC20, 0xAC20, 0xAC20,
    0xAC20, 0xAC20, 0xAC20, 0xAC20, 0xAC20, 0xAC20, 0xAC20, 0xAC20, 0xAC20, 0xAC20, 0xAC20, 0xAC20,
    0xAC20, 0xAC20, 0xAC20, 0xAC20, 0xAC20, 0xAC20, 0xAC20, 0xAC20, 0xAC20, 0xAC20, 0xAC20, 0xAC20,
    0xAC20, 0xAC20, 0xAC20, 0xAC20, 0xAC20, 0xAC20, 0xAC20, 0xAC20, 0xAC20, 0xAC20, 0xAC20, 0xAC20,
    0xAC20, 0xAC20, 0xAC20, 0xAC20, 0xAC20, 0xAC20, 0xAC20, 0xAC20, 0xAC20, 0xAC20, 0xFE87, 0x0861,
    0x0861, 0x4A69, 0x4A69, 0x4A69, 0x4A69, 0x4A69, 0x4A69, 0x4A69, 0x4A69, 0x4A69, 0x4A69, 0x4A69,
    0x4A69, 0x4A69, 0x4A69, 0x4A69, 0x4A69, 0x4A69, 0x4A69, 0x4A69, 0xEDC0, 0xEDC0, 0xEDC0, 0xEDC0,
    0xEDC0, 0xEDC0, 0xEDC0, 0xEDC0, 0x4A69, 0x4A69, 0x4A69, 0x4A69, 0x4A69, 0x4A69, 0x4A69, 0x4A69,
    0x4A69, 0x4A69, 0x4A69, 0x4A69, 0x4A69, 0x4A69, 0x4A69, 0x4A69, 0x4A69, 0x4A69, 0x4A69, 0x4A69,
    0x0861, 0x0861, 0xFE87, 0xAC20, 0xAC20, 0xAC20, 0xAC20, 0xAC20, 0xAC20, 0xAC20, 0xAC20, 0xAC20,
    0xAC20, 0xAC20, 0xAC20, 0xAC20, 0xAC20, 0xAC20, 0xAC20, 0xAC20, 0xAC20, 0xAC20, 0xAC20, 0xAC20,
    0xAC20, 0xAC20, 0xAC20, 0xAC20, 0xAC20, 0xAC20, 0xAC20, 0xAC20, 0xAC20, 0xAC20, 0xAC20, 0xAC20,
    0xAC20, 0xAC20, 0xAC20, 0xAC20, 0xAC20, 0xAC20, 0xAC20, 0xAC20, 0xAC20, 0xAC20, 0xAC20, 0xAC20,
    0xAC20, 0xAC20, 0xAC20, 0xAC20, 0xAC20, 0xAC20, 0xAC20, 0xAC20, 0xAC20, 0xAC20, 0xAC20, 0xAC20,
    0xAC20, 0xAC20, 0xAC20, 0xAC20, 0xAC20, 0xAC20, 0xAC20, 0xAC20, 0xAC20, 0xAC20, 0xFE87, 0x0861,
    0x0861, 0x4A69, 0x4A69, 0x4A69, 0x4A69, 0x4A69, 0x4A69, 0x4A69, 0x4A69, 0x4A69, 0x4A69, 0x4A69,
    0x4A69, 0x4A69, 0x4A69, 0x4A69, 0x4A69, 0x4A69, 0x4A69, 0x4A69, 0xEDC0, 0xEDC0, 0xEDC0, 0xEDC0,
    0xEDC0, 0xEDC0, 0xEDC0, 0xEDC0, 0x4A69, 0x4A69, 0x4A69, 0x4A69, 0x4A69, 0x4A69, 0x4A69, 0x4A69,
    0x4A69, 0x4A69, 0x4A69, 0x4A69, 0x4A69, 0x4A69, 0x4A69, 0x4A69, 0x4A69, 0x4A69, 0x4A69, 0x4A69,
    0x0861, 0x0861, 0xFE87, 0xAC20, 0xAC20, 0xAC20, 0xAC20, 0xAC20, 0xAC20, 0xAC20, 0xAC20, 0xAC20,
    0xAC20, 0xAC20, 0xAC20, 0xAC20, 0xAC20, 0xAC20, 0xAC20, 0xAC20, 0xAC20, 0xAC20, 0xAC20, 0xAC20,
    0xAC20, 0xAC20, 0xAC20, 0xAC20, 0xAC20, 0xAC20, 0xAC20, 0xAC20, 0xAC20, 0xAC20, 0xAC20, 0xAC20,
    0xAC20, 0xAC20, 0xAC20, 0xAC20, 0xAC20, 0xAC20, 0xAC20, 0xAC20, 0xAC20, 0xAC20, 0xAC20, 0xAC20,
    0xAC20, 0xAC20, 0xAC20, 0xAC20, 0xAC20, 0xAC20, 0xAC20, 0xAC20, 0xAC20, 0xAC20, 0xAC20, 0xAC20,
    0xAC20, 0xAC20, 0xAC20, 0xAC20, 0xAC20, 0xAC20, 0xAC20, 0xAC20, 0xAC20, 0xAC20, 0xFE87, 0x0861,
    0x0861, 0x4A69, 0x4A69, 0x4A69, 0x4A69, 0x4A69, 0x4A69, 0x4A69, 0x4A69, 0x4A69, 0x4A69, 0x4A69,
    0x4A69, 0x4A69, 0x4A69, 0x4A69, 0x4A69, 0x4A69, 0x4A69, 0x4A69, 0xEDC0, 0xEDC0, 0xEDC0, 0xEDC0,
    0xEDC0, 0xEDC0, 0xEDC0, 0xEDC0, 0x4A69, 0x4A69, 0x4A69, 0x4A69, 0x4A69, 0x4A69, 0x4A69, 0x4A69,
    0x4A69, 0x4A69, 0x4A69, 0x4A69, 0x4A69, 0x4A69, 0x4A69, 0x4A69, 0x4A69, 0x4A69, 0x4A69, 0x4A69,
    0x0861, 0x0861, 0xFE87, 0xAC20, 0xAC20, 0xAC20, 0xAC20, 0xAC20, 0xAC20, 0xAC20, 0xAC20, 0xAC20,
    0xAC20, 0xAC20, 0xAC20, 0xAC20, 0xAC20, 0xAC20, 0xAC20, 0xAC20, 0xAC20, 0xAC20, 0xAC20, 0xAC20,
    0xAC20, 0xAC20, 0xAC20, 0xAC20, 0xAC20, 0xAC20, 0xAC20, 0xAC20, 0xAC20, 0xAC20, 0xAC20, 0xAC20,
    0xAC20, 0xAC20, 0xAC20, 0xAC20, 0xAC20, 0xAC20, 0xAC20, 0xAC20, 0xAC20, 0xAC20, 0xAC20, 0xAC20,
    0xAC20, 0xAC20, 0xAC20, 0xAC20, 0xAC20, 0xAC20, 0xAC20, 0xAC20, 0xAC20, 0xAC20, 0xAC20, 0xAC20,
    0xAC20, 0xAC20, 0xAC20, 0xAC20, 0xAC20, 0xAC20, 0xAC20, 0xAC20, 0xAC20, 0xAC20, 0xFE87, 0x0861,
    0x0861, 0x4A69, 0x4A69, 0x4A69, 0x4A69, 0x4A69, 0x4A69, 0x4A69, 0x4A69, 0x4A69, 0x4A69, 0x4A69,
    0x4A69, 0x4A69, 0x4A69, 0x4A69, 0x4A69, 0x4A69, 0x4A69, 0x4A69, 0xEDC0, 0xEDC0, 0xEDC0, 0xEDC0,
    0xEDC0, 0xEDC0, 0xEDC0, 0xEDC0, 0x4A69, 0x4A69, 0x4A69, 0x4A69, 0x4A69, 0x4A69, 0x4A69, 0x4A69,
    0x4A69, 0x4A69, 0x4A69, 0x4A69, 0x4A69, 0x4A69, 0x4A69, 0x4A69, 0x4A69, 0x4A69, 0x4A69, 0x4A69,
    0x0861, 0x0861, 0xFE87, 0xAC20, 0xAC20, 0xAC20, 0xAC20, 0xAC20, 0xAC20, 0xAC20, 0xAC20, 0xAC20,
    0xAC20, 0xAC20, 0xAC20, 0xAC20, 0xAC20, 0xAC20, 0xAC20, 0xAC20, 0xAC20, 0xAC20, 0xAC20, 0xAC20,
    0xAC20, 0xAC20, 0xAC20, 0xAC20, 0xAC20, 0xAC20, 0xAC20, 0xAC20, 0xAC20, 0xAC20, 0xAC20, 0xAC20,
    0xAC20, 0xAC20, 0xAC20, 0xAC20, 0xAC20, 0xAC20, 0xAC20, 0xAC20, 0xAC20, 0xAC20, 0xAC20, 0xAC20,
    0xAC20, 0xAC20, 0xAC20, 0xAC20, 0xAC20, 0xAC20, 0xAC20, 0xAC20, 0xAC20, 0xAC20, 0xAC20, 0xAC20,
    0xAC20, 0xAC20, 0xAC20, 0xAC20, 0xAC20, 0xAC20, 0xAC20, 0xAC20, 0xAC20, 0xAC20, 0xFE87, 0x0861,
    0x0861, 0x4A69, 0x4A69, 0x4A69, 0x4A69, 0x4A69, 0x4A69, 0x4A69, 0x4A69, 0x4A69, 0x4A69, 0x4A69,
    0x4A69, 0x4A69, 0x4A69, 0x4A69, 0x4A69, 0x4A69, 0x4A69, 0x4A69, 0xEDC0, 0xEDC0, 0xEDC0, 0xEDC0,
    0xEDC0, 0xEDC0, 0xEDC0, 0xEDC0, 0x4A69, 0x4A69, 0x4A69, 0x4A69, 0x4A69, 0x4A69, 0x4A69, 0x4A69,
    0x4A69, 0x4A69, 0x4A69, 0x4A69, 0x4A69, 0x4A69, 0x4A69, 0x4A69, 0x4A69, 0x4A69, 0x4A69, 0x4A69,
    0x0861, 0x0861, 0xFE87, 0xAC20, 0xAC20, 0xAC20, 0xAC20, 0xAC20, 0xAC20, 0xAC20, 0xAC20, 0xAC20,
    0xAC20, 0xAC20, 0xAC20, 0xAC20, 0xAC20, 0xAC20, 0xAC20, 0xAC20, 0xAC20, 0xAC20, 0xAC20, 0xAC20,
    0xAC20, 0xAC20, 0xAC20, 0xAC20, 0xAC20, 0xAC20, 0xAC20, 0xAC20, 0xAC20, 0xAC20, 0xAC20, 0xAC20,
    0xAC20, 0xAC20, 0xAC20, 0xAC20, 0xAC20, 0xAC20, 0xAC20, 0xAC20, 0xAC20, 0xAC20, 0xAC20, 0xAC20,
    0xAC20, 0xAC20, 0xAC20, 0xAC20, 0xAC20, 0xAC20, 0xAC20, 0xAC20, 0xAC20, 0xAC20, 0xAC20, 0xAC20,
    0xAC20, 0xAC20, 0xAC20, 0xAC20, 0xAC20, 0xAC20, 0xAC20, 0xAC20, 0xAC20, 0xAC20, 0xFE87, 0x0861,
    0x0861, 0x4A69, 0x4A69, 0x4A69, 0x4A69, 0x4A69, 0x4A69, 0x4A69, 0x4A69, 0x4A69, 0x4A69, 0x4A69,
    0x4A69, 0x4A69, 0x4A69, 0x4A69, 0x4A69, 0x4A69, 0x4A69, 0x4A69, 0xEDC0, 0xEDC0, 0xEDC0, 0xEDC0,
    0xEDC0, 0xEDC0, 0xEDC0, 0xEDC0, 0x4A69, 0x4A69, 0x4A69, 0x4A69, 0x4A69, 0x4A69, 0x4A69, 0x4A69,
    0x4A69, 0x4A69, 0x4A69, 0x4A69, 0x4A69, 0x4A69, 0x4A69, 0x4A69, 0x4A69, 0x4A69, 0x4A69, 0x4A69,
    0x0861, 0x0861, 0xFE87, 0xAC20, 0xAC20, 0xAC20, 0xAC20, 0xAC20, 0xAC20, 0xAC20, 0xAC20, 0xAC20,
    0xAC20, 0xAC20, 0xAC20, 0xAC20, 0xAC20, 0xAC20, 0xAC20, 0xAC20, 0xAC20, 0xAC20, 0xAC20, 0xAC20,
    0xAC20, 0xAC20, 0xAC20, 0xAC20, 0xAC20, 0xAC20, 0xAC20, 0xAC20, 0xAC20, 0xAC20, 0xAC20, 0xAC20,
    0xAC20, 0xAC20, 0xAC20, 0xAC20, 0xAC20, 0xAC20, 0xAC20, 0xAC20, 0xAC20, 0xAC20, 0xAC20, 0xAC20,
    0xAC20, 0xAC20, 0xAC20, 0xAC20, 0xAC20, 0xAC20, 0xAC20, 0xAC20, 0xAC20, 0xAC20, 0xAC20, 0xAC20,
    0xAC20, 0xAC20, 0xAC20, 0xAC20, 0xAC20, 0xAC20, 0xAC20, 0xAC20, 0xAC20, 0xAC20, 0xFE87, 0x0861,
    0x0861, 0x4A69, 0x4A69, 0x4A69, 0x4A69, 0x4A69, 0x4A69, 0x4A69, 0x4A69, 0x4A69, 0x4A69, 0x4A69,
    0x4A69, 0x4A69, 0x4A69, 0x4A69, 0x4A69, 0x4A69, 0x4A69, 0x4A69, 0xEDC0, 0xEDC0, 0xEDC0, 0xEDC0,
    0xEDC0, 0xEDC0, 0xEDC0, 0xEDC0, 0x4A69, 0x4A69, 0x4A69, 0x4A69, 0x4A69, 0x4A69, 0x4A69, 0x4A69,
    0x4A69, 0x4A69, 0x4A69, 0x4A69, 0x4A69, 0x4A69, 0x4A69, 0x4A69, 0x4A69, 0x4A69, 0x4A69, 0x4A69,
    0x0861, 0x0861, 0xFE87, 0xAC20, 0xAC20, 0xAC20, 0xAC20, 0xAC20, 0xAC20, 0xAC20, 0xAC20, 0xAC20,
    0xAC20, 0xAC20, 0xAC20, 0xAC20, 0xAC20, 0xAC20, 0xAC20, 0xAC20, 0xAC20, 0xAC20, 0xAC20, 0xAC20,
    0xAC20, 0xAC20, 0xAC20, 0xAC20, 0xAC20, 0xAC20, 0xAC20, 0xAC20, 0xAC20, 0xAC20, 0xAC20, 0xAC20,
    0xAC20, 0xAC20, 0xAC20, 0xAC20, 0xAC20, 0xAC20, 0xAC20, 0xAC20, 0xAC20, 0xAC20, 0xAC20, 0xAC20,
    0xAC20, 0xAC20, 0xAC20, 0xAC20, 0xAC20, 0xAC20, 0xAC20, 0xAC20, 0xAC20, 0xAC20, 0xAC20, 0xAC20,
    0xAC20, 0xAC20, 0xAC20, 0xAC20, 0xAC20, 0xAC20, 0xAC20, 0xAC20, 0xAC20, 0xAC20, 0xFE87, 0x0861,
    0x0861, 0x4A69, 0x4A69, 0x4A69, 0x4A69, 0x4A69, 0x4A69, 0x4A69, 0x4A69, 0x4A69, 0x4A69, 0x4A69,
    0x4A69, 0x4A69, 0x4A69, 0x4A69, 0x4A69, 0x4A69, 0x4A69, 0x4A69, 0xEDC0, 0xEDC0, 0xEDC0, 0xEDC0,
    0xEDC0, 0xEDC0, 0xEDC0, 0xEDC0, 0x4A69, 0x4A69, 0x4A69, 0x4A69, 0x4A69, 0x4A69, 0x4A69, 0x4A69,
    0x4A69, 0x4A69, 0x4A69, 0x4A69, 0x4A69, 0x4A69, 0x4A69, 0x4A69, 0x4A69, 0x4A69, 0x4A69, 0x4A69,
    0x0861, 0x0861, 0x0861, 0xAC20, 0xAC20, 0xAC20, 0xAC20, 0xAC20, 0xAC20, 0xAC20, 0xAC20, 0xAC20,
    0xAC20, 0xAC20, 0xAC20, 0xAC20, 0xAC20, 0xAC20, 0xAC20, 0xAC20, 0xAC20, 0xAC20, 0xAC20, 0xAC20,
    0xAC20, 0xAC20, 0xAC20, 0xAC20, 0xAC20, 0xAC20, 0xAC20, 0xAC20, 0xAC20, 0xAC20, 0xAC20, 0xAC20,
    0xAC20, 0xAC20, 0xAC20, 0xAC20, 0xAC20, 0xAC20, 0xAC20, 0xAC20, 0xAC20, 0xAC20, 0xAC20, 0xAC20,
    0xAC20, 0xAC20, 0xAC20, 0xAC20, 0xAC20, 0xAC20, 0xAC20, 0xAC20, 0xAC20, 0xAC20, 0xAC20, 0xAC20,
    0xAC20, 0xAC20, 0xAC20, 0xAC20, 0xAC20, 0xAC20, 0xAC20, 0xAC20, 0xAC20, 0xAC20, 0x0861, 0x0861,
    0x0861, 0x4A69, 0x4A69, 0x4A69, 0x4A69, 0x4A69, 0x4A69, 0x4A69, 0x4A69, 0x4A69, 0x4A69, 0x4A69,
    0x4A69, 0x4A69, 0x4A69, 0x4A69, 0x4A69, 0x4A69, 0x4A69, 0x4A69, 0xEDC0, 0xEDC0, 0xEDC0, 0xEDC0,
    0xEDC0, 0xEDC0, 0xEDC0, 0xEDC0, 0x4A69, 0x4A69, 0x4A69, 0x4A69, 0x4A69, 0x4A69, 0x4A69, 0x4A69,
    0x4A69, 0x4A69, 0x4A69, 0x4A69, 0x4A69, 0x4A69, 0x4A69, 0x4A69, 0x4A69, 0x4A69, 0x4A69, 0x4A69,
    0x4A69, 0x0861, 0x0861, 0xAC20, 0xAC20, 0xAC20, 0xAC20, 0xAC20, 0xAC20, 0xAC20, 0xAC20, 0xAC20,
    0xAC20, 0xAC20, 0xAC20, 0xAC20, 0xAC20, 0xAC20, 0xAC20, 0xAC20, 0xAC20, 0xAC20, 0xAC20, 0xAC20,
    0xAC20, 0xAC20, 0xAC20, 0xAC20, 0xAC20, 0xAC20, 0xAC20, 0xAC20, 0xAC20, 0xAC20, 0xAC20, 0xAC20,
    0xAC20, 0xAC20, 0xAC20, 0xAC20, 0xAC20, 0xAC20, 0xAC20, 0xAC20, 0xAC20, 0xAC20, 0xAC20, 0xAC20,
    0xAC20, 0xAC20, 0xAC20, 0xAC20, 0xAC20, 0xAC20, 0xAC20, 0xAC20, 0xAC20, 0xAC20, 0xAC20, 0xAC20,
    0xAC20, 0xAC20, 0xAC20, 0xAC20, 0xAC20, 0xAC20, 0xAC20, 0xAC20, 0xAC20, 0xAC20, 0x0861, 0x0861,
    0x4A69, 0x4A69, 0x4A69, 0x4A69, 0x4A69, 0x4A69, 0x4A69, 0x4A69, 0x4A69, 0x4A69, 0x4A69, 0x4A69,
    0x4A69, 0x4A69, 0x4A69, 0x4A69, 0x4A69, 0x4A69, 0x4A69, 0x4A69, 0xEDC0, 0xEDC0, 0xEDC0, 0xEDC0,
    0xEDC0, 0xEDC0, 0xEDC0, 0xEDC0, 0x4A69, 0x4A69, 0x4A69, 0x4A69, 0x4A69, 0x4A69, 0x4A69, 0x4A69,
    0x4A69, 0x4A69, 0x4A69, 0x4A69, 0x4A69, 0x4A69, 0x4A69, 0x4A69, 0x4A69, 0x4A69, 0x4A69, 0x4A69,
    0x4A69, 0x0861, 0x0861, 0xAC20, 0xAC20, 0xAC20, 0xAC20, 0xAC20, 0xAC20, 0xAC20, 0xAC20, 0xAC20,
    0xAC20, 0xAC20, 0xAC20, 0xAC20, 0xAC20, 0xAC20, 0xAC20, 0xAC20, 0xAC20, 0xAC20, 0xAC20, 0xAC20,
    0xAC20, 0xAC20, 0xAC20, 0xAC20, 0xAC20, 0xAC20, 0xAC20, 0xAC20, 0xAC20, 0xAC20, 0xAC20, 0xAC20,
    0xAC20, 0xAC20, 0xAC20, 0xAC20, 0xAC20, 0xAC20, 0xAC20, 0xAC20, 0xAC20, 0xAC20, 0xAC20, 0xAC20,
    0xAC20, 0xAC20, 0xAC20, 0xAC20, 0xAC20, 0xAC20, 0xAC20, 0xAC20, 0xAC20, 0xAC20, 0xAC20, 0xAC20,
    0xAC20, 0xAC20, 0xAC20, 0xAC20, 0xAC20, 0xAC20, 0xAC20, 0xAC20, 0xAC20, 0xAC20, 0x0861, 0x0861,
    0x4A69, 0x4A69, 0x4A69, 0x4A69, 0x4A69, 0x4A69, 0x4A69, 0x4A69, 0x4A69, 0x4A69, 0x4A69, 0x4A69,
    0x4A69, 0x4A69, 0x4A69, 0x4A69, 0x4A69, 0x4A69, 0x4A69, 0x4A69, 0xEDC0, 0xEDC0, 0xEDC0, 0xEDC0,
    0xEDC0, 0xEDC0, 0xEDC0, 0xEDC0, 0x4A69, 0x4A69, 0x4A69, 0x4A69, 0x4A69, 0x4A69, 0x4A69, 0x4A69,
    0x4A69, 0x4A69, 0x4A69, 0x4A69, 0x4A69, 0x4A69, 0x4A69, 0x4A69, 0x4A69, 0x4A69, 0x4A69, 0x4A69,
    0x4A69, 0x4A69, 0x0861, 0x0861, 0xAC20, 0xAC20, 0xAC20, 0xAC20, 0xAC20, 0xAC20, 0xAC20, 0xAC20,
    0xAC20, 0xAC20, 0xAC20, 0xAC20, 0xAC20, 0xAC20, 0xAC20, 0xAC20, 0xAC20, 0xAC20, 0xAC20, 0xAC20,
    0xAC20, 0xAC20, 0xAC20, 0xAC20, 0xAC20, 0xAC20, 0xAC20, 0xAC20, 0xAC20, 0xAC20, 0xAC20, 0xAC20,
    0xAC20, 0xAC20, 0xAC20, 0xAC20, 0xAC20, 0xAC20, 0xAC20, 0xAC20, 0xAC20, 0xAC20, 0xAC20, 0xAC20,
    0xAC20, 0xAC20, 0xAC20, 0xAC20, 0xAC20, 0xAC20, 0xAC20, 0xAC20, 0xAC20, 0xAC20, 0xAC20, 0xAC20,
    0xAC20, 0xAC20, 0xAC20, 0xAC20, 0xAC20, 0xAC20, 0xAC20, 0xAC20, 0xAC20, 0x0861, 0x0861, 0x4A69,
    0x4A69, 0x4A69, 0x4A69, 0x4A69, 0x4A69, 0x4A69, 0x4A69, 0x4A69, 0x4A69, 0x4A69, 0x4A69, 0x4A69,
    0x4A69, 0x4A69, 0x4A69, 0x4A69, 0x4A69, 0x4A69, 0x4A69, 0x4A69, 0xEDC0, 0xEDC0, 0xEDC0, 0xEDC0,
    0xEDC0, 0xEDC0, 0xEDC0, 0xEDC0, 0x4A69, 0x4A69, 0x4A69, 0x4A69, 0x4A69, 0x4A69, 0x4A69, 0x4A69,
    0x4A69, 0x4A69, 0x4A69, 0x4A69, 0x4A69, 0x4A69, 0x4A69, 0x4A69, 0x4A69, 0x4A69, 0x4A69, 0x4A69,
    0x4A69, 0x4A69, 0x4A69, 0x0861, 0x0861, 0xAC20, 0xAC20, 0xAC20, 0xAC20, 0xAC20, 0xAC20, 0xAC20,
    0xAC20, 0xAC20, 0xAC20, 0xAC20, 0xAC20, 0xAC20, 0xAC20, 0xAC20, 0xAC20, 0xAC20, 0xAC20, 0xAC20,
    0xAC20, 0xAC20, 0xAC20, 0xAC20, 0xAC20, 0xAC20, 0xAC20, 0xAC20, 0xAC20, 0xAC20, 0xAC20, 0xAC20,
    0xAC20, 0xAC20, 0xAC20, 0xAC20, 0xAC20, 0xAC20, 0xAC20, 0xAC20, 0xAC20, 0xAC20, 0xAC20, 0xAC20,
    0xAC20, 0xAC20, 0xAC20, 0xAC20, 0xAC20, 0xAC20, 0xAC20, 0xAC20, 0xAC20, 0xAC20, 0xAC20, 0xAC20,
    0xAC20, 0xAC20, 0xAC20, 0xAC20, 0xAC20, 0xAC20, 0xAC20, 0xAC20, 0x0861, 0x0861, 0x4A69, 0x4A69,
    0x4A69, 0x4A69, 0x4A69, 0x4A69, 0x4A69, 0x4A69, 0x4A69, 0x4A69, 0x4A69, 0x4A69, 0x4A69, 0x4A69,
    0x4A69, 0x4A69, 0x4A69, 0x4A69, 0x4A69, 0x4A69, 0x4A69, 0x4A69, 0xEDC0, 0xEDC0, 0xEDC0, 0xEDC0,
    0xEDC0, 0xEDC0, 0xEDC0, 0xEDC0, 0x4A69, 0x4A69, 0x4A69, 0x4A69, 0x4A69, 0x4A69, 0x4A69, 0x4A69,
    0x4A69, 0x4A69, 0x4A69, 0x4A69, 0x4A69, 0x4A69, 0x4A69, 0x4A69, 0x4A69, 0x4A69, 0x4A69, 0x4A69,
    0x4A69, 0x4A69, 0x4A69, 0x4A69, 0x0861, 0x0861, 0x0861, 0x0861, 0xFE87, 0xFE87, 0xFE87, 0xFE87,
    0xFE87, 0xFE87, 0xFE87, 0xFE87, 0xFE87, 0xFE87, 0xFE87, 0xFE87, 0xFE87, 0xFE87, 0xFE87, 0xFE87,
    0xFE87, 0xFE87, 0xFE87, 0xFE87, 0xFE87, 0xFE87, 0xFE87, 0xFE87, 0xFE87, 0xFE87, 0xFE87, 0xFE87,
    0xFE87, 0xFE87, 0xFE87, 0xFE87, 0xFE87, 0xFE87, 0xFE87, 0xFE87, 0xFE87, 0xFE87, 0xFE87, 0xFE87,
    0xFE87, 0xFE87, 0xFE87, 0xFE87, 0xFE87, 0xFE87, 0xFE87, 0xFE87, 0xFE87, 0xFE87, 0xFE87, 0xFE87,
    0xFE87, 0xFE87, 0xFE87, 0xFE87, 0xFE87, 0x0861, 0x0861, 0x0861, 0x0861, 0x4A69, 0x4A69, 0x4A69,
    0x4A69, 0x4A69, 0x4A69, 0x4A69, 0x4A69, 0x4A69, 0x4A69, 0x4A69, 0x4A69, 0x4A69, 0x4A69, 0x4A69,
    0x4A69, 0x4A69, 0x4A69, 0x4A69, 0x4A69, 0x4A69, 0x4A69, 0x4A69, 0xEDC0, 0xEDC0, 0xEDC0, 0xEDC0,
    0xEDC0, 0xEDC0, 0xEDC0, 0xEDC0, 0x4A69, 0x4A69, 0x4A69, 0x4A69, 0x4A69, 0x4A69, 0x4A69, 0x4A69,
    0x4A69, 0x4A69, 0x4A69, 0x4A69, 0x4A69, 0x4A69, 0x4A69, 0x4A69, 0x4A69, 0x4A69, 0x4A69, 0x4A69,
    0x4A69, 0x4A69, 0x4A69, 0x4A69, 0x4A69, 0x0861, 0x0861, 0x0861, 0x0861, 0x0861, 0x0861, 0x0861,
    0x0861, 0x0861, 0x0861, 0x0861, 0x0861, 0x0861, 0x0861, 0x0861, 0x0861, 0x0861, 0x0861, 0x0861,
    0x0861, 0x0861, 0x0861, 0x0861, 0x0861, 0x0861, 0x0861, 0x0861, 0x0861, 0x0861, 0x0861, 0x0861,
    0x0861, 0x0861, 0x0861, 0x0861, 0x0861, 0x0861, 0x0861, 0x0861, 0x0861, 0x0861, 0x0861, 0x0861,
    0x0861, 0x0861, 0x0861, 0x0861, 0x0861, 0x0861, 0x0861, 0x0861, 0x0861, 0x0861, 0x0861, 0x0861,
    0x0861, 0x0861, 0x0861, 0x0861, 0x0861, 0x0861, 0x0861, 0x0861, 0x4A69, 0x4A69, 0x4A69, 0x4A69,
    0x4A69, 0x4A69, 0x4A69, 0x4A69, 0x4A69, 0x4A69, 0x4A69, 0x4A69, 0x4A69, 0x4A69, 0x4A69, 0x4A69,
    0x4A69, 0x4A69, 0x4A69, 0x4A69, 0x4A69, 0x4A69, 0x4A69, 0x4A69, 0xEDC0, 0xEDC0, 0xEDC0, 0xEDC0,
    0xEDC0, 0xEDC0, 0xEDC0, 0xEDC0, 0x4A69, 0x4A69, 0x4A69, 0x4A69, 0x4A69, 0x4A69, 0x4A69, 0x4A69,
    0x4A69, 0x4A69, 0x4A69, 0x4A69, 0x4A69, 0x4A69, 0x4A69, 0x4A69, 0x4A69, 0x4A69, 0x4A69, 0x4A69,
    0x4A69, 0x4A69, 0x4A69, 0x4A69, 0x4A69, 0x4A69, 0x4A69, 0x0861, 0x0861, 0x0861, 0x0861, 0x0861,
    0x0861, 0x0861, 0x0861, 0x0861, 0x0861, 0x0861, 0x0861, 0x0861, 0x0861, 0x0861, 0x0861, 0x0861,
    0x0861, 0x0861, 0x0861, 0x0861, 0x0861, 0x0861, 0x0861, 0x0861, 0x0861, 0x0861, 0x0861, 0x0861,
    0x0861, 0x0861, 0x0861, 0x0861, 0x0861, 0x0861, 0x0861, 0x0861, 0x0861, 0x0861, 0x0861, 0x0861,
    0x0861, 0x0861, 0x0861, 0x0861, 0x0861, 0x0861, 0x0861, 0x0861, 0x0861, 0x0861, 0x0861, 0x0861,
    0x0861, 0x0861, 0x0861, 0x0861, 0x0861, 0x0861, 0x4A69, 0x4A69, 0x4A69, 0x4A69, 0x4A69, 0x4A69,
    0x4A69, 0x4A69, 0x4A69, 0x4A69, 0x4A69, 0x4A69, 0x4A69, 0x4A69, 0x4A69, 0x4A69, 0x4A69, 0x4A69,
    0x4A69, 0x4A69, 0x4A69, 0x4A69, 0x4A69, 0x4A69, 0x4A69, 0x4A69, 0xEDC0, 0xEDC0, 0xEDC0, 0xEDC0,
    0xEDC0, 0xEDC0, 0xEDC0, 0xEDC0, 0x4A69, 0x4A69, 0x4A69, 0x4A69, 0x4A69, 0x4A69, 0x4A69, 0x4A69,
    0x4A69, 0x4A69, 0x4A69, 0x4A69, 0x4A69, 0x4A69, 0x4A69, 0x4A69, 0x4A69, 0x4A69, 0x4A69, 0x4A69,
    0x4A69, 0x4A69, 0x4A69, 0x4A69, 0x4A69, 0x4A69, 0x4A69, 0x4A69, 0x4A69, 0x4A69, 0x4A69, 0x4A69,
    0x4A69, 0x4A69, 0x4A69, 0x4A69, 0x4A69, 0x4A69, 0x4A69, 0x4A69, 0x4A69, 0x4A69, 0x4A69, 0x4A69,
    0x4A69, 0x4A69, 0x4A69, 0x4A69, 0x4A69, 0x4A69, 0x4A69, 0x4A69, 0x4A69, 0x4A69, 0x4A69, 0x4A69,
    0x4A69, 0x4A69, 0x4A69, 0x4A69, 0x4A69, 0x4A69, 0x4A69, 0x4A69, 0x4A69, 0x4A69, 0x4A69, 0x4A69,
    0x4A69, 0x4A69, 0x4A69, 0x4A69, 0x4A69, 0x4A69, 0x4A69, 0x4A69, 0x4A69, 0x4A69, 0x4A69, 0x4A69,
    0x4A69, 0x4A69, 0x4A69, 0x4A69, 0x4A69, 0x4A69, 0x4A69, 0x4A69, 0x4A69, 0x4A69, 0x4A69, 0x4A69,
    0x4A69, 0x4A69, 0x4A69, 0x4A69, 0x4A69, 0x4A69, 0x4A69, 0x4A69, 0x4A69, 0x4A69, 0x4A69, 0x4A69,
    0x4A69, 0x4A69, 0x4A69, 0x4A69, 0x4A69, 0x4A69, 0x4A69, 0x4A69, 0xEDC0, 0xEDC0, 0xEDC0, 0xEDC0,
    0xEDC0, 0xEDC0, 0xEDC0, 0xEDC0, 0x4A69, 0x4A69, 0x4A69, 0x4A69, 0x4A69, 0x4A69, 0x4A69, 0x4A69,
    0x4A69, 0x4A69, 0x4A69, 0x4A69, 0x4A69, 0x4A69, 0x4A69, 0x4A69, 0x4A69, 0x4A69, 0x4A69, 0x4A69,
    0x4A69, 0x4A69, 0x4A69, 0x4A69, 0x4A69, 0x4A69, 0x4A69, 0x4A69, 0x4A69, 0x4A69, 0x4A69, 0x4A69,
    0x4A69, 0x4A69, 0x4A69, 0x4A69, 0x4A69, 0x4A69, 0x4A69, 0x4A69, 0x4A69, 0x4A69, 0x4A69, 0x4A69,
    0x4A69, 0x4A69, 0x4A69, 0x4A69, 0x4A69, 0x4A69, 0x4A69, 0x4A69, 0x4A69, 0x4A69, 0x4A69, 0x4A69,
    0x4A69, 0x4A69, 0x4A69, 0x4A69, 0x4A69, 0x4A69, 0x4A69, 0x4A69, 0x4A69, 0x4A69, 0x4A69, 0x4A69,
    0x4A69, 0x4A69, 0x4A69, 0x4A69, 0x4A69, 0x4A69, 0x4A69, 0x4A69, 0x4A69, 0x4A69, 0x4A69, 0x4A69,
    0x4A69, 0x4A69, 0x4A69, 0x4A69, 0x4A69, 0x4A69, 0x4A69, 0x4A69, 0x4A69, 0x4A69, 0x4A69, 0x4A69,
    0x4A69, 0x4A69, 0x4A69, 0x4A69, 0x4A69, 0x4A69, 0x4A69, 0x4A69, 0x4A69, 0x4A69, 0x4A69, 0x4A69,
    0x4A69, 0x4A69, 0x4A69, 0x4A69, 0x4A69, 0x4A69, 0x4A69, 0x4A69, 0xEDC0, 0xEDC0, 0xEDC0, 0xEDC0,
    0xEDC0, 0xEDC0, 0xEDC0, 0xEDC0, 0x4A69, 0x4A69, 0x4A69, 0x4A69, 0x4A69, 0x4A69, 0x4A69, 0x4A69,
    0x4A69, 0x4A69, 0x4A69, 0x4A69, 0x4A69, 0x4A69, 0x4A69, 0x4A69, 0x4A69, 0x4A69, 0x4A69, 0x4A69,
    0x4A69, 0x4A69, 0x4A69, 0x4A69, 0x4A69, 0x4A69, 0x4A69, 0x4A69, 0x4A69, 0x4A69, 0x4A69, 0x4A69,
    0x4A69, 0x4A69, 0x4A69, 0x4A69, 0x4A69, 0x4A69, 0x4A69, 0x4A69, 0x4A69, 0x4A69, 0x4A69, 0x4A69,
    0x4A69, 0x4A69, 0x4A69, 0x4A69, 0x4A69, 0x4A69, 0x4A69, 0x4A69, 0x4A69, 0x4A69, 0x4A69, 0x4A69,
    0x4A69, 0x4A69, 0x4A69, 0x4A69, 0x4A69, 0x4A69, 0x4A69, 0x4A69, 0x4A69, 0x4A69, 0x4A69, 0x4A69,
    0x4A69, 0x4A69, 0x4A69, 0x4A69, 0x4A69, 0x4A69, 0x4A69, 0x4A69, 0x4A69, 0x4A69, 0x4A69, 0x4A69,
    0x4A69, 0x4A69, 0x4A69, 0x4A69, 0x4A69, 0x4A69, 0x4A69, 0x4A69, 0x4A69, 0x4A69, 0x4A69, 0x4A69,
    0x4A69, 0x4A69, 0x4A69, 0x4A69, 0x4A69, 0x4A69, 0x4A69, 0x4A69, 0x4A69, 0x4A69, 0x4A69, 0x4A69,
    0x4A69, 0x4A69, 0x4A69, 0x4A69, 0x4A69, 0x4A69, 0x4A69, 0x4A69, 0xEDC0, 0xEDC0, 0xEDC0, 0xEDC0,
    0xEDC0, 0xEDC0, 0xEDC0, 0xEDC0, 0x4A69, 0x4A69, 0x4A69, 0x4A69, 0x4A69, 0x4A69, 0x4A69, 0x4A69,
    0x4A69, 0x4A69, 0x4A69, 0x4A69, 0x4A69, 0x4A69, 0x4A69, 0x4A69, 0x4A69, 0x4A69, 0x4A69, 0x4A69,
    0x4A69, 0x4A69, 0x4A69, 0x4A69, 0x4A69, 0x4A69, 0x4A69, 0x4A69, 0x4A69, 0x4A69, 0x4A69, 0x4A69,
    0x4A69, 0x4A69, 0x4A69, 0x4A69, 0x4A69, 0x4A69, 0x4A69, 0x4A69, 0x4A69, 0x4A69, 0x4A69, 0x4A69,
    0x4A69, 0x4A69, 0x4A69, 0x4A69, 0x4A69, 0x4A69, 0x4A69, 0x4A69, 0x4A69, 0x4A69, 0x4A69, 0x4A69,
    0x4A69, 0x4A69, 0x4A69, 0x4A69, 0x4A69, 0x4A69, 0x4A69, 0x4A69, 0x4A69, 0x4A69, 0x4A69, 0x4A69,
    0x4A69, 0x4A69, 0x4A69, 0x4A69, 0x4A69, 0x4A69, 0x4A69, 0x4A69, 0x4A69, 0x4A69, 0x4A69, 0x4A69,
    0x4A69, 0x4A69, 0x4A69, 0x4A69, 0x4A69, 0x4A69, 0x4A69, 0x4A69, 0x4A69, 0x4A69, 0x4A69, 0x4A69,
    0x4A69, 0x4A69, 0x4A69, 0x4A69, 0x4A69, 0x4A69, 0x4A69, 0x4A69, 0x4A69, 0x4A69, 0x4A69, 0x4A69,
    0x4A69, 0x4A69, 0x4A69, 0x4A69, 0x4A69, 0x4A69, 0x4A69, 0x4A69, 0xEDC0, 0xEDC0, 0xEDC0, 0xEDC0,
    0xEDC0, 0xEDC0, 0xEDC0, 0xEDC0, 0x4A69, 0x4A69, 0x4A69, 0x4A69, 0x4A69, 0x4A69, 0x4A69, 0x4A69,
    0x4A69, 0x4A69, 0x4A69, 0x4A69, 0x4A69, 0x4A69, 0x4A69, 0x4A69, 0x4A69, 0x4A69, 0x4A69, 0x4A69,
    0x4A69, 0x4A69, 0x4A69, 0x4A69, 0x4A69, 0x4A69, 0x4A69, 0x4A69, 0x4A69, 0x4A69, 0x4A69, 0x4A69,
    0x4A69, 0x4A69, 0x4A69, 0x4A69, 0x4A69, 0x4A69, 0x4A69, 0x4A69, 0x4A69, 0x4A69, 0x4A69, 0x4A69,
    0x4A69, 0x4A69, 0x4A69, 0x4A69, 0x4A69, 0x4A69, 0x4A69, 0x4A69, 0x4A69, 0x4A69, 0x4A69, 0x4A69,
    0x4A69, 0x4A69, 0x4A69, 0x4A69, 0x4A69, 0x4A69, 0x4A69, 0x4A69, 0x4A69, 0x4A69, 0x4A69, 0x4A69,
    0x4A69, 0x4A69, 0x4A69, 0x4A69, 0x4A69, 0x4A69, 0x4A69, 0x4A69, 0x4A69, 0x4A69, 0x4A69, 0x4A69,
    0x4A69, 0x4A69, 0x4A69, 0x4A69, 0x4A69, 0x4A69, 0x4A69, 0x4A69, 0x4A69, 0x4A69, 0x4A69, 0x4A69,
    0x4A69, 0x4A69, 0x4A69, 0x4A69, 0x4A69, 0x4A69, 0x4A69, 0x4A69, 0x4A69, 0x4A69, 0x4A69, 0x4A69,
    0x4A69, 0x4A69, 0x4A69, 0x4A69, 0x4A69, 0x4A69, 0x4A69, 0x4A69, 0xEDC0, 0xEDC0, 0xEDC0, 0xEDC0,
    0xEDC0, 0xEDC0, 0xEDC0, 0xEDC0, 0x4A69, 0x4A69, 0x4A69, 0x4A69, 0x4A69, 0x4A69, 0x4A69, 0x4A69,
    0x4A69, 0x4A69, 0x4A69, 0x4A69, 0x4A69, 0x4A69, 0x4A69, 0x4A69, 0x4A69, 0x4A69, 0x4A69, 0x4A69,
    0x4A69, 0x4A69, 0x4A69, 0x4A69, 0x4A69, 0x4A69, 0x4A69, 0x4A69, 0x4A69, 0x4A69, 0x4A69, 0x4A69,
    0x4A69, 0x4A69, 0x4A69, 0x4A69, 0x4A69, 0x4A69, 0x4A69, 0x4A69, 0x4A69, 0x4A69, 0x4A69, 0x4A69,
    0x4A69, 0x4A69, 0x4A69, 0x4A69, 0x4A69, 0x4A69, 0x4A69, 0x4A69, 0x4A69, 0x4A69, 0x4A69, 0x4A69,
    0x4A69, 0x4A69, 0x4A69, 0x4A69, 0x4A69, 0x4A69, 0x4A69, 0x4A69, 0x4A69, 0x4A69, 0x4A69, 0x4A69,
    0x4A69, 0x4A69, 0x4A69, 0x4A69, 0x4A69, 0x4A69, 0x4A69, 0x4A69, 0x4A69, 0x4A69, 0x4A69, 0x4A69,
    0x4A69, 0x4A69, 0x4A69, 0x4A69, 0x4A69, 0x4A69, 0x4A69, 0x4A69, 0x4A69, 0x4A69, 0x4A69, 0x4A69,
    0x4A69, 0x4A69, 0x4A69, 0x4A69, 0x4A69, 0x4A69, 0x4A69, 0x4A69, 0x4A69, 0x4A69, 0x4A69, 0x4A69,
    0x4A69, 0x4A69, 0x4A69, 0x4A69, 0x4A69, 0x4A69, 0x4A69, 0x4A69, 0xEDC0, 0xEDC0, 0xEDC0, 0xEDC0,
    0xEDC0, 0xEDC0, 0xEDC0, 0xEDC0, 0x4A69, 0x4A69, 0x4A69, 0x4A69, 0x4A69, 0x4A69, 0x4A69, 0x4A69,
    0x4A69, 0x4A69, 0x4A69, 0x4A69, 0x4A69, 0x4A69, 0x4A69, 0x4A69, 0x4A69, 0x4A69, 0x4A69, 0x4A69,
    0x4A69, 0x4A69, 0x4A69, 0x4A69, 0x4A69, 0x4A69, 0x4A69, 0x4A69, 0x4A69, 0x4A69, 0x4A69, 0x4A69,
    0x4A69, 0x4A69, 0x4A69, 0x4A69, 0x4A69, 0x4A69, 0x4A69, 0x4A69, 0x4A69, 0x4A69, 0x4A69, 0x4A69,
    0x4A69, 0x4A69, 0x4A69, 0x4A69, 0x4A69, 0x4A69, 0x4A69, 0x4A69, 0x4A69, 0x4A69, 0x4A69, 0x4A69,
    0x4A69, 0x4A69, 0x4A69, 0x4A69, 0x4A69, 0x4A69, 0x4A69, 0x4A69, 0x4A69, 0x4A69, 0x4A69, 0x4A69,
    0x4A69, 0x4A69, 0x4A69, 0x4A69, 0x4A69, 0x4A69, 0x4A69, 0x4A69, 0x4A69, 0x4A69, 0x4A69, 0x4A69,
    0x4A69, 0x4A69, 0x4A69, 0x4A69, 0x4A69, 0x4A69, 0x4A69, 0x4A69, 0x4A69, 0x4A69, 0x4A69, 0x4A69,
    0x4A69, 0x4A69, 0x4A69, 0x4A69, 0x4A69, 0x4A69, 0x4A69, 0x4A69, 0x4A69, 0x4A69, 0x4A69, 0x4A69,
    0x4A69, 0x4A69, 0x4A69, 0x4A69, 0x4A69, 0x4A69, 0x4A69, 0x4A69, 0xEDC0, 0xEDC0, 0xEDC0, 0xEDC0,
    0xEDC0, 0xEDC0, 0xEDC0, 0xEDC0, 0x4A69, 0x4A69, 0x4A69, 0x4A69, 0x4A69, 0x4A69, 0x4A69, 0x4A69,
    0x4A69, 0x4A69, 0x4A69, 0x4A69, 0x4A69, 0x4A69, 0x4A69, 0x4A69, 0x4A69, 0x4A69, 0x4A69, 0x4A69,
    0x4A69, 0x4A69, 0x4A69, 0x4A69, 0x4A69, 0x4A69, 0x4A69, 0x4A69, 0x4A69, 0x4A69, 0x4A69, 0x4A69,
    0x4A69, 0x4A69, 0x4A69, 0x4A69, 0x4A69, 0x4A69, 0x4A69, 0x4A69, 0x4A69, 0xEDC0, 0xEDC0, 0xEDC0,
    0xEDC0, 0xEDC0, 0xEDC0, 0xEDC0, 0xEDC0, 0x62C8, 0x7347, 0xEDC0, 0xDD80, 0x5AA8, 0x4A69, 0x4A69,
    0x52A8, 0xDD80, 0xEDC0, 0x7346, 0x4A69, 0xEDC0, 0xEDC0, 0x62E7, 0xCD21, 0xEDC0, 0xEDC0, 0xEDC0,
    0xEDC0, 0xEDC0, 0xEDC0, 0xEDC0, 0xEDC0, 0x4A69, 0x4A69, 0x4A69, 0x4A69, 0x4A69, 0x4A69, 0x4A69,
    0x4A69, 0x4A69, 0x4A69, 0x4A69, 0x4A69, 0x4A69, 0x4A69, 0x4A69, 0x4A69, 0x4A69, 0x4A69, 0x4A69,
    0x4A69, 0x4A69, 0x4A69, 0x4A69, 0x4A69, 0x4A69, 0x4A69, 0x4A69, 0x4A69, 0x4A69, 0x4A69, 0x4A69,
    0x4A69, 0x4A69, 0x4A69, 0x4A69, 0x4A69, 0x4A69, 0x4A69, 0x4A69, 0xEDC0, 0xEDC0, 0xEDC0, 0xEDC0,
    0xEDC0, 0xEDC0, 0xEDC0, 0xEDC0, 0x4A69, 0x4A69, 0x4A69, 0x4A69, 0x4A69, 0x4A69, 0x4A69, 0x4A69,
    0x4A69, 0x4A69, 0x4A69, 0x4A69, 0x4A69, 0x4A69, 0x4A69, 0x4A69, 0x4A69, 0x4A69, 0x4A69, 0x4A69,
    0x4A69, 0x4A69, 0x4A69, 0x4A69, 0x4A69, 0x4A69, 0x4A69, 0x4A69, 0x4A69, 0x4A69, 0x4A69, 0x4A69,
    0x4A69, 0x4A69, 0x4A69, 0x4A69, 0x4A69, 0x4A69, 0x4A69, 0x4A69, 0x4A69, 0xEDC0, 0xEDC0, 0xBCC2,
    0xB4A3, 0xB4A3, 0xB4A3, 0xB4A3, 0xB4A3, 0x5AA8, 0x4A69, 0xAC83, 0xEDC0, 0xAC63, 0x4A69, 0x4A69,
    0xAC63, 0xEDC0, 0xB4A3, 0x4A69, 0x4A69, 0xEDC0, 0xEDC0, 0x62E7, 0xA444, 0xB4A3, 0xB4A3, 0xCD21,
    0xEDC0, 0xD561, 0xB4A3, 0xB4A3, 0xB4A3, 0x4A69, 0x4A69, 0x4A69, 0x4A69, 0x4A69, 0x4A69, 0x4A69,
    0x4A69, 0x4A69, 0x4A69, 0x4A69, 0x4A69, 0x4A69, 0x4A69, 0x4A69, 0x4A69, 0x4A69, 0x4A69, 0x4A69,
    0x4A69, 0x4A69, 0x4A69, 0x4A69, 0x4A69, 0x4A69, 0x4A69, 0x4A69, 0x4A69, 0x4A69, 0x4A69, 0x4A69,
    0x4A69, 0x4A69, 0x4A69, 0x4A69, 0x4A69, 0x4A69, 0x4A69, 0x4A69, 0xEDC0, 0xEDC0, 0xEDC0, 0xEDC0,
    0xEDC0, 0xEDC0, 0xEDC0, 0xEDC0, 0x4A69, 0x4A69, 0x4A69, 0x4A69, 0x4A69, 0x4A69, 0x4A69, 0x4A69,
    0x4A69, 0x4A69, 0x4A69, 0x4A69, 0x4A69, 0x4A69, 0x4A69, 0x4A69, 0x4A69, 0x4A69, 0x4A69, 0x4A69,
    0x4A69, 0x4A69, 0x4A69, 0x4A69, 0x4A69, 0x4A69, 0x4A69, 0x4A69, 0x4A69, 0x4A69, 0x4A69, 0x4A69,
    0x4A69, 0x4A69, 0x4A69, 0x4A69, 0x4A69, 0x4A69, 0x4A69, 0x4A69, 0x4A69, 0xEDC0, 0xEDC0, 0x62E7,
    0x4A69, 0x4A69, 0x4A69, 0x4A69, 0x4A69, 0x4A69, 0x4A69, 0x5AA8, 0xDD80, 0xE5A0, 0x6B07, 0x6B07,
    0xE5A0, 0xE580, 0x5AC8, 0x4A69, 0x4A69, 0xEDC0, 0xEDC0, 0x62E7, 0x4A69, 0x4A69, 0x4A69, 0x9C04,
    0xEDC0, 0xB483, 0x4A69, 0x4A69, 0x4A69, 0x4A69, 0x4A69, 0x4A69, 0x4A69, 0x4A69, 0x4A69, 0x4A69,
    0x4A69, 0x4A69, 0x4A69, 0x4A69, 0x4A69, 0x4A69, 0x4A69, 0x4A69, 0x4A69, 0x4A69, 0x4A69, 0x4A69,
    0x4A69, 0x4A69, 0x4A69, 0x4A69, 0x4A69, 0x4A69, 0x4A69, 0x4A69, 0x4A69, 0x4A69, 0x4A69, 0x4A69,
    0x4A69, 0x4A69, 0x4A69, 0x4A69, 0x4A69, 0x4A69, 0x4A69, 0x4A69, 0xEDC0, 0xEDC0, 0xEDC0, 0xEDC0,
    0xEDC0, 0xEDC0, 0xEDC0, 0xEDC0, 0x4A69, 0x4A69, 0x4A69, 0x4A69, 0x4A69, 0x4A69, 0x4A69, 0x4A69,
    0x4A69, 0x4A69, 0x4A69, 0x4A69, 0x4A69, 0x4A69, 0x4A69, 0x4A69, 0x4A69, 0x4A69, 0x4A69, 0x4A69,
    0x4A69, 0x4A69, 0x4A69, 0x4A69, 0x4A69, 0x4A69, 0x4A69, 0x4A69, 0x4A69, 0x4A69, 0x4A69, 0x4A69,
    0x4A69, 0x4A69, 0x4A69, 0x4A69, 0x4A69, 0x4A69, 0x4A69, 0x4A69, 0x4A69, 0xEDC0, 0xEDC0, 0x62E7,
    0x4A69, 0x4A69, 0x4A69, 0x4A69, 0x4A69, 0x4A69, 0x4A69, 0x4A69, 0x83A5, 0xEDC0, 0xC4E2, 0xC4E2,
    0xEDC0, 0x93E5, 0x4A69, 0x4A69, 0x4A69, 0xEDC0, 0xEDC0, 0x62E7, 0x4A69, 0x4A69, 0x4A69, 0x9C04,
    0xEDC0, 0xB483, 0x4A69, 0x4A69, 0x4A69, 0x4A69, 0x4A69, 0x4A69, 0x4A69, 0x4A69, 0x4A69, 0x4A69,
    0x4A69, 0x4A69, 0x4A69, 0x4A69, 0x4A69, 0x4A69, 0x4A69, 0x4A69, 0x4A69, 0x4A69, 0x4A69, 0x4A69,
    0x4A69, 0x4A69, 0x4A69, 0x4A69, 0x4A69, 0x4A69, 0x4A69, 0x4A69, 0x4A69, 0x4A69, 0x4A69, 0x4A69,
    0x4A69, 0x4A69, 0x4A69, 0x4A69, 0x4A69, 0x4A69, 0x4A69, 0x4A69, 0xEDC0, 0xEDC0, 0xEDC0, 0xEDC0,
    0xEDC0, 0xEDC0, 0xEDC0, 0xEDC0, 0x4A69, 0x4A69, 0x4A69, 0x4A69, 0x4A69, 0x4A69, 0x4A69, 0x4A69,
    0x4A69, 0x4A69, 0x4A69, 0x4A69, 0x4A69, 0x4A69, 0x4A69, 0x4A69, 0x4A69, 0x4A69, 0x4A69, 0x4A69,
    0x4A69, 0x4A69, 0x4A69, 0x4A69, 0x4A69, 0x4A69, 0x4A69, 0x4A69, 0x4A69, 0x4A69, 0x4A69, 0x4A69,
    0x4A69, 0x4A69, 0x4A69, 0x4A69, 0x4A69, 0x4A69, 0x4A69, 0x4A69, 0x4A69, 0xEDC0, 0xEDC0, 0xEDC0,
    0xEDC0, 0xEDC0, 0xEDC0, 0xEDC0, 0xB4A3, 0x4A69, 0x4A69, 0x4A69, 0x4A69, 0xC4E2, 0xEDC0, 0xEDC0,
    0xD521, 0x5269, 0x4A69, 0x4A69, 0x4A69, 0xEDC0, 0xEDC0, 0x62E7, 0x4A69, 0x4A69, 0x4A69, 0x9C04,
    0xEDC0, 0xB483, 0x4A69, 0x4A69, 0x4A69, 0x4A69, 0x4A69, 0x4A69, 0x4A69, 0x4A69, 0x4A69, 0x4A69,
    0x4A69, 0x4A69, 0x4A69, 0x4A69, 0x4A69, 0x4A69, 0x4A69, 0x4A69, 0x4A69, 0x4A69, 0x4A69, 0x4A69,
    0x4A69, 0x4A69, 0x4A69, 0x4A69, 0x4A69, 0x4A69, 0x4A69, 0x4A69, 0x4A69, 0x4A69, 0x4A69, 0x4A69,
    0x4A69, 0x4A69, 0x4A69, 0x4A69, 0x4A69, 0x4A69, 0x4A69, 0x4A69, 0xEDC0, 0xEDC0, 0xEDC0, 0xEDC0,
    0xEDC0, 0xEDC0, 0xEDC0, 0xEDC0, 0x4A69, 0x4A69, 0x4A69, 0x4A69, 0x4A69, 0x4A69, 0x4A69, 0x4A69,
    0x4A69, 0x4A69, 0x4A69, 0x4A69, 0x4A69, 0x4A69, 0x4A69, 0x4A69, 0x4A69, 0x4A69, 0x4A69, 0x4A69,
    0x4A69, 0x4A69, 0x4A69, 0x4A69, 0x4A69, 0x4A69, 0x4A69, 0x4A69, 0x4A69, 0x4A69, 0x4A69, 0x4A69,
    0x4A69, 0x4A69, 0x4A69, 0x4A69, 0x4A69, 0x4A69, 0x4A69, 0x4A69, 0x4A69, 0xEDC0, 0xEDC0, 0xBCC2,
    0xB4A3, 0xB4A3, 0xB4A3, 0xB4A3, 0x93E5, 0x4A69, 0x4A69, 0x4A69, 0x4A69, 0x9C04, 0xEDC0, 0xEDC0,
    0xAC83, 0x4A69, 0x4A69, 0x4A69, 0x4A69, 0xEDC0, 0xEDC0, 0x62E7, 0x4A69, 0x4A69, 0x4A69, 0x9C04,
    0xEDC0, 0xB483, 0x4A69, 0x4A69, 0x4A69, 0x4A69, 0x4A69, 0x4A69, 0x4A69, 0x4A69, 0x4A69, 0x4A69,
    0x4A69, 0x4A69, 0x4A69, 0x4A69, 0x4A69, 0x4A69, 0x4A69, 0x4A69, 0x4A69, 0x4A69, 0x4A69, 0x4A69,
    0x4A69, 0x4A69, 0x4A69, 0x4A69, 0x4A69, 0x4A69, 0x4A69, 0x4A69, 0x4A69, 0x4A69, 0x4A69, 0x4A69,
    0x4A69, 0x4A69, 0x4A69, 0x4A69, 0x4A69, 0x4A69, 0x4A69, 0x4A69, 0xEDC0, 0xEDC0, 0xEDC0, 0xEDC0,
    0xEDC0, 0xEDC0, 0xEDC0, 0xEDC0, 0x4A69, 0x4A69, 0x4A69, 0x4A69, 0x4A69, 0x4A69, 0x4A69, 0x4A69,
    0x4A69, 0x4A69, 0x4A69, 0x4A69, 0x4A69, 0x4A69, 0x4A69, 0x4A69, 0x4A69, 0x4A69, 0x4A69, 0x4A69,
    0x4A69, 0x4A69, 0x4A69, 0x4A69, 0x4A69, 0x4A69, 0x4A69, 0x4A69, 0x4A69, 0x4A69, 0x4A69, 0x4A69,
    0x4A69, 0x4A69, 0x4A69, 0x4A69, 0x4A69, 0x4A69, 0x4A69, 0x4A69, 0x4A69, 0xEDC0, 0xEDC0, 0x62E7,
    0x4A69, 0x4A69, 0x4A69, 0x4A69, 0x4A69, 0x4A69, 0x4A69, 0x4A69, 0x62C8, 0xE5A0, 0xE5A0, 0xE580,
    0xE5A0, 0x6B07, 0x4A69, 0x4A69, 0x4A69, 0xEDC0, 0xEDC0, 0x62E7, 0x4A69, 0x4A69, 0x4A69, 0x9C04,
    0xEDC0, 0xB483, 0x4A69, 0x4A69, 0x4A69, 0x4A69, 0x4A69, 0x4A69, 0x4A69, 0x4A69, 0x4A69, 0x4A69,
    0x4A69, 0x4A69, 0x4A69, 0x4A69, 0x4A69, 0x4A69, 0x4A69, 0x4A69, 0x4A69, 0x4A69, 0x4A69, 0x4A69,
    0x4A69, 0x4A69, 0x4A69, 0x4A69, 0x4A69, 0x4A69, 0x4A69, 0x4A69, 0x4A69, 0x4A69, 0x4A69, 0x4A69,
    0x4A69, 0x4A69, 0x4A69, 0x4A69, 0x4A69, 0x4A69, 0x4A69, 0x4A69, 0xEDC0, 0xEDC0, 0xEDC0, 0xEDC0,
    0xEDC0, 0xEDC0, 0xEDC0, 0xEDC0, 0x4A69, 0x4A69, 0x4A69, 0x4A69, 0x4A69, 0x4A69, 0x4A69, 0x4A69,
    0x4A69, 0x4A69, 0x4A69, 0x4A69, 0x4A69, 0x4A69, 0x4A69, 0x4A69, 0x4A69, 0x4A69, 0x4A69, 0x4A69,
    0x4A69, 0x4A69, 0x4A69, 0x4A69, 0x4A69, 0x4A69, 0x4A69, 0x4A69, 0x4A69, 0x4A69, 0x4A69, 0x4A69,
    0x4A69, 0x4A69, 0x4A69, 0x4A69, 0x4A69, 0x4A69, 0x4A69, 0x4A69, 0x4A69, 0xEDC0, 0xEDC0, 0x62E7,
    0x4A69, 0x4A69, 0x4A69, 0x4A69, 0x4A69, 0x4A69, 0x4A69, 0x4A69, 0xBCC2, 0xEDC0, 0x9C04, 0x93E5,
    0xEDC0, 0xC502, 0x4A69, 0x4A69, 0x4A69, 0xEDC0, 0xEDC0, 0x62E7, 0x4A69, 0x4A69, 0x4A69, 0x9C04,
    0xEDC0, 0xB483, 0x4A69, 0x4A69, 0x4A69, 0x4A69, 0x4A69, 0x4A69, 0x4A69, 0x4A69, 0x4A69, 0x4A69,
    0x4A69, 0x4A69, 0x4A69, 0x4A69, 0x4A69, 0x4A69, 0x4A69, 0x4A69, 0x4A69, 0x4A69, 0x4A69, 0x4A69,
    0x4A69, 0x4A69, 0x4A69, 0x4A69, 0x4A69, 0x4A69, 0x4A69, 0x4A69, 0x4A69, 0x4A69, 0x4A69, 0x4A69,
    0x4A69, 0x4A69, 0x4A69, 0x4A69, 0x4A69, 0x4A69, 0x4A69, 0x4A69, 0xEDC0, 0xEDC0, 0xEDC0, 0xEDC0,
    0xEDC0, 0xEDC0, 0xEDC0, 0xEDC0, 0x4A69, 0x4A69, 0x4A69, 0x4A69, 0x4A69, 0x4A69, 0x4A69, 0x4A69,
    0x4A69, 0x4A69, 0x4A69, 0x4A69, 0x4A69, 0x4A69, 0x4A69, 0x4A69, 0x4A69, 0x4A69, 0x4A69, 0x4A69,
    0x4A69, 0x4A69, 0x4A69, 0x4A69, 0x4A69, 0x4A69, 0x4A69, 0x4A69, 0x4A69, 0x4A69, 0x4A69, 0x4A69,
    0x4A69, 0x4A69, 0x4A69, 0x4A69, 0x4A69, 0x4A69, 0x4A69, 0x4A69, 0x4A69, 0xEDC0, 0xEDC0, 0x62E7,
    0x4A69, 0x4A69, 0x4A69, 0x4A69, 0x4A69, 0x4A69, 0x4A69, 0x7B86, 0xEDC0, 0xD541, 0x5269, 0x5269,
    0xD541, 0xEDC0, 0x8BA5, 0x4A69, 0x4A69, 0xEDC0, 0xEDC0, 0x62E7, 0x4A69, 0x4A69, 0x4A69, 0x9C04,
    0xEDC0, 0xB483, 0x4A69, 0x4A69, 0x4A69, 0x4A69, 0x4A69, 0x4A69, 0x4A69, 0x4A69, 0x4A69, 0x4A69,
    0x4A69, 0x4A69, 0x4A69, 0x4A69, 0x4A69, 0x4A69, 0x4A69, 0x4A69, 0x4A69, 0x4A69, 0x4A69, 0x4A69,
    0x4A69, 0x4A69, 0x4A69, 0x4A69, 0x4A69, 0x4A69, 0x4A69, 0x4A69, 0x4A69, 0x4A69, 0x4A69, 0x4A69,
    0x4A69, 0x4A69, 0x4A69, 0x4A69, 0x4A69, 0x4A69, 0x4A69, 0x4A69, 0xEDC0, 0xEDC0, 0xEDC0, 0xEDC0,
    0xEDC0, 0xEDC0, 0xEDC0, 0xEDC0, 0x4A69, 0x4A69, 0x4A69, 0x4A69, 0x4A69, 0x4A69, 0x4A69, 0x4A69,
    0x4A69, 0x4A69, 0x4A69, 0x4A69, 0x4A69, 0x4A69, 0x4A69, 0x4A69, 0x4A69, 0x4A69, 0x4A69, 0x4A69,
    0x4A69, 0x4A69, 0x4A69, 0x4A69, 0x4A69, 0x4A69, 0x4A69, 0x4A69, 0x4A69, 0x4A69, 0x4A69, 0x4A69,
    0x4A69, 0x4A69, 0x4A69, 0x4A69, 0x4A69, 0x4A69, 0x4A69, 0x4A69, 0x4A69, 0xEDC0, 0xEDC0, 0xBCC2,
    0xB4A3, 0xB4A3, 0xB4A3, 0xB4A3, 0xB4A3, 0x7B46, 0x5289, 0xD561, 0xEDC0, 0x7B66, 0x4A69, 0x4A69,
    0x7346, 0xEDC0, 0xDD60, 0x5288, 0x4A69, 0xEDC0, 0xEDC0, 0x62E7, 0x4A69, 0x4A69, 0x4A69, 0x9C04,
    0xEDC0, 0xB483, 0x4A69, 0x4A69, 0x4A69, 0x4A69, 0x4A69, 0x4A69, 0x4A69, 0x4A69, 0x4A69, 0x4A69,
    0x4A69, 0x4A69, 0x4A69, 0x4A69, 0x4A69, 0x4A69, 0x4A69, 0x4A69, 0x4A69, 0x4A69, 0x4A69, 0x4A69,
    0x4A69, 0x4A69, 0x4A69, 0x4A69, 0x4A69, 0x4A69, 0x4A69, 0x4A69, 0x4A69, 0x4A69, 0x4A69, 0x4A69,
    0x4A69, 0x4A69, 0x4A69, 0x4A69, 0x4A69, 0x4A69, 0x4A69, 0x4A69, 0xEDC0, 0xEDC0, 0xEDC0, 0xEDC0,
    0xEDC0, 0xEDC0, 0xEDC0, 0xEDC0, 0x4A69, 0x4A69, 0x4A69, 0x4A69, 0x4A69, 0x4A69, 0x4A69, 0x4A69,
    0x4A69, 0x4A69, 0x4A69, 0x4A69, 0x4A69, 0x4A69, 0x4A69, 0x4A69, 0x4A69, 0x4A69, 0x4A69, 0x4A69,
    0x4A69, 0x4A69, 0x4A69, 0x4A69, 0x4A69, 0x4A69, 0x4A69, 0x4A69, 0x4A69, 0x4A69, 0x4A69, 0x4A69,
    0x4A69, 0x4A69, 0x4A69, 0x4A69, 0x4A69, 0x4A69, 0x4A69, 0x4A69, 0x4A69, 0xEDC0, 0xEDC0, 0xEDC0,
    0xEDC0, 0xEDC0, 0xEDC0, 0xEDC0, 0xEDC0, 0x8BC5, 0xA444, 0xEDC0, 0xBCC2, 0x4A69, 0x4A69, 0x4A69,
    0x4A69, 0xBCA3, 0xEDC0, 0xA444, 0x4A69, 0xEDC0, 0xEDC0, 0x62E7, 0x4A69, 0x4A69, 0x4A69, 0x9C04,
    0xEDC0, 0xB483, 0x4A69, 0x4A69, 0x4A69, 0x4A69, 0x4A69, 0x4A69, 0x4A69, 0x4A69, 0x4A69, 0x4A69,
    0x4A69, 0x4A69, 0x4A69, 0x4A69, 0x4A69, 0x4A69, 0x4A69, 0x4A69, 0x4A69, 0x4A69, 0x4A69, 0x4A69,
    0x4A69, 0x4A69, 0x4A69, 0x4A69, 0x4A69, 0x4A69, 0x4A69, 0x4A69, 0x4A69, 0x4A69, 0x4A69, 0x4A69,
    0x4A69, 0x4A69, 0x4A69, 0x4A69, 0x4A69, 0x4A69, 0x4A69, 0x4A69, 0xEDC0, 0xEDC0, 0xEDC0, 0xEDC0,
    0xEDC0, 0xEDC0, 0xEDC0, 0xEDC0, 0x4A69, 0x4A69, 0x4A69, 0x4A69, 0x4A69, 0x4A69, 0x4A69, 0x4A69,
    0x4A69, 0x4A69, 0x4A69, 0x4A69, 0x4A69, 0x4A69, 0x4A69, 0x4A69, 0x4A69, 0x4A69, 0x4A69, 0x4A69,
    0x4A69, 0x4A69, 0x4A69, 0x4A69, 0x4A69, 0x4A69, 0x4A69, 0x4A69, 0x4A69, 0x4A69, 0x4A69, 0x4A69,
    0x4A69, 0x4A69, 0x4A69, 0x4A69, 0x4A69, 0x4A69, 0x4A69, 0x4A69, 0x4A69, 0x4A69, 0x4A69, 0x4A69,
    0x4A69, 0x4A69, 0x4A69, 0x4A69, 0x4A69, 0x4A69, 0x4A69, 0x4A69, 0x4A69, 0x4A69, 0x4A69, 0x4A69,
    0x4A69, 0x4A69, 0x4A69, 0x4A69, 0x4A69, 0x4A69, 0x4A69, 0x4A69, 0x4A69, 0x4A69, 0x4A69, 0x4A69,
    0x4A69, 0x4A69, 0x4A69, 0x4A69, 0x4A69, 0x4A69, 0x4A69, 0x4A69, 0x4A69, 0x4A69, 0x4A69, 0x4A69,
    0x4A69, 0x4A69, 0x4A69, 0x4A69, 0x4A69, 0x4A69, 0x4A69, 0x4A69, 0x4A69, 0x4A69, 0x4A69, 0x4A69,
    0x4A69, 0x4A69, 0x4A69, 0x4A69, 0x4A69, 0x4A69, 0x4A69, 0x4A69, 0x4A69, 0x4A69, 0x4A69, 0x4A69,
    0x4A69, 0x4A69, 0x4A69, 0x4A69, 0x4A69, 0x4A69, 0x4A69, 0x4A69, 0xEDC0, 0xEDC0, 0xEDC0, 0xEDC0,
    0xEDC0, 0xEDC0, 0xEDC0, 0xEDC0, 0x4A69, 0x4A69, 0x4A69, 0x4A69, 0x4A69, 0x4A69, 0x4A69, 0x4A69,
    0x4A69, 0x4A69, 0x4A69, 0x4A69, 0x4A69, 0x4A69, 0x4A69, 0x4A69, 0x4A69, 0x4A69, 0x4A69, 0x4A69,
    0x4A69, 0x4A69, 0x4A69, 0x4A69, 0x4A69, 0x4A69, 0x4A69, 0x4A69, 0x4A69, 0x4A69, 0x4A69, 0x4A69,
    0x4A69, 0x4A69, 0x4A69, 0x4A69, 0x4A69, 0x4A69, 0x4A69, 0x4A69, 0x4A69, 0x4A69, 0x4A69, 0x4A69,
    0x4A69, 0x4A69, 0x4A69, 0x4A69, 0x4A69, 0x4A69, 0x4A69, 0x4A69, 0x4A69, 0x4A69, 0x4A69, 0x4A69,
    0x4A69, 0x4A69, 0x4A69, 0x4A69, 0x4A69, 0x4A69, 0x4A69, 0x4A69, 0x4A69, 0x4A69, 0x4A69, 0x4A69,
    0x4A69, 0x4A69, 0x4A69, 0x4A69, 0x4A69, 0x4A69, 0x4A69, 0x4A69, 0x4A69, 0x4A69, 0x4A69, 0x4A69,
    0x4A69, 0x4A69, 0x4A69, 0x4A69, 0x4A69, 0x4A69, 0x4A69, 0x4A69, 0x4A69, 0x4A69, 0x4A69, 0x4A69,
    0x4A69, 0x4A69, 0x4A69, 0x4A69, 0x4A69, 0x4A69, 0x4A69, 0x4A69, 0x4A69, 0x4A69, 0x4A69, 0x4A69,
    0x4A69, 0x4A69, 0x4A69, 0x4A69, 0x4A69, 0x4A69, 0x4A69, 0x4A69, 0xEDC0, 0xEDC0, 0xEDC0, 0xEDC0,
    0xEDC0, 0xEDC0, 0xEDC0, 0xEDC0, 0x4A69, 0x4A69, 0x4A69, 0x4A69, 0x4A69, 0x4A69, 0x4A69, 0x4A69,
    0x4A69, 0x4A69, 0x4A69, 0x4A69, 0x4A69, 0x4A69, 0x4A69, 0x4A69, 0x4A69, 0x4A69, 0x4A69, 0x4A69,
    0x4A69, 0x4A69, 0x4A69, 0x4A69, 0x4A69, 0x4A69, 0x4A69, 0x4A69, 0x4A69, 0x4A69, 0x4A69, 0x4A69,
    0x4A69, 0x4A69, 0x4A69, 0x4A69, 0x4A69, 0x4A69, 0x4A69, 0x4A69, 0x4A69, 0x4A69, 0x4A69, 0x4A69,
    0x4A69, 0x4A69, 0x4A69, 0x4A69, 0x4A69, 0x4A69, 0x4A69, 0x4A69, 0x4A69, 0x4A69, 0x4A69, 0x4A69,
    0x4A69, 0x4A69, 0x4A69, 0x4A69, 0x4A69, 0x4A69, 0x4A69, 0x4A69, 0x4A69, 0x4A69, 0x4A69, 0x4A69,
    0x4A69, 0x4A69, 0x4A69, 0x4A69, 0x4A69, 0x4A69, 0x4A69, 0x4A69, 0x4A69, 0x4A69, 0x4A69, 0x4A69,
    0x4A69, 0x4A69, 0x4A69, 0x4A69, 0x4A69, 0x4A69, 0x4A69, 0x4A69, 0x4A69, 0x4A69, 0x4A69, 0x4A69,
    0x4A69, 0x4A69, 0x4A69, 0x4A69, 0x4A69, 0x4A69, 0x4A69, 0x4A69, 0x4A69, 0x4A69, 0x4A69, 0x4A69,
    0x4A69, 0x4A69, 0x4A69, 0x4A69, 0x4A69, 0x4A69, 0x4A69, 0x4A69, 0xEDC0, 0xEDC0, 0xEDC0, 0xEDC0,
    0xEDC0, 0xEDC0, 0xEDC0, 0xEDC0, 0x4A69, 0x4A69, 0x4A69, 0x4A69, 0x4A69, 0x4A69, 0x4A69, 0x4A69,
    0x4A69, 0x4A69, 0x4A69, 0x4A69, 0x4A69, 0x4A69, 0x4A69, 0x4A69, 0x4A69, 0x4A69, 0x4A69, 0x4A69,
    0x4A69, 0x4A69, 0x4A69, 0x4A69, 0x4A69, 0x4A69, 0x4A69, 0x4A69, 0x4A69, 0x4A69, 0x4A69, 0x4A69,
    0x4A69, 0x4A69, 0x4A69, 0x4A69, 0x4A69, 0x4A69, 0x4A69, 0x4A69, 0x4A69, 0x4A69, 0x4A69, 0x4A69,
    0x4A69, 0x4A69, 0x4A69, 0x4A69, 0x4A69, 0x4A69, 0x4A69, 0x4A69, 0x4A69, 0x4A69, 0x4A69, 0x4A69,
    0x4A69, 0x4A69, 0x4A69, 0x4A69, 0x4A69, 0x4A69, 0x4A69, 0x4A69, 0x4A69, 0x4A69, 0x4A69, 0x4A69,
    0x4A69, 0x4A69, 0x4A69, 0x4A69, 0x4A69, 0x4A69, 0x4A69, 0x4A69, 0x4A69, 0x4A69, 0x4A69, 0x4A69,
    0x4A69, 0x4A69, 0x4A69, 0x4A69, 0x4A69, 0x4A69, 0x4A69, 0x4A69, 0x4A69, 0x4A69, 0x4A69, 0x4A69,
    0x4A69, 0x4A69, 0x4A69, 0x4A69, 0x4A69, 0x4A69, 0x4A69, 0x4A69, 0x4A69, 0x4A69, 0x4A69, 0x4A69,
    0x4A69, 0x4A69, 0x4A69, 0x4A69, 0x4A69, 0x4A69, 0x4A69, 0x4A69, 0xEDC0, 0xEDC0, 0xEDC0, 0xEDC0,
    0xEDC0, 0xEDC0, 0xEDC0, 0xEDC0, 0x4A69, 0x4A69, 0x4A69, 0x4A69, 0x4A69, 0x4A69, 0x4A69, 0x4A69,
    0x4A69, 0x4A69, 0x4A69, 0x4A69, 0x4A69, 0x4A69, 0x4A69, 0x4A69, 0x4A69, 0x4A69, 0x4A69, 0x4A69,
    0x4A69, 0x4A69, 0x4A69, 0x4A69, 0x4A69, 0x4A69, 0x4A69, 0x4A69, 0x4A69, 0x4A69, 0x4A69, 0x4A69,
    0x4A69, 0x4A69, 0x4A69, 0x4A69, 0x4A69, 0x4A69, 0x4A69, 0x4A69, 0x4A69, 0x4A69, 0x4A69, 0x4A69,
    0x4A69, 0x4A69, 0x4A69, 0x4A69, 0x4A69, 0x4A69, 0x4A69, 0x4A69, 0x4A69, 0x4A69, 0x4A69, 0x4A69,
    0x4A69, 0x4A69, 0x4A69, 0x4A69, 0x4A69, 0x4A69, 0x4A69, 0x4A69, 0x4A69, 0x4A69, 0x4A69, 0x4A69,
    0x4A69, 0x4A69, 0x4A69, 0x4A69, 0x4A69, 0x4A69, 0x4A69, 0x4A69, 0x4A69, 0x4A69, 0x4A69, 0x4A69,
    0x4A69, 0x4A69, 0x4A69, 0x4A69, 0x4A69, 0x4A69, 0x4A69, 0x4A69, 0x4A69, 0x4A69, 0x4A69, 0x4A69,
    0x4A69, 0x4A69, 0x4A69, 0x4A69, 0x4A69, 0x4A69, 0x4A69, 0x4A69, 0x4A69, 0x4A69, 0x4A69, 0x4A69,
    0x4A69, 0x4A69, 0x4A69, 0x4A69, 0x4A69, 0x4A69, 0x4A69, 0x4A69, 0xEDC0, 0xEDC0, 0xEDC0, 0xEDC0,
    0xEDC0, 0xEDC0, 0xEDC0, 0xEDC0, 0x4A69, 0x4A69, 0x4A69, 0x4A69, 0x4A69, 0x4A69, 0x4A69, 0x4A69,
    0x4A69, 0x4A69, 0x4A69, 0x4A69, 0x4A69, 0x4A69, 0x4A69, 0x4A69, 0x4A69, 0x4A69, 0x4A69, 0x4A69,
    0x4A69, 0x4A69, 0x4A69, 0x4A69, 0x4A69, 0x4A69, 0x4A69, 0x4A69, 0x4A69, 0x4A69, 0x4A69, 0x4A69,
    0x4A69, 0x4A69, 0x4A69, 0x4A69, 0x4A69, 0x4A69, 0x4A69, 0x4A69, 0x4A69, 0x4A69, 0x4A69, 0x4A69,
    0x4A69, 0x4A69, 0x4A69, 0x4A69, 0x4A69, 0x4A69, 0x4A69, 0x4A69, 0x4A69, 0x4A69, 0x4A69, 0x4A69,
    0x4A69, 0x4A69, 0x4A69, 0x4A69, 0x4A69, 0x4A69, 0x4A69, 0x4A69, 0x4A69, 0x4A69, 0x4A69, 0x4A69,
    0x4A69, 0x4A69, 0x4A69, 0x4A69, 0x4A69, 0x4A69, 0x4A69, 0x4A69, 0x4A69, 0x4A69, 0x4A69, 0x4A69,
    0x4A69, 0x4A69, 0x4A69, 0x4A69, 0x4A69, 0x4A69, 0x4A69, 0x4A69, 0x4A69, 0x4A69, 0x4A69, 0x4A69,
    0x4A69, 0x4A69, 0x4A69, 0x4A69, 0x4A69, 0x4A69, 0x4A69, 0x4A69, 0x4A69, 0x4A69, 0x4A69, 0x4A69,
    0x4A69, 0x4A69, 0x4A69, 0x4A69, 0x4A69, 0x4A69, 0x4A69, 0x4A69, 0xEDC0, 0xEDC0, 0xEDC0, 0xEDC0,
    0xEDC0, 0xEDC0, 0xEDC0, 0xEDC0, 0x4A69, 0x4A69, 0x4A69, 0x4A69, 0x4A69, 0x4A69, 0x4A69, 0x4A69,
    0x4A69, 0x4A69, 0x4A69, 0x4A69, 0x4A69, 0x4A69, 0x4A69, 0x4A69, 0x4A69, 0x4A69, 0x4A69, 0x4A69,
    0x4A69, 0x4A69, 0x4A69, 0x4A69, 0x4A69, 0x4A69, 0x4A69, 0x4A69, 0x4A69, 0x4A69, 0x4A69, 0x4A69,
    0x4A69, 0x4A69, 0x4A69, 0x4A69, 0x4A69, 0x4A69, 0x4A69, 0x4A69, 0x4A69, 0x4A69, 0x4A69, 0x4A69,
    0x4A69, 0x4A69, 0x4A69, 0x4A69, 0x4A69, 0x4A69, 0x4A69, 0x4A69, 0x4A69, 0x4A69, 0x4A69, 0x4A69,
    0x4A69, 0x4A69, 0x4A69, 0x4A69, 0x4A69, 0x4A69, 0x4A69, 0x4A69, 0x4A69, 0x4A69, 0x4A69, 0x4A69,
    0x4A69, 0x4A69, 0x4A69, 0x4A69, 0x4A69, 0x4A69, 0x4A69, 0x4A69, 0x4A69, 0x4A69, 0x4A69, 0x4A69,
    0x4A69, 0x4A69, 0x4A69, 0x4A69, 0x4A69, 0x4A69, 0x4A69, 0x4A69, 0x4A69, 0x4A69, 0x4A69, 0x4A69,
    0x4A69, 0x4A69, 0x4A69, 0x4A69, 0x4A69, 0x4A69, 0x4A69, 0x4A69, 0x4A69, 0x4A69, 0x4A69, 0x4A69,
    0x4A69, 0x4A69, 0x4A69, 0x4A69, 0x4A69, 0x4A69, 0x4A69, 0x4A69, 0xEDC0, 0xEDC0, 0xEDC0, 0xEDC0,
    0xEDC0, 0xEDC0, 0xEDC0, 0xEDC0, 0x4A69, 0x4A69, 0x4A69, 0x4A69, 0x4A69, 0x4A69, 0x4A69, 0x4A69,
    0x4A69, 0x4A69, 0x4A69, 0x4A69, 0x4A69, 0x4A69, 0x4A69, 0x4A69, 0x4A69, 0x4A69, 0x4A69, 0x4A69,
    0x4A69, 0x4A69, 0x4A69, 0x4A69, 0x4A69, 0x4A69, 0x4A69, 0x4A69, 0x4A69, 0x4A69, 0x4A69, 0x4A69,
    0x4A69, 0x4A69, 0x4A69, 0x4A69, 0x4A69, 0x4A69, 0x4A69, 0x4A69, 0x4A69, 0x4A69, 0x4A69, 0x4A69,
    0x4A69, 0x4A69, 0x4A69, 0x4A69, 0x4A69, 0x4A69, 0x4A69, 0x4A69, 0x4A69, 0x4A69, 0x4A69, 0x4A69,
    0x4A69, 0x4A69, 0x4A69, 0x4A69, 0x4A69, 0x4A69, 0x4A69, 0x4A69, 0x4A69, 0x4A69, 0x4A69, 0x4A69,
    0x4A69, 0x4A69, 0x4A69, 0x4A69, 0x4A69, 0x4A69, 0x4A69, 0x4A69, 0x4A69, 0x4A69, 0x4A69, 0x4A69,
    0x4A69, 0x4A69, 0x4A69, 0x4A69, 0x4A69, 0x4A69, 0x4A69, 0x4A69, 0x4A69, 0x4A69, 0x4A69, 0x4A69,
    0x4A69, 0x4A69, 0x4A69, 0x4A69, 0x4A69, 0x4A69, 0x4A69, 0x4A69, 0x4A69, 0x4A69, 0x4A69, 0x4A69,
    0x4A69, 0x4A69, 0x4A69, 0x4A69, 0x4A69, 0x4A69, 0x4A69, 0x4A69, 0xEDC0, 0xEDC0, 0xEDC0, 0xEDC0,
    0xEDC0, 0xEDC0, 0xEDC0, 0xEDC0, 0x4A69, 0x4A69, 0x4A69, 0x4A69, 0x4A69, 0x4A69, 0x4A69, 0x4A69,
    0x4A69, 0x4A69, 0x4A69, 0x4A69, 0x4A69, 0x4A69, 0x4A69, 0x4A69, 0x4A69, 0x4A69, 0x4A69, 0x4A69,
    0x4A69, 0x4A69, 0x4A69, 0x4A69, 0x4A69, 0x4A69, 0x4A69, 0x4A69, 0x4A69, 0x4A69, 0x4A69, 0x4A69,
    0x4A69, 0x4A69, 0x4A69, 0x4A69, 0x4A69, 0x4A69, 0x4A69, 0x4A69, 0x4A69, 0x4A69, 0x4A69, 0x4A69,
    0x4A69, 0x4A69, 0x4A69, 0x4A69, 0x4A69, 0x4A69, 0x4A69, 0x4A69, 0x4A69, 0x4A69, 0x4A69, 0x4A69,
    0x4A69, 0x4A69, 0x4A69, 0x4A69, 0x4A69, 0x4A69, 0x4A69, 0x4A69, 0x4A69, 0x4A69, 0x4A69, 0x4A69,
    0x4A69, 0x4A69, 0x4A69, 0x4A69, 0x4A69, 0x4A69, 0x4A69, 0x4A69, 0x4A69, 0x4A69, 0x4A69, 0x4A69,
    0x4A69, 0x4A69, 0x4A69, 0x4A69, 0x4A69, 0x4A69, 0x4A69, 0x4A69, 0x4A69, 0x4A69, 0x4A69, 0x4A69,
    0x4A69, 0x4A69, 0x4A69, 0x4A69, 0x4A69, 0x4A69, 0x4A69, 0x4A69, 0x4A69, 0x4A69, 0x4A69, 0x4A69,
    0x4A69, 0x4A69, 0x4A69, 0x4A69, 0x4A69, 0x4A69, 0x4A69, 0x4A69, 0xEDC0, 0xEDC0, 0xEDC0, 0xEDC0,
    0xEDC0, 0xEDC0, 0xEDC0, 0xEDC0, 0x4A69, 0x4A69, 0x4A69, 0x4A69, 0x4A69, 0x4A69, 0x4A69, 0x4A69,
    0x4A69, 0x4A69, 0x4A69, 0x4A69, 0x4A69, 0x4A69, 0x4A69, 0x4A69, 0x4A69, 0x4A69, 0x4A69, 0x4A69,
    0x4A69, 0x4A69, 0x4A69, 0x4A69, 0x4A69, 0x4A69, 0x4A69, 0x0861, 0x0861, 0x0861, 0x0861, 0x0861,
    0x0861, 0x0861, 0x0861, 0x0861, 0x0861, 0x0861, 0x0861, 0x0861, 0x0861, 0x0861, 0x0861, 0x0861,
    0x0861, 0x0861, 0x0861, 0x0861, 0x0861, 0x0861, 0x0861, 0x0861, 0x0861, 0x0861, 0x0861, 0x0861,
    0x0861, 0x0861, 0x0861, 0x0861, 0x0861, 0x0861, 0x0861, 0x0861, 0x0861, 0x0861, 0x0861, 0x0861,
    0x0861, 0x0861, 0x0861, 0x0861, 0x0861, 0x0861, 0x0861, 0x0861, 0x0861, 0x0861, 0x0861, 0x0861,
    0x0861, 0x0861, 0x0861, 0x0861, 0x0861, 0x0861, 0x4A69, 0x4A69, 0x4A69, 0x4A69, 0x4A69, 0x4A69,
    0x4A69, 0x4A69, 0x4A69, 0x4A69, 0x4A69, 0x4A69, 0x4A69, 0x4A69, 0x4A69, 0x4A69, 0x4A69, 0x4A69,
    0x4A69, 0x4A69, 0x4A69, 0x4A69, 0x4A69, 0x4A69, 0x4A69, 0x4A69, 0xEDC0, 0xEDC0, 0xEDC0, 0xEDC0,
    0xEDC0, 0xEDC0, 0xEDC0, 0xEDC0, 0x4A69, 0x4A69, 0x4A69, 0x4A69, 0x4A69, 0x4A69, 0x4A69, 0x4A69,
    0x4A69, 0x4A69, 0x4A69, 0x4A69, 0x4A69, 0x4A69, 0x4A69, 0x4A69, 0x4A69, 0x4A69, 0x4A69, 0x4A69,
    0x4A69, 0x4A69, 0x4A69, 0x4A69, 0x4A69, 0x0861, 0x0861, 0x0861, 0x0861, 0x0861, 0x0861, 0x0861,
    0x0861, 0x0861, 0x0861, 0x0861, 0x0861, 0x0861, 0x0861, 0x0861, 0x0861, 0x0861, 0x0861, 0x0861,
    0x0861, 0x0861, 0x0861, 0x0861, 0x0861, 0x0861, 0x0861, 0x0861, 0x0861, 0x0861, 0x0861, 0x0861,
    0x0861, 0x0861, 0x0861, 0x0861, 0x0861, 0x0861, 0x0861, 0x0861, 0x0861, 0x0861, 0x0861, 0x0861,
    0x0861, 0x0861, 0x0861, 0x0861, 0x0861, 0x0861, 0x0861, 0x0861, 0x0861, 0x0861, 0x0861, 0x0861,
    0x0861, 0x0861, 0x0861, 0x0861, 0x0861, 0x0861, 0x0861, 0x0861, 0x4A69, 0x4A69, 0x4A69, 0x4A69,
    0x4A69, 0x4A69, 0x4A69, 0x4A69, 0x4A69, 0x4A69, 0x4A69, 0x4A69, 0x4A69, 0x4A69, 0x4A69, 0x4A69,
    0x4A69, 0x4A69, 0x4A69, 0x4A69, 0x4A69, 0x4A69, 0x4A69, 0x4A69, 0xEDC0, 0xEDC0, 0xEDC0, 0xEDC0,
    0xEDC0, 0xEDC0, 0xEDC0, 0xEDC0, 0x4A69, 0x4A69, 0x4A69, 0x4A69, 0x4A69, 0x4A69, 0x4A69, 0x4A69,
    0x4A69, 0x4A69, 0x4A69, 0x4A69, 0x4A69, 0x4A69, 0x4A69, 0x4A69, 0x4A69, 0x4A69, 0x4A69, 0x4A69,
    0x4A69, 0x4A69, 0x4A69, 0x4A69, 0x0861, 0x0861, 0x0861, 0x0861, 0x630C, 0x630C, 0x630C, 0x630C,
    0x630C, 0x630C, 0x630C, 0x630C, 0x630C, 0x630C, 0x630C, 0x630C, 0x630C, 0x630C, 0x630C, 0x630C,
    0x630C, 0x630C, 0x630C, 0x630C, 0x630C, 0x630C, 0x630C, 0x630C, 0x630C, 0x630C, 0x630C, 0x630C,
    0x630C, 0x630C, 0x630C, 0x630C, 0x630C, 0x630C, 0x630C, 0x630C, 0x630C, 0x630C, 0x630C, 0x630C,
    0x630C, 0x630C, 0x630C, 0x630C, 0x630C, 0x630C, 0x630C, 0x630C, 0x630C, 0x630C, 0x630C, 0x630C,
    0x630C, 0x630C, 0x630C, 0x630C, 0x630C, 0x0861, 0x0861, 0x0861, 0x0861, 0x4A69, 0x4A69, 0x4A69,
    0x4A69, 0x4A69, 0x4A69, 0x4A69, 0x4A69, 0x4A69, 0x4A69, 0x4A69, 0x4A69, 0x4A69, 0x4A69, 0x4A69,
    0x4A69, 0x4A69, 0x4A69, 0x4A69, 0x4A69, 0x4A69, 0x4A69, 0x4A69, 0xEDC0, 0xEDC0, 0xEDC0, 0xEDC0,
    0xEDC0, 0xEDC0, 0xEDC0, 0xEDC0, 0x4A69, 0x4A69, 0x4A69, 0x4A69, 0x4A69, 0x4A69, 0x4A69, 0x4A69,
    0x4A69, 0x4A69, 0x4A69, 0x4A69, 0x4A69, 0x4A69, 0x4A69, 0x4A69, 0x4A69, 0x4A69, 0x4A69, 0x4A69,
    0x4A69, 0x4A69, 0x4A69, 0x0861, 0x0861, 0x0861, 0x630C, 0x630C, 0x39C7, 0x39C7, 0x39C7, 0x39C7,
    0x39C7, 0x39C7, 0x39C7, 0x39C7, 0x39C7, 0x39C7, 0x39C7, 0x39C7, 0x39C7, 0x39C7, 0x39C7, 0x39C7,
    0x39C7, 0x39C7, 0x39C7, 0x39C7, 0x39C7, 0x39C7, 0x39C7, 0x39C7, 0x39C7, 0x39C7, 0x39C7, 0x39C7,
    0x39C7, 0x39C7, 0x39C7, 0x39C7, 0x39C7, 0x39C7, 0x39C7, 0x39C7, 0x39C7, 0x39C7, 0x39C7, 0x39C7,
    0x39C7, 0x39C7, 0x39C7, 0x39C7, 0x39C7, 0x39C7, 0x39C7, 0x39C7, 0x39C7, 0x39C7, 0x39C7, 0x39C7,
    0x39C7, 0x39C7, 0x39C7, 0x39C7, 0x39C7, 0x630C, 0x630C, 0x0861, 0x0861, 0x0861, 0x4A69, 0x4A69,
    0x4A69, 0x4A69, 0x4A69, 0x4A69, 0x4A69, 0x4A69, 0x4A69, 0x4A69, 0x4A69, 0x4A69, 0x4A69, 0x4A69,
    0x4A69, 0x4A69, 0x4A69, 0x4A69, 0x4A69, 0x4A69, 0x4A69, 0x4A69, 0xEDC0, 0xEDC0, 0xEDC0, 0xEDC0,
    0xEDC0, 0xEDC0, 0xEDC0, 0xEDC0, 0x4A69, 0x4A69, 0x4A69, 0x4A69, 0x4A69, 0x4A69, 0x4A69, 0x4A69,
    0x4A69, 0x4A69, 0x4A69, 0x4A69, 0x4A69, 0x4A69, 0x4A69, 0x4A69, 0x4A69, 0x4A69, 0x4A69, 0x4A69,
    0x4A69, 0x4A69, 0x0861, 0x0861, 0x0861, 0x630C, 0x39C7, 0x39C7, 0x39C7, 0x39C7, 0x39C7, 0x39C7,
    0x39C7, 0x39C7, 0x39C7, 0x39C7, 0x39C7, 0x39C7, 0x39C7, 0x39C7, 0x39C7, 0x39C7, 0x39C7, 0x39C7,
    0x39C7, 0x39C7, 0x39C7, 0x39C7, 0x39C7, 0x39C7, 0x39C7, 0x39C7, 0x39C7, 0x39C7, 0x39C7, 0x39C7,
    0x39C7, 0x39C7, 0x39C7, 0x39C7, 0x39C7, 0x39C7, 0x39C7, 0x39C7, 0x39C7, 0x39C7, 0x39C7, 0x39C7,
    0x39C7, 0x39C7, 0x39C7, 0x39C7, 0x39C7, 0x39C7, 0x39C7, 0x39C7, 0x39C7, 0x39C7, 0x39C7, 0x39C7,
    0x39C7, 0x39C7, 0x39C7, 0x39C7, 0x39C7, 0x39C7, 0x39C7, 0x630C, 0x0861, 0x0861, 0x0861, 0x4A69,
    0x4A69, 0x4A69, 0x4A69, 0x4A69, 0x4A69, 0x4A69, 0x4A69, 0x4A69, 0x4A69, 0x4A69, 0x4A69, 0x4A69,
    0x4A69, 0x4A69, 0x4A69, 0x4A69, 0x4A69, 0x4A69, 0x4A69, 0x4A69, 0xEDC0, 0xEDC0, 0xEDC0, 0xEDC0,
    0xEDC0, 0xEDC0, 0xEDC0, 0xEDC0, 0x4A69, 0x4A69, 0x4A69, 0x4A69, 0x4A69, 0x4A69, 0x4A69, 0x4A69,
    0x4A69, 0x4A69, 0x4A69, 0x4A69, 0x4A69, 0x4A69, 0x4A69, 0x4A69, 0x4A69, 0x4A69, 0x4A69, 0x4A69,
    0x4A69, 0x0861, 0x0861, 0x0861, 0x630C, 0x39C7, 0x39C7, 0x39C7, 0x39C7, 0x39C7, 0x39C7, 0x39C7,
    0x39C7, 0x39C7, 0x39C7, 0x39C7, 0x39C7, 0x39C7, 0x39C7, 0x39C7, 0x39C7, 0x39C7, 0x39C7, 0x39C7,
    0x39C7, 0x39C7, 0x39C7, 0x39C7, 0x39C7, 0x39C7, 0x39C7, 0x39C7, 0x39C7, 0x39C7, 0x39C7, 0x39C7,
    0x39C7, 0x39C7, 0x39C7, 0x39C7, 0x39C7, 0x39C7, 0x39C7, 0x39C7, 0x39C7, 0x39C7, 0x39C7, 0x39C7,
    0x39C7, 0x39C7, 0x39C7, 0x39C7, 0x39C7, 0x39C7, 0x39C7, 0x39C7, 0x39C7, 0x39C7, 0x39C7, 0x39C7,
    0x39C7, 0x39C7, 0x39C7, 0x39C7, 0x39C7, 0x39C7, 0x39C7, 0x39C7, 0x630C, 0x0861, 0x0861, 0x0861,
    0x4A69, 0x4A69, 0x4A69, 0x4A69, 0x4A69, 0x4A69, 0x4A69, 0x4A69, 0x4A69, 0x4A69, 0x4A69, 0x4A69,
    0x4A69, 0x4A69, 0x4A69, 0x4A69, 0x4A69, 0x4A69, 0x4A69, 0x4A69, 0xEDC0, 0xEDC0, 0xEDC0, 0xEDC0,
    0xEDC0, 0xEDC0, 0xEDC0, 0xEDC0, 0x4A69, 0x4A69, 0x4A69, 0x4A69, 0x4A69, 0x4A69, 0x4A69, 0x4A69,
    0x4A69, 0x4A69, 0x4A69, 0x4A69, 0x4A69, 0x4A69, 0x4A69, 0x4A69, 0x4A69, 0x4A69, 0x4A69, 0x4A69,
    0x4A69, 0x0861, 0x0861, 0x630C, 0x39C7, 0x39C7, 0x39C7, 0x39C7, 0x39C7, 0x39C7, 0x39C7, 0x39C7,
    0x39C7, 0x39C7, 0x39C7, 0x39C7, 0x39C7, 0x39C7, 0x39C7, 0x39C7, 0x39C7, 0x39C7, 0x39C7, 0x39C7,
    0x39C7, 0x39C7, 0x39C7, 0x39C7, 0x39C7, 0x39C7, 0x39C7, 0x39C7, 0x39C7, 0x39C7, 0x39C7, 0x39C7,
    0x39C7, 0x39C7, 0x39C7, 0x39C7, 0x39C7, 0x39C7, 0x39C7, 0x39C7, 0x39C7, 0x39C7, 0x39C7, 0x39C7,
    0x39C7, 0x39C7, 0x39C7, 0x39C7, 0x39C7, 0x39C7, 0x39C7, 0x39C7, 0x39C7, 0x39C7, 0x39C7, 0x39C7,
    0x39C7, 0x39C7, 0x39C7, 0x39C7, 0x39C7, 0x39C7, 0x39C7, 0x39C7, 0x39C7, 0x630C, 0x0861, 0x0861,
    0x4A69, 0x4A69, 0x4A69, 0x4A69, 0x4A69, 0x4A69, 0x4A69, 0x4A69, 0x4A69, 0x4A69, 0x4A69, 0x4A69,
    0x4A69, 0x4A69, 0x4A69, 0x4A69, 0x4A69, 0x4A69, 0x4A69, 0x4A69, 0xEDC0, 0xEDC0, 0xEDC0, 0xEDC0,
    0xEDC0, 0xEDC0, 0xEDC0, 0xEDC0, 0x4A69, 0x4A69, 0x4A69, 0x4A69, 0x4A69, 0x4A69, 0x4A69, 0x4A69,
    0x4A69, 0x4A69, 0x4A69, 0x4A69, 0x4A69, 0x4A69, 0x4A69, 0x4A69, 0x4A69, 0x4A69, 0x4A69, 0x4A69,
    0x0861, 0x0861, 0x0861, 0x630C, 0x39C7, 0x39C7, 0x39C7, 0x39C7, 0x39C7, 0x39C7, 0x39C7, 0x39C7,
    0x39C7, 0x39C7, 0x39C7, 0x39C7, 0x39C7, 0x39C7, 0x39C7, 0x39C7, 0x39C7, 0x39C7, 0x39C7, 0x39C7,
    0x39C7, 0x39C7, 0x39C7, 0x39C7, 0x39C7, 0x39C7, 0x39C7, 0x39C7, 0x39C7, 0x39C7, 0x39C7, 0x39C7,
    0x39C7, 0x39C7, 0x39C7, 0x39C7, 0x39C7, 0x39C7, 0x39C7, 0x39C7, 0x39C7, 0x39C7, 0x39C7, 0x39C7,
    0x39C7, 0x39C7, 0x39C7, 0x39C7, 0x39C7, 0x39C7, 0x39C7, 0x39C7, 0x39C7, 0x39C7, 0x39C7, 0x39C7,
    0x39C7, 0x39C7, 0x39C7, 0x39C7, 0x39C7, 0x39C7, 0x39C7, 0x39C7, 0x39C7, 0x630C, 0x0861, 0x0861,
    0x0861, 0x4A69, 0x4A69, 0x4A69, 0x4A69, 0x4A69, 0x4A69, 0x4A69, 0x4A69, 0x4A69, 0x4A69, 0x4A69,
    0x4A69, 0x4A69, 0x4A69, 0x4A69, 0x4A69, 0x4A69, 0x4A69, 0x4A69, 0xEDC0, 0xEDC0, 0xEDC0, 0xEDC0,
    0xEDC0, 0xEDC0, 0xEDC0, 0xEDC0, 0x4A69, 0x4A69, 0x4A69, 0x4A69, 0x4A69, 0x4A69, 0x4A69, 0x4A69,
    0x4A69, 0x4A69, 0x4A69, 0x4A69, 0x4A69, 0x4A69, 0x4A69, 0x4A69, 0x4A69, 0x4A69, 0x4A69, 0x4A69,
    0x0861, 0x0861, 0x630C, 0x39C7, 0x39C7, 0x39C7, 0x39C7, 0x39C7, 0x39C7, 0x39C7, 0x39C7, 0x39C7,
    0x39C7, 0x39C7, 0x39C7, 0x39C7, 0x39C7, 0x39C7, 0x39C7, 0x39C7, 0x39C7, 0x39C7, 0x39C7, 0x39C7,
    0x39C7, 0x39C7, 0x39C7, 0x39C7, 0x39C7, 0x39C7, 0x39C7, 0x39C7, 0x39C7, 0x39C7, 0x39C7, 0x39C7,
    0x39C7, 0x39C7, 0x39C7, 0x39C7, 0x39C7, 0x39C7, 0x39C7, 0x39C7, 0x39C7, 0x39C7, 0x39C7, 0x39C7,
    0x39C7, 0x39C7, 0x39C7, 0x39C7, 0x39C7, 0x39C7, 0x39C7, 0x39C7, 0x39C7, 0x39C7, 0x39C7, 0x39C7,
    0x39C7, 0x39C7, 0x39C7, 0x39C7, 0x39C7, 0x39C7, 0x39C7, 0x39C7, 0x39C7, 0x39C7, 0x630C, 0x0861,
    0x0861, 0x4A69, 0x4A69, 0x4A69, 0x4A69, 0x4A69, 0x4A69, 0x4A69, 0x4A69, 0x4A69, 0x4A69, 0x4A69,
    0x4A69, 0x4A69, 0x4A69, 0x4A69, 0x4A69, 0x4A69, 0x4A69, 0x4A69, 0xEDC0, 0xEDC0, 0xEDC0, 0xEDC0,
    0xEDC0, 0xEDC0, 0xEDC0, 0xEDC0, 0x4A69, 0x4A69, 0x4A69, 0x4A69, 0x4A69, 0x4A69, 0x4A69, 0x4A69,
    0x4A69, 0x4A69, 0x4A69, 0x4A69, 0x4A69, 0x4A69, 0x4A69, 0x4A69, 0x4A69, 0x4A69, 0x4A69, 0x4A69,
    0x0861, 0x0861, 0x630C, 0x39C7, 0x39C7, 0x39C7, 0x39C7, 0x39C7, 0x39C7, 0x39C7, 0x39C7, 0x39C7,
    0x39C7, 0x39C7, 0x39C7, 0x39C7, 0x39C7, 0x39C7, 0x39C7, 0x39C7, 0x39C7, 0x39C7, 0x39C7, 0x39C7,
    0x39C7, 0x39C7, 0x39C7, 0x39C7, 0x39C7, 0x39C7, 0x39C7, 0x39C7, 0x39C7, 0x39C7, 0x39C7, 0x39C7,
    0x39C7, 0x39C7, 0x39C7, 0x39C7, 0x39C7, 0x39C7, 0x39C7, 0x39C7, 0x39C7, 0x39C7, 0x39C7, 0x39C7,
    0x39C7, 0x39C7, 0x39C7, 0x39C7, 0x39C7, 0x39C7, 0x39C7, 0x39C7, 0x39C7, 0x39C7, 0x39C7, 0x39C7,
    0x39C7, 0x39C7, 0x39C7, 0x39C7, 0x39C7, 0x39C7, 0x39C7, 0x39C7, 0x39C7, 0x39C7, 0x630C, 0x0861,
    0x0861, 0x4A69, 0x4A69, 0x4A69, 0x4A69, 0x4A69, 0x4A69, 0x4A69, 0x4A69, 0x4A69, 0x4A69, 0x4A69,
    0x4A69, 0x4A69, 0x4A69, 0x4A69, 0x4A69, 0x4A69, 0x4A69, 0x4A69, 0xEDC0, 0xEDC0, 0xEDC0, 0xEDC0,
    0xEDC0, 0xEDC0, 0xEDC0, 0xEDC0, 0x4A69, 0x4A69, 0x4A69, 0x4A69, 0x4A69, 0x4A69, 0x4A69, 0x4A69,
    0x4A69, 0x4A69, 0x4A69, 0x4A69, 0x4A69, 0x4A69, 0x4A69, 0x4A69, 0x4A69, 0x4A69, 0x4A69, 0x4A69,
    0x0861, 0x0861, 0x630C, 0x39C7, 0x39C7, 0x39C7, 0x39C7, 0x39C7, 0x39C7, 0x39C7, 0x39C7, 0x39C7,
    0x39C7, 0x39C7, 0x39C7, 0x39C7, 0x39C7, 0x39C7, 0x39C7, 0x39C7, 0x39C7, 0x39C7, 0x39C7, 0x39C7,
    0x39C7, 0x39C7, 0x39C7, 0x39C7, 0x39C7, 0x39C7, 0x39C7, 0x39C7, 0x39C7, 0x39C7, 0x39C7, 0x39C7,
    0x39C7, 0x39C7, 0x39C7, 0x39C7, 0x39C7, 0x39C7, 0x39C7, 0x39C7, 0x39C7, 0x39C7, 0x39C7, 0x39C7,
    0x39C7, 0x39C7, 0x39C7, 0x39C7, 0x39C7, 0x39C7, 0x39C7, 0x39C7, 0x39C7, 0x39C7, 0x39C7, 0x39C7,
    0x39C7, 0x39C7, 0x39C7, 0x39C7, 0x39C7, 0x39C7, 0x39C7, 0x39C7, 0x39C7, 0x39C7, 0x630C, 0x0861,
    0x0861, 0x4A69, 0x4A69, 0x4A69, 0x4A69, 0x4A69, 0x4A69, 0x4A69, 0x4A69, 0x4A69, 0x4A69, 0x4A69,
    0x4A69, 0x4A69, 0x4A69, 0x4A69, 0x4A69, 0x4A69, 0x4A69, 0x4A69, 0xEDC0, 0xEDC0, 0xEDC0, 0xEDC0,
    0xEDC0, 0xEDC0, 0xEDC0, 0xEDC0, 0x4A69, 0x4A69, 0x4A69, 0x4A69, 0x4A69, 0x4A69, 0x4A69, 0x4A69,
    0x4A69, 0x4A69, 0x4A69, 0x4A69, 0x4A69, 0x4A69, 0x4A69, 0x4A69, 0x4A69, 0x4A69, 0x4A69, 0x4A69,
    0x0861, 0x0861, 0x630C, 0x39C7, 0x39C7, 0x39C7, 0x39C7, 0x39C7, 0x39C7, 0x39C7, 0x39C7, 0x39C7,
    0x39C7, 0x39C7, 0x39C7, 0x39C7, 0x39C7, 0x39C7, 0x39C7, 0x39C7, 0x39C7, 0x39C7, 0x39C7, 0x39C7,
    0x39C7, 0x39C7, 0x39C7, 0x39C7, 0x39C7, 0x39C7, 0x39C7, 0x39C7, 0x39C7, 0x39C7, 0x39C7, 0x39C7,
    0x39C7, 0x39C7, 0x39C7, 0x39C7, 0x39C7, 0x39C7, 0x39C7, 0x39C7, 0x39C7, 0x39C7, 0x39C7, 0x39C7,
    0x39C7, 0x39C7, 0x39C7, 0x39C7, 0x39C7, 0x39C7, 0x39C7, 0x39C7, 0x39C7, 0x39C7, 0x39C7, 0x39C7,
    0x39C7, 0x39C7, 0x39C7, 0x39C7, 0x39C7, 0x39C7, 0x39C7, 0x39C7, 0x39C7, 0x39C7, 0x630C, 0x0861,
    0x0861, 0x4A69, 0x4A69, 0x4A69, 0x4A69, 0x4A69, 0x4A69, 0x4A69, 0x4A69, 0x4A69, 0x4A69, 0x4A69,
    0x4A69, 0x4A69, 0x4A69, 0x4A69, 0x4A69, 0x4A69, 0x4A69, 0x4A69, 0xEDC0, 0xEDC0, 0xEDC0, 0xEDC0,
    0xEDC0, 0xEDC0, 0xEDC0, 0xEDC0, 0x4A69, 0x4A69, 0x4A69, 0x4A69, 0x4A69, 0x4A69, 0x4A69, 0x4A69,
    0x4A69, 0x4A69, 0x4A69, 0x4A69, 0x4A69, 0x4A69, 0x4A69, 0x4A69, 0x4A69, 0x4A69, 0x4A69, 0x4A69,
    0x0861, 0x0861, 0x630C, 0x39C7, 0x39C7, 0x39C7, 0x39C7, 0x39C7, 0x39C7, 0x39C7, 0x39C7, 0x39C7,
    0x39C7, 0x39C7, 0x39C7, 0x39C7, 0x39C7, 0x39C7, 0x39C7, 0x39C7, 0x39C7, 0x39C7, 0x39C7, 0x39C7,
    0x39C7, 0x39C7, 0x39C7, 0x39C7, 0x39C7, 0x39C7, 0x39C7, 0x39C7, 0x39C7, 0x39C7, 0x39C7, 0x39C7,
    0x39C7, 0x39C7, 0x39C7, 0x39C7, 0x39C7, 0x39C7, 0x39C7, 0x39C7, 0x39C7, 0x39C7, 0x39C7, 0x39C7,
    0x39C7, 0x39C7, 0x39C7, 0x39C7, 0x39C7, 0x39C7, 0x39C7, 0x39C7, 0x39C7, 0x39C7, 0x39C7, 0x39C7,
    0x39C7, 0x39C7, 0x39C7, 0x39C7, 0x39C7, 0x39C7, 0x39C7, 0x39C7, 0x39C7, 0x39C7, 0x630C, 0x0861,
    0x0861, 0x4A69, 0x4A69, 0x4A69, 0x4A69, 0x4A69, 0x4A69, 0x4A69, 0x4A69, 0x4A69, 0x4A69, 0x4A69,
    0x4A69, 0x4A69, 0x4A69, 0x4A69, 0x4A69, 0x4A69, 0x4A69, 0x4A69, 0xEDC0, 0xEDC0, 0xEDC0, 0xEDC0,
    0xEDC0, 0xEDC0, 0xEDC0, 0xEDC0, 0x4A69, 0x4A69, 0x4A69, 0x4A69, 0x4A69, 0x4A69, 0x4A69, 0x4A69,
    0x4A69, 0x4A69, 0x4A69, 0x4A69, 0x4A69, 0x4A69, 0x4A69, 0x4A69, 0x4A69, 0x4A69, 0x4A69, 0x4A69,
    0x0861, 0x0861, 0x630C, 0x39C7, 0x39C7, 0x39C7, 0x39C7, 0x39C7, 0x39C7, 0x39C7, 0x39C7, 0x39C7,
    0x39C7, 0x39C7, 0x39C7, 0x39C7, 0x39C7, 0x39C7, 0x39C7, 0x39C7, 0x39C7, 0x39C7, 0x39C7, 0x39C7,
    0x39C7, 0x39C7, 0x39C7, 0x4A49, 0xA514, 0xDEDB, 0xEF7D, 0xEF5D, 0xC638, 0x7BEF, 0x39C7, 0x39C7,
    0x39C7, 0xF79E, 0xF79E, 0x5ACB, 0x39C7, 0x39C7, 0x39C7, 0xB596, 0xF79E, 0xCE79, 0x4208, 0x39C7,
    0x39C7, 0x39C7, 0x39C7, 0x39C7, 0x39C7, 0x39C7, 0x39C7, 0x39C7, 0x39C7, 0x39C7, 0x39C7, 0x39C7,
    0x39C7, 0x39C7, 0x39C7, 0x39C7, 0x39C7, 0x39C7, 0x39C7, 0x39C7, 0x39C7, 0x39C7, 0x630C, 0x0861,
    0x0861, 0x4A69, 0x4A69, 0x4A69, 0x4A69, 0x4A69, 0x4A69, 0x4A69, 0x4A69, 0x4A69, 0x4A69, 0x4A69,
    0x4A69, 0x4A69, 0x4A69, 0x4A69, 0x4A69, 0x4A69, 0x4A69, 0x4A69, 0xEDC0, 0xEDC0, 0xEDC0, 0xEDC0,
    0xEDC0, 0xEDC0, 0xEDC0, 0xEDC0, 0x4A69, 0x4A69, 0x4A69, 0x4A69, 0x4A69, 0x4A69, 0x4A69, 0x4A69,
    0x4A69, 0x4A69, 0x4A69, 0x4A69, 0x4A69, 0x4A69, 0x4A69, 0x4A69, 0x4A69, 0x4A69, 0x4A69, 0x4A69,
    0x0861, 0x0861, 0x630C, 0x39C7, 0x39C7, 0x39C7, 0x39C7, 0x39C7, 0x39C7, 0x39C7, 0x39C7, 0x39C7,
    0x39C7, 0x39C7, 0x39C7, 0x39C7, 0x39C7, 0x39C7, 0x39C7, 0x39C7, 0x39C7, 0x39C7, 0x39C7, 0x39C7,
    0x39C7, 0x39C7, 0x528A, 0xDEFB, 0xF79E, 0xEF5D, 0xCE59, 0xD6BA, 0xF79E, 0xF79E, 0xAD75, 0x39C7,
    0x39C7, 0xF79E, 0xF79E, 0x5ACB, 0x39C7, 0x39C7, 0xA534, 0xF79E, 0xD69A, 0x4228, 0x39C7, 0x39C7,
    0x39C7, 0x39C7, 0x39C7, 0x39C7, 0x39C7, 0x39C7, 0x39C7, 0x39C7, 0x39C7, 0x39C7, 0x39C7, 0x39C7,
    0x39C7, 0x39C7, 0x39C7, 0x39C7, 0x39C7, 0x39C7, 0x39C7, 0x39C7, 0x39C7, 0x39C7, 0x630C, 0x0861,
    0x0861, 0x4A69, 0x4A69, 0x4A69, 0x4A69, 0x4A69, 0x4A69, 0x4A69, 0x4A69, 0x4A69, 0x4A69, 0x4A69,
    0x4A69, 0x4A69, 0x4A69, 0x4A69, 0x4A69, 0x4A69, 0x4A69, 0x4A69, 0xEDC0, 0xEDC0, 0xEDC0, 0xEDC0,
    0xEDC0, 0xEDC0, 0xEDC0, 0xEDC0, 0x4A69, 0x4A69, 0x4A69, 0x4A69, 0x4A69, 0x4A69, 0x4A69, 0x4A69,
    0x4A69, 0x4A69, 0x4A69, 0x4A69, 0x4A69, 0x4A69, 0x4A69, 0x4A69, 0x4A69, 0x4A69, 0x4A69, 0x4A69,
    0x0861, 0x0861, 0x630C, 0x39C7, 0x39C7, 0x39C7, 0x39C7, 0x39C7, 0x39C7, 0x39C7, 0x39C7, 0x39C7,
    0x39C7, 0x39C7, 0x39C7, 0x39C7, 0x39C7, 0x39C7, 0x39C7, 0x39C7, 0x39C7, 0x39C7, 0x39C7, 0x39C7,
    0x39C7, 0x39C7, 0xC618, 0xF79E, 0xCE59, 0x4A49, 0x39C7, 0x39C7, 0x6B6D, 0xEF7D, 0xF79E, 0x7BCF,
    0x39C7, 0xF79E, 0xF79E, 0x5ACB, 0x39C7, 0x9CD3, 0xF79E, 0xDEDB, 0x4A49, 0x39C7, 0x39C7, 0x39C7,
    0x39C7, 0x39C7, 0x39C7, 0x39C7, 0x39C7, 0x39C7, 0x39C7, 0x39C7, 0x39C7, 0x39C7, 0x39C7, 0x39C7,
    0x39C7, 0x39C7, 0x39C7, 0x39C7, 0x39C7, 0x39C7, 0x39C7, 0x39C7, 0x39C7, 0x39C7, 0x630C, 0x0861,
    0x0861, 0x4A69, 0x4A69, 0x4A69, 0x4A69, 0x4A69, 0x4A69, 0x4A69, 0x4A69, 0x4A69, 0x4A69, 0x4A69,
    0x4A69, 0x4A69, 0x4A69, 0x4A69, 0x4A69, 0x4A69, 0x4A69, 0x4A69, 0xEDC0, 0xEDC0, 0xEDC0, 0xEDC0,
    0xEDC0, 0xEDC0, 0xEDC0, 0xEDC0, 0x4A69, 0x4A69, 0x4A69, 0x4A69, 0x4A69, 0x4A69, 0x4A69, 0x4A69,
    0x4A69, 0x4A69, 0x4A69, 0x4A69, 0x4A69, 0x4A69, 0x4A69, 0x4A69, 0x4A69, 0x4A69, 0x4A69, 0x4A69,
    0x0861, 0x0861, 0x630C, 0x39C7, 0x39C7, 0x39C7, 0x39C7, 0x39C7, 0x39C7, 0x39C7, 0x39C7, 0x39C7,
    0x39C7, 0x39C7, 0x39C7, 0x39C7, 0x39C7, 0x39C7, 0x39C7, 0x39C7, 0x39C7, 0x39C7, 0x39C7, 0x39C7,
    0x39C7, 0x4A69, 0xF79E, 0xF79E, 0x5ACB, 0x39C7, 0x39C7, 0x39C7, 0x39C7, 0xA514, 0xF79E, 0xC638,
    0x39C7, 0xF79E, 0xF79E, 0x5ACB, 0x8C51, 0xF79E, 0xDEFB, 0x4A69, 0x39C7, 0x39C7, 0x39C7, 0x39C7,
    0x39C7, 0x39C7, 0x39C7, 0x39C7, 0x39C7, 0x39C7, 0x39C7, 0x39C7, 0x39C7, 0x39C7, 0x39C7, 0x39C7,
    0x39C7, 0x39C7, 0x39C7, 0x39C7, 0x39C7, 0x39C7, 0x39C7, 0x39C7, 0x39C7, 0x39C7, 0x630C, 0x0861,
    0x0861, 0x4A69, 0x4A69, 0x4A69, 0x4A69, 0x4A69, 0x4A69, 0x4A69, 0x4A69, 0x4A69, 0x4A69, 0x4A69,
    0x4A69, 0x4A69, 0x4A69, 0x4A69, 0x4A69, 0x4A69, 0x4A69, 0x4A69, 0xEDC0, 0xEDC0, 0xEDC0, 0xEDC0,
    0xEDC0, 0xEDC0, 0xEDC0, 0xEDC0, 0x4A69, 0x4A69, 0x4A69, 0x4A69, 0x4A69, 0x4A69, 0x4A69, 0x4A69,
    0x4A69, 0x4A69, 0x4A69, 0x4A69, 0x4A69, 0x4A69, 0x4A69, 0x4A69, 0x4A69, 0x4A69, 0x4A69, 0x4A69,
    0x0861, 0x0861, 0x630C, 0x39C7, 0x39C7, 0x39C7, 0x39C7, 0x39C7, 0x39C7, 0x39C7, 0x39C7, 0x39C7,
    0x39C7, 0x39C7, 0x39C7, 0x39C7, 0x39C7, 0x39C7, 0x39C7, 0x39C7, 0x39C7, 0x39C7, 0x39C7, 0x39C7,
    0x39C7, 0x738E, 0xF79E, 0xE71C, 0x39C7, 0x39C7, 0x39C7, 0x39C7, 0x39C7, 0x6B6D, 0xF79E, 0xEF5D,
    0x39C7, 0xF79E, 0xF79E, 0x9CF3, 0xF79E, 0xF79E, 0x5ACB, 0x39C7, 0x39C7, 0x39C7, 0x39C7, 0x39C7,
    0x39C7, 0x39C7, 0x39C7, 0x39C7, 0x39C7, 0x39C7, 0x39C7, 0x39C7, 0x39C7, 0x39C7, 0x39C7, 0x39C7,
    0x39C7, 0x39C7, 0x39C7, 0x39C7, 0x39C7, 0x39C7, 0x39C7, 0x39C7, 0x39C7, 0x39C7, 0x630C, 0x0861,
    0x0861, 0x4A69, 0x4A69, 0x4A69, 0x4A69, 0x4A69, 0x4A69, 0x4A69, 0x4A69, 0x4A69, 0x4A69, 0x4A69,
    0x4A69, 0x4A69, 0x4A69, 0x4A69, 0x4A69, 0x4A69, 0x4A69, 0x4A69, 0xEDC0, 0xEDC0, 0xEDC0, 0xEDC0,
    0xEDC0, 0xEDC0, 0xEDC0, 0xEDC0, 0x4A69, 0x4A69, 0x4A69, 0x4A69, 0x4A69, 0x4A69, 0x4A69, 0x4A69,
    0x4A69, 0x4A69, 0x4A69, 0x4A69, 0x4A69, 0x4A69, 0x4A69, 0x4A69, 0x4A69, 0x4A69, 0x4A69, 0x4A69,
    0x0861, 0x0861, 0x630C, 0x39C7, 0x39C7, 0x39C7, 0x39C7, 0x39C7, 0x39C7, 0x39C7, 0x39C7, 0x39C7,
    0x39C7, 0x39C7, 0x39C7, 0x39C7, 0x39C7, 0x39C7, 0x39C7, 0x39C7, 0x39C7, 0x39C7, 0x39C7, 0x39C7,
    0x39C7, 0x7BEF, 0xF79E, 0xD69A, 0x39C7, 0x39C7, 0x39C7, 0x39C7, 0x39C7, 0x5AEB, 0xF79E, 0xF79E,
    0x39C7, 0xF79E, 0xF79E, 0xF79E, 0xF79E, 0xF79E, 0xA514, 0x39C7, 0x39C7, 0x39C7, 0x39C7, 0x39C7,
    0x39C7, 0x39C7, 0x39C7, 0x39C7, 0x39C7, 0x39C7, 0x39C7, 0x39C7, 0x39C7, 0x39C7, 0x39C7, 0x39C7,
    0x39C7, 0x39C7, 0x39C7, 0x39C7, 0x39C7, 0x39C7, 0x39C7, 0x39C7, 0x39C7, 0x39C7, 0x630C, 0x0861,
    0x0861, 0x4A69, 0x4A69, 0x4A69, 0x4A69, 0x4A69, 0x4A69, 0x4A69, 0x4A69, 0x4A69, 0x4A69, 0x4A69,
    0x4A69, 0x4A69, 0x4A69, 0x4A69, 0x4A69, 0x4A69, 0x4A69, 0x4A69, 0xEDC0, 0xEDC0, 0xEDC0, 0xEDC0,
    0xEDC0, 0xEDC0, 0xEDC0, 0xEDC0, 0x4A69, 0x4A69, 0x4A69, 0x4A69, 0x4A69, 0x4A69, 0x4A69, 0x4A69,
    0x4A69, 0x4A69, 0x4A69, 0x4A69, 0x4A69, 0x4A69, 0x4A69, 0x4A69, 0x4A69, 0x4A69, 0x4A69, 0x4A69,
    0x0861, 0x0861, 0x630C, 0x39C7, 0x39C7, 0x39C7, 0x39C7, 0x39C7, 0x39C7, 0x39C7, 0x39C7, 0x39C7,
    0x39C7, 0x39C7, 0x39C7, 0x39C7, 0x39C7, 0x39C7, 0x39C7, 0x39C7, 0x39C7, 0x39C7, 0x39C7, 0x39C7,
    0x39C7, 0x738E, 0xF79E, 0xE73C, 0x39C7, 0x39C7, 0x39C7, 0x39C7, 0x39C7, 0x738E, 0xF79E, 0xE73C,
    0x39C7, 0xF79E, 0xF79E, 0xBDF7, 0x632C, 0xEF7D, 0xF79E, 0x738E, 0x39C7, 0x39C7, 0x39C7, 0x39C7,
    0x39C7, 0x39C7, 0x39C7, 0x39C7, 0x39C7, 0x39C7, 0x39C7, 0x39C7, 0x39C7, 0x39C7, 0x39C7, 0x39C7,
    0x39C7, 0x39C7, 0x39C7, 0x39C7, 0x39C7, 0x39C7, 0x39C7, 0x39C7, 0x39C7, 0x39C7, 0x630C, 0x0861,
    0x0861, 0x4A69, 0x4A69, 0x4A69, 0x4A69, 0x4A69, 0x4A69, 0x4A69, 0x4A69, 0x4A69, 0x4A69, 0x4A69,
    0x4A69, 0x4A69, 0x4A69, 0x4A69, 0x4A69, 0x4A69, 0x4A69, 0x4A69, 0xEDC0, 0xEDC0, 0xEDC0, 0xEDC0,
    0xEDC0, 0xEDC0, 0xEDC0, 0xEDC0, 0x4A69, 0x4A69, 0x4A69, 0x4A69, 0x4A69, 0x4A69, 0x4A69, 0x4A69,
    0x4A69, 0x4A69, 0x4A69, 0x4A69, 0x4A69, 0x4A69, 0x4A69, 0x4A69, 0x4A69, 0x4A69, 0x4A69, 0x4A69,
    0x0861, 0x0861, 0x630C, 0x39C7, 0x39C7, 0x39C7, 0x39C7, 0x39C7, 0x39C7, 0x39C7, 0x39C7, 0x39C7,
    0x39C7, 0x39C7, 0x39C7, 0x39C7, 0x39C7, 0x39C7, 0x39C7, 0x39C7, 0x39C7, 0x39C7, 0x39C7, 0x39C7,
    0x39C7, 0x4A69, 0xF79E, 0xF79E, 0x630C, 0x39C7, 0x39C7, 0x39C7, 0x39C7, 0xA514, 0xF79E, 0xBDD7,
    0x39C7, 0xF79E, 0xF79E, 0x5ACB, 0x39C7, 0x8C51, 0xF79E, 0xE73C, 0x4A69, 0x39C7, 0x39C7, 0x39C7,
    0x39C7, 0x39C7, 0x39C7, 0x39C7, 0x39C7, 0x39C7, 0x39C7, 0x39C7, 0x39C7, 0x39C7, 0x39C7, 0x39C7,
    0x39C7, 0x39C7, 0x39C7, 0x39C7, 0x39C7, 0x39C7, 0x39C7, 0x39C7, 0x39C7, 0x39C7, 0x630C, 0x0861,
    0x0861, 0x4A69, 0x4A69, 0x4A69, 0x4A69, 0x4A69, 0x4A69, 0x4A69, 0x4A69, 0x4A69, 0x4A69, 0x4A69,
    0x4A69, 0x4A69, 0x4A69, 0x4A69, 0x4A69, 0x4A69, 0x4A69, 0x4A69, 0xEDC0, 0xEDC0, 0xEDC0, 0xEDC0,
    0xEDC0, 0xEDC0, 0xEDC0, 0xEDC0, 0x4A69, 0x4A69, 0x4A69, 0x4A69, 0x4A69, 0x4A69, 0x4A69, 0x4A69,
    0x4A69, 0x4A69, 0x4A69, 0x4A69, 0x4A69, 0x4A69, 0x4A69, 0x4A69, 0x4A69, 0x4A69, 0x4A69, 0x4A69,
    0x0861, 0x0861, 0x630C, 0x39C7, 0x39C7, 0x39C7, 0x39C7, 0x39C7, 0x39C7, 0x39C7, 0x39C7, 0x39C7,
    0x39C7, 0x39C7, 0x39C7, 0x39C7, 0x39C7, 0x39C7, 0x39C7, 0x39C7, 0x39C7, 0x39C7, 0x39C7, 0x39C7,
    0x39C7, 0x39C7, 0xBDD7, 0xF79E, 0xCE59, 0x4228, 0x39C7, 0x39C7, 0x6B6D, 0xEF7D, 0xF79E, 0x6B6D,
    0x39C7, 0xF79E, 0xF79E, 0x5ACB, 0x39C7, 0x39C7, 0xBDD7, 0xF79E, 0xCE59, 0x39E7, 0x39C7, 0x39C7,
    0x39C7, 0x39C7, 0x39C7, 0x39C7, 0x39C7, 0x39C7, 0x39C7, 0x39C7, 0x39C7, 0x39C7, 0x39C7, 0x39C7,
    0x39C7, 0x39C7, 0x39C7, 0x39C7, 0x39C7, 0x39C7, 0x39C7, 0x39C7, 0x39C7, 0x39C7, 0x630C, 0x0861,
    0x0861, 0x4A69, 0x4A69, 0x4A69, 0x4A69, 0x4A69, 0x4A69, 0x4A69, 0x4A69, 0x4A69, 0x4A69, 0x4A69,
    0x4A69, 0x4A69, 0x4A69, 0x4A69, 0x4A69, 0x4A69, 0x4A69, 0x4A69, 0xEDC0, 0xEDC0, 0xEDC0, 0xEDC0,
    0xEDC0, 0xEDC0, 0xEDC0, 0xEDC0, 0x4A69, 0x4A69, 0x4A69, 0x4A69, 0x4A69, 0x4A69, 0x4A69, 0x4A69,
    0x4A69, 0x4A69, 0x4A69, 0x4A69, 0x4A69, 0x4A69, 0x4A69, 0x4A69, 0x4A69, 0x4A69, 0x4A69, 0x4A69,
    0x0861, 0x0861, 0x630C, 0x39C7, 0x39C7, 0x39C7, 0x39C7, 0x39C7, 0x39C7, 0x39C7, 0x39C7, 0x39C7,
    0x39C7, 0x39C7, 0x39C7, 0x39C7, 0x39C7, 0x39C7, 0x39C7, 0x39C7, 0x39C7, 0x39C7, 0x39C7, 0x39C7,
    0x39C7, 0x39C7, 0x4A69, 0xDEDB, 0xF79E, 0xEF5D, 0xC618, 0xD6BA, 0xF79E, 0xF79E, 0x9CF3, 0x39C7,
    0x39C7, 0xF79E, 0xF79E, 0x5ACB, 0x39C7, 0x39C7, 0x4228, 0xDEFB, 0xF79E, 0xA514, 0x39C7, 0x39C7,
    0x39C7, 0x39C7, 0x39C7, 0x39C7, 0x39C7, 0x39C7, 0x39C7, 0x39C7, 0x39C7, 0x39C7, 0x39C7, 0x39C7,
    0x39C7, 0x39C7, 0x39C7, 0x39C7, 0x39C7, 0x39C7, 0x39C7, 0x39C7, 0x39C7, 0x39C7, 0x630C, 0x0861,
    0x0861, 0x4A69, 0x4A69, 0x4A69, 0x4A69, 0x4A69, 0x4A69, 0x4A69, 0x4A69, 0x4A69, 0x4A69, 0x4A69,
    0x4A69, 0x4A69, 0x4A69, 0x4A69, 0x4A69, 0x4A69, 0x4A69, 0x4A69, 0xEDC0, 0xEDC0, 0xEDC0, 0xEDC0,
    0xEDC0, 0xEDC0, 0xEDC0, 0xEDC0, 0x4A69, 0x4A69, 0x4A69, 0x4A69, 0x4A69, 0x4A69, 0x4A69, 0x4A69,
    0x4A69, 0x4A69, 0x4A69, 0x4A69, 0x4A69, 0x4A69, 0x4A69, 0x4A69, 0x4A69, 0x4A69, 0x4A69, 0x4A69,
    0x0861, 0x0861, 0x630C, 0x39C7, 0x39C7, 0x39C7, 0x39C7, 0x39C7, 0x39C7, 0x39C7, 0x39C7, 0x39C7,
    0x39C7, 0x39C7, 0x39C7, 0x39C7, 0x39C7, 0x39C7, 0x39C7, 0x39C7, 0x39C7, 0x39C7, 0x39C7, 0x39C7,
    0x39C7, 0x39C7, 0x39C7, 0x4228, 0x9CF3, 0xDEDB, 0xEF7D, 0xE73C, 0xC618, 0x738E, 0x39C7, 0x39C7,
    0x39C7, 0xF79E, 0xF79E, 0x5ACB, 0x39C7, 0x39C7, 0x39C7, 0x632C, 0xF79E, 0xF79E, 0x738E, 0x39C7,
    0x39C7, 0x39C7, 0x39C7, 0x39C7, 0x39C7, 0x39C7, 0x39C7, 0x39C7, 0x39C7, 0x39C7, 0x39C7, 0x39C7,
    0x39C7, 0x39C7, 0x39C7, 0x39C7, 0x39C7, 0x39C7, 0x39C7, 0x39C7, 0x39C7, 0x39C7, 0x630C, 0x0861,
    0x0861, 0x4A69, 0x4A69, 0x4A69, 0x4A69, 0x4A69, 0x4A69, 0x4A69, 0x4A69, 0x4A69, 0x4A69, 0x4A69,
    0x4A69, 0x4A69, 0x4A69, 0x4A69, 0x4A69, 0x4A69, 0x4A69, 0x4A69, 0xEDC0, 0xEDC0, 0xEDC0, 0xEDC0,
    0xEDC0, 0xEDC0, 0xEDC0, 0xEDC0, 0x4A69, 0x4A69, 0x4A69, 0x4A69, 0x4A69, 0x4A69, 0x4A69, 0x4A69,
    0x4A69, 0x4A69, 0x4A69, 0x4A69, 0x4A69, 0x4A69, 0x4A69, 0x4A69, 0x4A69, 0x4A69, 0x4A69, 0x4A69,
    0x0861, 0x0861, 0x630C, 0x39C7, 0x39C7, 0x39C7, 0x39C7, 0x39C7, 0x39C7, 0x39C7, 0x39C7, 0x39C7,
    0x39C7, 0x39C7, 0x39C7, 0x39C7, 0x39C7, 0x39C7, 0x39C7, 0x39C7, 0x39C7, 0x39C7, 0x39C7, 0x39C7,
    0x39C7, 0x39C7, 0x39C7, 0x39C7, 0x39C7, 0x39C7, 0x39C7, 0x39C7, 0x39C7, 0x39C7, 0x39C7, 0x39C7,
    0x39C7, 0x39C7, 0x39C7, 0x39C7, 0x39C7, 0x39C7, 0x39C7, 0x39C7, 0x39C7, 0x39C7, 0x39C7, 0x39C7,
    0x39C7, 0x39C7, 0x39C7, 0x39C7, 0x39C7, 0x39C7, 0x39C7, 0x39C7, 0x39C7, 0x39C7, 0x39C7, 0x39C7,
    0x39C7, 0x39C7, 0x39C7, 0x39C7, 0x39C7, 0x39C7, 0x39C7, 0x39C7, 0x39C7, 0x39C7, 0x630C, 0x0861,
    0x0861, 0x4A69, 0x4A69, 0x4A69, 0x4A69, 0x4A69, 0x4A69, 0x4A69, 0x4A69, 0x4A69, 0x4A69, 0x4A69,
    0x4A69, 0x4A69, 0x4A69, 0x4A69, 0x4A69, 0x4A69, 0x4A69, 0x4A69, 0xEDC0, 0xEDC0, 0xEDC0, 0xEDC0,
    0xEDC0, 0xEDC0, 0xEDC0, 0xEDC0, 0x4A69, 0x4A69, 0x4A69, 0x4A69, 0x4A69, 0x4A69, 0x4A69, 0x4A69,
    0x4A69, 0x4A69, 0x4A69, 0x4A69, 0x4A69, 0x4A69, 0x4A69, 0x4A69, 0x4A69, 0x4A69, 0x4A69, 0x4A69,
    0x0861, 0x0861, 0x630C, 0x39C7, 0x39C7, 0x39C7, 0x39C7, 0x39C7, 0x39C7, 0x39C7, 0x39C7, 0x39C7,
    0x39C7, 0x39C7, 0x39C7, 0x39C7, 0x39C7, 0x39C7, 0x39C7, 0x39C7, 0x39C7, 0x39C7, 0x39C7, 0x39C7,
    0x39C7, 0x39C7, 0x39C7, 0x39C7, 0x39C7, 0x39C7, 0x39C7, 0x39C7, 0x39C7, 0x39C7, 0x39C7, 0x39C7,
    0x39C7, 0x39C7, 0x39C7, 0x39C7, 0x39C7, 0x39C7, 0x39C7, 0x39C7, 0x39C7, 0x39C7, 0x39C7, 0x39C7,
    0x39C7, 0x39C7, 0x39C7, 0x39C7, 0x39C7, 0x39C7, 0x39C7, 0x39C7, 0x39C7, 0x39C7, 0x39C7, 0x39C7,
    0x39C7, 0x39C7, 0x39C7, 0x39C7, 0x39C7, 0x39C7, 0x39C7, 0x39C7, 0x39C7, 0x39C7, 0x630C, 0x0861,
    0x0861, 0x4A69, 0x4A69, 0x4A69, 0x4A69, 0x4A69, 0x4A69, 0x4A69, 0x4A69, 0x4A69, 0x4A69, 0x4A69,
    0x4A69, 0x4A69, 0x4A69, 0x4A69, 0x4A69, 0x4A69, 0x4A69, 0x4A69, 0xEDC0, 0xEDC0, 0xEDC0, 0xEDC0,
    0xEDC0, 0xEDC0, 0xEDC0, 0xEDC0, 0x4A69, 0x4A69, 0x4A69, 0x4A69, 0x4A69, 0x4A69, 0x4A69, 0x4A69,
    0x4A69, 0x4A69, 0x4A69, 0x4A69, 0x4A69, 0x4A69, 0x4A69, 0x4A69, 0x4A69, 0x4A69, 0x4A69, 0x4A69,
    0x0861, 0x0861, 0x630C, 0x39C7, 0x39C7, 0x39C7, 0x39C7, 0x39C7, 0x39C7, 0x39C7, 0x39C7, 0x39C7,
    0x39C7, 0x39C7, 0x39C7, 0x39C7, 0x39C7, 0x39C7, 0x39C7, 0x39C7, 0x39C7, 0x39C7, 0x39C7, 0x39C7,
    0x39C7, 0x39C7, 0x39C7, 0x39C7, 0x39C7, 0x39C7, 0x39C7, 0x39C7, 0x39C7, 0x39C7, 0x39C7, 0x39C7,
    0x39C7, 0x39C7, 0x39C7, 0x39C7, 0x39C7, 0x39C7, 0x39C7, 0x39C7, 0x39C7, 0x39C7, 0x39C7, 0x39C7,
    0x39C7, 0x39C7, 0x39C7, 0x39C7, 0x39C7, 0x39C7, 0x39C7, 0x39C7, 0x39C7, 0x39C7, 0x39C7, 0x39C7,
    0x39C7, 0x39C7, 0x39C7, 0x39C7, 0x39C7, 0x39C7, 0x39C7, 0x39C7, 0x39C7, 0x39C7, 0x630C, 0x0861,
    0x0861, 0x4A69, 0x4A69, 0x4A69, 0x4A69, 0x4A69, 0x4A69, 0x4A69, 0x4A69, 0x4A69, 0x4A69, 0x4A69,
    0x4A69, 0x4A69, 0x4A69, 0x4A69, 0x4A69, 0x4A69, 0x4A69, 0x4A69, 0xEDC0, 0xEDC0, 0xEDC0, 0xEDC0,
    0xEDC0, 0xEDC0, 0xEDC0, 0xEDC0, 0x4A69, 0x4A69, 0x4A69, 0x4A69, 0x4A69, 0x4A69, 0x4A69, 0x4A69,
    0x4A69, 0x4A69, 0x4A69, 0x4A69, 0x4A69, 0x4A69, 0x4A69, 0x4A69, 0x4A69, 0x4A69, 0x4A69, 0x4A69,
    0x0861, 0x0861, 0x630C, 0x39C7, 0x39C7, 0x39C7, 0x39C7, 0x39C7, 0x39C7, 0x39C7, 0x39C7, 0x39C7,
    0x39C7, 0x39C7, 0x39C7, 0x39C7, 0x39C7, 0x39C7, 0x39C7, 0x39C7, 0x39C7, 0x39C7, 0x39C7, 0x39C7,
    0x39C7, 0x39C7, 0x39C7, 0x39C7, 0x39C7, 0x39C7, 0x39C7, 0x39C7, 0x39C7, 0x39C7, 0x39C7, 0x39C7,
    0x39C7, 0x39C7, 0x39C7, 0x39C7, 0x39C7, 0x39C7, 0x39C7, 0x39C7, 0x39C7, 0x39C7, 0x39C7, 0x39C7,
    0x39C7, 0x39C7, 0x39C7, 0x39C7, 0x39C7, 0x39C7, 0x39C7, 0x39C7, 0x39C7, 0x39C7, 0x39C7, 0x39C7,
    0x39C7, 0x39C7, 0x39C7, 0x39C7, 0x39C7, 0x39C7, 0x39C7, 0x39C7, 0x39C7, 0x39C7, 0x630C, 0x0861,
    0x0861, 0x4A69, 0x4A69, 0x4A69, 0x4A69, 0x4A69, 0x4A69, 0x4A69, 0x4A69, 0x4A69, 0x4A69, 0x4A69,
    0x4A69, 0x4A69, 0x4A69, 0x4A69, 0x4A69, 0x4A69, 0x4A69, 0x4A69, 0xEDC0, 0xEDC0, 0xEDC0, 0xEDC0,
    0xEDC0, 0xEDC0, 0xEDC0, 0xEDC0, 0x4A69, 0x4A69, 0x4A69, 0x4A69, 0x4A69, 0x4A69, 0x4A69, 0x4A69,
    0x4A69, 0x4A69, 0x4A69, 0x4A69, 0x4A69, 0x4A69, 0x4A69, 0x4A69, 0x4A69, 0x4A69, 0x4A69, 0x4A69,
    0x0861, 0x0861, 0x630C, 0x39C7, 0x39C7, 0x39C7, 0x39C7, 0x39C7, 0x39C7, 0x39C7, 0x39C7, 0x39C7,
    0x39C7, 0x39C7, 0x39C7, 0x39C7, 0x39C7, 0x39C7, 0x39C7, 0x39C7, 0x39C7, 0x39C7, 0x39C7, 0x39C7,
    0x39C7, 0x39C7, 0x39C7, 0x39C7, 0x39C7, 0x39C7, 0x39C7, 0x39C7, 0x39C7, 0x39C7, 0x39C7, 0x39C7,
    0x39C7, 0x39C7, 0x39C7, 0x39C7, 0x39C7, 0x39C7, 0x39C7, 0x39C7, 0x39C7, 0x39C7, 0x39C7, 0x39C7,
    0x39C7, 0x39C7, 0x39C7, 0x39C7, 0x39C7, 0x39C7, 0x39C7, 0x39C7, 0x39C7, 0x39C7, 0x39C7, 0x39C7,
    0x39C7, 0x39C7, 0x39C7, 0x39C7, 0x39C7, 0x39C7, 0x39C7, 0x39C7, 0x39C7, 0x39C7, 0x630C, 0x0861,
    0x0861, 0x4A69, 0x4A69, 0x4A69, 0x4A69, 0x4A69, 0x4A69, 0x4A69, 0x4A69, 0x4A69, 0x4A69, 0x4A69,
    0x4A69, 0x4A69, 0x4A69, 0x4A69, 0x4A69, 0x4A69, 0x4A69, 0x4A69, 0xEDC0, 0xEDC0, 0xEDC0, 0xEDC0,
    0xEDC0, 0xEDC0, 0xEDC0, 0xEDC0, 0x4A69, 0x4A69, 0x4A69, 0x4A69, 0x4A69, 0x4A69, 0x4A69, 0x4A69,
    0x4A69, 0x4A69, 0x4A69, 0x4A69, 0x4A69, 0x4A69, 0x4A69, 0x4A69, 0x4A69, 0x4A69, 0x4A69, 0x4A69,
    0x0861, 0x0861, 0x630C, 0x39C7, 0x39C7, 0x39C7, 0x39C7, 0x39C7, 0x39C7, 0x39C7, 0x39C7, 0x39C7,
    0x39C7, 0x39C7, 0x39C7, 0x39C7, 0x39C7, 0x39C7, 0x39C7, 0x39C7, 0x39C7, 0x39C7, 0x39C7, 0x39C7,
    0x39C7, 0x39C7, 0x39C7, 0x39C7, 0x39C7, 0x39C7, 0x39C7, 0x39C7, 0x39C7, 0x39C7, 0x39C7, 0x39C7,
    0x39C7, 0x39C7, 0x39C7, 0x39C7, 0x39C7, 0x39C7, 0x39C7, 0x39C7, 0x39C7, 0x39C7, 0x39C7, 0x39C7,
    0x39C7, 0x39C7, 0x39C7, 0x39C7, 0x39C7, 0x39C7, 0x39C7, 0x39C7, 0x39C7, 0x39C7, 0x39C7, 0x39C7,
    0x39C7, 0x39C7, 0x39C7, 0x39C7, 0x39C7, 0x39C7, 0x39C7, 0x39C7, 0x39C7, 0x39C7, 0x630C, 0x0861,
    0x0861, 0x4A69, 0x4A69, 0x4A69, 0x4A69, 0x4A69, 0x4A69, 0x4A69, 0x4A69, 0x4A69, 0x4A69, 0x4A69,
    0x4A69, 0x4A69, 0x4A69, 0x4A69, 0x4A69, 0x4A69, 0x4A69, 0x4A69, 0xEDC0, 0xEDC0, 0xEDC0, 0xEDC0,
    0xEDC0, 0xEDC0, 0xEDC0, 0xEDC0, 0x4A69, 0x4A69, 0x4A69, 0x4A69, 0x4A69, 0x4A69, 0x4A69, 0x4A69,
    0x4A69, 0x4A69, 0x4A69, 0x4A69, 0x4A69, 0x4A69, 0x4A69, 0x4A69, 0x4A69, 0x4A69, 0x4A69, 0x4A69,
    0x0861, 0x0861, 0x630C, 0x39C7, 0x39C7, 0x39C7, 0x39C7, 0x39C7, 0x39C7, 0x39C7, 0x39C7, 0x39C7,
    0x39C7, 0x39C7, 0x39C7, 0x39C7, 0x39C7, 0x39C7, 0x39C7, 0x39C7, 0x39C7, 0x39C7, 0x39C7, 0x39C7,
    0x39C7, 0x39C7, 0x39C7, 0x39C7, 0x39C7, 0x39C7, 0x39C7, 0x39C7, 0x39C7, 0x39C7, 0x39C7, 0x39C7,
    0x39C7, 0x39C7, 0x39C7, 0x39C7, 0x39C7, 0x39C7, 0x39C7, 0x39C7, 0x39C7, 0x39C7, 0x39C7, 0x39C7,
    0x39C7, 0x39C7, 0x39C7, 0x39C7, 0x39C7, 0x39C7, 0x39C7, 0x39C7, 0x39C7, 0x39C7, 0x39C7, 0x39C7,
    0x39C7, 0x39C7, 0x39C7, 0x39C7, 0x39C7, 0x39C7, 0x39C7, 0x39C7, 0x39C7, 0x39C7, 0x630C, 0x0861,
    0x0861, 0x4A69, 0x4A69, 0x4A69, 0x4A69, 0x4A69, 0x4A69, 0x4A69, 0x4A69, 0x4A69, 0x4A69, 0x4A69,
    0x4A69, 0x4A69, 0x4A69, 0x4A69, 0x4A69, 0x4A69, 0x4A69, 0x4A69, 0xEDC0, 0xEDC0, 0xEDC0, 0xEDC0,
    0xEDC0, 0xEDC0, 0xEDC0, 0xEDC0, 0x4A69, 0x4A69, 0x4A69, 0x4A69, 0x4A69, 0x4A69, 0x4A69, 0x4A69,
    0x4A69, 0x4A69, 0x4A69, 0x4A69, 0x4A69, 0x4A69, 0x4A69, 0x4A69, 0x4A69, 0x4A69, 0x4A69, 0x4A69,
    0x0861, 0x0861, 0x630C, 0x39C7, 0x39C7, 0x39C7, 0x39C7, 0x39C7, 0x39C7, 0x39C7, 0x39C7, 0x39C7,
    0x39C7, 0x39C7, 0x39C7, 0x39C7, 0x39C7, 0x39C7, 0x39C7, 0x39C7, 0x39C7, 0x39C7, 0x39C7, 0x39C7,
    0x39C7, 0x39C7, 0x39C7, 0x39C7, 0x39C7, 0x39C7, 0x39C7, 0x39C7, 0x39C7, 0x39C7, 0x39C7, 0x39C7,
    0x39C7, 0x39C7, 0x39C7, 0x39C7, 0x39C7, 0x39C7, 0x39C7, 0x39C7, 0x39C7, 0x39C7, 0x39C7, 0x39C7,
    0x39C7, 0x39C7, 0x39C7, 0x39C7, 0x39C7, 0x39C7, 0x39C7, 0x39C7, 0x39C7, 0x39C7, 0x39C7, 0x39C7,
    0x39C7, 0x39C7, 0x39C7, 0x39C7, 0x39C7, 0x39C7, 0x39C7, 0x39C7, 0x39C7, 0x39C7, 0x630C, 0x0861,
    0x0861, 0x4A69, 0x4A69, 0x4A69, 0x4A69, 0x4A69, 0x4A69, 0x4A69, 0x4A69, 0x4A69, 0x4A69, 0x4A69,
    0x4A69, 0x4A69, 0x4A69, 0x4A69, 0x4A69, 0x4A69, 0x4A69, 0x4A69, 0xEDC0, 0xEDC0, 0xEDC0, 0xEDC0,
    0xEDC0, 0xEDC0, 0xEDC0, 0xEDC0, 0x4A69, 0x4A69, 0x4A69, 0x4A69, 0x4A69, 0x4A69, 0x4A69, 0x4A69,
    0x4A69, 0x4A69, 0x4A69, 0x4A69, 0x4A69, 0x4A69, 0x4A69, 0x4A69, 0x4A69, 0x4A69, 0x4A69, 0x4A69,
    0x0861, 0x0861, 0x630C, 0x39C7, 0x39C7, 0x39C7, 0x39C7, 0x39C7, 0x39C7, 0x39C7, 0x39C7, 0x39C7,
    0x39C7, 0x39C7, 0x39C7, 0x39C7, 0x39C7, 0x39C7, 0x39C7, 0x39C7, 0x39C7, 0x39C7, 0x39C7, 0x39C7,
    0x39C7, 0x39C7, 0x39C7, 0x39C7, 0x39C7, 0x39C7, 0x39C7, 0x39C7, 0x39C7, 0x39C7, 0x39C7, 0x39C7,
    0x39C7, 0x39C7, 0x39C7, 0x39C7, 0x39C7, 0x39C7, 0x39C7, 0x39C7, 0x39C7, 0x39C7, 0x39C7, 0x39C7,
    0x39C7, 0x39C7, 0x39C7, 0x39C7, 0x39C7, 0x39C7, 0x39C7, 0x39C7, 0x39C7, 0x39C7, 0x39C7, 0x39C7,
    0x39C7, 0x39C7, 0x39C7, 0x39C7, 0x39C7, 0x39C7, 0x39C7, 0x39C7, 0x39C7, 0x39C7, 0x630C, 0x0861,
    0x0861, 0x4A69, 0x4A69, 0x4A69, 0x4A69, 0x4A69, 0x4A69, 0x4A69, 0x4A69, 0x4A69, 0x4A69, 0x4A69,
    0x4A69, 0x4A69, 0x4A69, 0x4A69, 0x4A69, 0x4A69, 0x4A69, 0x4A69, 0xEDC0, 0xEDC0, 0xEDC0, 0xEDC0,
    0xEDC0, 0xEDC0, 0xEDC0, 0xEDC0, 0x4A69, 0x4A69, 0x4A69, 0x4A69, 0x4A69, 0x4A69, 0x4A69, 0x4A69,
    0x4A69, 0x4A69, 0x4A69, 0x4A69, 0x4A69, 0x4A69, 0x4A69, 0x4A69, 0x4A69, 0x4A69, 0x4A69, 0x4A69,
    0x0861, 0x0861, 0x630C, 0x39C7, 0x39C7, 0x39C7, 0x39C7, 0x39C7, 0x39C7, 0x39C7, 0x39C7, 0x39C7,
    0x39C7, 0x39C7, 0x39C7, 0x39C7, 0x39C7, 0x39C7, 0x39C7, 0x39C7, 0x39C7, 0x39C7, 0x39C7, 0x39C7,
    0x39C7, 0x39C7, 0x39C7, 0x39C7, 0x39C7, 0x39C7, 0x39C7, 0x39C7, 0x39C7, 0x39C7, 0x39C7, 0x39C7,
    0x39C7, 0x39C7, 0x39C7, 0x39C7, 0x39C7, 0x39C7, 0x39C7, 0x39C7, 0x39C7, 0x39C7, 0x39C7, 0x39C7,
    0x39C7, 0x39C7, 0x39C7, 0x39C7, 0x39C7, 0x39C7, 0x39C7, 0x39C7, 0x39C7, 0x39C7, 0x39C7, 0x39C7,
    0x39C7, 0x39C7, 0x39C7, 0x39C7, 0x39C7, 0x39C7, 0x39C7, 0x39C7, 0x39C7, 0x39C7, 0x630C, 0x0861,
    0x0861, 0x4A69, 0x4A69, 0x4A69, 0x4A69, 0x4A69, 0x4A69, 0x4A69, 0x4A69, 0x4A69, 0x4A69, 0x4A69,
    0x4A69, 0x4A69, 0x4A69, 0x4A69, 0x4A69, 0x4A69, 0x4A69, 0x4A69, 0xEDC0, 0xEDC0, 0xEDC0, 0xEDC0,
    0xEDC0, 0xEDC0, 0xEDC0, 0xEDC0, 0x4A69, 0x4A69, 0x4A69, 0x4A69, 0x4A69, 0x4A69, 0x4A69, 0x4A69,
    0x4A69, 0x4A69, 0x4A69, 0x4A69, 0x4A69, 0x4A69, 0x4A69, 0x4A69, 0x4A69, 0x4A69, 0x4A69, 0x4A69,
    0x0861, 0x0861, 0x630C, 0x528A, 0x528A, 0x528A, 0x528A, 0x528A, 0x528A, 0x528A, 0x528A, 0x528A,
    0x528A, 0x528A, 0x528A, 0x528A, 0x528A, 0x528A, 0x528A, 0x528A, 0x528A, 0x528A, 0x528A, 0x528A,
    0x528A, 0x528A, 0x528A, 0x528A, 0x528A, 0x528A, 0x528A, 0x528A, 0x528A, 0x528A, 0x528A, 0x528A,
    0x528A, 0x528A, 0x528A, 0x528A, 0x528A, 0x528A, 0x528A, 0x528A, 0x528A, 0x528A, 0x528A, 0x528A,
    0x528A, 0x528A, 0x528A, 0x528A, 0x528A, 0x528A, 0x528A, 0x528A, 0x528A, 0x528A, 0x528A, 0x528A,
    0x528A, 0x528A, 0x528A, 0x528A, 0x528A, 0x528A, 0x528A, 0x528A, 0x528A, 0x528A, 0x630C, 0x0861,
    0x0861, 0x4A69, 0x4A69, 0x4A69, 0x4A69, 0x4A69, 0x4A69, 0x4A69, 0x4A69, 0x4A69, 0x4A69, 0x4A69,
    0x4A69, 0x4A69, 0x4A69, 0x4A69, 0x4A69, 0x4A69, 0x4A69, 0x4A69, 0xEDC0, 0xEDC0, 0xEDC0, 0xEDC0,
    0xEDC0, 0xEDC0, 0xEDC0, 0xEDC0, 0x4A69, 0x4A69, 0x4A69, 0x4A69, 0x4A69, 0x4A69, 0x4A69, 0x4A69,
    0x4A69, 0x4A69, 0x4A69, 0x4A69, 0x4A69, 0x4A69, 0x4A69, 0x4A69, 0x4A69, 0x4A69, 0x4A69, 0x4A69,
    0x0861, 0x0861, 0x630C, 0x2965, 0x2965, 0x2965, 0x2965, 0x2965, 0x2965, 0x2965, 0x2965, 0x2965,
    0x2965, 0x2965, 0x2965, 0x2965, 0x2965, 0x2965, 0x2965, 0x2965, 0x2965, 0x2965, 0x2965, 0x2965,
    0x2965, 0x2965, 0x2965, 0x2965, 0x2965, 0x2965, 0x2965, 0x2965, 0x2965, 0x2965, 0x2965, 0x2965,
    0x2965, 0x2965, 0x2965, 0x2965, 0x2965, 0x2965, 0x2965, 0x2965, 0x2965, 0x2965, 0x2965, 0x2965,
    0x2965, 0x2965, 0x2965, 0x2965, 0x2965, 0x2965, 0x2965, 0x2965, 0x2965, 0x2965, 0x2965, 0x2965,
    0x2965, 0x2965, 0x2965, 0x2965, 0x2965, 0x2965, 0x2965, 0x2965, 0x2965, 0x2965, 0x630C, 0x0861,
    0x0861, 0x4A69, 0x4A69, 0x4A69, 0x4A69, 0x4A69, 0x4A69, 0x4A69, 0x4A69, 0x4A69, 0x4A69, 0x4A69,
    0x4A69, 0x4A69, 0x4A69, 0x4A69, 0x4A69, 0x4A69, 0x4A69, 0x4A69, 0xEDC0, 0xEDC0, 0xEDC0, 0xEDC0,
    0xEDC0, 0xEDC0, 0xEDC0, 0xEDC0, 0x4A69, 0x4A69, 0x4A69, 0x4A69, 0x4A69, 0x4A69, 0x4A69, 0x4A69,
    0x4A69, 0x4A69, 0x4A69, 0x4A69, 0x4A69, 0x4A69, 0x4A69, 0x4A69, 0x4A69, 0x4A69, 0x4A69, 0x4A69,
    0x0861, 0x0861, 0x630C, 0x2965, 0x2965, 0x2965, 0x2965, 0x2965, 0x2965, 0x2965, 0x2965, 0x2965,
    0x2965, 0x2965, 0x2965, 0x2965, 0x2965, 0x2965, 0x2965, 0x2965, 0x2965, 0x2965, 0x2965, 0x2965,
    0x2965, 0x2965, 0x2965, 0x2965, 0x2965, 0x2965, 0x2965, 0x2965, 0x2965, 0x2965, 0x2965, 0x2965,
    0x2965, 0x2965, 0x2965, 0x2965, 0x2965, 0x2965, 0x2965, 0x2965, 0x2965, 0x2965, 0x2965, 0x2965,
    0x2965, 0x2965, 0x2965, 0x2965, 0x2965, 0x2965, 0x2965, 0x2965, 0x2965, 0x2965, 0x2965, 0x2965,
    0x2965, 0x2965, 0x2965, 0x2965, 0x2965, 0x2965, 0x2965, 0x2965, 0x2965, 0x2965, 0x630C, 0x0861,
    0x0861, 0x4A69, 0x4A69, 0x4A69, 0x4A69, 0x4A69, 0x4A69, 0x4A69, 0x4A69, 0x4A69, 0x4A69, 0x4A69,
    0x4A69, 0x4A69, 0x4A69, 0x4A69, 0x4A69, 0x4A69, 0x4A69, 0x4A69, 0xEDC0, 0xEDC0, 0xEDC0, 0xEDC0,
    0xEDC0, 0xEDC0, 0xEDC0, 0xEDC0, 0x4A69, 0x4A69, 0x4A69, 0x4A69, 0x4A69, 0x4A69, 0x4A69, 0x4A69,
    0x4A69, 0x4A69, 0x4A69, 0x4A69, 0x4A69, 0x4A69, 0x4A69, 0x4A69, 0x4A69, 0x4A69, 0x4A69, 0x4A69,
    0x0861, 0x0861, 0x630C, 0x2965, 0x2965, 0x2965, 0x2965, 0x2965, 0x2965, 0x2965, 0x2965, 0x2965,
    0x2965, 0x2965, 0x2965, 0x2965, 0x2965, 0x2965, 0x2965, 0x2965, 0x2965, 0x2965, 0x2965, 0x2965,
    0x2965, 0x2965, 0x2965, 0x2965, 0x2965, 0x2965, 0x2965, 0x2965, 0x2965, 0x2965, 0x2965, 0x2965,
    0x2965, 0x2965, 0x2965, 0x2965, 0x2965, 0x2965, 0x2965, 0x2965, 0x2965, 0x2965, 0x2965, 0x2965,
    0x2965, 0x2965, 0x2965, 0x2965, 0x2965, 0x2965, 0x2965, 0x2965, 0x2965, 0x2965, 0x2965, 0x2965,
    0x2965, 0x2965, 0x2965, 0x2965, 0x2965, 0x2965, 0x2965, 0x2965, 0x2965, 0x2965, 0x630C, 0x0861,
    0x0861, 0x4A69, 0x4A69, 0x4A69, 0x4A69, 0x4A69, 0x4A69, 0x4A69, 0x4A69, 0x4A69, 0x4A69, 0x4A69,
    0x4A69, 0x4A69, 0x4A69, 0x4A69, 0x4A69, 0x4A69, 0x4A69, 0x4A69, 0xEDC0, 0xEDC0, 0xEDC0, 0xEDC0,
    0xEDC0, 0xEDC0, 0xEDC0, 0xEDC0, 0x4A69, 0x4A69, 0x4A69, 0x4A69, 0x4A69, 0x4A69, 0x4A69, 0x4A69,
    0x4A69, 0x4A69, 0x4A69, 0x4A69, 0x4A69, 0x4A69, 0x4A69, 0x4A69, 0x4A69, 0x4A69, 0x4A69, 0x4A69,
    0x0861, 0x0861, 0x630C, 0x2965, 0x2965, 0x2965, 0x2965, 0x2965, 0x2965, 0x2965, 0x2965, 0x2965,
    0x2965, 0x2965, 0x2965, 0x2965, 0x2965, 0x2965, 0x2965, 0x2965, 0x2965, 0x2965, 0x2965, 0x2965,
    0x2965, 0x2965, 0x2965, 0x2965, 0x2965, 0x2965, 0x2965, 0x2965, 0x2965, 0x2965, 0x2965, 0x2965,
    0x2965, 0x2965, 0x2965, 0x2965, 0x2965, 0x2965, 0x2965, 0x2965, 0x2965, 0x2965, 0x2965, 0x2965,
    0x2965, 0x2965, 0x2965, 0x2965, 0x2965, 0x2965, 0x2965, 0x2965, 0x2965, 0x2965, 0x2965, 0x2965,
    0x2965, 0x2965, 0x2965, 0x2965, 0x2965, 0x2965, 0x2965, 0x2965, 0x2965, 0x2965, 0x630C, 0x0861,
    0x0861, 0x4A69, 0x4A69, 0x4A69, 0x4A69, 0x4A69, 0x4A69, 0x4A69, 0x4A69, 0x4A69, 0x4A69, 0x4A69,
    0x4A69, 0x4A69, 0x4A69, 0x4A69, 0x4A69, 0x4A69, 0x4A69, 0x4A69, 0xEDC0, 0xEDC0, 0xEDC0, 0xEDC0,
    0xEDC0, 0xEDC0, 0xEDC0, 0xEDC0, 0x4A69, 0x4A69, 0x4A69, 0x4A69, 0x4A69, 0x4A69, 0x4A69, 0x4A69,
    0x4A69, 0x4A69, 0x4A69, 0x4A69, 0x4A69, 0x4A69, 0x4A69, 0x4A69, 0x4A69, 0x4A69, 0x4A69, 0x4A69,
    0x0861, 0x0861, 0x630C, 0x2965, 0x2965, 0x2965, 0x2965, 0x2965, 0x2965, 0x2965, 0x2965, 0x2965,
    0x2965, 0x2965, 0x2965, 0x2965, 0x2965, 0x2965, 0x2965, 0x2965, 0x2965, 0x2965, 0x2965, 0x2965,
    0x2965, 0x2965, 0x2965, 0x2965, 0x2965, 0x2965, 0x2965, 0x2965, 0x2965, 0x2965, 0x2965, 0x2965,
    0x2965, 0x2965, 0x2965, 0x2965, 0x2965, 0x2965, 0x2965, 0x2965, 0x2965, 0x2965, 0x2965, 0x2965,
    0x2965, 0x2965, 0x2965, 0x2965, 0x2965, 0x2965, 0x2965, 0x2965, 0x2965, 0x2965, 0x2965, 0x2965,
    0x2965, 0x2965, 0x2965, 0x2965, 0x2965, 0x2965, 0x2965, 0x2965, 0x2965, 0x2965, 0x630C, 0x0861,
    0x0861, 0x4A69, 0x4A69, 0x4A69, 0x4A69, 0x4A69, 0x4A69, 0x4A69, 0x4A69, 0x4A69, 0x4A69, 0x4A69,
    0x4A69, 0x4A69, 0x4A69, 0x4A69, 0x4A69, 0x4A69, 0x4A69, 0x4A69, 0xEDC0, 0xEDC0, 0xEDC0, 0xEDC0,
    0xEDC0, 0xEDC0, 0xEDC0, 0xEDC0, 0x4A69, 0x4A69, 0x4A69, 0x4A69, 0x4A69, 0x4A69, 0x4A69, 0x4A69,
    0x4A69, 0x4A69, 0x4A69, 0x4A69, 0x4A69, 0x4A69, 0x4A69, 0x4A69, 0x4A69, 0x4A69, 0x4A69, 0x4A69,
    0x0861, 0x0861, 0x630C, 0x2965, 0x2965, 0x2965, 0x2965, 0x2965, 0x2965, 0x2965, 0x2965, 0x2965,
    0x2965, 0x2965, 0x2965, 0x2965, 0x2965, 0x2965, 0x2965, 0x2965, 0x2965, 0x2965, 0x2965, 0x2965,
    0x2965, 0x2965, 0x2965, 0x2965, 0x2965, 0x2965, 0x2965, 0x2965, 0x2965, 0x2965, 0x2965, 0x2965,
    0x2965, 0x2965, 0x2965, 0x2965, 0x2965, 0x2965, 0x2965, 0x2965, 0x2965, 0x2965, 0x2965, 0x2965,
    0x2965, 0x2965, 0x2965, 0x2965, 0x2965, 0x2965, 0x2965, 0x2965, 0x2965, 0x2965, 0x2965, 0x2965,
    0x2965, 0x2965, 0x2965, 0x2965, 0x2965, 0x2965, 0x2965, 0x2965, 0x2965, 0x2965, 0x630C, 0x0861,
    0x0861, 0x4A69, 0x4A69, 0x4A69, 0x4A69, 0x4A69, 0x4A69, 0x4A69, 0x4A69, 0x4A69, 0x4A69, 0x4A69,
    0x4A69, 0x4A69, 0x4A69, 0x4A69, 0x4A69, 0x4A69, 0x4A69, 0x4A69, 0xEDC0, 0xEDC0, 0xEDC0, 0xEDC0,
    0xEDC0, 0xEDC0, 0xEDC0, 0xEDC0, 0x4A69, 0x4A69, 0x4A69, 0x4A69, 0x4A69, 0x4A69, 0x4A69, 0x4A69,
    0x4A69, 0x4A69, 0x4A69, 0x4A69, 0x4A69, 0x4A69, 0x4A69, 0x4A69, 0x4A69, 0x4A69, 0x4A69, 0x4A69,
    0x0861, 0x0861, 0x630C, 0x2965, 0x2965, 0x2965, 0x2965, 0x2965, 0x2965, 0x2965, 0x2965, 0x2965,
    0x2965, 0x2965, 0x2965, 0x2965, 0x2965, 0x2965, 0x2965, 0x2965, 0x2965, 0x2965, 0x2965, 0x2965,
    0x2965, 0x2965, 0x2965, 0x2965, 0x2965, 0x2965, 0x2965, 0x2965, 0x2965, 0x2965, 0x2965, 0x2965,
    0x2965, 0x2965, 0x2965, 0x2965, 0x2965, 0x2965, 0x2965, 0x2965, 0x2965, 0x2965, 0x2965, 0x2965,
    0x2965, 0x2965, 0x2965, 0x2965, 0x2965, 0x2965, 0x2965, 0x2965, 0x2965, 0x2965, 0x2965, 0x2965,
    0x2965, 0x2965, 0x2965, 0x2965, 0x2965, 0x2965, 0x2965, 0x2965, 0x2965, 0x2965, 0x630C, 0x0861,
    0x0861, 0x4A69, 0x4A69, 0x4A69, 0x4A69, 0x4A69, 0x4A69, 0x4A69, 0x4A69, 0x4A69, 0x4A69, 0x4A69,
    0x4A69, 0x4A69, 0x4A69, 0x4A69, 0x4A69, 0x4A69, 0x4A69, 0x4A69, 0xEDC0, 0xEDC0, 0xEDC0, 0xEDC0,
    0xEDC0, 0xEDC0, 0xEDC0, 0xEDC0, 0x4A69, 0x4A69, 0x4A69, 0x4A69, 0x4A69, 0x4A69, 0x4A69, 0x4A69,
    0x4A69, 0x4A69, 0x4A69, 0x4A69, 0x4A69, 0x4A69, 0x4A69, 0x4A69, 0x4A69, 0x4A69, 0x4A69, 0x4A69,
    0x0861, 0x0861, 0x630C, 0x2965, 0x2965, 0x2965, 0x2965, 0x2965, 0x2965, 0x2965, 0x2965, 0x2965,
    0x2965, 0x2965, 0x2965, 0x2965, 0x2965, 0x2965, 0x2965, 0x2965, 0x2965, 0x2965, 0x2965, 0x2965,
    0x2965, 0x2965, 0x2965, 0x2965, 0x2965, 0x2965, 0x2965, 0x2965, 0x2965, 0x2965, 0x2965, 0x2965,
    0x2965, 0x2965, 0x2965, 0x2965, 0x2965, 0x2965, 0x2965, 0x2965, 0x2965, 0x2965, 0x2965, 0x2965,
    0x2965, 0x2965, 0x2965, 0x2965, 0x2965, 0x2965, 0x2965, 0x2965, 0x2965, 0x2965, 0x2965, 0x2965,
    0x2965, 0x2965, 0x2965, 0x2965, 0x2965, 0x2965, 0x2965, 0x2965, 0x2965, 0x2965, 0x630C, 0x0861,
    0x0861, 0x4A69, 0x4A69, 0x4A69, 0x4A69, 0x4A69, 0x4A69, 0x4A69, 0x4A69, 0x4A69, 0x4A69, 0x4A69,
    0x4A69, 0x4A69, 0x4A69, 0x4A69, 0x4A69, 0x4A69, 0x4A69, 0x4A69, 0xEDC0, 0xEDC0, 0xEDC0, 0xEDC0,
    0xEDC0, 0xEDC0, 0xEDC0, 0xEDC0, 0x4A69, 0x4A69, 0x4A69, 0x4A69, 0x4A69, 0x4A69, 0x4A69, 0x4A69,
    0x4A69, 0x4A69, 0x4A69, 0x4A69, 0x4A69, 0x4A69, 0x4A69, 0x4A69, 0x4A69, 0x4A69, 0x4A69, 0x4A69,
    0x0861, 0x0861, 0x630C, 0x2965, 0x2965, 0x2965, 0x2965, 0x2965, 0x2965, 0x2965, 0x2965, 0x2965,
    0x2965, 0x2965, 0x2965, 0x2965, 0x2965, 0x2965, 0x2965, 0x2965, 0x2965, 0x2965, 0x2965, 0x2965,
    0x2965, 0x2965, 0x2965, 0x2965, 0x2965, 0x2965, 0x2965, 0x2965, 0x2965, 0x2965, 0x2965, 0x2965,
    0x2965, 0x2965, 0x2965, 0x2965, 0x2965, 0x2965, 0x2965, 0x2965, 0x2965, 0x2965, 0x2965, 0x2965,
    0x2965, 0x2965, 0x2965, 0x2965, 0x2965, 0x2965, 0x2965, 0x2965, 0x2965, 0x2965, 0x2965, 0x2965,
    0x2965, 0x2965, 0x2965, 0x2965, 0x2965, 0x2965, 0x2965, 0x2965, 0x2965, 0x2965, 0x630C, 0x0861,
    0x0861, 0x4A69, 0x4A69, 0x4A69, 0x4A69, 0x4A69, 0x4A69, 0x4A69, 0x4A69, 0x4A69, 0x4A69, 0x4A69,
    0x4A69, 0x4A69, 0x4A69, 0x4A69, 0x4A69, 0x4A69, 0x4A69, 0x4A69, 0xEDC0, 0xEDC0, 0xEDC0, 0xEDC0,
    0xEDC0, 0xEDC0, 0xEDC0, 0xEDC0, 0x4A69, 0x4A69, 0x4A69, 0x4A69, 0x4A69, 0x4A69, 0x4A69, 0x4A69,
    0x4A69, 0x4A69, 0x4A69, 0x4A69, 0x4A69, 0x4A69, 0x4A69, 0x4A69, 0x4A69, 0x4A69, 0x4A69, 0x4A69,
    0x0861, 0x0861, 0x630C, 0x2965, 0x2965, 0x2965, 0x2965, 0x2965, 0x2965, 0x2965, 0x2965, 0x2965,
    0x2965, 0x2965, 0x2965, 0x2965, 0x2965, 0x2965, 0x2965, 0x2965, 0x2965, 0x2965, 0x2965, 0x2965,
    0x2965, 0x2965, 0x2965, 0x2965, 0x2965, 0x2965, 0x2965, 0x2965, 0x2965, 0x2965, 0x2965, 0x2965,
    0x2965, 0x2965, 0x2965, 0x2965, 0x2965, 0x2965, 0x2965, 0x2965, 0x2965, 0x2965, 0x2965, 0x2965,
    0x2965, 0x2965, 0x2965, 0x2965, 0x2965, 0x2965, 0x2965, 0x2965, 0x2965, 0x2965, 0x2965, 0x2965,
    0x2965, 0x2965, 0x2965, 0x2965, 0x2965, 0x2965, 0x2965, 0x2965, 0x2965, 0x2965, 0x630C, 0x0861,
    0x0861, 0x4A69, 0x4A69, 0x4A69, 0x4A69, 0x4A69, 0x4A69, 0x4A69, 0x4A69, 0x4A69, 0x4A69, 0x4A69,
    0x4A69, 0x4A69, 0x4A69, 0x4A69, 0x4A69, 0x4A69, 0x4A69, 0x4A69, 0xEDC0, 0xEDC0, 0xEDC0, 0xEDC0,
    0xEDC0, 0xEDC0, 0xEDC0, 0xEDC0, 0x4A69, 0x4A69, 0x4A69, 0x4A69, 0x4A69, 0x4A69, 0x4A69, 0x4A69,
    0x4A69, 0x4A69, 0x4A69, 0x4A69, 0x4A69, 0x4A69, 0x4A69, 0x4A69, 0x4A69, 0x4A69, 0x4A69, 0x4A69,
    0x0861, 0x0861, 0x630C, 0x2965, 0x2965, 0x2965, 0x2965, 0x2965, 0x2965, 0x2965, 0x2965, 0x2965,
    0x2965, 0x2965, 0x2965, 0x2965, 0x2965, 0x2965, 0x2965, 0x2965, 0x2965, 0x2965, 0x2965, 0x2965,
    0x2965, 0x2965, 0x2965, 0x2965, 0x2965, 0x2965, 0x2965, 0x2965, 0x2965, 0x2965, 0x2965, 0x2965,
    0x2965, 0x2965, 0x2965, 0x2965, 0x2965, 0x2965, 0x2965, 0x2965, 0x2965, 0x2965, 0x2965, 0x2965,
    0x2965, 0x2965, 0x2965, 0x2965, 0x2965, 0x2965, 0x2965, 0x2965, 0x2965, 0x2965, 0x2965, 0x2965,
    0x2965, 0x2965, 0x2965, 0x2965, 0x2965, 0x2965, 0x2965, 0x2965, 0x2965, 0x2965, 0x630C, 0x0861,
    0x0861, 0x4A69, 0x4A69, 0x4A69, 0x4A69, 0x4A69, 0x4A69, 0x4A69, 0x4A69, 0x4A69, 0x4A69, 0x4A69,
    0x4A69, 0x4A69, 0x4A69, 0x4A69, 0x4A69, 0x4A69, 0x4A69, 0x4A69, 0xEDC0, 0xEDC0, 0xEDC0, 0xEDC0,
    0xEDC0, 0xEDC0, 0xEDC0, 0xEDC0, 0x4A69, 0x4A69, 0x4A69, 0x4A69, 0x4A69, 0x4A69, 0x4A69, 0x4A69,
    0x4A69, 0x4A69, 0x4A69, 0x4A69, 0x4A69, 0x4A69, 0x4A69, 0x4A69, 0x4A69, 0x4A69, 0x4A69, 0x4A69,
    0x0861, 0x0861, 0x630C, 0x2965, 0x2965, 0x2965, 0x2965, 0x2965, 0x2965, 0x2965, 0x2965, 0x2965,
    0x2965, 0x2965, 0x2965, 0x2965, 0x2965, 0x2965, 0x2965, 0x2965, 0x2965, 0x2965, 0x2965, 0x2965,
    0x2965, 0x2965, 0x2965, 0x2965, 0x2965, 0x2965, 0x2965, 0x2965, 0x2965, 0x2965, 0x2965, 0x2965,
    0x2965, 0x2965, 0x2965, 0x2965, 0x2965, 0x2965, 0x2965, 0x2965, 0x2965, 0x2965, 0x2965, 0x2965,
    0x2965, 0x2965, 0x2965, 0x2965, 0x2965, 0x2965, 0x2965, 0x2965, 0x2965, 0x2965, 0x2965, 0x2965,
    0x2965, 0x2965, 0x2965, 0x2965, 0x2965, 0x2965, 0x2965, 0x2965, 0x2965, 0x2965, 0x630C, 0x0861,
    0x0861, 0x4A69, 0x4A69, 0x4A69, 0x4A69, 0x4A69, 0x4A69, 0x4A69, 0x4A69, 0x4A69, 0x4A69, 0x4A69,
    0x4A69, 0x4A69, 0x4A69, 0x4A69, 0x4A69, 0x4A69, 0x4A69, 0x4A69, 0xEDC0, 0xEDC0, 0xEDC0, 0xEDC0,
    0xEDC0, 0xEDC0, 0xEDC0, 0xEDC0, 0x4A69, 0x4A69, 0x4A69, 0x4A69, 0x4A69, 0x4A69, 0x4A69, 0x4A69,
    0x4A69, 0x4A69, 0x4A69, 0x4A69, 0x4A69, 0x4A69, 0x4A69, 0x4A69, 0x4A69, 0x4A69, 0x4A69, 0x4A69,
    0x0861, 0x0861, 0x630C, 0x2965, 0x2965, 0x2965, 0x2965, 0x2965, 0x2965, 0x2965, 0x2965, 0x2965,
    0x2965, 0x2965, 0x2965, 0x2965, 0x2965, 0x2965, 0x2965, 0x2965, 0x2965, 0x2965, 0x2965, 0x2965,
    0x2965, 0x2965, 0x2965, 0x2965, 0x2965, 0x2965, 0x2965, 0x2965, 0x2965, 0x2965, 0x2965, 0x2965,
    0x2965, 0x2965, 0x2965, 0x2965, 0x2965, 0x2965, 0x2965, 0x2965, 0x2965, 0x2965, 0x2965, 0x2965,
    0x2965, 0x2965, 0x2965, 0x2965, 0x2965, 0x2965, 0x2965, 0x2965, 0x2965, 0x2965, 0x2965, 0x2965,
    0x2965, 0x2965, 0x2965, 0x2965, 0x2965, 0x2965, 0x2965, 0x2965, 0x2965, 0x2965, 0x630C, 0x0861,
    0x0861, 0x4A69, 0x4A69, 0x4A69, 0x4A69, 0x4A69, 0x4A69, 0x4A69, 0x4A69, 0x4A69, 0x4A69, 0x4A69,
    0x4A69, 0x4A69, 0x4A69, 0x4A69, 0x4A69, 0x4A69, 0x4A69, 0x4A69, 0xEDC0, 0xEDC0, 0xEDC0, 0xEDC0,
    0xEDC0, 0xEDC0, 0xEDC0, 0xEDC0, 0x4A69, 0x4A69, 0x4A69, 0x4A69, 0x4A69, 0x4A69, 0x4A69, 0x4A69,
    0x4A69, 0x4A69, 0x4A69, 0x4A69, 0x4A69, 0x4A69, 0x4A69, 0x4A69, 0x4A69, 0x4A69, 0x4A69, 0x4A69,
    0x0861, 0x0861, 0x630C, 0x2965, 0x2965, 0x2965, 0x2965, 0x2965, 0x2965, 0x2965, 0x2965, 0x2965,
    0x2965, 0x2965, 0x2965, 0x2965, 0x2965, 0x2965, 0x2965, 0x2965, 0x2965, 0x2965, 0x2965, 0x2965,
    0x2965, 0x2965, 0x2965, 0x2965, 0x2965, 0x2965, 0x2965, 0x2965, 0x2965, 0x2965, 0x2965, 0x2965,
    0x2965, 0x2965, 0x2965, 0x2965, 0x2965, 0x2965, 0x2965, 0x2965, 0x2965, 0x2965, 0x2965, 0x2965,
    0x2965, 0x2965, 0x2965, 0x2965, 0x2965, 0x2965, 0x2965, 0x2965, 0x2965, 0x2965, 0x2965, 0x2965,
    0x2965, 0x2965, 0x2965, 0x2965, 0x2965, 0x2965, 0x2965, 0x2965, 0x2965, 0x2965, 0x630C, 0x0861,
    0x0861, 0x4A69, 0x4A69, 0x4A69, 0x4A69, 0x4A69, 0x4A69, 0x4A69, 0x4A69, 0x4A69, 0x4A69, 0x4A69,
    0x4A69, 0x4A69, 0x4A69, 0x4A69, 0x4A69, 0x4A69, 0x4A69, 0x4A69, 0xEDC0, 0xEDC0, 0xEDC0, 0xEDC0,
    0xEDC0, 0xEDC0, 0xEDC0, 0xEDC0, 0x4A69, 0x4A69, 0x4A69, 0x4A69, 0x4A69, 0x4A69, 0x4A69, 0x4A69,
    0x4A69, 0x4A69, 0x4A69, 0x4A69, 0x4A69, 0x4A69, 0x4A69, 0x4A69, 0x4A69, 0x4A69, 0x4A69, 0x4A69,
    0x0861, 0x0861, 0x0861, 0x2965, 0x2965, 0x2965, 0x2965, 0x2965, 0x2965, 0x2965, 0x2965, 0x2965,
    0x2965, 0x2965, 0x2965, 0x2965, 0x2965, 0x2965, 0x2965, 0x2965, 0x2965, 0x2965, 0x2965, 0x2965,
    0x2965, 0x2965, 0x2965, 0x2965, 0x2965, 0x2965, 0x2965, 0x2965, 0x2965, 0x2965, 0x2965, 0x2965,
    0x2965, 0x2965, 0x2965, 0x2965, 0x2965, 0x2965, 0x2965, 0x2965, 0x2965, 0x2965, 0x2965, 0x2965,
    0x2965, 0x2965, 0x2965, 0x2965, 0x2965, 0x2965, 0x2965, 0x2965, 0x2965, 0x2965, 0x2965, 0x2965,
    0x2965, 0x2965, 0x2965, 0x2965, 0x2965, 0x2965, 0x2965, 0x2965, 0x2965, 0x2965, 0x0861, 0x0861,
    0x0861, 0x4A69, 0x4A69, 0x4A69, 0x4A69, 0x4A69, 0x4A69, 0x4A69, 0x4A69, 0x4A69, 0x4A69, 0x4A69,
    0x4A69, 0x4A69, 0x4A69, 0x4A69, 0x4A69, 0x4A69, 0x4A69, 0x4A69, 0xEDC0, 0xEDC0, 0xEDC0, 0xEDC0,
    0xEDC0, 0xEDC0, 0xEDC0, 0xEDC0, 0x4A69, 0x4A69, 0x4A69, 0x4A69, 0x4A69, 0x4A69, 0x4A69, 0x4A69,
    0x4A69, 0x4A69, 0x4A69, 0x4A69, 0x4A69, 0x4A69, 0x4A69, 0x4A69, 0x4A69, 0x4A69, 0x4A69, 0x4A69,
    0x4A69, 0x0861, 0x0861, 0x2965, 0x2965, 0x2965, 0x2965, 0x2965, 0x2965, 0x2965, 0x2965, 0x2965,
    0x2965, 0x2965, 0x2965, 0x2965, 0x2965, 0x2965, 0x2965, 0x2965, 0x2965, 0x2965, 0x2965, 0x2965,
    0x2965, 0x2965, 0x2965, 0x2965, 0x2965, 0x2965, 0x2965, 0x2965, 0x2965, 0x2965, 0x2965, 0x2965,
    0x2965, 0x2965, 0x2965, 0x2965, 0x2965, 0x2965, 0x2965, 0x2965, 0x2965, 0x2965, 0x2965, 0x2965,
    0x2965, 0x2965, 0x2965, 0x2965, 0x2965, 0x2965, 0x2965, 0x2965, 0x2965, 0x2965, 0x2965, 0x2965,
    0x2965, 0x2965, 0x2965, 0x2965, 0x2965, 0x2965, 0x2965, 0x2965, 0x2965, 0x2965, 0x0861, 0x0861,
    0x4A69, 0x4A69, 0x4A69, 0x4A69, 0x4A69, 0x4A69, 0x4A69, 0x4A69, 0x4A69, 0x4A69, 0x4A69, 0x4A69,
    0x4A69, 0x4A69, 0x4A69, 0x4A69, 0x4A69, 0x4A69, 0x4A69, 0x4A69, 0xEDC0, 0xEDC0, 0xEDC0, 0xEDC0,
    0xEDC0, 0xEDC0, 0xEDC0, 0xEDC0, 0x4A69, 0x4A69, 0x4A69, 0x4A69, 0x4A69, 0x4A69, 0x4A69, 0x4A69,
    0x4A69, 0x4A69, 0x4A69, 0x4A69, 0x4A69, 0x4A69, 0x4A69, 0x4A69, 0x4A69, 0x4A69, 0x4A69, 0x4A69,
    0x4A69, 0x0861, 0x0861, 0x2965, 0x2965, 0x2965, 0x2965, 0x2965, 0x2965, 0x2965, 0x2965, 0x2965,
    0x2965, 0x2965, 0x2965, 0x2965, 0x2965, 0x2965, 0x2965, 0x2965, 0x2965, 0x2965, 0x2965, 0x2965,
    0x2965, 0x2965, 0x2965, 0x2965, 0x2965, 0x2965, 0x2965, 0x2965, 0x2965, 0x2965, 0x2965, 0x2965,
    0x2965, 0x2965, 0x2965, 0x2965, 0x2965, 0x2965, 0x2965, 0x2965, 0x2965, 0x2965, 0x2965, 0x2965,
    0x2965, 0x2965, 0x2965, 0x2965, 0x2965, 0x2965, 0x2965, 0x2965, 0x2965, 0x2965, 0x2965, 0x2965,
    0x2965, 0x2965, 0x2965, 0x2965, 0x2965, 0x2965, 0x2965, 0x2965, 0x2965, 0x2965, 0x0861, 0x0861,
    0x4A69, 0x4A69, 0x4A69, 0x4A69, 0x4A69, 0x4A69, 0x4A69, 0x4A69, 0x4A69, 0x4A69, 0x4A69, 0x4A69,
    0x4A69, 0x4A69, 0x4A69, 0x4A69, 0x4A69, 0x4A69, 0x4A69, 0x4A69, 0xEDC0, 0xEDC0, 0xEDC0, 0xEDC0,
    0xEDC0, 0xEDC0, 0xEDC0, 0xEDC0, 0x4A69, 0x4A69, 0x4A69, 0x4A69, 0x4A69, 0x4A69, 0x4A69, 0x4A69,
    0x4A69, 0x4A69, 0x4A69, 0x4A69, 0x4A69, 0x4A69, 0x4A69, 0x4A69, 0x4A69, 0x4A69, 0x4A69, 0x4A69,
    0x4A69, 0x4A69, 0x0861, 0x0861, 0x2965, 0x2965, 0x2965, 0x2965, 0x2965, 0x2965, 0x2965, 0x2965,
    0x2965, 0x2965, 0x2965, 0x2965, 0x2965, 0x2965, 0x2965, 0x2965, 0x2965, 0x2965, 0x2965, 0x2965,
    0x2965, 0x2965, 0x2965, 0x2965, 0x2965, 0x2965, 0x2965, 0x2965, 0x2965, 0x2965, 0x2965, 0x2965,
    0x2965, 0x2965, 0x2965, 0x2965, 0x2965, 0x2965, 0x2965, 0x2965, 0x2965, 0x2965, 0x2965, 0x2965,
    0x2965, 0x2965, 0x2965, 0x2965, 0x2965, 0x2965, 0x2965, 0x2965, 0x2965, 0x2965, 0x2965, 0x2965,
    0x2965, 0x2965, 0x2965, 0x2965, 0x2965, 0x2965, 0x2965, 0x2965, 0x2965, 0x0861, 0x0861, 0x4A69,
    0x4A69, 0x4A69, 0x4A69, 0x4A69, 0x4A69, 0x4A69, 0x4A69, 0x4A69, 0x4A69, 0x4A69, 0x4A69, 0x4A69,
    0x4A69, 0x4A69, 0x4A69, 0x4A69, 0x4A69, 0x4A69, 0x4A69, 0x4A69, 0xEDC0, 0xEDC0, 0xEDC0, 0xEDC0,
    0xEDC0, 0xEDC0, 0xEDC0, 0xEDC0, 0x4A69, 0x4A69, 0x4A69, 0x4A69, 0x4A69, 0x4A69, 0x4A69, 0x4A69,
    0x4A69, 0x4A69, 0x4A69, 0x4A69, 0x4A69, 0x4A69, 0x4A69, 0x4A69, 0x4A69, 0x4A69, 0x4A69, 0x4A69,
    0x4A69, 0x4A69, 0x4A69, 0x0861, 0x0861, 0x2965, 0x2965, 0x2965, 0x2965, 0x2965, 0x2965, 0x2965,
    0x2965, 0x2965, 0x2965, 0x2965, 0x2965, 0x2965, 0x2965, 0x2965, 0x2965, 0x2965, 0x2965, 0x2965,
    0x2965, 0x2965, 0x2965, 0x2965, 0x2965, 0x2965, 0x2965, 0x2965, 0x2965, 0x2965, 0x2965, 0x2965,
    0x2965, 0x2965, 0x2965, 0x2965, 0x2965, 0x2965, 0x2965, 0x2965, 0x2965, 0x2965, 0x2965, 0x2965,
    0x2965, 0x2965, 0x2965, 0x2965, 0x2965, 0x2965, 0x2965, 0x2965, 0x2965, 0x2965, 0x2965, 0x2965,
    0x2965, 0x2965, 0x2965, 0x2965, 0x2965, 0x2965, 0x2965, 0x2965, 0x0861, 0x0861, 0x4A69, 0x4A69,
    0x4A69, 0x4A69, 0x4A69, 0x4A69, 0x4A69, 0x4A69, 0x4A69, 0x4A69, 0x4A69, 0x4A69, 0x4A69, 0x4A69,
    0x4A69, 0x4A69, 0x4A69, 0x4A69, 0x4A69, 0x4A69, 0x4A69, 0x4A69, 0xEDC0, 0xEDC0, 0xEDC0, 0xEDC0,
    0xEDC0, 0xEDC0, 0xEDC0, 0xEDC0, 0x4A69, 0x4A69, 0x4A69, 0x4A69, 0x4A69, 0x4A69, 0x4A69, 0x4A69,
    0x4A69, 0x4A69, 0x4A69, 0x4A69, 0x4A69, 0x4A69, 0x4A69, 0x4A69, 0x4A69, 0x4A69, 0x4A69, 0x4A69,
    0x4A69, 0x4A69, 0x4A69, 0x4A69, 0x0861, 0x0861, 0x0861, 0x0861, 0x630C, 0x630C, 0x630C, 0x630C,
    0x630C, 0x630C, 0x630C, 0x630C, 0x630C, 0x630C, 0x630C, 0x630C, 0x630C, 0x630C, 0x630C, 0x630C,
    0x630C, 0x630C, 0x630C, 0x630C, 0x630C, 0x630C, 0x630C, 0x630C, 0x630C, 0x630C, 0x630C, 0x630C,
    0x630C, 0x630C, 0x630C, 0x630C, 0x630C, 0x630C, 0x630C, 0x630C, 0x630C, 0x630C, 0x630C, 0x630C,
    0x630C, 0x630C, 0x630C, 0x630C, 0x630C, 0x630C, 0x630C, 0x630C, 0x630C, 0x630C, 0x630C, 0x630C,
    0x630C, 0x630C, 0x630C, 0x630C, 0x630C, 0x0861, 0x0861, 0x0861, 0x0861, 0x4A69, 0x4A69, 0x4A69,
    0x4A69, 0x4A69, 0x4A69, 0x4A69, 0x4A69, 0x4A69, 0x4A69, 0x4A69, 0x4A69, 0x4A69, 0x4A69, 0x4A69,
    0x4A69, 0x4A69, 0x4A69, 0x4A69, 0x4A69, 0x4A69, 0x4A69, 0x4A69, 0xEDC0, 0xEDC0, 0xEDC0, 0xEDC0,
    0xEDC0, 0xEDC0, 0xEDC0, 0xEDC0, 0x4A69, 0x4A69, 0x4A69, 0x4A69, 0x4A69, 0x4A69, 0x4A69, 0x4A69,
    0x4A69, 0x4A69, 0x4A69, 0x4A69, 0x4A69, 0x4A69, 0x4A69, 0x4A69, 0x4A69, 0x4A69, 0x4A69, 0x4A69,
    0x4A69, 0x4A69, 0x4A69, 0x4A69, 0x4A69, 0x0861, 0x0861, 0x0861, 0x0861, 0x0861, 0x0861, 0x0861,
    0x0861, 0x0861, 0x0861, 0x0861, 0x0861, 0x0861, 0x0861, 0x0861, 0x0861, 0x0861, 0x0861, 0x0861,
    0x0861, 0x0861, 0x0861, 0x0861, 0x0861, 0x0861, 0x0861, 0x0861, 0x0861, 0x0861, 0x0861, 0x0861,
    0x0861, 0x0861, 0x0861, 0x0861, 0x0861, 0x0861, 0x0861, 0x0861, 0x0861, 0x0861, 0x0861, 0x0861,
    0x0861, 0x0861, 0x0861, 0x0861, 0x0861, 0x0861, 0x0861, 0x0861, 0x0861, 0x0861, 0x0861, 0x0861,
    0x0861, 0x0861, 0x0861, 0x0861, 0x0861, 0x0861, 0x0861, 0x0861, 0x4A69, 0x4A69, 0x4A69, 0x4A69,
    0x4A69, 0x4A69, 0x4A69, 0x4A69, 0x4A69, 0x4A69, 0x4A69, 0x4A69, 0x4A69, 0x4A69, 0x4A69, 0x4A69,
    0x4A69, 0x4A69, 0x4A69, 0x4A69, 0x4A69, 0x4A69, 0x4A69, 0x4A69, 0xEDC0, 0xEDC0, 0xEDC0, 0xEDC0,
    0xEDC0, 0xEDC0, 0xEDC0, 0xEDC0, 0x4A69, 0x4A69, 0x4A69, 0x4A69, 0x4A69, 0x4A69, 0x4A69, 0x4A69,
    0x4A69, 0x4A69, 0x4A69, 0x4A69, 0x4A69, 0x4A69, 0x4A69, 0x4A69, 0x4A69, 0x4A69, 0x4A69, 0x4A69,
    0x4A69, 0x4A69, 0x4A69, 0x4A69, 0x4A69, 0x4A69, 0x4A69, 0x0861, 0x0861, 0x0861, 0x0861, 0x0861,
    0x0861, 0x0861, 0x0861, 0x0861, 0x0861, 0x0861, 0x0861, 0x0861, 0x0861, 0x0861, 0x0861, 0x0861,
    0x0861, 0x0861, 0x0861, 0x0861, 0x0861, 0x0861, 0x0861, 0x0861, 0x0861, 0x0861, 0x0861, 0x0861,
    0x0861, 0x0861, 0x0861, 0x0861, 0x0861, 0x0861, 0x0861, 0x0861, 0x0861, 0x0861, 0x0861, 0x0861,
    0x0861, 0x0861, 0x0861, 0x0861, 0x0861, 0x0861, 0x0861, 0x0861, 0x0861, 0x0861, 0x0861, 0x0861,
    0x0861, 0x0861, 0x0861, 0x0861, 0x0861, 0x0861, 0x4A69, 0x4A69, 0x4A69, 0x4A69, 0x4A69, 0x4A69,
    0x4A69, 0x4A69, 0x4A69, 0x4A69, 0x4A69, 0x4A69, 0x4A69, 0x4A69, 0x4A69, 0x4A69, 0x4A69, 0x4A69,
    0x4A69, 0x4A69, 0x4A69, 0x4A69, 0x4A69, 0x4A69, 0x4A69, 0x4A69, 0xEDC0, 0xEDC0, 0xEDC0, 0xEDC0,
    0xEDC0, 0xEDC0, 0xEDC0, 0xEDC0, 0x4A69, 0x4A69, 0x4A69, 0x4A69, 0x4A69, 0x4A69, 0x4A69, 0x4A69,
    0x4A69, 0x4A69, 0x4A69, 0x4A69, 0x4A69, 0x4A69, 0x4A69, 0x4A69, 0x4A69, 0x4A69, 0x4A69, 0x4A69,
    0x4A69, 0x4A69, 0x4A69, 0x4A69, 0x4A69, 0x4A69, 0x4A69, 0x4A69, 0x4A69, 0x4A69, 0x4A69, 0x4A69,
    0x4A69, 0x4A69, 0x4A69, 0x4A69, 0x4A69, 0x4A69, 0x4A69, 0x4A69, 0x4A69, 0x4A69, 0x4A69, 0x4A69,
    0x4A69, 0x4A69, 0x4A69, 0x4A69, 0x4A69, 0x4A69, 0x4A69, 0x4A69, 0x4A69, 0x4A69, 0x4A69, 0x4A69,
    0x4A69, 0x4A69, 0x4A69, 0x4A69, 0x4A69, 0x4A69, 0x4A69, 0x4A69, 0x4A69, 0x4A69, 0x4A69, 0x4A69,
    0x4A69, 0x4A69, 0x4A69, 0x4A69, 0x4A69, 0x4A69, 0x4A69, 0x4A69, 0x4A69, 0x4A69, 0x4A69, 0x4A69,
    0x4A69, 0x4A69, 0x4A69, 0x4A69, 0x4A69, 0x4A69, 0x4A69, 0x4A69, 0x4A69, 0x4A69, 0x4A69, 0x4A69,
    0x4A69, 0x4A69, 0x4A69, 0x4A69, 0x4A69, 0x4A69, 0x4A69, 0x4A69, 0x4A69, 0x4A69, 0x4A69, 0x4A69,
    0x4A69, 0x4A69, 0x4A69, 0x4A69, 0x4A69, 0x4A69, 0x4A69, 0x4A69, 0xEDC0, 0xEDC0, 0xEDC0, 0xEDC0,
    0xEDC0, 0xEDC0, 0xEDC0, 0xEDC0, 0x4A69, 0x4A69, 0x4A69, 0x4A69, 0x4A69, 0x4A69, 0x4A69, 0x4A69,
    0x4A69, 0x4A69, 0x4A69, 0x4A69, 0x4A69, 0x4A69, 0x4A69, 0x4A69, 0x4A69, 0x4A69, 0x4A69, 0x4A69,
    0x4A69, 0x4A69, 0x4A69, 0x4A69, 0x4A69, 0x4A69, 0x4A69, 0x4A69, 0x4A69, 0x4A69, 0x4A69, 0x4A69,
    0x4A69, 0x4A69, 0x4A69, 0x4A69, 0x4A69, 0x4A69, 0x4A69, 0x4A69, 0x4A69, 0x4A69, 0x4A69, 0x4A69,
    0x4A69, 0x4A69, 0x4A69, 0x4A69, 0x4A69, 0x4A69, 0x4A69, 0x4A69, 0x4A69, 0x4A69, 0x4A69, 0x4A69,
    0x4A69, 0x4A69, 0x4A69, 0x4A69, 0x4A69, 0x4A69, 0x4A69, 0x4A69, 0x4A69, 0x4A69, 0x4A69, 0x4A69,
    0x4A69, 0x4A69, 0x4A69, 0x4A69, 0x4A69, 0x4A69, 0x4A69, 0x4A69, 0x4A69, 0x4A69, 0x4A69, 0x4A69,
    0x4A69, 0x4A69, 0x4A69, 0x4A69, 0x4A69, 0x4A69, 0x4A69, 0x4A69, 0x4A69, 0x4A69, 0x4A69, 0x4A69,
    0x4A69, 0x4A69, 0x4A69, 0x4A69, 0x4A69, 0x4A69, 0x4A69, 0x4A69, 0x4A69, 0x4A69, 0x4A69, 0x4A69,
    0x4A69, 0x4A69, 0x4A69, 0x4A69, 0x4A69, 0x4A69, 0x4A69, 0x4A69, 0xEDC0, 0xEDC0, 0xEDC0, 0xEDC0,
    0xEDC0, 0xEDC0, 0xEDC0, 0xEDC0, 0x4A69, 0x4A69, 0x4A69, 0x4A69, 0x4A69, 0x4A69, 0x4A69, 0x4A69,
    0x4A69, 0x4A69, 0x4A69, 0x4A69, 0x4A69, 0x4A69, 0x4A69, 0x4A69, 0x4A69, 0x4A69, 0x4A69, 0x4A69,
    0x4A69, 0x4A69, 0x4A69, 0x4A69, 0x4A69, 0x4A69, 0x4A69, 0x4A69, 0x4A69, 0x4A69, 0x4A69, 0x4A69,
    0x4A69, 0x4A69, 0x4A69, 0x4A69, 0x4A69, 0x4A69, 0x4A69, 0x4A69, 0x4A69, 0x4A69, 0x4A69, 0x4A69,
    0x4A69, 0x4A69, 0x4A69, 0x4A69, 0x4A69, 0x4A69, 0x4A69, 0x4A69, 0x4A69, 0x4A69, 0x4A69, 0x4A69,
    0x4A69, 0x4A69, 0x4A69, 0x4A69, 0x4A69, 0x4A69, 0x4A69, 0x4A69, 0x4A69, 0x4A69, 0x4A69, 0x4A69,
    0x4A69, 0x4A69, 0x4A69, 0x4A69, 0x4A69, 0x4A69, 0x4A69, 0x4A69, 0x4A69, 0x4A69, 0x4A69, 0x4A69,
    0x4A69, 0x4A69, 0x4A69, 0x4A69, 0x4A69, 0x4A69, 0x4A69, 0x4A69, 0x4A69, 0x4A69, 0x4A69, 0x4A69,
    0x4A69, 0x4A69, 0x4A69, 0x4A69, 0x4A69, 0x4A69, 0x4A69, 0x4A69, 0x4A69, 0x4A69, 0x4A69, 0x4A69,
    0x4A69, 0x4A69, 0x4A69, 0x4A69, 0x4A69, 0x4A69, 0x4A69, 0x4A69, 0xEDC0, 0xEDC0, 0xEDC0, 0xEDC0,
    0xEDC0, 0xEDC0, 0xEDC0, 0xEDC0, 0x4A69, 0x4A69, 0x4A69, 0x4A69, 0x4A69, 0x4A69, 0x4A69, 0x4A69,
    0x4A69, 0x4A69, 0x4A69, 0x4A69, 0x4A69, 0x4A69, 0x4A69, 0x4A69, 0x4A69, 0x4A69, 0x4A69, 0x4A69,
    0x4A69, 0x4A69, 0x4A69, 0x4A69, 0x4A69, 0x4A69, 0x4A69, 0x4A69, 0x4A69, 0x4A69, 0x4A69, 0x4A69,
    0x4A69, 0x4A69, 0x4A69, 0x4A69, 0x4A69, 0x4A69, 0x4A69, 0x4A69, 0x4A69, 0x4A69, 0x4A69, 0x4A69,
    0x4A69, 0x4A69, 0x4A69, 0x4A69, 0x4A69, 0x4A69, 0x4A69, 0x4A69, 0x4A69, 0x4A69, 0x4A69, 0x4A69,
    0x4A69, 0x4A69, 0x4A69, 0x4A69, 0x4A69, 0x4A69, 0x4A69, 0x4A69, 0x4A69, 0x4A69, 0x4A69, 0x4A69,
    0x4A69, 0x4A69, 0x4A69, 0x4A69, 0x4A69, 0x4A69, 0x4A69, 0x4A69, 0x4A69, 0x4A69, 0x4A69, 0x4A69,
    0x4A69, 0x4A69, 0x4A69, 0x4A69, 0x4A69, 0x4A69, 0x4A69, 0x4A69, 0x4A69, 0x4A69, 0x4A69, 0x4A69,
    0x4A69, 0x4A69, 0x4A69, 0x4A69, 0x4A69, 0x4A69, 0x4A69, 0x4A69, 0x4A69, 0x4A69, 0x4A69, 0x4A69,
    0x4A69, 0x4A69, 0x4A69, 0x4A69, 0x4A69, 0x4A69, 0x4A69, 0x4A69, 0xEDC0, 0xEDC0, 0xEDC0, 0xEDC0,
    0xEDC0, 0xEDC0, 0xEDC0, 0xEDC0, 0x4A69, 0x4A69, 0x4A69, 0x4A69, 0x4A69, 0x4A69, 0x4A69, 0x4A69,
    0x4A69, 0x4A69, 0x4A69, 0x4A69, 0x4A69, 0x4A69, 0x4A69, 0x4A69, 0x4A69, 0x4A69, 0x4A69, 0x4A69,
    0x4A69, 0x4A69, 0x4A69, 0x4A69, 0x4A69, 0x4A69, 0x4A69, 0x4A69, 0x4A69, 0x4A69, 0x4A69, 0x4A69,
    0x4A69, 0x4A69, 0x4A69, 0x4A69, 0x4A69, 0x4A69, 0x4A69, 0x4A69, 0x4A69, 0x4A69, 0x4A69, 0x4A69,
    0x4A69, 0x4A69, 0x4A69, 0x4A69, 0x4A69, 0x4A69, 0x4A69, 0x4A69, 0x4A69, 0x4A69, 0x4A69, 0x4A69,
    0x4A69, 0x4A69, 0x4A69, 0x4A69, 0x4A69, 0x4A69, 0x4A69, 0x4A69, 0x4A69, 0x4A69, 0x4A69, 0x4A69,
    0x4A69, 0x4A69, 0x4A69, 0x4A69, 0x4A69, 0x4A69, 0x4A69, 0x4A69, 0x4A69, 0x4A69, 0x4A69, 0x4A69,
    0x4A69, 0x4A69, 0x4A69, 0x4A69, 0x4A69, 0x4A69, 0x4A69, 0x4A69, 0x4A69, 0x4A69, 0x4A69, 0x4A69,
    0x4A69, 0x4A69, 0x4A69, 0x4A69, 0x4A69, 0x4A69, 0x4A69, 0x4A69, 0x4A69, 0x4A69, 0x4A69, 0x4A69,
    0x4A69, 0x4A69, 0x4A69, 0x4A69, 0x4A69, 0x4A69, 0x4A69, 0x4A69, 0xEDC0, 0xEDC0, 0xEDC0, 0xEDC0,
    0xEDC0, 0xEDC0, 0xEDC0, 0xEDC0, 0x4A69, 0x4A69, 0x4A69, 0x4A69, 0x4A69, 0x4A69, 0x4A69, 0x4A69,
    0x4A69, 0x4A69, 0x4A69, 0x4A69, 0x4A69, 0x4A69, 0x4A69, 0x4A69, 0x4A69, 0x4A69, 0x4A69, 0x4A69,
    0x4A69, 0x4A69, 0x4A69, 0x4A69, 0x4A69, 0x4A69, 0x4A69, 0x4A69, 0x4A69, 0x4A69, 0x4A69, 0x4A69,
    0x4A69, 0x4A69, 0x4A69, 0x4A69, 0x4A69, 0x4A69, 0x4A69, 0x4A69, 0x4A69, 0x4A69, 0x4A69, 0x4A69,
    0x4A69, 0x4A69, 0x4A69, 0x4A69, 0x4A69, 0x4A69, 0x4A69, 0x4A69, 0x4A69, 0x4A69, 0x4A69, 0x4A69,
    0x4A69, 0x4A69, 0x4A69, 0x4A69, 0x4A69, 0x4A69, 0x4A69, 0x4A69, 0x4A69, 0x4A69, 0x4A69, 0x4A69,
    0x4A69, 0x4A69, 0x4A69, 0x4A69, 0x4A69, 0x4A69, 0x4A69, 0x4A69, 0x4A69, 0x4A69, 0x4A69, 0x4A69,
    0x4A69, 0x4A69, 0x4A69, 0x4A69, 0x4A69, 0x4A69, 0x4A69, 0x4A69, 0x4A69, 0x4A69, 0x4A69, 0x4A69,
    0x4A69, 0x4A69, 0x4A69, 0x4A69, 0x4A69, 0x4A69, 0x4A69, 0x4A69, 0x4A69, 0x4A69, 0x4A69, 0x4A69,
    0x4A69, 0x4A69, 0x4A69, 0x4A69, 0x4A69, 0x4A69, 0x4A69, 0x4A69, 0xEDC0, 0xEDC0, 0xEDC0, 0xEDC0,
    0xEDC0, 0xEDC0, 0xEDC0, 0xEDC0, 0x4A69, 0x4A69, 0x4A69, 0x4A69, 0x4A69, 0x4A69, 0x4A69, 0x4A69,
    0x4A69, 0x4A69, 0x4A69, 0x4A69, 0x4A69, 0x4A69, 0x4A69, 0x4A69, 0x4A69, 0x4A69, 0x4A69, 0x4A69,
    0x4A69, 0x4A69, 0x4A69, 0x4A69, 0x4A69, 0x4A69, 0x4A69, 0x4A69, 0x4A69, 0x4A69, 0x4A69, 0x4A69,
    0x4A69, 0x4A69, 0x4A69, 0x4A69, 0x4A69, 0x4A69, 0x4A69, 0x4A69, 0x4A69, 0x4A69, 0x4A69, 0x4A69,
    0x4A69, 0x4A69, 0x4A69, 0x4A69, 0x4A69, 0x4A69, 0x4A69, 0x4A69, 0x4A69, 0x4A69, 0x4A69, 0x4A69,
    0x4A69, 0x4A69, 0x4A69, 0x4A69, 0x4A69, 0x4A69, 0x4A69, 0x4A69, 0x4A69, 0x4A69, 0x4A69, 0x4A69,
    0x4A69, 0x4A69, 0x4A69, 0x4A69, 0x4A69, 0x4A69, 0x4A69, 0x4A69, 0x4A69, 0x4A69, 0x4A69, 0x4A69,
    0x4A69, 0x4A69, 0x4A69, 0x4A69, 0x4A69, 0x4A69, 0x4A69, 0x4A69, 0x4A69, 0x4A69, 0x4A69, 0x4A69,
    0x4A69, 0x4A69, 0x4A69, 0x4A69, 0x4A69, 0x4A69, 0x4A69, 0x4A69, 0x4A69, 0x4A69, 0x4A69, 0x4A69,
    0x4A69, 0x4A69, 0x4A69, 0x4A69, 0x4A69, 0x4A69, 0x4A69, 0x4A69, 0xEDC0, 0xEDC0, 0xEDC0, 0xEDC0,
    0xEDC0, 0xEDC0, 0xEDC0, 0xEDC0, 0x4A69, 0x4A69, 0x4A69, 0x4A69, 0x4A69, 0x4A69, 0x4A69, 0x4A69,
    0x4A69, 0x4A69, 0x4A69, 0x4A69, 0x4A69, 0x4A69, 0x4A69, 0x4A69, 0x4A69, 0x4A69, 0x4A69, 0x4A69,
    0x4A69, 0x4A69, 0x4A69, 0x4A69, 0x4A69, 0x4A69, 0x4A69, 0x4A69, 0x4A69, 0x4A69, 0x4A69, 0x4A69,
    0x4A69, 0x4A69, 0x4A69, 0x4A69, 0xEDC0, 0xEDC0, 0xEDC0, 0xEDC0, 0xE5A0, 0xD541, 0xB483, 0x62C8,
    0x4A69, 0x4A69, 0x4A69, 0x5AA8, 0xA444, 0xD541, 0xE5A0, 0xDD80, 0xCD21, 0x9C04, 0x5289, 0x4A69,
    0x5AA8, 0xEDC0, 0xEDC0, 0x5288, 0x4A69, 0x4A69, 0x4A69, 0x7327, 0xEDC0, 0xDD80, 0x4A69, 0x4A69,
    0xEDC0, 0xEDC0, 0xEDC0, 0xEDC0, 0xE5A0, 0xD541, 0xB483, 0x62C8, 0x4A69, 0x4A69, 0x4A69, 0x4A69,
    0x4A69, 0x4A69, 0x4A69, 0x4A69, 0x4A69, 0x4A69, 0x4A69, 0x4A69, 0x4A69, 0x4A69, 0x4A69, 0x4A69,
    0x4A69, 0x4A69, 0x4A69, 0x4A69, 0x4A69, 0x4A69, 0x4A69, 0x4A69, 0x4A69, 0x4A69, 0x4A69, 0x4A69,
    0x4A69, 0x4A69, 0x4A69, 0x4A69, 0x4A69, 0x4A69, 0x4A69, 0x4A69, 0xEDC0, 0xEDC0, 0xEDC0, 0xEDC0,
    0xEDC0, 0xEDC0, 0xEDC0, 0xEDC0, 0x4A69, 0x4A69, 0x4A69, 0x4A69, 0x4A69, 0x4A69, 0x4A69, 0x4A69,
    0x4A69, 0x4A69, 0x4A69, 0x4A69, 0x4A69, 0x4A69, 0x4A69, 0x4A69, 0x4A69, 0x4A69, 0x4A69, 0x4A69,
    0x4A69, 0x4A69, 0x4A69, 0x4A69, 0x4A69, 0x4A69, 0x4A69, 0x4A69, 0x4A69, 0x4A69, 0x4A69, 0x4A69,
    0x4A69, 0x4A69, 0x4A69, 0x4A69, 0xEDC0, 0xEDC0, 0xBCC2, 0xB4A3, 0xBCA2, 0xDD60, 0xEDC0, 0xD541,
    0x5289, 0x4A69, 0x62E8, 0xDD60, 0xEDC0, 0xE580, 0xC502, 0xC4E2, 0xE5A0, 0xEDC0, 0xCD21, 0x5289,
    0x5AA8, 0xEDC0, 0xEDC0, 0x5288, 0x4A69, 0x4A69, 0x4A69, 0x7327, 0xEDC0, 0xDD80, 0x4A69, 0x4A69,
    0xEDC0, 0xEDC0, 0xBCC2, 0xB4A3, 0xBCA2, 0xDD60, 0xEDC0, 0xD541, 0x5289, 0x4A69, 0x4A69, 0x4A69,
    0x4A69, 0x4A69, 0x4A69, 0x4A69, 0x4A69, 0x4A69, 0x4A69, 0x4A69, 0x4A69, 0x4A69, 0x4A69, 0x4A69,
    0x4A69, 0x4A69, 0x4A69, 0x4A69, 0x4A69, 0x4A69, 0x4A69, 0x4A69, 0x4A69, 0x4A69, 0x4A69, 0x4A69,
    0x4A69, 0x4A69, 0x4A69, 0x4A69, 0x4A69, 0x4A69, 0x4A69, 0x4A69, 0xEDC0, 0xEDC0, 0xEDC0, 0xEDC0,
    0xEDC0, 0xEDC0, 0xEDC0, 0xEDC0, 0x4A69, 0x4A69, 0x4A69, 0x4A69, 0x4A69, 0x4A69, 0x4A69, 0x4A69,
    0x4A69, 0x4A69, 0x4A69, 0x4A69, 0x4A69, 0x4A69, 0x4A69, 0x4A69, 0x4A69, 0x4A69, 0x4A69, 0x4A69,
    0x4A69, 0x4A69, 0x4A69, 0x4A69, 0x4A69, 0x4A69, 0x4A69, 0x4A69, 0x4A69, 0x4A69, 0x4A69, 0x4A69,
    0x4A69, 0x4A69, 0x4A69, 0x4A69, 0xEDC0, 0xEDC0, 0x62E7, 0x4A69, 0x4A69, 0x5289, 0xDD60, 0xEDC0,
    0x8386, 0x4A69, 0xC4E2, 0xEDC0, 0xC4E2, 0x5AA8, 0x4A69, 0x4A69, 0x5AA8, 0xC502, 0xBCE2, 0x6B07,
    0x5AA8, 0xEDC0, 0xEDC0, 0x5288, 0x4A69, 0x4A69, 0x4A69, 0x7327, 0xEDC0, 0xDD80, 0x4A69, 0x4A69,
    0xEDC0, 0xEDC0, 0x62E7, 0x4A69, 0x4A69, 0x5289, 0xDD60, 0xEDC0, 0x8386, 0x4A69, 0x4A69, 0x4A69,
    0x4A69, 0x4A69, 0x4A69, 0x4A69, 0x4A69, 0x4A69, 0x4A69, 0x4A69, 0x4A69, 0x4A69, 0x4A69, 0x4A69,
    0x4A69, 0x4A69, 0x4A69, 0x4A69, 0x4A69, 0x4A69, 0x4A69, 0x4A69, 0x4A69, 0x4A69, 0x4A69, 0x4A69,
    0x4A69, 0x4A69, 0x4A69, 0x4A69, 0x4A69, 0x4A69, 0x4A69, 0x4A69, 0xEDC0, 0xEDC0, 0xEDC0, 0xEDC0,
    0xEDC0, 0xEDC0, 0xEDC0, 0xEDC0, 0x4A69, 0x4A69, 0x4A69, 0x4A69, 0x4A69, 0x4A69, 0x4A69, 0x4A69,
    0x4A69, 0x4A69, 0x4A69, 0x4A69, 0x4A69, 0x4A69, 0x4A69, 0x4A69, 0x4A69, 0x4A69, 0x4A69, 0x4A69,
    0x4A69, 0x4A69, 0x4A69, 0x4A69, 0x4A69, 0x4A69, 0x4A69, 0x4A69, 0x4A69, 0x4A69, 0x4A69, 0x4A69,
    0x4A69, 0x4A69, 0x4A69, 0x4A69, 0xEDC0, 0xEDC0, 0x62E7, 0x4A69, 0x4A69, 0x4A69, 0xBCC2, 0xEDC0,
    0x93E5, 0x62C8, 0xEDC0, 0xEDC0, 0x62E7, 0x4A69, 0x4A69, 0x4A69, 0x4A69, 0x4A69, 0x4A69, 0x4A69,
    0x5AA8, 0xEDC0, 0xEDC0, 0x5288, 0x4A69, 0x4A69, 0x4A69, 0x7327, 0xEDC0, 0xDD80, 0x4A69, 0x4A69,
    0xEDC0, 0xEDC0, 0x62E7, 0x4A69, 0x4A69, 0x4A69, 0xBCC2, 0xEDC0, 0x93E5, 0x4A69, 0x4A69, 0x4A69,
    0x4A69, 0x4A69, 0x4A69, 0x4A69, 0x4A69, 0x4A69, 0x4A69, 0x4A69, 0x4A69, 0x4A69, 0x4A69, 0x4A69,
    0x4A69, 0x4A69, 0x4A69, 0x4A69, 0x4A69, 0x4A69, 0x4A69, 0x4A69, 0x4A69, 0x4A69, 0x4A69, 0x4A69,
    0x4A69, 0x4A69, 0x4A69, 0x4A69, 0x4A69, 0x4A69, 0x4A69, 0x4A69, 0xEDC0, 0xEDC0, 0xEDC0, 0xEDC0,
    0xEDC0, 0xEDC0, 0xEDC0, 0xEDC0, 0x4A69, 0x4A69, 0x4A69, 0x4A69, 0x4A69, 0x4A69, 0x4A69, 0x4A69,
    0x4A69, 0x4A69, 0x4A69, 0x4A69, 0x4A69, 0x4A69, 0x4A69, 0x4A69, 0x4A69, 0x4A69, 0x4A69, 0x4A69,
    0x4A69, 0x4A69, 0x4A69, 0x4A69, 0x4A69, 0x4A69, 0x4A69, 0x4A69, 0x4A69, 0x4A69, 0x4A69, 0x4A69,
    0x4A69, 0x4A69, 0x4A69, 0x4A69, 0xEDC0, 0xEDC0, 0x62E7, 0x4A69, 0x4A69, 0x5288, 0xDD60, 0xEDC0,
    0x7B86, 0x7B66, 0xEDC0, 0xDD60, 0x4A69, 0x4A69, 0x4A69, 0x4A69, 0x4A69, 0x4A69, 0x4A69, 0x4A69,
    0x5AA8, 0xEDC0, 0xEDC0, 0x5288, 0x4A69, 0x4A69, 0x4A69, 0x7327, 0xEDC0, 0xDD80, 0x4A69, 0x4A69,
    0xEDC0, 0xEDC0, 0x62E7, 0x4A69, 0x4A69, 0x5288, 0xDD60, 0xEDC0, 0x7B86, 0x4A69, 0x4A69, 0x4A69,
    0x4A69, 0x4A69, 0x4A69, 0x4A69, 0x4A69, 0x4A69, 0x4A69, 0x4A69, 0x4A69, 0x4A69, 0x4A69, 0x4A69,
    0x4A69, 0x4A69, 0x4A69, 0x4A69, 0x4A69, 0x4A69, 0x4A69, 0x4A69, 0x4A69, 0x4A69, 0x4A69, 0x4A69,
    0x4A69, 0x4A69, 0x4A69, 0x4A69, 0x4A69, 0x4A69, 0x4A69, 0x4A69, 0xEDC0, 0xEDC0, 0xEDC0, 0xEDC0,
    0xEDC0, 0xEDC0, 0xEDC0, 0xEDC0, 0x4A69, 0x4A69, 0x4A69, 0x4A69, 0x4A69, 0x4A69, 0x4A69, 0x4A69,
    0x4A69, 0x4A69, 0x4A69, 0x4A69, 0x4A69, 0x4A69, 0x4A69, 0x4A69, 0x4A69, 0x4A69, 0x4A69, 0x4A69,
    0x4A69, 0x4A69, 0x4A69, 0x4A69, 0x4A69, 0x4A69, 0x4A69, 0x4A69, 0x4A69, 0x4A69, 0x4A69, 0x4A69,
    0x4A69, 0x4A69, 0x4A69, 0x4A69, 0xEDC0, 0xEDC0, 0xBCC2, 0xB483, 0xB4A3, 0xDD60, 0xEDC0, 0xD521,
    0x5269, 0x83A6, 0xEDC0, 0xCD21, 0x4A69, 0x4A69, 0x4A69, 0xC4E2, 0xEDC0, 0xEDC0, 0xEDC0, 0xBCE2,
    0x5AA8, 0xEDC0, 0xEDC0, 0x5288, 0x4A69, 0x4A69, 0x4A69, 0x7327, 0xEDC0, 0xDD80, 0x4A69, 0x4A69,
    0xEDC0, 0xEDC0, 0xBCC2, 0xB483, 0xB4A3, 0xDD60, 0xEDC0, 0xD521, 0x5269, 0x4A69, 0x4A69, 0x4A69,
    0x4A69, 0x4A69, 0x4A69, 0x4A69, 0x4A69, 0x4A69, 0x4A69, 0x4A69, 0x4A69, 0x4A69, 0x4A69, 0x4A69,
    0x4A69, 0x4A69, 0x4A69, 0x4A69, 0x4A69, 0x4A69, 0x4A69, 0x4A69, 0x4A69, 0x4A69, 0x4A69, 0x4A69,
    0x4A69, 0x4A69, 0x4A69, 0x4A69, 0x4A69, 0x4A69, 0x4A69, 0x4A69, 0xEDC0, 0xEDC0, 0xEDC0, 0xEDC0,
    0xEDC0, 0xEDC0, 0xEDC0, 0xEDC0, 0x4A69, 0x4A69, 0x4A69, 0x4A69, 0x4A69, 0x4A69, 0x4A69, 0x4A69,
    0x4A69, 0x4A69, 0x4A69, 0x4A69, 0x4A69, 0x4A69, 0x4A69, 0x4A69, 0x4A69, 0x4A69, 0x4A69, 0x4A69,
    0x4A69, 0x4A69, 0x4A69, 0x4A69, 0x4A69, 0x4A69, 0x4A69, 0x4A69, 0x4A69, 0x4A69, 0x4A69, 0x4A69,
    0x4A69, 0x4A69, 0x4A69, 0x4A69, 0xEDC0, 0xEDC0, 0xEDC0, 0xEDC0, 0xEDC0, 0xDD80, 0xB483, 0x5AA8,
    0x4A69, 0x7B66, 0xEDC0, 0xDD80, 0x4A69, 0x4A69, 0x4A69, 0x93E5, 0xAC63, 0xBCA3, 0xEDC0, 0xBCE2,
    0x5AA8, 0xEDC0, 0xEDC0, 0x5288, 0x4A69, 0x4A69, 0x4A69, 0x7347, 0xEDC0, 0xDD60, 0x4A69, 0x4A69,
    0xEDC0, 0xEDC0, 0xEDC0, 0xEDC0, 0xEDC0, 0xDD80, 0xB483, 0x5AA8, 0x4A69, 0x4A69, 0x4A69, 0x4A69,
    0x4A69, 0x4A69, 0x4A69, 0x4A69, 0x4A69, 0x4A69, 0x4A69, 0x4A69, 0x4A69, 0x4A69, 0x4A69, 0x4A69,
    0x4A69, 0x4A69, 0x4A69, 0x4A69, 0x4A69, 0x4A69, 0x4A69, 0x4A69, 0x4A69, 0x4A69, 0x4A69, 0x4A69,
    0x4A69, 0x4A69, 0x4A69, 0x4A69, 0x4A69, 0x4A69, 0x4A69, 0x4A69, 0xEDC0, 0xEDC0, 0xEDC0, 0xEDC0,
    0xEDC0, 0xEDC0, 0xEDC0, 0xEDC0, 0x4A69, 0x4A69, 0x4A69, 0x4A69, 0x4A69, 0x4A69, 0x4A69, 0x4A69,
    0x4A69, 0x4A69, 0x4A69, 0x4A69, 0x4A69, 0x4A69, 0x4A69, 0x4A69, 0x4A69, 0x4A69, 0x4A69, 0x4A69,
    0x4A69, 0x4A69, 0x4A69, 0x4A69, 0x4A69, 0x4A69, 0x4A69, 0x4A69, 0x4A69, 0x4A69, 0x4A69, 0x4A69,
    0x4A69, 0x4A69, 0x4A69, 0x4A69, 0xEDC0, 0xEDC0, 0x62E7, 0x4A69, 0x4A69, 0x4A69, 0x4A69, 0x4A69,
    0x4A69, 0x5AC8, 0xEDC0, 0xEDC0, 0x6B07, 0x4A69, 0x4A69, 0x4A69, 0x4A69, 0x7327, 0xEDC0, 0xBCE2,
    0x5289, 0xEDC0, 0xEDC0, 0x62E7, 0x4A69, 0x4A69, 0x4A69, 0x8BA5, 0xEDC0, 0xD521, 0x4A69, 0x4A69,
    0xEDC0, 0xEDC0, 0x62E7, 0x4A69, 0x4A69, 0x4A69, 0x4A69, 0x4A69, 0x4A69, 0x4A69, 0x4A69, 0x4A69,
    0x4A69, 0x4A69, 0x4A69, 0x4A69, 0x4A69, 0x4A69, 0x4A69, 0x4A69, 0x4A69, 0x4A69, 0x4A69, 0x4A69,
    0x4A69, 0x4A69, 0x4A69, 0x4A69, 0x4A69, 0x4A69, 0x4A69, 0x4A69, 0x4A69, 0x4A69, 0x4A69, 0x4A69,
    0x4A69, 0x4A69, 0x4A69, 0x4A69, 0x4A69, 0x4A69, 0x4A69, 0x4A69, 0xEDC0, 0xEDC0, 0xEDC0, 0xEDC0,
    0xEDC0, 0xEDC0, 0xEDC0, 0xEDC0, 0x4A69, 0x4A69, 0x4A69, 0x4A69, 0x4A69, 0x4A69, 0x4A69, 0x4A69,
    0x4A69, 0x4A69, 0x4A69, 0x4A69, 0x4A69, 0x4A69, 0x4A69, 0x4A69, 0x4A69, 0x4A69, 0x4A69, 0x4A69,
    0x4A69, 0x4A69, 0x4A69, 0x4A69, 0x4A69, 0x4A69, 0x4A69, 0x4A69, 0x4A69, 0x4A69, 0x4A69, 0x4A69,
    0x4A69, 0x4A69, 0x4A69, 0x4A69, 0xEDC0, 0xEDC0, 0x62E7, 0x4A69, 0x4A69, 0x4A69, 0x4A69, 0x4A69,
    0x4A69, 0x4A69, 0xC4E2, 0xEDC0, 0xCD01, 0x5AA8, 0x4A69, 0x4A69, 0x5289, 0xA444, 0xEDC0, 0xBCE2,
    0x4A69, 0xCD21, 0xEDC0, 0xAC63, 0x4A69, 0x4A69, 0x5288, 0xCD21, 0xEDC0, 0xAC63, 0x4A69, 0x4A69,
    0xEDC0, 0xEDC0, 0x62E7, 0x4A69, 0x4A69, 0x4A69, 0x4A69, 0x4A69, 0x4A69, 0x4A69, 0x4A69, 0x4A69,
    0x4A69, 0x4A69, 0x4A69, 0x4A69, 0x4A69, 0x4A69, 0x4A69, 0x4A69, 0x4A69, 0x4A69, 0x4A69, 0x4A69,
    0x4A69, 0x4A69, 0x4A69, 0x4A69, 0x4A69, 0x4A69, 0x4A69, 0x4A69, 0x4A69, 0x4A69, 0x4A69, 0x4A69,
    0x4A69, 0x4A69, 0x4A69, 0x4A69, 0x4A69, 0x4A69, 0x4A69, 0x4A69, 0xEDC0, 0xEDC0, 0xEDC0, 0xEDC0,
    0xEDC0, 0xEDC0, 0xEDC0, 0xEDC0, 0x4A69, 0x4A69, 0x4A69, 0x4A69, 0x4A69, 0x4A69, 0x4A69, 0x4A69,
    0x4A69, 0x4A69, 0x4A69, 0x4A69, 0x4A69, 0x4A69, 0x4A69, 0x4A69, 0x4A69, 0x4A69, 0x4A69, 0x4A69,
    0x4A69, 0x4A69, 0x4A69, 0x4A69, 0x4A69, 0x4A69, 0x4A69, 0x4A69, 0x4A69, 0x4A69, 0x4A69, 0x4A69,
    0x4A69, 0x4A69, 0x4A69, 0x4A69, 0xEDC0, 0xEDC0, 0x62E7, 0x4A69, 0x4A69, 0x4A69, 0x4A69, 0x4A69,
    0x4A69, 0x4A69, 0x62E8, 0xDD60, 0xEDC0, 0xE580, 0xC4E2, 0xC4E2, 0xDD80, 0xEDC0, 0xDD80, 0x7B46,
    0x4A69, 0x7B46, 0xE5A0, 0xEDC0, 0xD541, 0xBCC2, 0xDD80, 0xEDC0, 0xDD60, 0x5AA8, 0x4A69, 0x4A69,
    0xEDC0, 0xEDC0, 0x62E7, 0x4A69, 0x4A69, 0x4A69, 0x4A69, 0x4A69, 0x4A69, 0x4A69, 0x4A69, 0x4A69,
    0x4A69, 0x4A69, 0x4A69, 0x4A69, 0x4A69, 0x4A69, 0x4A69, 0x4A69, 0x4A69, 0x4A69, 0x4A69, 0x4A69,
    0x4A69, 0x4A69, 0x4A69, 0x4A69, 0x4A69, 0x4A69, 0x4A69, 0x4A69, 0x4A69, 0x4A69, 0x4A69, 0x4A69,
    0x4A69, 0x4A69, 0x4A69, 0x4A69, 0x4A69, 0x4A69, 0x4A69, 0x4A69, 0xEDC0, 0xEDC0, 0xEDC0, 0xEDC0,
    0xEDC0, 0xEDC0, 0xEDC0, 0xEDC0, 0x4A69, 0x4A69, 0x4A69, 0x4A69, 0x4A69, 0x4A69, 0x4A69, 0x4A69,
    0x4A69, 0x4A69, 0x4A69, 0x4A69, 0x4A69, 0x4A69, 0x4A69, 0x4A69, 0x4A69, 0x4A69, 0x4A69, 0x4A69,
    0x4A69, 0x4A69, 0x4A69, 0x4A69, 0x4A69, 0x4A69, 0x4A69, 0x4A69, 0x4A69, 0x4A69, 0x4A69, 0x4A69,
    0x4A69, 0x4A69, 0x4A69, 0x4A69, 0xEDC0, 0xEDC0, 0x62E7, 0x4A69, 0x4A69, 0x4A69, 0x4A69, 0x4A69,
    0x4A69, 0x4A69, 0x4A69, 0x5AA8, 0xA444, 0xD541, 0xE5A0, 0xDD80, 0xCD01, 0x9C04, 0x5AA8, 0x4A69,
    0x4A69, 0x4A69, 0x7347, 0xBCC2, 0xDD80, 0xE5A0, 0xD561, 0xAC63, 0x5AA8, 0x4A69, 0x4A69, 0x4A69,
    0xEDC0, 0xEDC0, 0x62E7, 0x4A69, 0x4A69, 0x4A69, 0x4A69, 0x4A69, 0x4A69, 0x4A69, 0x4A69, 0x4A69,
    0x4A69, 0x4A69, 0x4A69, 0x4A69, 0x4A69, 0x4A69, 0x4A69, 0x4A69, 0x4A69, 0x4A69, 0x4A69, 0x4A69,
    0x4A69, 0x4A69, 0x4A69, 0x4A69, 0x4A69, 0x4A69, 0x4A69, 0x4A69, 0x4A69, 0x4A69, 0x4A69, 0x4A69,
    0x4A69, 0x4A69, 0x4A69, 0x4A69, 0x4A69, 0x4A69, 0x4A69, 0x4A69, 0xEDC0, 0xEDC0, 0xEDC0, 0xEDC0,
    0xEDC0, 0xEDC0, 0xEDC0, 0xEDC0, 0x4A69, 0x4A69, 0x4A69, 0x4A69, 0x4A69, 0x4A69, 0x4A69, 0x4A69,
    0x4A69, 0x4A69, 0x4A69, 0x4A69, 0x4A69, 0x4A69, 0x4A69, 0x4A69, 0x4A69, 0x4A69, 0x4A69, 0x4A69,
    0x4A69, 0x4A69, 0x4A69, 0x4A69, 0x4A69, 0x4A69, 0x4A69, 0x4A69, 0x4A69, 0x4A69, 0x4A69, 0x4A69,
    0x4A69, 0x4A69, 0x4A69, 0x4A69, 0x4A69, 0x4A69, 0x4A69, 0x4A69, 0x4A69, 0x4A69, 0x4A69, 0x4A69,
    0x4A69, 0x4A69, 0x4A69, 0x4A69, 0x4A69, 0x4A69, 0x4A69, 0x4A69, 0x4A69, 0x4A69, 0x4A69, 0x4A69,
    0x4A69, 0x4A69, 0x4A69, 0x4A69, 0x4A69, 0x4A69, 0x4A69, 0x4A69, 0x4A69, 0x4A69, 0x4A69, 0x4A69,
    0x4A69, 0x4A69, 0x4A69, 0x4A69, 0x4A69, 0x4A69, 0x4A69, 0x4A69, 0x4A69, 0x4A69, 0x4A69, 0x4A69,
    0x4A69, 0x4A69, 0x4A69, 0x4A69, 0x4A69, 0x4A69, 0x4A69, 0x4A69, 0x4A69, 0x4A69, 0x4A69, 0x4A69,
    0x4A69, 0x4A69, 0x4A69, 0x4A69, 0x4A69, 0x4A69, 0x4A69, 0x4A69, 0x4A69, 0x4A69, 0x4A69, 0x4A69,
    0x4A69, 0x4A69, 0x4A69, 0x4A69, 0x4A69, 0x4A69, 0x4A69, 0x4A69, 0xEDC0, 0xEDC0, 0xEDC0, 0xEDC0,
    0xEDC0, 0xEDC0, 0xEDC0, 0xEDC0, 0x4A69, 0x4A69, 0x4A69, 0x4A69, 0x4A69, 0x4A69, 0x4A69, 0x4A69,
    0x4A69, 0x4A69, 0x4A69, 0x4A69, 0x4A69, 0x4A69, 0x4A69, 0x4A69, 0x4A69, 0x4A69, 0x4A69, 0x4A69,
    0x4A69, 0x4A69, 0x4A69, 0x4A69, 0x4A69, 0x4A69, 0x4A69, 0x4A69, 0x4A69, 0x4A69, 0x4A69, 0x4A69,
    0x4A69, 0x4A69, 0x4A69, 0x4A69, 0x4A69, 0x4A69, 0x4A69, 0x4A69, 0x4A69, 0x4A69, 0x4A69, 0x4A69,
    0x4A69, 0x4A69, 0x4A69, 0x4A69, 0x4A69, 0x4A69, 0x4A69, 0x4A69, 0x4A69, 0x4A69, 0x4A69, 0x4A69,
    0x4A69, 0x4A69, 0x4A69, 0x4A69, 0x4A69, 0x4A69, 0x4A69, 0x4A69, 0x4A69, 0x4A69, 0x4A69, 0x4A69,
    0x4A69, 0x4A69, 0x4A69, 0x4A69, 0x4A69, 0x4A69, 0x4A69, 0x4A69, 0x4A69, 0x4A69, 0x4A69, 0x4A69,
    0x4A69, 0x4A69, 0x4A69, 0x4A69, 0x4A69, 0x4A69, 0x4A69, 0x4A69, 0x4A69, 0x4A69, 0x4A69, 0x4A69,
    0x4A69, 0x4A69, 0x4A69, 0x4A69, 0x4A69, 0x4A69, 0x4A69, 0x4A69, 0x4A69, 0x4A69, 0x4A69, 0x4A69,
    0x4A69, 0x4A69, 0x4A69, 0x4A69, 0x4A69, 0x4A69, 0x4A69, 0x4A69, 0xEDC0, 0xEDC0, 0xEDC0, 0xEDC0,
    0xEDC0, 0xEDC0, 0xEDC0, 0xEDC0, 0x4A69, 0x4A69, 0x4A69, 0x4A69, 0x4A69, 0x4A69, 0x4A69, 0x4A69,
    0x4A69, 0x4A69, 0x4A69, 0x4A69, 0x4A69, 0x4A69, 0x4A69, 0x4A69, 0x4A69, 0x4A69, 0x4A69, 0x4A69,
    0x4A69, 0x4A69, 0x4A69, 0x4A69, 0x4A69, 0x4A69, 0x4A69, 0x4A69, 0x4A69, 0x4A69, 0x4A69, 0x4A69,
    0x4A69, 0x4A69, 0x4A69, 0x4A69, 0x4A69, 0x4A69, 0x4A69, 0x4A69, 0x4A69, 0x4A69, 0x4A69, 0x4A69,
    0x4A69, 0x4A69, 0x4A69, 0x4A69, 0x4A69, 0x4A69, 0x4A69, 0x4A69, 0x4A69, 0x4A69, 0x4A69, 0x4A69,
    0x4A69, 0x4A69, 0x4A69, 0x4A69, 0x4A69, 0x4A69, 0x4A69, 0x4A69, 0x4A69, 0x4A69, 0x4A69, 0x4A69,
    0x4A69, 0x4A69, 0x4A69, 0x4A69, 0x4A69, 0x4A69, 0x4A69, 0x4A69, 0x4A69, 0x4A69, 0x4A69, 0x4A69,
    0x4A69, 0x4A69, 0x4A69, 0x4A69, 0x4A69, 0x4A69, 0x4A69, 0x4A69, 0x4A69, 0x4A69, 0x4A69, 0x4A69,
    0x4A69, 0x4A69, 0x4A69, 0x4A69, 0x4A69, 0x4A69, 0x4A69, 0x4A69, 0x4A69, 0x4A69, 0x4A69, 0x4A69,
    0x4A69, 0x4A69, 0x4A69, 0x4A69, 0x4A69, 0x4A69, 0x4A69, 0x4A69, 0xEDC0, 0xEDC0, 0xEDC0, 0xEDC0,
    0xEDC0, 0xEDC0, 0xEDC0, 0xEDC0, 0x4A69, 0x4A69, 0x4A69, 0x4A69, 0x4A69, 0x4A69, 0x4A69, 0x4A69,
    0x4A69, 0x4A69, 0x4A69, 0x4A69, 0x4A69, 0x4A69, 0x4A69, 0x4A69, 0x4A69, 0x4A69, 0x4A69, 0x4A69,
    0x4A69, 0x4A69, 0x4A69, 0x4A69, 0x4A69, 0x4A69, 0x4A69, 0x4A69, 0x4A69, 0x4A69, 0x4A69, 0x4A69,
    0x4A69, 0x4A69, 0x4A69, 0x4A69, 0x4A69, 0x4A69, 0x4A69, 0x4A69, 0x4A69, 0x4A69, 0x4A69, 0x4A69,
    0x4A69, 0x4A69, 0x4A69, 0x4A69, 0x4A69, 0x4A69, 0x4A69, 0x4A69, 0x4A69, 0x4A69, 0x4A69, 0x4A69,
    0x4A69, 0x4A69, 0x4A69, 0x4A69, 0x4A69, 0x4A69, 0x4A69, 0x4A69, 0x4A69, 0x4A69, 0x4A69, 0x4A69,
    0x4A69, 0x4A69, 0x4A69, 0x4A69, 0x4A69, 0x4A69, 0x4A69, 0x4A69, 0x4A69, 0x4A69, 0x4A69, 0x4A69,
    0x4A69, 0x4A69, 0x4A69, 0x4A69, 0x4A69, 0x4A69, 0x4A69, 0x4A69, 0x4A69, 0x4A69, 0x4A69, 0x4A69,
    0x4A69, 0x4A69, 0x4A69, 0x4A69, 0x4A69, 0x4A69, 0x4A69, 0x4A69, 0x4A69, 0x4A69, 0x4A69, 0x4A69,
    0x4A69, 0x4A69, 0x4A69, 0x4A69, 0x4A69, 0x4A69, 0x4A69, 0x4A69, 0xEDC0, 0xEDC0, 0xEDC0, 0xEDC0,
    0xEDC0, 0xEDC0, 0xEDC0, 0xEDC0, 0x4A69, 0x4A69, 0x4A69, 0x4A69, 0x4A69, 0x4A69, 0x4A69, 0x4A69,
    0x4A69, 0x4A69, 0x4A69, 0x4A69, 0x4A69, 0x4A69, 0x4A69, 0x4A69, 0x4A69, 0x4A69, 0x4A69, 0x4A69,
    0x4A69, 0x4A69, 0x4A69, 0x4A69, 0x4A69, 0x4A69, 0x4A69, 0x4A69, 0x4A69, 0x4A69, 0x4A69, 0x4A69,
    0x4A69, 0x4A69, 0x4A69, 0x4A69, 0x4A69, 0x4A69, 0x4A69, 0x4A69, 0x4A69, 0x4A69, 0x4A69, 0x4A69,
    0x4A69, 0x4A69, 0x4A69, 0x4A69, 0x4A69, 0x4A69, 0x4A69, 0x4A69, 0x4A69, 0x4A69, 0x4A69, 0x4A69,
    0x4A69, 0x4A69, 0x4A69, 0x4A69, 0x4A69, 0x4A69, 0x4A69, 0x4A69, 0x4A69, 0x4A69, 0x4A69, 0x4A69,
    0x4A69, 0x4A69, 0x4A69, 0x4A69, 0x4A69, 0x4A69, 0x4A69, 0x4A69, 0x4A69, 0x4A69, 0x4A69, 0x4A69,
    0x4A69, 0x4A69, 0x4A69, 0x4A69, 0x4A69, 0x4A69, 0x4A69, 0x4A69, 0x4A69, 0x4A69, 0x4A69, 0x4A69,
    0x4A69, 0x4A69, 0x4A69, 0x4A69, 0x4A69, 0x4A69, 0x4A69, 0x4A69, 0x4A69, 0x4A69, 0x4A69, 0x4A69,
    0x4A69, 0x4A69, 0x4A69, 0x4A69, 0x4A69, 0x4A69, 0x4A69, 0x4A69, 0xEDC0, 0xEDC0, 0xEDC0, 0xEDC0,
    0xEDC0, 0xEDC0, 0xEDC0, 0xEDC0, 0x4A69, 0x4A69, 0x4A69, 0x4A69, 0x4A69, 0x4A69, 0x4A69, 0x4A69,
    0x4A69, 0x4A69, 0x4A69, 0x4A69, 0x4A69, 0x4A69, 0x4A69, 0x4A69, 0x4A69, 0x4A69, 0x4A69, 0x4A69,
    0x4A69, 0x4A69, 0x4A69, 0x4A69, 0x4A69, 0x4A69, 0x4A69, 0x4A69, 0x4A69, 0x4A69, 0x4A69, 0x4A69,
    0x4A69, 0x4A69, 0x4A69, 0x4A69, 0x4A69, 0x4A69, 0x4A69, 0x4A69, 0x4A69, 0x4A69, 0x4A69, 0x4A69,
    0x4A69, 0x4A69, 0x4A69, 0x4A69, 0x4A69, 0x4A69, 0x4A69, 0x4A69, 0x4A69, 0x4A69, 0x4A69, 0x4A69,
    0x4A69, 0x4A69, 0x4A69, 0x4A69, 0x4A69, 0x4A69, 0x4A69, 0x4A69, 0x4A69, 0x4A69, 0x4A69, 0x4A69,
    0x4A69, 0x4A69, 0x4A69, 0x4A69, 0x4A69, 0x4A69, 0x4A69, 0x4A69, 0x4A69, 0x4A69, 0x4A69, 0x4A69,
    0x4A69, 0x4A69, 0x4A69, 0x4A69, 0x4A69, 0x4A69, 0x4A69, 0x4A69, 0x4A69, 0x4A69, 0x4A69, 0x4A69,
    0x4A69, 0x4A69, 0x4A69, 0x4A69, 0x4A69, 0x4A69, 0x4A69, 0x4A69, 0x4A69, 0x4A69, 0x4A69, 0x4A69,
    0x4A69, 0x4A69, 0x4A69, 0x4A69, 0x4A69, 0x4A69, 0x4A69, 0x4A69, 0xEDC0, 0xEDC0, 0xEDC0, 0xEDC0,
    0xEDC0, 0xEDC0, 0xEDC0, 0xEDC0, 0x4A69, 0x4A69, 0x4A69, 0x4A69, 0x4A69, 0x4A69, 0x4A69, 0x4A69,
    0x4A69, 0x4A69, 0x4A69, 0x4A69, 0x4A69, 0x4A69, 0x4A69, 0x4A69, 0x4A69, 0x4A69, 0x4A69, 0x4A69,
    0x4A69, 0x4A69, 0x4A69, 0x4A69, 0x4A69, 0x4A69, 0x4A69, 0x4A69, 0x4A69, 0x4A69, 0x4A69, 0x4A69,
    0x4A69, 0x4A69, 0x4A69, 0x4A69, 0x4A69, 0x4A69, 0x4A69, 0x4A69, 0x4A69, 0x4A69, 0x4A69, 0x4A69,
    0x4A69, 0x4A69, 0x4A69, 0x4A69, 0x4A69, 0x4A69, 0x4A69, 0x4A69, 0x4A69, 0x4A69, 0x4A69, 0x4A69,
    0x4A69, 0x4A69, 0x4A69, 0x4A69, 0x4A69, 0x4A69, 0x4A69, 0x4A69, 0x4A69, 0x4A69, 0x4A69, 0x4A69,
    0x4A69, 0x4A69, 0x4A69, 0x4A69, 0x4A69, 0x4A69, 0x4A69, 0x4A69, 0x4A69, 0x4A69, 0x4A69, 0x4A69,
    0x4A69, 0x4A69, 0x4A69, 0x4A69, 0x4A69, 0x4A69, 0x4A69, 0x4A69, 0x4A69, 0x4A69, 0x4A69, 0x4A69,
    0x4A69, 0x4A69, 0x4A69, 0x4A69, 0x4A69, 0x4A69, 0x4A69, 0x4A69, 0x4A69, 0x4A69, 0x4A69, 0x4A69,
    0x4A69, 0x4A69, 0x4A69, 0x4A69, 0x4A69, 0x4A69, 0x4A69, 0x4A69, 0xEDC0, 0xEDC0, 0xEDC0, 0xEDC0,
    0xEDC0, 0xEDC0, 0xEDC0, 0xEDC0, 0x4A69, 0x4A69, 0x4A69, 0x4A69, 0x4A69, 0x4A69, 0x4A69, 0x4A69,
    0x4A69, 0x4A69, 0x4A69, 0x4A69, 0x4A69, 0x4A69, 0x4A69, 0x4A69, 0x4A69, 0x4A69, 0x4A69, 0x4A69,
    0x4A69, 0x4A69, 0x4A69, 0x4A69, 0x4A69, 0x4A69, 0x4A69, 0x4A69, 0x4A69, 0x4A69, 0x4A69, 0x4A69,
    0x4A69, 0x4A69, 0x4A69, 0x4A69, 0x4A69, 0x4A69, 0x4A69, 0x4A69, 0x4A69, 0x4A69, 0x4A69, 0x4A69,
    0x4A69, 0x4A69, 0x4A69, 0x4A69, 0x4A69, 0x4A69, 0x4A69, 0x4A69, 0x4A69, 0x4A69, 0x4A69, 0x4A69,
    0x4A69, 0x4A69, 0x4A69, 0x4A69, 0x4A69, 0x4A69, 0x4A69, 0x4A69, 0x4A69, 0x4A69, 0x4A69, 0x4A69,
    0x4A69, 0x4A69, 0x4A69, 0x4A69, 0x4A69, 0x4A69, 0x4A69, 0x4A69, 0x4A69, 0x4A69, 0x4A69, 0x4A69,
    0x4A69, 0x4A69, 0x4A69, 0x4A69, 0x4A69, 0x4A69, 0x4A69, 0x4A69, 0x4A69, 0x4A69, 0x4A69, 0x4A69,
    0x4A69, 0x4A69, 0x4A69, 0x4A69, 0x4A69, 0x4A69, 0x4A69, 0x4A69, 0x4A69, 0x4A69, 0x4A69, 0x4A69,
    0x4A69, 0x4A69, 0x4A69, 0x4A69, 0x4A69, 0x4A69, 0x4A69, 0x4A69, 0xEDC0, 0xEDC0, 0xEDC0, 0xEDC0,
    0xEDC0, 0xEDC0, 0xEDC0, 0xEDC0, 0x4A69, 0x4A69, 0x4A69, 0x4A69, 0x4A69, 0x4A69, 0x4A69, 0x4A69,
    0x4A69, 0x4A69, 0x4A69, 0x4A69, 0x4A69, 0x4A69, 0x4A69, 0x4A69, 0x4A69, 0x4A69, 0x4A69, 0x4A69,
    0x4A69, 0x4A69, 0x4A69, 0x4A69, 0x4A69, 0x4A69, 0x4A69, 0x4A69, 0x4A69, 0x4A69, 0x4A69, 0x4A69,
    0x4A69, 0x4A69, 0x4A69, 0x4A69, 0x4A69, 0x4A69, 0x4A69, 0x4A69, 0x4A69, 0x4A69, 0x4A69, 0x4A69,
    0x4A69, 0x4A69, 0x4A69, 0x4A69, 0x4A69, 0x4A69, 0x4A69, 0x4A69, 0x4A69, 0x4A69, 0x4A69, 0x4A69,
    0x4A69, 0x4A69, 0x4A69, 0x4A69, 0x4A69, 0x4A69, 0x4A69, 0x4A69, 0x4A69, 0x4A69, 0x4A69, 0x4A69,
    0x4A69, 0x4A69, 0x4A69, 0x4A69, 0x4A69, 0x4A69, 0x4A69, 0x4A69, 0x4A69, 0x4A69, 0x4A69, 0x4A69,
    0x4A69, 0x4A69, 0x4A69, 0x4A69, 0x4A69, 0x4A69, 0x4A69, 0x4A69, 0x4A69, 0x4A69, 0x4A69, 0x4A69,
    0x4A69, 0x4A69, 0x4A69, 0x4A69, 0x4A69, 0x4A69, 0x4A69, 0x4A69, 0x4A69, 0x4A69, 0x4A69, 0x4A69,
    0x4A69, 0x4A69, 0x4A69, 0x4A69, 0x4A69, 0x4A69, 0x4A69, 0x4A69, 0xEDC0, 0xEDC0, 0xEDC0, 0xEDC0,
    0xEDC0, 0xEDC0, 0xEDC0, 0xEDC0, 0x4A69, 0x4A69, 0x4A69, 0x4A69, 0x4A69, 0x4A69, 0x4A69, 0x4A69,
    0x4A69, 0x4A69, 0x4A69, 0x4A69, 0x4A69, 0x4A69, 0x4A69, 0x4A69, 0x4A69, 0x4A69, 0x4A69, 0x4A69,
    0x4A69, 0x4A69, 0x4A69, 0x4A69, 0x4A69, 0x4A69, 0x4A69, 0x0861, 0x0861, 0x0861, 0x0861, 0x0861,
    0x0861, 0x0861, 0x0861, 0x0861, 0x0861, 0x0861, 0x0861, 0x0861, 0x0861, 0x0861, 0x0861, 0x0861,
    0x0861, 0x0861, 0x0861, 0x0861, 0x0861, 0x0861, 0x0861, 0x0861, 0x0861, 0x0861, 0x0861, 0x0861,
    0x0861, 0x0861, 0x0861, 0x0861, 0x0861, 0x0861, 0x0861, 0x0861, 0x0861, 0x0861, 0x0861, 0x0861,
    0x0861, 0x0861, 0x0861, 0x0861, 0x0861, 0x0861, 0x0861, 0x0861, 0x0861, 0x0861, 0x0861, 0x0861,
    0x0861, 0x0861, 0x0861, 0x0861, 0x0861, 0x0861, 0x4A69, 0x4A69, 0x4A69, 0x4A69, 0x4A69, 0x4A69,
    0x4A69, 0x4A69, 0x4A69, 0x4A69, 0x4A69, 0x4A69, 0x4A69, 0x4A69, 0x4A69, 0x4A69, 0x4A69, 0x4A69,
    0x4A69, 0x4A69, 0x4A69, 0x4A69, 0x4A69, 0x4A69, 0x4A69, 0x4A69, 0xEDC0, 0xEDC0, 0xEDC0, 0xEDC0,
    0xEDC0, 0xEDC0, 0xEDC0, 0xEDC0, 0x4A69, 0x4A69, 0x4A69, 0x4A69, 0x4A69, 0x4A69, 0x4A69, 0x4A69,
    0x4A69, 0x4A69, 0x4A69, 0x4A69, 0x4A69, 0x4A69, 0x4A69, 0x4A69, 0x4A69, 0x4A69, 0x4A69, 0x4A69,
    0x4A69, 0x4A69, 0x4A69, 0x4A69, 0x4A69, 0x0861, 0x0861, 0x0861, 0x0861, 0x0861, 0x0861, 0x0861,
    0x0861, 0x0861, 0x0861, 0x0861, 0x0861, 0x0861, 0x0861, 0x0861, 0x0861, 0x0861, 0x0861, 0x0861,
    0x0861, 0x0861, 0x0861, 0x0861, 0x0861, 0x0861, 0x0861, 0x0861, 0x0861, 0x0861, 0x0861, 0x0861,
    0x0861, 0x0861, 0x0861, 0x0861, 0x0861, 0x0861, 0x0861, 0x0861, 0x0861, 0x0861, 0x0861, 0x0861,
    0x0861, 0x0861, 0x0861, 0x0861, 0x0861, 0x0861, 0x0861, 0x0861, 0x0861, 0x0861, 0x0861, 0x0861,
    0x0861, 0x0861, 0x0861, 0x0861, 0x0861, 0x0861, 0x0861, 0x0861, 0x4A69, 0x4A69, 0x4A69, 0x4A69,
    0x4A69, 0x4A69, 0x4A69, 0x4A69, 0x4A69, 0x4A69, 0x4A69, 0x4A69, 0x4A69, 0x4A69, 0x4A69, 0x4A69,
    0x4A69, 0x4A69, 0x4A69, 0x4A69, 0x4A69, 0x4A69, 0x4A69, 0x4A69, 0xEDC0, 0xEDC0, 0xEDC0, 0xEDC0,
    0xEDC0, 0xEDC0, 0xEDC0, 0xEDC0, 0x4A69, 0x4A69, 0x4A69, 0x4A69, 0x4A69, 0x4A69, 0x4A69, 0x4A69,
    0x4A69, 0x4A69, 0x4A69, 0x4A69, 0x4A69, 0x4A69, 0x4A69, 0x4A69, 0x4A69, 0x4A69, 0x4A69, 0x4A69,
    0x4A69, 0x4A69, 0x4A69, 0x4A69, 0x0861, 0x0861, 0x0861, 0x0861, 0x630C, 0x630C, 0x630C, 0x630C,
    0x630C, 0x630C, 0x630C, 0x630C, 0x630C, 0x630C, 0x630C, 0x630C, 0x630C, 0x630C, 0x630C, 0x630C,
    0x630C, 0x630C, 0x630C, 0x630C, 0x630C, 0x630C, 0x630C, 0x630C, 0x630C, 0x630C, 0x630C, 0x630C,
    0x630C, 0x630C, 0x630C, 0x630C, 0x630C, 0x630C, 0x630C, 0x630C, 0x630C, 0x630C, 0x630C, 0x630C,
    0x630C, 0x630C, 0x630C, 0x630C, 0x630C, 0x630C, 0x630C, 0x630C, 0x630C, 0x630C, 0x630C, 0x630C,
    0x630C, 0x630C, 0x630C, 0x630C, 0x630C, 0x0861, 0x0861, 0x0861, 0x0861, 0x4A69, 0x4A69, 0x4A69,
    0x4A69, 0x4A69, 0x4A69, 0x4A69, 0x4A69, 0x4A69, 0x4A69, 0x4A69, 0x4A69, 0x4A69, 0x4A69, 0x4A69,
    0x4A69, 0x4A69, 0x4A69, 0x4A69, 0x4A69, 0x4A69, 0x4A69, 0x4A69, 0xEDC0, 0xEDC0, 0xEDC0, 0xEDC0,
    0xEDC0, 0xEDC0, 0xEDC0, 0xEDC0, 0x4A69, 0x4A69, 0x4A69, 0x4A69, 0x4A69, 0x4A69, 0x4A69, 0x4A69,
    0x4A69, 0x4A69, 0x4A69, 0x4A69, 0x4A69, 0x4A69, 0x4A69, 0x4A69, 0x4A69, 0x4A69, 0x4A69, 0x4A69,
    0x4A69, 0x4A69, 0x4A69, 0x0861, 0x0861, 0x0861, 0x630C, 0x630C, 0x39C7, 0x39C7, 0x39C7, 0x39C7,
    0x39C7, 0x39C7, 0x39C7, 0x39C7, 0x39C7, 0x39C7, 0x39C7, 0x39C7, 0x39C7, 0x39C7, 0x39C7, 0x39C7,
    0x39C7, 0x39C7, 0x39C7, 0x39C7, 0x39C7, 0x39C7, 0x39C7, 0x39C7, 0x39C7, 0x39C7, 0x39C7, 0x39C7,
    0x39C7, 0x39C7, 0x39C7, 0x39C7, 0x39C7, 0x39C7, 0x39C7, 0x39C7, 0x39C7, 0x39C7, 0x39C7, 0x39C7,
    0x39C7, 0x39C7, 0x39C7, 0x39C7, 0x39C7, 0x39C7, 0x39C7, 0x39C7, 0x39C7, 0x39C7, 0x39C7, 0x39C7,
    0x39C7, 0x39C7, 0x39C7, 0x39C7, 0x39C7, 0x630C, 0x630C, 0x0861, 0x0861, 0x0861, 0x4A69, 0x4A69,
    0x4A69, 0x4A69, 0x4A69, 0x4A69, 0x4A69, 0x4A69, 0x4A69, 0x4A69, 0x4A69, 0x4A69, 0x4A69, 0x4A69,
    0x4A69, 0x4A69, 0x4A69, 0x4A69, 0x4A69, 0x4A69, 0x4A69, 0x4A69, 0xEDC0, 0xEDC0, 0xEDC0, 0xEDC0,
    0xEDC0, 0xEDC0, 0xEDC0, 0xEDC0, 0x4A69, 0x4A69, 0x4A69, 0x4A69, 0x4A69, 0x4A69, 0x4A69, 0x4A69,
    0x4A69, 0x4A69, 0x4A69, 0x4A69, 0x4A69, 0x4A69, 0x4A69, 0x4A69, 0x4A69, 0x4A69, 0x4A69, 0x4A69,
    0x4A69, 0x4A69, 0x0861, 0x0861, 0x0861, 0x630C, 0x39C7, 0x39C7, 0x39C7, 0x39C7, 0x39C7, 0x39C7,
    0x39C7, 0x39C7, 0x39C7, 0x39C7, 0x39C7, 0x39C7, 0x39C7, 0x39C7, 0x39C7, 0x39C7, 0x39C7, 0x39C7,
    0x39C7, 0x39C7, 0x39C7, 0x39C7, 0x39C7, 0x39C7, 0x39C7, 0x39C7, 0x39C7, 0x39C7, 0x39C7, 0x39C7,
    0x39C7, 0x39C7, 0x39C7, 0x39C7, 0x39C7, 0x39C7, 0x39C7, 0x39C7, 0x39C7, 0x39C7, 0x39C7, 0x39C7,
    0x39C7, 0x39C7, 0x39C7, 0x39C7, 0x39C7, 0x39C7, 0x39C7, 0x39C7, 0x39C7, 0x39C7, 0x39C7, 0x39C7,
    0x39C7, 0x39C7, 0x39C7, 0x39C7, 0x39C7, 0x39C7, 0x39C7, 0x630C, 0x0861, 0x0861, 0x0861, 0x4A69,
    0x4A69, 0x4A69, 0x4A69, 0x4A69, 0x4A69, 0x4A69, 0x4A69, 0x4A69, 0x4A69, 0x4A69, 0x4A69, 0x4A69,
    0x4A69, 0x4A69, 0x4A69, 0x4A69, 0x4A69, 0x4A69, 0x4A69, 0x4A69, 0xEDC0, 0xEDC0, 0xEDC0, 0xEDC0,
    0xEDC0, 0xEDC0, 0xEDC0, 0xEDC0, 0x4A69, 0x4A69, 0x4A69, 0x4A69, 0x4A69, 0x4A69, 0x4A69, 0x4A69,
    0x4A69, 0x4A69, 0x4A69, 0x4A69, 0x4A69, 0x4A69, 0x4A69, 0x4A69, 0x4A69, 0x4A69, 0x4A69, 0x4A69,
    0x4A69, 0x0861, 0x0861, 0x0861, 0x630C, 0x39C7, 0x39C7, 0x39C7, 0x39C7, 0x39C7, 0x39C7, 0x39C7,
    0x39C7, 0x39C7, 0x39C7, 0x39C7, 0x39C7, 0x39C7, 0x39C7, 0x39C7, 0x39C7, 0x39C7, 0x39C7, 0x39C7,
    0x39C7, 0x39C7, 0x39C7, 0x39C7, 0x39C7, 0x39C7, 0x39C7, 0x39C7, 0x39C7, 0x39C7, 0x39C7, 0x39C7,
    0x39C7, 0x39C7, 0x39C7, 0x39C7, 0x39C7, 0x39C7, 0x39C7, 0x39C7, 0x39C7, 0x39C7, 0x39C7, 0x39C7,
    0x39C7, 0x39C7, 0x39C7, 0x39C7, 0x39C7, 0x39C7, 0x39C7, 0x39C7, 0x39C7, 0x39C7, 0x39C7, 0x39C7,
    0x39C7, 0x39C7, 0x39C7, 0x39C7, 0x39C7, 0x39C7, 0x39C7, 0x39C7, 0x630C, 0x0861, 0x0861, 0x0861,
    0x4A69, 0x4A69, 0x4A69, 0x4A69, 0x4A69, 0x4A69, 0x4A69, 0x4A69, 0x4A69, 0x4A69, 0x4A69, 0x4A69,
    0x4A69, 0x4A69, 0x4A69, 0x4A69, 0x4A69, 0x4A69, 0x4A69, 0x4A69, 0xEDC0, 0xEDC0, 0xEDC0, 0xEDC0,
    0xEDC0, 0xEDC0, 0xEDC0, 0xEDC0, 0x4A69, 0x4A69, 0x4A69, 0x4A69, 0x4A69, 0x4A69, 0x4A69, 0x4A69,
    0x4A69, 0x4A69, 0x4A69, 0x4A69, 0x4A69, 0x4A69, 0x4A69, 0x4A69, 0x4A69, 0x4A69, 0x4A69, 0x4A69,
    0x4A69, 0x0861, 0x0861, 0x630C, 0x39C7, 0x39C7, 0x39C7, 0x39C7, 0x39C7, 0x39C7, 0x39C7, 0x39C7,
    0x39C7, 0x39C7, 0x39C7, 0x39C7, 0x39C7, 0x39C7, 0x39C7, 0x39C7, 0x39C7, 0x39C7, 0x39C7, 0x39C7,
    0x39C7, 0x39C7, 0x39C7, 0x39C7, 0x39C7, 0x39C7, 0x39C7, 0x39C7, 0x39C7, 0x39C7, 0x39C7, 0x39C7,
    0x39C7, 0x39C7, 0x39C7, 0x39C7, 0x39C7, 0x39C7, 0x39C7, 0x39C7, 0x39C7, 0x39C7, 0x39C7, 0x39C7,
    0x39C7, 0x39C7, 0x39C7, 0x39C7, 0x39C7, 0x39C7, 0x39C7, 0x39C7, 0x39C7, 0x39C7, 0x39C7, 0x39C7,
    0x39C7, 0x39C7, 0x39C7, 0x39C7, 0x39C7, 0x39C7, 0x39C7, 0x39C7, 0x39C7, 0x630C, 0x0861, 0x0861,
    0x4A69, 0x4A69, 0x4A69, 0x4A69, 0x4A69, 0x4A69, 0x4A69, 0x4A69, 0x4A69, 0x4A69, 0x4A69, 0x4A69,
    0x4A69, 0x4A69, 0x4A69, 0x4A69, 0x4A69, 0x4A69, 0x4A69, 0x4A69, 0xEDC0, 0xEDC0, 0xEDC0, 0xEDC0,
    0xEDC0, 0xEDC0, 0xEDC0, 0xEDC0, 0x4A69, 0x4A69, 0x4A69, 0x4A69, 0x4A69, 0x4A69, 0x4A69, 0x4A69,
    0x4A69, 0x4A69, 0x4A69, 0x4A69, 0x4A69, 0x4A69, 0x4A69, 0x4A69, 0x4A69, 0x4A69, 0x4A69, 0x4A69,
    0x0861, 0x0861, 0x0861, 0x630C, 0x39C7, 0x39C7, 0x39C7, 0x39C7, 0x39C7, 0x39C7, 0x39C7, 0x39C7,
    0x39C7, 0x39C7, 0x39C7, 0x39C7, 0x39C7, 0x39C7, 0x39C7, 0x39C7, 0x39C7, 0x39C7, 0x39C7, 0x39C7,
    0x39C7, 0x39C7, 0x39C7, 0x39C7, 0x39C7, 0x39C7, 0x39C7, 0x39C7, 0x39C7, 0x39C7, 0x39C7, 0x39C7,
    0x39C7, 0x39C7, 0x39C7, 0x39C7, 0x39C7, 0x39C7, 0x39C7, 0x39C7, 0x39C7, 0x39C7, 0x39C7, 0x39C7,
    0x39C7, 0x39C7, 0x39C7, 0x39C7, 0x39C7, 0x39C7, 0x39C7, 0x39C7, 0x39C7, 0x39C7, 0x39C7, 0x39C7,
    0x39C7, 0x39C7, 0x39C7, 0x39C7, 0x39C7, 0x39C7, 0x39C7, 0x39C7, 0x39C7, 0x630C, 0x0861, 0x0861,
    0x0861, 0x4A69, 0x4A69, 0x4A69, 0x4A69, 0x4A69, 0x4A69, 0x4A69, 0x4A69, 0x4A69, 0x4A69, 0x4A69,
    0x4A69, 0x4A69, 0x4A69, 0x4A69, 0x4A69, 0x4A69, 0x4A69, 0x4A69, 0xEDC0, 0xEDC0, 0xEDC0, 0xEDC0,
    0xEDC0, 0xEDC0, 0xEDC0, 0xEDC0, 0x4A69, 0x4A69, 0x4A69, 0x4A69, 0x4A69, 0x4A69, 0x4A69, 0x4A69,
    0x4A69, 0x4A69, 0x4A69, 0x4A69, 0x4A69, 0x4A69, 0x4A69, 0x4A69, 0x4A69, 0x4A69, 0x4A69, 0x4A69,
    0x0861, 0x0861, 0x630C, 0x39C7, 0x39C7, 0x39C7, 0x39C7, 0x39C7, 0x39C7, 0x39C7, 0x39C7, 0x39C7,
    0x39C7, 0x39C7, 0x39C7, 0x39C7, 0x39C7, 0x39C7, 0x39C7, 0x39C7, 0x39C7, 0x39C7, 0x39C7, 0x39C7,
    0x39C7, 0x39C7, 0x39C7, 0x39C7, 0x39C7, 0x39C7, 0x39C7, 0x39C7, 0x39C7, 0x39C7, 0x39C7, 0x39C7,
    0xF79E, 0x39C7, 0x39C7, 0x39C7, 0x39C7, 0x39C7, 0x39C7, 0x39C7, 0x39C7, 0x39C7, 0x39C7, 0x39C7,
    0x39C7, 0x39C7, 0x39C7, 0x39C7, 0x39C7, 0x39C7, 0x39C7, 0x39C7, 0x39C7, 0x39C7, 0x39C7, 0x39C7,
    0x39C7, 0x39C7, 0x39C7, 0x39C7, 0x39C7, 0x39C7, 0x39C7, 0x39C7, 0x39C7, 0x39C7, 0x630C, 0x0861,
    0x0861, 0x4A69, 0x4A69, 0x4A69, 0x4A69, 0x4A69, 0x4A69, 0x4A69, 0x4A69, 0x4A69, 0x4A69, 0x4A69,
    0x4A69, 0x4A69, 0x4A69, 0x4A69, 0x4A69, 0x4A69, 0x4A69, 0x4A69, 0xEDC0, 0xEDC0, 0xEDC0, 0xEDC0,
    0xEDC0, 0xEDC0, 0xEDC0, 0xEDC0, 0x4A69, 0x4A69, 0x4A69, 0x4A69, 0x4A69, 0x4A69, 0x4A69, 0x4A69,
    0x4A69, 0x4A69, 0x4A69, 0x4A69, 0x4A69, 0x4A69, 0x4A69, 0x4A69, 0x4A69, 0x4A69, 0x4A69, 0x4A69,
    0x0861, 0x0861, 0x630C, 0x39C7, 0x39C7, 0x39C7, 0x39C7, 0x39C7, 0x39C7, 0x39C7, 0x39C7, 0x39C7,
    0x39C7, 0x39C7, 0x39C7, 0x39C7, 0x39C7, 0x39C7, 0x39C7, 0x39C7, 0x39C7, 0x39C7, 0x39C7, 0x39C7,
    0x39C7, 0x39C7, 0x39C7, 0x39C7, 0x39C7, 0x39C7, 0x39C7, 0x39C7, 0x39C7, 0x39C7, 0x39C7, 0xF79E,
    0xF79E, 0xF79E, 0x39C7, 0x39C7, 0x39C7, 0x39C7, 0x39C7, 0x39C7, 0x39C7, 0x39C7, 0x39C7, 0x39C7,
    0x39C7, 0x39C7, 0x39C7, 0x39C7, 0x39C7, 0x39C7, 0x39C7, 0x39C7, 0x39C7, 0x39C7, 0x39C7, 0x39C7,
    0x39C7, 0x39C7, 0x39C7, 0x39C7, 0x39C7, 0x39C7, 0x39C7, 0x39C7, 0x39C7, 0x39C7, 0x630C, 0x0861,
    0x0861, 0x4A69, 0x4A69, 0x4A69, 0x4A69, 0x4A69, 0x4A69, 0x4A69, 0x4A69, 0x4A69, 0x4A69, 0x4A69,
    0x4A69, 0x4A69, 0x4A69, 0x4A69, 0x4A69, 0x4A69, 0x4A69, 0x4A69, 0xEDC0, 0xEDC0, 0xEDC0, 0xEDC0,
    0xEDC0, 0xEDC0, 0xEDC0, 0xEDC0, 0x4A69, 0x4A69, 0x4A69, 0x4A69, 0x4A69, 0x4A69, 0x4A69, 0x4A69,
    0x4A69, 0x4A69, 0x4A69, 0x4A69, 0x4A69, 0x4A69, 0x4A69, 0x4A69, 0x4A69, 0x4A69, 0x4A69, 0x4A69,
    0x0861, 0x0861, 0x630C, 0x39C7, 0x39C7, 0x39C7, 0x39C7, 0x39C7, 0x39C7, 0x39C7, 0x39C7, 0x39C7,
    0x39C7, 0x39C7, 0x39C7, 0x39C7, 0x39C7, 0x39C7, 0x39C7, 0x39C7, 0x39C7, 0x39C7, 0x39C7, 0x39C7,
    0x39C7, 0x39C7, 0x39C7, 0x39C7, 0x39C7, 0x39C7, 0x39C7, 0x39C7, 0x39C7, 0x39C7, 0x39C7, 0xF79E,
    0xF79E, 0xF79E, 0x39C7, 0x39C7, 0x39C7, 0x39C7, 0x39C7, 0x39C7, 0x39C7, 0x39C7, 0x39C7, 0x39C7,
    0x39C7, 0x39C7, 0x39C7, 0x39C7, 0x39C7, 0x39C7, 0x39C7, 0x39C7, 0x39C7, 0x39C7, 0x39C7, 0x39C7,
    0x39C7, 0x39C7, 0x39C7, 0x39C7, 0x39C7, 0x39C7, 0x39C7, 0x39C7, 0x39C7, 0x39C7, 0x630C, 0x0861,
    0x0861, 0x4A69, 0x4A69, 0x4A69, 0x4A69, 0x4A69, 0x4A69, 0x4A69, 0x4A69, 0x4A69, 0x4A69, 0x4A69,
    0x4A69, 0x4A69, 0x4A69, 0x4A69, 0x4A69, 0x4A69, 0x4A69, 0x4A69, 0xEDC0, 0xEDC0, 0xEDC0, 0xEDC0,
    0xEDC0, 0xEDC0, 0xEDC0, 0xEDC0, 0x4A69, 0x4A69, 0x4A69, 0x4A69, 0x4A69, 0x4A69, 0x4A69, 0x4A69,
    0x4A69, 0x4A69, 0x4A69, 0x4A69, 0x4A69, 0x4A69, 0x4A69, 0x4A69, 0x4A69, 0x4A69, 0x4A69, 0x4A69,
    0x0861, 0x0861, 0x630C, 0x39C7, 0x39C7, 0x39C7, 0x39C7, 0x39C7, 0x39C7, 0x39C7, 0x39C7, 0x39C7,
    0x39C7, 0x39C7, 0x39C7, 0x39C7, 0x39C7, 0x39C7, 0x39C7, 0x39C7, 0x39C7, 0x39C7, 0x39C7, 0x39C7,
    0x39C7, 0x39C7, 0x39C7, 0x39C7, 0x39C7, 0x39C7, 0x39C7, 0x39C7, 0x39C7, 0x39C7, 0xF79E, 0xF79E,
    0xF79E, 0xF79E, 0xF79E, 0x39C7, 0x39C7, 0x39C7, 0x39C7, 0x39C7, 0x39C7, 0x39C7, 0x39C7, 0x39C7,
    0x39C7, 0x39C7, 0x39C7, 0x39C7, 0x39C7, 0x39C7, 0x39C7, 0x39C7, 0x39C7, 0x39C7, 0x39C7, 0x39C7,
    0x39C7, 0x39C7, 0x39C7, 0x39C7, 0x39C7, 0x39C7, 0x39C7, 0x39C7, 0x39C7, 0x39C7, 0x630C, 0x0861,
    0x0861, 0x4A69, 0x4A69, 0x4A69, 0x4A69, 0x4A69, 0x4A69, 0x4A69, 0x4A69, 0x4A69, 0x4A69, 0x4A69,
    0x4A69, 0x4A69, 0x4A69, 0x4A69, 0x4A69, 0x4A69, 0x4A69, 0x4A69, 0xEDC0, 0xEDC0, 0xEDC0, 0xEDC0,
    0xEDC0, 0xEDC0, 0xEDC0, 0xEDC0, 0x4A69, 0x4A69, 0x4A69, 0x4A69, 0x4A69, 0x4A69, 0x4A69, 0x4A69,
    0x4A69, 0x4A69, 0x4A69, 0x4A69, 0x4A69, 0x4A69, 0x4A69, 0x4A69, 0x4A69, 0x4A69, 0x4A69, 0x4A69,
    0x0861, 0x0861, 0x630C, 0x39C7, 0x39C7, 0x39C7, 0x39C7, 0x39C7, 0x39C7, 0x39C7, 0x39C7, 0x39C7,
    0x39C7, 0x39C7, 0x39C7, 0x39C7, 0x39C7, 0x39C7, 0x39C7, 0x39C7, 0x39C7, 0x39C7, 0x39C7, 0x39C7,
    0x39C7, 0x39C7, 0x39C7, 0x39C7, 0x39C7, 0x39C7, 0x39C7, 0x39C7, 0x39C7, 0xF79E, 0xF79E, 0xF79E,
    0xF79E, 0xF79E, 0xF79E, 0xF79E, 0x39C7, 0x39C7, 0x39C7, 0x39C7, 0x39C7, 0x39C7, 0x39C7, 0x39C7,
    0x39C7, 0x39C7, 0x39C7, 0x39C7, 0x39C7, 0x39C7, 0x39C7, 0x39C7, 0x39C7, 0x39C7, 0x39C7, 0x39C7,
    0x39C7, 0x39C7, 0x39C7, 0x39C7, 0x39C7, 0x39C7, 0x39C7, 0x39C7, 0x39C7, 0x39C7, 0x630C, 0x0861,
    0x0861, 0x4A69, 0x4A69, 0x4A69, 0x4A69, 0x4A69, 0x4A69, 0x4A69, 0x4A69, 0x4A69, 0x4A69, 0x4A69,
    0x4A69, 0x4A69, 0x4A69, 0x4A69, 0x4A69, 0x4A69, 0x4A69, 0x4A69, 0xEDC0, 0xEDC0, 0xEDC0, 0xEDC0,
    0xEDC0, 0xEDC0, 0xEDC0, 0xEDC0, 0x4A69, 0x4A69, 0x4A69, 0x4A69, 0x4A69, 0x4A69, 0x4A69, 0x4A69,
    0x4A69, 0x4A69, 0x4A69, 0x4A69, 0x4A69, 0x4A69, 0x4A69, 0x4A69, 0x4A69, 0x4A69, 0x4A69, 0x4A69,
    0x0861, 0x0861, 0x630C, 0x39C7, 0x39C7, 0x39C7, 0x39C7, 0x39C7, 0x39C7, 0x39C7, 0x39C7, 0x39C7,
    0x39C7, 0x39C7, 0x39C7, 0x39C7, 0x39C7, 0x39C7, 0x39C7, 0x39C7, 0x39C7, 0x39C7, 0x39C7, 0x39C7,
    0x39C7, 0x39C7, 0x39C7, 0x39C7, 0x39C7, 0x39C7, 0x39C7, 0x39C7, 0x39C7, 0xF79E, 0xF79E, 0xF79E,
    0xF79E, 0xF79E, 0xF79E, 0xF79E, 0x39C7, 0x39C7, 0x39C7, 0x39C7, 0x39C7, 0x39C7, 0x39C7, 0x39C7,
    0x39C7, 0x39C7, 0x39C7, 0x39C7, 0x39C7, 0x39C7, 0x39C7, 0x39C7, 0x39C7, 0x39C7, 0x39C7, 0x39C7,
    0x39C7, 0x39C7, 0x39C7, 0x39C7, 0x39C7, 0x39C7, 0x39C7, 0x39C7, 0x39C7, 0x39C7, 0x630C, 0x0861,
    0x0861, 0x4A69, 0x4A69, 0x4A69, 0x4A69, 0x4A69, 0x4A69, 0x4A69, 0x4A69, 0x4A69, 0x4A69, 0x4A69,
    0x4A69, 0x4A69, 0x4A69, 0x4A69, 0x4A69, 0x4A69, 0x4A69, 0x4A69, 0xEDC0, 0xEDC0, 0xEDC0, 0xEDC0,
    0xEDC0, 0xEDC0, 0xEDC0, 0xEDC0, 0x4A69, 0x4A69, 0x4A69, 0x4A69, 0x4A69, 0x4A69, 0x4A69, 0x4A69,
    0x4A69, 0x4A69, 0x4A69, 0x4A69, 0x4A69, 0x4A69, 0x4A69, 0x4A69, 0x4A69, 0x4A69, 0x4A69, 0x4A69,
    0x0861, 0x0861, 0x630C, 0x39C7, 0x39C7, 0x39C7, 0x39C7, 0x39C7, 0x39C7, 0x39C7, 0x39C7, 0x39C7,
    0x39C7, 0x39C7, 0x39C7, 0x39C7, 0x39C7, 0x39C7, 0x39C7, 0x39C7, 0x39C7, 0x39C7, 0x39C7, 0x39C7,
    0x39C7, 0x39C7, 0x39C7, 0x39C7, 0x39C7, 0x39C7, 0x39C7, 0x39C7, 0xF79E, 0xF79E, 0xF79E, 0xF79E,
    0xF79E, 0xF79E, 0xF79E, 0xF79E, 0xF79E, 0x39C7, 0x39C7, 0x39C7, 0x39C7, 0x39C7, 0x39C7, 0x39C7,
    0x39C7, 0x39C7, 0x39C7, 0x39C7, 0x39C7, 0x39C7, 0x39C7, 0x39C7, 0x39C7, 0x39C7, 0x39C7, 0x39C7,
    0x39C7, 0x39C7, 0x39C7, 0x39C7, 0x39C7, 0x39C7, 0x39C7, 0x39C7, 0x39C7, 0x39C7, 0x630C, 0x0861,
    0x0861, 0x4A69, 0x4A69, 0x4A69, 0x4A69, 0x4A69, 0x4A69, 0x4A69, 0x4A69, 0x4A69, 0x4A69, 0x4A69,
    0x4A69, 0x4A69, 0x4A69, 0x4A69, 0x4A69, 0x4A69, 0x4A69, 0x4A69, 0xEDC0, 0xEDC0, 0xEDC0, 0xEDC0,
    0xEDC0, 0xEDC0, 0xEDC0, 0xEDC0, 0x4A69, 0x4A69, 0x4A69, 0x4A69, 0x4A69, 0x4A69, 0x4A69, 0x4A69,
    0x4A69, 0x4A69, 0x4A69, 0x4A69, 0x4A69, 0x4A69, 0x4A69, 0x4A69, 0x4A69, 0x4A69, 0x4A69, 0x4A69,
    0x0861, 0x0861, 0x630C, 0x39C7, 0x39C7, 0x39C7, 0x39C7, 0x39C7, 0x39C7, 0x39C7, 0x39C7, 0x39C7,
    0x39C7, 0x39C7, 0x39C7, 0x39C7, 0x39C7, 0x39C7, 0x39C7, 0x39C7, 0x39C7, 0x39C7, 0x39C7, 0x39C7,
    0x39C7, 0x39C7, 0x39C7, 0x39C7, 0x39C7, 0x39C7, 0x39C7, 0xF79E, 0xF79E, 0xF79E, 0xF79E, 0xF79E,
    0xF79E, 0xF79E, 0xF79E, 0xF79E, 0xF79E, 0xF79E, 0x39C7, 0x39C7, 0x39C7, 0x39C7, 0x39C7, 0x39C7,
    0x39C7, 0x39C7, 0x39C7, 0x39C7, 0x39C7, 0x39C7, 0x39C7, 0x39C7, 0x39C7, 0x39C7, 0x39C7, 0x39C7,
    0x39C7, 0x39C7, 0x39C7, 0x39C7, 0x39C7, 0x39C7, 0x39C7, 0x39C7, 0x39C7, 0x39C7, 0x630C, 0x0861,
    0x0861, 0x4A69, 0x4A69, 0x4A69, 0x4A69, 0x4A69, 0x4A69, 0x4A69, 0x4A69, 0x4A69, 0x4A69, 0x4A69,
    0x4A69, 0x4A69, 0x4A69, 0x4A69, 0x4A69, 0x4A69, 0x4A69, 0x4A69, 0xEDC0, 0xEDC0, 0xEDC0, 0xEDC0,
    0xEDC0, 0xEDC0, 0xEDC0, 0xEDC0, 0x4A69, 0x4A69, 0x4A69, 0x4A69, 0x4A69, 0x4A69, 0x4A69, 0x4A69,
    0x4A69, 0x4A69, 0x4A69, 0x4A69, 0x4A69, 0x4A69, 0x4A69, 0x4A69, 0x4A69, 0x4A69, 0x4A69, 0x4A69,
    0x0861, 0x0861, 0x630C, 0x39C7, 0x39C7, 0x39C7, 0x39C7, 0x39C7, 0x39C7, 0x39C7, 0x39C7, 0x39C7,
    0x39C7, 0x39C7, 0x39C7, 0x39C7, 0x39C7, 0x39C7, 0x39C7, 0x39C7, 0x39C7, 0x39C7, 0x39C7, 0x39C7,
    0x39C7, 0x39C7, 0x39C7, 0x39C7, 0x39C7, 0x39C7, 0xF79E, 0xF79E, 0xF79E, 0xF79E, 0xF79E, 0xF79E,
    0xF79E, 0xF79E, 0xF79E, 0xF79E, 0xF79E, 0xF79E, 0xF79E, 0x39C7, 0x39C7, 0x39C7, 0x39C7, 0x39C7,
    0x39C7, 0x39C7, 0x39C7, 0x39C7, 0x39C7, 0x39C7, 0x39C7, 0x39C7, 0x39C7, 0x39C7, 0x39C7, 0x39C7,
    0x39C7, 0x39C7, 0x39C7, 0x39C7, 0x39C7, 0x39C7, 0x39C7, 0x39C7, 0x39C7, 0x39C7, 0x630C, 0x0861,
    0x0861, 0x4A69, 0x4A69, 0x4A69, 0x4A69, 0x4A69, 0x4A69, 0x4A69, 0x4A69, 0x4A69, 0x4A69, 0x4A69,
    0x4A69, 0x4A69, 0x4A69, 0x4A69, 0x4A69, 0x4A69, 0x4A69, 0x4A69, 0xEDC0, 0xEDC0, 0xEDC0, 0xEDC0,
    0xEDC0, 0xEDC0, 0xEDC0, 0xEDC0, 0x4A69, 0x4A69, 0x4A69, 0x4A69, 0x4A69, 0x4A69, 0x4A69, 0x4A69,
    0x4A69, 0x4A69, 0x4A69, 0x4A69, 0x4A69, 0x4A69, 0x4A69, 0x4A69, 0x4A69, 0x4A69, 0x4A69, 0x4A69,
    0x0861, 0x0861, 0x630C, 0x39C7, 0x39C7, 0x39C7, 0x39C7, 0x39C7, 0x39C7, 0x39C7, 0x39C7, 0x39C7,
    0x39C7, 0x39C7, 0x39C7, 0x39C7, 0x39C7, 0x39C7, 0x39C7, 0x39C7, 0x39C7, 0x39C7, 0x39C7, 0x39C7,
    0x39C7, 0x39C7, 0x39C7, 0x39C7, 0x39C7, 0x39C7, 0xF79E, 0xF79E, 0xF79E, 0xF79E, 0xF79E, 0xF79E,
    0xF79E, 0xF79E, 0xF79E, 0xF79E, 0xF79E, 0xF79E, 0xF79E, 0x39C7, 0x39C7, 0x39C7, 0x39C7, 0x39C7,
    0x39C7, 0x39C7, 0x39C7, 0x39C7, 0x39C7, 0x39C7, 0x39C7, 0x39C7, 0x39C7, 0x39C7, 0x39C7, 0x39C7,
    0x39C7, 0x39C7, 0x39C7, 0x39C7, 0x39C7, 0x39C7, 0x39C7, 0x39C7, 0x39C7, 0x39C7, 0x630C, 0x0861,
    0x0861, 0x4A69, 0x4A69, 0x4A69, 0x4A69, 0x4A69, 0x4A69, 0x4A69, 0x4A69, 0x4A69, 0x4A69, 0x4A69,
    0x4A69, 0x4A69, 0x4A69, 0x4A69, 0x4A69, 0x4A69, 0x4A69, 0x4A69, 0xEDC0, 0xEDC0, 0xEDC0, 0xEDC0,
    0xEDC0, 0xEDC0, 0xEDC0, 0xEDC0, 0x4A69, 0x4A69, 0x4A69, 0x4A69, 0x4A69, 0x4A69, 0x4A69, 0x4A69,
    0x4A69, 0x4A69, 0x4A69, 0x4A69, 0x4A69, 0x4A69, 0x4A69, 0x4A69, 0x4A69, 0x4A69, 0x4A69, 0x4A69,
    0x0861, 0x0861, 0x630C, 0x39C7, 0x39C7, 0x39C7, 0x39C7, 0x39C7, 0x39C7, 0x39C7, 0x39C7, 0x39C7,
    0x39C7, 0x39C7, 0x39C7, 0x39C7, 0x39C7, 0x39C7, 0x39C7, 0x39C7, 0x39C7, 0x39C7, 0x39C7, 0x39C7,
    0x39C7, 0x39C7, 0x39C7, 0x39C7, 0x39C7, 0xF79E, 0xF79E, 0xF79E, 0xF79E, 0xF79E, 0xF79E, 0xF79E,
    0xF79E, 0xF79E, 0xF79E, 0xF79E, 0xF79E, 0xF79E, 0xF79E, 0xF79E, 0x39C7, 0x39C7, 0x39C7, 0x39C7,
    0x39C7, 0x39C7, 0x39C7, 0x39C7, 0x39C7, 0x39C7, 0x39C7, 0x39C7, 0x39C7, 0x39C7, 0x39C7, 0x39C7,
    0x39C7, 0x39C7, 0x39C7, 0x39C7, 0x39C7, 0x39C7, 0x39C7, 0x39C7, 0x39C7, 0x39C7, 0x630C, 0x0861,
    0x0861, 0x4A69, 0x4A69, 0x4A69, 0x4A69, 0x4A69, 0x4A69, 0x4A69, 0x4A69, 0x4A69, 0x4A69, 0x4A69,
    0x4A69, 0x4A69, 0x4A69, 0x4A69, 0x4A69, 0x4A69, 0x4A69, 0x4A69, 0xEDC0, 0xEDC0, 0xEDC0, 0xEDC0,
    0xEDC0, 0xEDC0, 0xEDC0, 0xEDC0, 0x4A69, 0x4A69, 0x4A69, 0x4A69, 0x4A69, 0x4A69, 0x4A69, 0x4A69,
    0x4A69, 0x4A69, 0x4A69, 0x4A69, 0x4A69, 0x4A69, 0x4A69, 0x4A69, 0x4A69, 0x4A69, 0x4A69, 0x4A69,
    0x0861, 0x0861, 0x630C, 0x39C7, 0x39C7, 0x39C7, 0x39C7, 0x39C7, 0x39C7, 0x39C7, 0x39C7, 0x39C7,
    0x39C7, 0x39C7, 0x39C7, 0x39C7, 0x39C7, 0x39C7, 0x39C7, 0x39C7, 0x39C7, 0x39C7, 0x39C7, 0x39C7,
    0x39C7, 0x39C7, 0x39C7, 0x39C7, 0xF79E, 0xF79E, 0xF79E, 0xF79E, 0xF79E, 0xF79E, 0xF79E, 0xF79E,
    0xF79E, 0xF79E, 0xF79E, 0xF79E, 0xF79E, 0xF79E, 0xF79E, 0xF79E, 0xF79E, 0x39C7, 0x39C7, 0x39C7,
    0x39C7, 0x39C7, 0x39C7, 0x39C7, 0x39C7, 0x39C7, 0x39C7, 0x39C7, 0x39C7, 0x39C7, 0x39C7, 0x39C7,
    0x39C7, 0x39C7, 0x39C7, 0x39C7, 0x39C7, 0x39C7, 0x39C7, 0x39C7, 0x39C7, 0x39C7, 0x630C, 0x0861,
    0x0861, 0x4A69, 0x4A69, 0x4A69, 0x4A69, 0x4A69, 0x4A69, 0x4A69, 0x4A69, 0x4A69, 0x4A69, 0x4A69,
    0x4A69, 0x4A69, 0x4A69, 0x4A69, 0x4A69, 0x4A69, 0x4A69, 0x4A69, 0xEDC0, 0xEDC0, 0xEDC0, 0xEDC0,
    0xEDC0, 0xEDC0, 0xEDC0, 0xEDC0, 0x4A69, 0x4A69, 0x4A69, 0x4A69, 0x4A69, 0x4A69, 0x4A69, 0x4A69,
    0x4A69, 0x4A69, 0x4A69, 0x4A69, 0x4A69, 0x4A69, 0x4A69, 0x4A69, 0x4A69, 0x4A69, 0x4A69, 0x4A69,
    0x0861, 0x0861, 0x630C, 0x39C7, 0x39C7, 0x39C7, 0x39C7, 0x39C7, 0x39C7, 0x39C7, 0x39C7, 0x39C7,
    0x39C7, 0x39C7, 0x39C7, 0x39C7, 0x39C7, 0x39C7, 0x39C7, 0x39C7, 0x39C7, 0x39C7, 0x39C7, 0x39C7,
    0x39C7, 0x39C7, 0x39C7, 0x39C7, 0xF79E, 0xF79E, 0xF79E, 0xF79E, 0xF79E, 0xF79E, 0xF79E, 0xF79E,
    0xF79E, 0xF79E, 0xF79E, 0xF79E, 0xF79E, 0xF79E, 0xF79E, 0xF79E, 0xF79E, 0x39C7, 0x39C7, 0x39C7,
    0x39C7, 0x39C7, 0x39C7, 0x39C7, 0x39C7, 0x39C7, 0x39C7, 0x39C7, 0x39C7, 0x39C7, 0x39C7, 0x39C7,
    0x39C7, 0x39C7, 0x39C7, 0x39C7, 0x39C7, 0x39C7, 0x39C7, 0x39C7, 0x39C7, 0x39C7, 0x630C, 0x0861,
    0x0861, 0x4A69, 0x4A69, 0x4A69, 0x4A69, 0x4A69, 0x4A69, 0x4A69, 0x4A69, 0x4A69, 0x4A69, 0x4A69,
    0x4A69, 0x4A69, 0x4A69, 0x4A69, 0x4A69, 0x4A69, 0x4A69, 0x4A69, 0xEDC0, 0xEDC0, 0xEDC0, 0xEDC0,
    0xEDC0, 0xEDC0, 0xEDC0, 0xEDC0, 0x4A69, 0x4A69, 0x4A69, 0x4A69, 0x4A69, 0x4A69, 0x4A69, 0x4A69,
    0x4A69, 0x4A69, 0x4A69, 0x4A69, 0x4A69, 0x4A69, 0x4A69, 0x4A69, 0x4A69, 0x4A69, 0x4A69, 0x4A69,
    0x0861, 0x0861, 0x630C, 0x39C7, 0x39C7, 0x39C7, 0x39C7, 0x39C7, 0x39C7, 0x39C7, 0x39C7, 0x39C7,
    0x39C7, 0x39C7, 0x39C7, 0x39C7, 0x39C7, 0x39C7, 0x39C7, 0x39C7, 0x39C7, 0x39C7, 0x39C7, 0x39C7,
    0x39C7, 0x39C7, 0x39C7, 0xF79E, 0xF79E, 0xF79E, 0xF79E, 0xF79E, 0xF79E, 0xF79E, 0xF79E, 0xF79E,
    0xF79E, 0xF79E, 0xF79E, 0xF79E, 0xF79E, 0xF79E, 0xF79E, 0xF79E, 0xF79E, 0xF79E, 0x39C7, 0x39C7,
    0x39C7, 0x39C7, 0x39C7, 0x39C7, 0x39C7, 0x39C7, 0x39C7, 0x39C7, 0x39C7, 0x39C7, 0x39C7, 0x39C7,
    0x39C7, 0x39C7, 0x39C7, 0x39C7, 0x39C7, 0x39C7, 0x39C7, 0x39C7, 0x39C7, 0x39C7, 0x630C, 0x0861,
    0x0861, 0x4A69, 0x4A69, 0x4A69, 0x4A69, 0x4A69, 0x4A69, 0x4A69, 0x4A69, 0x4A69, 0x4A69, 0x4A69,
    0x4A69, 0x4A69, 0x4A69, 0x4A69, 0x4A69, 0x4A69, 0x4A69, 0x4A69, 0xEDC0, 0xEDC0, 0xEDC0, 0xEDC0,
    0xEDC0, 0xEDC0, 0xEDC0, 0xEDC0, 0x4A69, 0x4A69, 0x4A69, 0x4A69, 0x4A69, 0x4A69, 0x4A69, 0x4A69,
    0x4A69, 0x4A69, 0x4A69, 0x4A69, 0x4A69, 0x4A69, 0x4A69, 0x4A69, 0x4A69, 0x4A69, 0x4A69, 0x4A69,
    0x0861, 0x0861, 0x630C, 0x39C7, 0x39C7, 0x39C7, 0x39C7, 0x39C7, 0x39C7, 0x39C7, 0x39C7, 0x39C7,
    0x39C7, 0x39C7, 0x39C7, 0x39C7, 0x39C7, 0x39C7, 0x39C7, 0x39C7, 0x39C7, 0x39C7, 0x39C7, 0x39C7,
    0x39C7, 0x39C7, 0xF79E, 0xF79E, 0xF79E, 0xF79E, 0xF79E, 0xF79E, 0xF79E, 0xF79E, 0xF79E, 0xF79E,
    0xF79E, 0xF79E, 0xF79E, 0xF79E, 0xF79E, 0xF79E, 0xF79E, 0xF79E, 0xF79E, 0xF79E, 0xF79E, 0x39C7,
    0x39C7, 0x39C7, 0x39C7, 0x39C7, 0x39C7, 0x39C7, 0x39C7, 0x39C7, 0x39C7, 0x39C7, 0x39C7, 0x39C7,
    0x39C7, 0x39C7, 0x39C7, 0x39C7, 0x39C7, 0x39C7, 0x39C7, 0x39C7, 0x39C7, 0x39C7, 0x630C, 0x0861,
    0x0861, 0x4A69, 0x4A69, 0x4A69, 0x4A69, 0x4A69, 0x4A69, 0x4A69, 0x4A69, 0x4A69, 0x4A69, 0x4A69,
    0x4A69, 0x4A69, 0x4A69, 0x4A69, 0x4A69, 0x4A69, 0x4A69, 0x4A69, 0xEDC0, 0xEDC0, 0xEDC0, 0xEDC0,
    0xEDC0, 0xEDC0, 0xEDC0, 0xEDC0, 0x4A69, 0x4A69, 0x4A69, 0x4A69, 0x4A69, 0x4A69, 0x4A69, 0x4A69,
    0x4A69, 0x4A69, 0x4A69, 0x4A69, 0x4A69, 0x4A69, 0x4A69, 0x4A69, 0x4A69, 0x4A69, 0x4A69, 0x4A69,
    0x0861, 0x0861, 0x630C, 0x39C7, 0x39C7, 0x39C7, 0x39C7, 0x39C7, 0x39C7, 0x39C7, 0x39C7, 0x39C7,
    0x39C7, 0x39C7, 0x39C7, 0x39C7, 0x39C7, 0x39C7, 0x39C7, 0x39C7, 0x39C7, 0x39C7, 0x39C7, 0x39C7,
    0x39C7, 0x39C7, 0xF79E, 0xF79E, 0xF79E, 0xF79E, 0xF79E, 0xF79E, 0xF79E, 0xF79E, 0xF79E, 0xF79E,
    0xF79E, 0xF79E, 0xF79E, 0xF79E, 0xF79E, 0xF79E, 0xF79E, 0xF79E, 0xF79E, 0xF79E, 0xF79E, 0x39C7,
    0x39C7, 0x39C7, 0x39C7, 0x39C7, 0x39C7, 0x39C7, 0x39C7, 0x39C7, 0x39C7, 0x39C7, 0x39C7, 0x39C7,
    0x39C7, 0x39C7, 0x39C7, 0x39C7, 0x39C7, 0x39C7, 0x39C7, 0x39C7, 0x39C7, 0x39C7, 0x630C, 0x0861,
    0x0861, 0x4A69, 0x4A69, 0x4A69, 0x4A69, 0x4A69, 0x4A69, 0x4A69, 0x4A69, 0x4A69, 0x4A69, 0x4A69,
    0x4A69, 0x4A69, 0x4A69, 0x4A69, 0x4A69, 0x4A69, 0x4A69, 0x4A69, 0xEDC0, 0xEDC0, 0xEDC0, 0xEDC0,
    0xEDC0, 0xEDC0, 0xEDC0, 0xEDC0, 0x4A69, 0x4A69, 0x4A69, 0x4A69, 0x4A69, 0x4A69, 0x4A69, 0x4A69,
    0x4A69, 0x4A69, 0x4A69, 0x4A69, 0x4A69, 0x4A69, 0x4A69, 0x4A69, 0x4A69, 0x4A69, 0x4A69, 0x4A69,
    0x0861, 0x0861, 0x630C, 0x39C7, 0x39C7, 0x39C7, 0x39C7, 0x39C7, 0x39C7, 0x39C7, 0x39C7, 0x39C7,
    0x39C7, 0x39C7, 0x39C7, 0x39C7, 0x39C7, 0x39C7, 0x39C7, 0x39C7, 0x39C7, 0x39C7, 0x39C7, 0x39C7,
    0x39C7, 0xF79E, 0xF79E, 0xF79E, 0xF79E, 0xF79E, 0xF79E, 0xF79E, 0xF79E, 0xF79E, 0xF79E, 0xF79E,
    0xF79E, 0xF79E, 0xF79E, 0xF79E, 0xF79E, 0xF79E, 0xF79E, 0xF79E, 0xF79E, 0xF79E, 0xF79E, 0xF79E,
    0x39C7, 0x39C7, 0x39C7, 0x39C7, 0x39C7, 0x39C7, 0x39C7, 0x39C7, 0x39C7, 0x39C7, 0x39C7, 0x39C7,
    0x39C7, 0x39C7, 0x39C7, 0x39C7, 0x39C7, 0x39C7, 0x39C7, 0x39C7, 0x39C7, 0x39C7, 0x630C, 0x0861,
    0x0861, 0x4A69, 0x4A69, 0x4A69, 0x4A69, 0x4A69, 0x4A69, 0x4A69, 0x4A69, 0x4A69, 0x4A69, 0x4A69,
    0x4A69, 0x4A69, 0x4A69, 0x4A69, 0x4A69, 0x4A69, 0x4A69, 0x4A69, 0xEDC0, 0xEDC0, 0xEDC0, 0xEDC0,
    0xEDC0, 0xEDC0, 0xEDC0, 0xEDC0, 0x4A69, 0x4A69, 0x4A69, 0x4A69, 0x4A69, 0x4A69, 0x4A69, 0x4A69,
    0x4A69, 0x4A69, 0x4A69, 0x4A69, 0x4A69, 0x4A69, 0x4A69, 0x4A69, 0x4A69, 0x4A69, 0x4A69, 0x4A69,
    0x0861, 0x0861, 0x630C, 0x39C7, 0x39C7, 0x39C7, 0x39C7, 0x39C7, 0x39C7, 0x39C7, 0x39C7, 0x39C7,
    0x39C7, 0x39C7, 0x39C7, 0x39C7, 0x39C7, 0x39C7, 0x39C7, 0x39C7, 0x39C7, 0x39C7, 0x39C7, 0x39C7,
    0xF79E, 0xF79E, 0xF79E, 0xF79E, 0xF79E, 0xF79E, 0xF79E, 0xF79E, 0xF79E, 0xF79E, 0xF79E, 0xF79E,
    0xF79E, 0xF79E, 0xF79E, 0xF79E, 0xF79E, 0xF79E, 0xF79E, 0xF79E, 0xF79E, 0xF79E, 0xF79E, 0xF79E,
    0xF79E, 0x39C7, 0x39C7, 0x39C7, 0x39C7, 0x39C7, 0x39C7, 0x39C7, 0x39C7, 0x39C7, 0x39C7, 0x39C7,
    0x39C7, 0x39C7, 0x39C7, 0x39C7, 0x39C7, 0x39C7, 0x39C7, 0x39C7, 0x39C7, 0x39C7, 0x630C, 0x0861,
    0x0861, 0x4A69, 0x4A69, 0x4A69, 0x4A69, 0x4A69, 0x4A69, 0x4A69, 0x4A69, 0x4A69, 0x4A69, 0x4A69,
    0x4A69, 0x4A69, 0x4A69, 0x4A69, 0x4A69, 0x4A69, 0x4A69, 0x4A69, 0xEDC0, 0xEDC0, 0xEDC0, 0xEDC0,
    0xEDC0, 0xEDC0, 0xEDC0, 0xEDC0, 0x4A69, 0x4A69, 0x4A69, 0x4A69, 0x4A69, 0x4A69, 0x4A69, 0x4A69,
    0x4A69, 0x4A69, 0x4A69, 0x4A69, 0x4A69, 0x4A69, 0x4A69, 0x4A69, 0x4A69, 0x4A69, 0x4A69, 0x4A69,
    0x0861, 0x0861, 0x630C, 0x39C7, 0x39C7, 0x39C7, 0x39C7, 0x39C7, 0x39C7, 0x39C7, 0x39C7, 0x39C7,
    0x39C7, 0x39C7, 0x39C7, 0x39C7, 0x39C7, 0x39C7, 0x39C7, 0x39C7, 0x39C7, 0x39C7, 0x39C7, 0xF79E,
    0xF79E, 0xF79E, 0xF79E, 0xF79E, 0xF79E, 0xF79E, 0xF79E, 0xF79E, 0xF79E, 0xF79E, 0xF79E, 0xF79E,
    0xF79E, 0xF79E, 0xF79E, 0xF79E, 0xF79E, 0xF79E, 0xF79E, 0xF79E, 0xF79E, 0xF79E, 0xF79E, 0xF79E,
    0xF79E, 0xF79E, 0x39C7, 0x39C7, 0x39C7, 0x39C7, 0x39C7, 0x39C7, 0x39C7, 0x39C7, 0x39C7, 0x39C7,
    0x39C7, 0x39C7, 0x39C7, 0x39C7, 0x39C7, 0x39C7, 0x39C7, 0x39C7, 0x39C7, 0x39C7, 0x630C, 0x0861,
    0x0861, 0x4A69, 0x4A69, 0x4A69, 0x4A69, 0x4A69, 0x4A69, 0x4A69, 0x4A69, 0x4A69, 0x4A69, 0x4A69,
    0x4A69, 0x4A69, 0x4A69, 0x4A69, 0x4A69, 0x4A69, 0x4A69, 0x4A69, 0xEDC0, 0xEDC0, 0xEDC0, 0xEDC0,
    0xEDC0, 0xEDC0, 0xEDC0, 0xEDC0, 0x4A69, 0x4A69, 0x4A69, 0x4A69, 0x4A69, 0x4A69, 0x4A69, 0x4A69,
    0x4A69, 0x4A69, 0x4A69, 0x4A69, 0x4A69, 0x4A69, 0x4A69, 0x4A69, 0x4A69, 0x4A69, 0x4A69, 0x4A69,
    0x0861, 0x0861, 0x630C, 0x39C7, 0x39C7, 0x39C7, 0x39C7, 0x39C7, 0x39C7, 0x39C7, 0x39C7, 0x39C7,
    0x39C7, 0x39C7, 0x39C7, 0x39C7, 0x39C7, 0x39C7, 0x39C7, 0x39C7, 0x39C7, 0x39C7, 0x39C7, 0xF79E,
    0xF79E, 0xF79E, 0xF79E, 0xF79E, 0xF79E, 0xF79E, 0xF79E, 0xF79E, 0xF79E, 0xF79E, 0xF79E, 0xF79E,
    0xF79E, 0xF79E, 0xF79E, 0xF79E, 0xF79E, 0xF79E, 0xF79E, 0xF79E, 0xF79E, 0xF79E, 0xF79E, 0xF79E,
    0xF79E, 0xF79E, 0x39C7, 0x39C7, 0x39C7, 0x39C7, 0x39C7, 0x39C7, 0x39C7, 0x39C7, 0x39C7, 0x39C7,
    0x39C7, 0x39C7, 0x39C7, 0x39C7, 0x39C7, 0x39C7, 0x39C7, 0x39C7, 0x39C7, 0x39C7, 0x630C, 0x0861,
    0x0861, 0x4A69, 0x4A69, 0x4A69, 0x4A69, 0x4A69, 0x4A69, 0x4A69, 0x4A69, 0x4A69, 0x4A69, 0x4A69,
    0x4A69, 0x4A69, 0x4A69, 0x4A69, 0x4A69, 0x4A69, 0x4A69, 0x4A69, 0xEDC0, 0xEDC0, 0xEDC0, 0xEDC0,
    0xEDC0, 0xEDC0, 0xEDC0, 0xEDC0, 0x4A69, 0x4A69, 0x4A69, 0x4A69, 0x4A69, 0x4A69, 0x4A69, 0x4A69,
    0x4A69, 0x4A69, 0x4A69, 0x4A69, 0x4A69, 0x4A69, 0x4A69, 0x4A69, 0x4A69, 0x4A69, 0x4A69, 0x4A69,
    0x0861, 0x0861, 0x630C, 0x39C7, 0x39C7, 0x39C7, 0x39C7, 0x39C7, 0x39C7, 0x39C7, 0x39C7, 0x39C7,
    0x39C7, 0x39C7, 0x39C7, 0x39C7, 0x39C7, 0x39C7, 0x39C7, 0x39C7, 0x39C7, 0x39C7, 0xF79E, 0xF79E,
    0xF79E, 0xF79E, 0xF79E, 0xF79E, 0xF79E, 0xF79E, 0xF79E, 0xF79E, 0xF79E, 0xF79E, 0xF79E, 0xF79E,
    0xF79E, 0xF79E, 0xF79E, 0xF79E, 0xF79E, 0xF79E, 0xF79E, 0xF79E, 0xF79E, 0xF79E, 0xF79E, 0xF79E,
    0xF79E, 0xF79E, 0xF79E, 0x39C7, 0x39C7, 0x39C7, 0x39C7, 0x39C7, 0x39C7, 0x39C7, 0x39C7, 0x39C7,
    0x39C7, 0x39C7, 0x39C7, 0x39C7, 0x39C7, 0x39C7, 0x39C7, 0x39C7, 0x39C7, 0x39C7, 0x630C, 0x0861,
    0x0861, 0x4A69, 0x4A69, 0x4A69, 0x4A69, 0x4A69, 0x4A69, 0x4A69, 0x4A69, 0x4A69, 0x4A69, 0x4A69,
    0x4A69, 0x4A69, 0x4A69, 0x4A69, 0x4A69, 0x4A69, 0x4A69, 0x4A69, 0xEDC0, 0xEDC0, 0xEDC0, 0xEDC0,
    0xEDC0, 0xEDC0, 0xEDC0, 0xEDC0, 0x4A69, 0x4A69, 0x4A69, 0x4A69, 0x4A69, 0x4A69, 0x4A69, 0x4A69,
    0x4A69, 0x4A69, 0x4A69, 0x4A69, 0x4A69, 0x4A69, 0x4A69, 0x4A69, 0x4A69, 0x4A69, 0x4A69, 0x4A69,
    0x0861, 0x0861, 0x630C, 0x39C7, 0x39C7, 0x39C7, 0x39C7, 0x39C7, 0x39C7, 0x39C7, 0x39C7, 0x39C7,
    0x39C7, 0x39C7, 0x39C7, 0x39C7, 0x39C7, 0x39C7, 0x39C7, 0x39C7, 0x39C7, 0x39C7, 0x39C7, 0x39C7,
    0x39C7, 0x39C7, 0x39C7, 0x39C7, 0x39C7, 0x39C7, 0x39C7, 0x39C7, 0x39C7, 0x39C7, 0x39C7, 0x39C7,
    0x39C7, 0x39C7, 0x39C7, 0x39C7, 0x39C7, 0x39C7, 0x39C7, 0x39C7, 0x39C7, 0x39C7, 0x39C7, 0x39C7,
    0x39C7, 0x39C7, 0x39C7, 0x39C7, 0x39C7, 0x39C7, 0x39C7, 0x39C7, 0x39C7, 0x39C7, 0x39C7, 0x39C7,
    0x39C7, 0x39C7, 0x39C7, 0x39C7, 0x39C7, 0x39C7, 0x39C7, 0x39C7, 0x39C7, 0x39C7, 0x630C, 0x0861,
    0x0861, 0x4A69, 0x4A69, 0x4A69, 0x4A69, 0x4A69, 0x4A69, 0x4A69, 0x4A69, 0x4A69, 0x4A69, 0x4A69,
    0x4A69, 0x4A69, 0x4A69, 0x4A69, 0x4A69, 0x4A69, 0x4A69, 0x4A69, 0xEDC0, 0xEDC0, 0xEDC0, 0xEDC0,
    0xEDC0, 0xEDC0, 0xEDC0, 0xEDC0, 0x4A69, 0x4A69, 0x4A69, 0x4A69, 0x4A69, 0x4A69, 0x4A69, 0x4A69,
    0x4A69, 0x4A69, 0x4A69, 0x4A69, 0x4A69, 0x4A69, 0x4A69, 0x4A69, 0x4A69, 0x4A69, 0x4A69, 0x4A69,
    0x0861, 0x0861, 0x630C, 0x39C7, 0x39C7, 0x39C7, 0x39C7, 0x39C7, 0x39C7, 0x39C7, 0x39C7, 0x39C7,
    0x39C7, 0x39C7, 0x39C7, 0x39C7, 0x39C7, 0x39C7, 0x39C7, 0x39C7, 0x39C7, 0x39C7, 0x39C7, 0x39C7,
    0x39C7, 0x39C7, 0x39C7, 0x39C7, 0x39C7, 0x39C7, 0x39C7, 0x39C7, 0x39C7, 0x39C7, 0x39C7, 0x39C7,
    0x39C7, 0x39C7, 0x39C7, 0x39C7, 0x39C7, 0x39C7, 0x39C7, 0x39C7, 0x39C7, 0x39C7, 0x39C7, 0x39C7,
    0x39C7, 0x39C7, 0x39C7, 0x39C7, 0x39C7, 0x39C7, 0x39C7, 0x39C7, 0x39C7, 0x39C7, 0x39C7, 0x39C7,
    0x39C7, 0x39C7, 0x39C7, 0x39C7, 0x39C7, 0x39C7, 0x39C7, 0x39C7, 0x39C7, 0x39C7, 0x630C, 0x0861,
    0x0861, 0x4A69, 0x4A69, 0x4A69, 0x4A69, 0x4A69, 0x4A69, 0x4A69, 0x4A69, 0x4A69, 0x4A69, 0x4A69,
    0x4A69, 0x4A69, 0x4A69, 0x4A69, 0x4A69, 0x4A69, 0x4A69, 0x4A69, 0xEDC0, 0xEDC0, 0xEDC0, 0xEDC0,
    0xEDC0, 0xEDC0, 0xEDC0, 0xEDC0, 0x4A69, 0x4A69, 0x4A69, 0x4A69, 0x4A69, 0x4A69, 0x4A69, 0x4A69,
    0x4A69, 0x4A69, 0x4A69, 0x4A69, 0x4A69, 0x4A69, 0x4A69, 0x4A69, 0x4A69, 0x4A69, 0x4A69, 0x4A69,
    0x0861, 0x0861, 0x630C, 0x39C7, 0x39C7, 0x39C7, 0x39C7, 0x39C7, 0x39C7, 0x39C7, 0x39C7, 0x39C7,
    0x39C7, 0x39C7, 0x39C7, 0x39C7, 0x39C7, 0x39C7, 0x39C7, 0x39C7, 0x39C7, 0x39C7, 0x39C7, 0x39C7,
    0x39C7, 0x39C7, 0x39C7, 0x39C7, 0x39C7, 0x39C7, 0x39C7, 0x39C7, 0x39C7, 0x39C7, 0x39C7, 0x39C7,
    0x39C7, 0x39C7, 0x39C7, 0x39C7, 0x39C7, 0x39C7, 0x39C7, 0x39C7, 0x39C7, 0x39C7, 0x39C7, 0x39C7,
    0x39C7, 0x39C7, 0x39C7, 0x39C7, 0x39C7, 0x39C7, 0x39C7, 0x39C7, 0x39C7, 0x39C7, 0x39C7, 0x39C7,
    0x39C7, 0x39C7, 0x39C7, 0x39C7, 0x39C7, 0x39C7, 0x39C7, 0x39C7, 0x39C7, 0x39C7, 0x630C, 0x0861,
    0x0861, 0x4A69, 0x4A69, 0x4A69, 0x4A69, 0x4A69, 0x4A69, 0x4A69, 0x4A69, 0x4A69, 0x4A69, 0x4A69,
    0x4A69, 0x4A69, 0x4A69, 0x4A69, 0x4A69, 0x4A69, 0x4A69, 0x4A69, 0xEDC0, 0xEDC0, 0xEDC0, 0xEDC0,
    0xEDC0, 0xEDC0, 0xEDC0, 0xEDC0, 0x4A69, 0x4A69, 0x4A69, 0x4A69, 0x4A69, 0x4A69, 0x4A69, 0x4A69,
    0x4A69, 0x4A69, 0x4A69, 0x4A69, 0x4A69, 0x4A69, 0x4A69, 0x4A69, 0x4A69, 0x4A69, 0x4A69, 0x4A69,
    0x0861, 0x0861, 0x630C, 0x39C7, 0x39C7, 0x39C7, 0x39C7, 0x39C7, 0x39C7, 0x39C7, 0x39C7, 0x39C7,
    0x39C7, 0x39C7, 0x39C7, 0x39C7, 0x39C7, 0x39C7, 0x39C7, 0x39C7, 0x39C7, 0x39C7, 0x39C7, 0x39C7,
    0x39C7, 0x39C7, 0x39C7, 0x39C7, 0x39C7, 0x39C7, 0x39C7, 0x39C7, 0x39C7, 0x39C7, 0x39C7, 0x39C7,
    0x39C7, 0x39C7, 0x39C7, 0x39C7, 0x39C7, 0x39C7, 0x39C7, 0x39C7, 0x39C7, 0x39C7, 0x39C7, 0x39C7,
    0x39C7, 0x39C7, 0x39C7, 0x39C7, 0x39C7, 0x39C7, 0x39C7, 0x39C7, 0x39C7, 0x39C7, 0x39C7, 0x39C7,
    0x39C7, 0x39C7, 0x39C7, 0x39C7, 0x39C7, 0x39C7, 0x39C7, 0x39C7, 0x39C7, 0x39C7, 0x630C, 0x0861,
    0x0861, 0x4A69, 0x4A69, 0x4A69, 0x4A69, 0x4A69, 0x4A69, 0x4A69, 0x4A69, 0x4A69, 0x4A69, 0x4A69,
    0x4A69, 0x4A69, 0x4A69, 0x4A69, 0x4A69, 0x4A69, 0x4A69, 0x4A69, 0xEDC0, 0xEDC0, 0xEDC0, 0xEDC0,
    0xEDC0, 0xEDC0, 0xEDC0, 0xEDC0, 0x4A69, 0x4A69, 0x4A69, 0x4A69, 0x4A69, 0x4A69, 0x4A69, 0x4A69,
    0x4A69, 0x4A69, 0x4A69, 0x4A69, 0x4A69, 0x4A69, 0x4A69, 0x4A69, 0x4A69, 0x4A69, 0x4A69, 0x4A69,
    0x0861, 0x0861, 0x630C, 0x39C7, 0x39C7, 0x39C7, 0x39C7, 0x39C7, 0x39C7, 0x39C7, 0x39C7, 0x39C7,
    0x39C7, 0x39C7, 0x39C7, 0x39C7, 0x39C7, 0x39C7, 0x39C7, 0x39C7, 0x39C7, 0x39C7, 0x39C7, 0x39C7,
    0x39C7, 0x39C7, 0x39C7, 0x39C7, 0x39C7, 0x39C7, 0x39C7, 0x39C7, 0x39C7, 0x39C7, 0x39C7, 0x39C7,
    0x39C7, 0x39C7, 0x39C7, 0x39C7, 0x39C7, 0x39C7, 0x39C7, 0x39C7, 0x39C7, 0x39C7, 0x39C7, 0x39C7,
    0x39C7, 0x39C7, 0x39C7, 0x39C7, 0x39C7, 0x39C7, 0x39C7, 0x39C7, 0x39C7, 0x39C7, 0x39C7, 0x39C7,
    0x39C7, 0x39C7, 0x39C7, 0x39C7, 0x39C7, 0x39C7, 0x39C7, 0x39C7, 0x39C7, 0x39C7, 0x630C, 0x0861,
    0x0861, 0x4A69, 0x4A69, 0x4A69, 0x4A69, 0x4A69, 0x4A69, 0x4A69, 0x4A69, 0x4A69, 0x4A69, 0x4A69,
    0x4A69, 0x4A69, 0x4A69, 0x4A69, 0x4A69, 0x4A69, 0x4A69, 0x4A69, 0xEDC0, 0xEDC0, 0xEDC0, 0xEDC0,
    0xEDC0, 0xEDC0, 0xEDC0, 0xEDC0, 0x4A69, 0x4A69, 0x4A69, 0x4A69, 0x4A69, 0x4A69, 0x4A69, 0x4A69,
    0x4A69, 0x4A69, 0x4A69, 0x4A69, 0x4A69, 0x4A69, 0x4A69, 0x4A69, 0x4A69, 0x4A69, 0x4A69, 0x4A69,
    0x0861, 0x0861, 0x630C, 0x528A, 0x528A, 0x528A, 0x528A, 0x528A, 0x528A, 0x528A, 0x528A, 0x528A,
    0x528A, 0x528A, 0x528A, 0x528A, 0x528A, 0x528A, 0x528A, 0x528A, 0x528A, 0x528A, 0x528A, 0x528A,
    0x528A, 0x528A, 0x528A, 0x528A, 0x528A, 0x528A, 0x528A, 0x528A, 0x528A, 0x528A, 0x528A, 0x528A,
    0x528A, 0x528A, 0x528A, 0x528A, 0x528A, 0x528A, 0x528A, 0x528A, 0x528A, 0x528A, 0x528A, 0x528A,
    0x528A, 0x528A, 0x528A, 0x528A, 0x528A, 0x528A, 0x528A, 0x528A, 0x528A, 0x528A, 0x528A, 0x528A,
    0x528A, 0x528A, 0x528A, 0x528A, 0x528A, 0x528A, 0x528A, 0x528A, 0x528A, 0x528A, 0x630C, 0x0861,
    0x0861, 0x4A69, 0x4A69, 0x4A69, 0x4A69, 0x4A69, 0x4A69, 0x4A69, 0x4A69, 0x4A69, 0x4A69, 0x4A69,
    0x4A69, 0x4A69, 0x4A69, 0x4A69, 0x4A69, 0x4A69, 0x4A69, 0x4A69, 0xEDC0, 0xEDC0, 0xEDC0, 0xEDC0,
    0xEDC0, 0xEDC0, 0xEDC0, 0xEDC0, 0x4A69, 0x4A69, 0x4A69, 0x4A69, 0x4A69, 0x4A69, 0x4A69, 0x4A69,
    0x4A69, 0x4A69, 0x4A69, 0x4A69, 0x4A69, 0x4A69, 0x4A69, 0x4A69, 0x4A69, 0x4A69, 0x4A69, 0x4A69,
    0x0861, 0x0861, 0x630C, 0x2965, 0x2965, 0x2965, 0x2965, 0x2965, 0x2965, 0x2965, 0x2965, 0x2965,
    0x2965, 0x2965, 0x2965, 0x2965, 0x2965, 0x2965, 0x2965, 0x2965, 0x2965, 0x2965, 0x2965, 0x2965,
    0x2965, 0x2965, 0x2965, 0x2965, 0x2965, 0x2965, 0x2965, 0x2965, 0x2965, 0x2965, 0x2965, 0x2965,
    0x2965, 0x2965, 0x2965, 0x2965, 0x2965, 0x2965, 0x2965, 0x2965, 0x2965, 0x2965, 0x2965, 0x2965,
    0x2965, 0x2965, 0x2965, 0x2965, 0x2965, 0x2965, 0x2965, 0x2965, 0x2965, 0x2965, 0x2965, 0x2965,
    0x2965, 0x2965, 0x2965, 0x2965, 0x2965, 0x2965, 0x2965, 0x2965, 0x2965, 0x2965, 0x630C, 0x0861,
    0x0861, 0x4A69, 0x4A69, 0x4A69, 0x4A69, 0x4A69, 0x4A69, 0x4A69, 0x4A69, 0x4A69, 0x4A69, 0x4A69,
    0x4A69, 0x4A69, 0x4A69, 0x4A69, 0x4A69, 0x4A69, 0x4A69, 0x4A69, 0xEDC0, 0xEDC0, 0xEDC0, 0xEDC0,
    0xEDC0, 0xEDC0, 0xEDC0, 0xEDC0, 0x4A69, 0x4A69, 0x4A69, 0x4A69, 0x4A69, 0x4A69, 0x4A69, 0x4A69,
    0x4A69, 0x4A69, 0x4A69, 0x4A69, 0x4A69, 0x4A69, 0x4A69, 0x4A69, 0x4A69, 0x4A69, 0x4A69, 0x4A69,
    0x0861, 0x0861, 0x630C, 0x2965, 0x2965, 0x2965, 0x2965, 0x2965, 0x2965, 0x2965, 0x2965, 0x2965,
    0x2965, 0x2965, 0x2965, 0x2965, 0x2965, 0x2965, 0x2965, 0x2965, 0x2965, 0x2965, 0x2965, 0x2965,
    0x2965, 0x2965, 0x2965, 0x2965, 0x2965, 0x2965, 0x2965, 0x2965, 0x2965, 0x2965, 0x2965, 0x2965,
    0x2965, 0x2965, 0x2965, 0x2965, 0x2965, 0x2965, 0x2965, 0x2965, 0x2965, 0x2965, 0x2965, 0x2965,
    0x2965, 0x2965, 0x2965, 0x2965, 0x2965, 0x2965, 0x2965, 0x2965, 0x2965, 0x2965, 0x2965, 0x2965,
    0x2965, 0x2965, 0x2965, 0x2965, 0x2965, 0x2965, 0x2965, 0x2965, 0x2965, 0x2965, 0x630C, 0x0861,
    0x0861, 0x4A69, 0x4A69, 0x4A69, 0x4A69, 0x4A69, 0x4A69, 0x4A69, 0x4A69, 0x4A69, 0x4A69, 0x4A69,
    0x4A69, 0x4A69, 0x4A69, 0x4A69, 0x4A69, 0x4A69, 0x4A69, 0x4A69, 0xEDC0, 0xEDC0, 0xEDC0, 0xEDC0,
    0xEDC0, 0xEDC0, 0xEDC0, 0xEDC0, 0x4A69, 0x4A69, 0x4A69, 0x4A69, 0x4A69, 0x4A69, 0x4A69, 0x4A69,
    0x4A69, 0x4A69, 0x4A69, 0x4A69, 0x4A69, 0x4A69, 0x4A69, 0x4A69, 0x4A69, 0x4A69, 0x4A69, 0x4A69,
    0x0861, 0x0861, 0x630C, 0x2965, 0x2965, 0x2965, 0x2965, 0x2965, 0x2965, 0x2965, 0x2965, 0x2965,
    0x2965, 0x2965, 0x2965, 0x2965, 0x2965, 0x2965, 0x2965, 0x2965, 0x2965, 0x2965, 0x2965, 0x2965,
    0x2965, 0x2965, 0x2965, 0x2965, 0x2965, 0x2965, 0x2965, 0x2965, 0x2965, 0x2965, 0x2965, 0x2965,
    0x2965, 0x2965, 0x2965, 0x2965, 0x2965, 0x2965, 0x2965, 0x2965, 0x2965, 0x2965, 0x2965, 0x2965,
    0x2965, 0x2965, 0x2965, 0x2965, 0x2965, 0x2965, 0x2965, 0x2965, 0x2965, 0x2965, 0x2965, 0x2965,
    0x2965, 0x2965, 0x2965, 0x2965, 0x2965, 0x2965, 0x2965, 0x2965, 0x2965, 0x2965, 0x630C, 0x0861,
    0x0861, 0x4A69, 0x4A69, 0x4A69, 0x4A69, 0x4A69, 0x4A69, 0x4A69, 0x4A69, 0x4A69, 0x4A69, 0x4A69,
    0x4A69, 0x4A69, 0x4A69, 0x4A69, 0x4A69, 0x4A69, 0x4A69, 0x4A69, 0xEDC0, 0xEDC0, 0xEDC0, 0xEDC0,
    0xEDC0, 0xEDC0, 0xEDC0, 0xEDC0, 0x4A69, 0x4A69, 0x4A69, 0x4A69, 0x4A69, 0x4A69, 0x4A69, 0x4A69,
    0x4A69, 0x4A69, 0x4A69, 0x4A69, 0x4A69, 0x4A69, 0x4A69, 0x4A69, 0x4A69, 0x4A69, 0x4A69, 0x4A69,
    0x0861, 0x0861, 0x630C, 0x2965, 0x2965, 0x2965, 0x2965, 0x2965, 0x2965, 0x2965, 0x2965, 0x2965,
    0x2965, 0x2965, 0x2965, 0x2965, 0x2965, 0x2965, 0x2965, 0x2965, 0x2965, 0x2965, 0x2965, 0x2965,
    0x2965, 0x2965, 0x2965, 0x2965, 0x2965, 0x2965, 0x2965, 0x2965, 0x2965, 0x2965, 0x2965, 0x2965,
    0x2965, 0x2965, 0x2965, 0x2965, 0x2965, 0x2965, 0x2965, 0x2965, 0x2965, 0x2965, 0x2965, 0x2965,
    0x2965, 0x2965, 0x2965, 0x2965, 0x2965, 0x2965, 0x2965, 0x2965, 0x2965, 0x2965, 0x2965, 0x2965,
    0x2965, 0x2965, 0x2965, 0x2965, 0x2965, 0x2965, 0x2965, 0x2965, 0x2965, 0x2965, 0x630C, 0x0861,
    0x0861, 0x4A69, 0x4A69, 0x4A69, 0x4A69, 0x4A69, 0x4A69, 0x4A69, 0x4A69, 0x4A69, 0x4A69, 0x4A69,
    0x4A69, 0x4A69, 0x4A69, 0x4A69, 0x4A69, 0x4A69, 0x4A69, 0x4A69, 0xEDC0, 0xEDC0, 0xEDC0, 0xEDC0,
    0xEDC0, 0xEDC0, 0xEDC0, 0xEDC0, 0x4A69, 0x4A69, 0x4A69, 0x4A69, 0x4A69, 0x4A69, 0x4A69, 0x4A69,
    0x4A69, 0x4A69, 0x4A69, 0x4A69, 0x4A69, 0x4A69, 0x4A69, 0x4A69, 0x4A69, 0x4A69, 0x4A69, 0x4A69,
    0x0861, 0x0861, 0x630C, 0x2965, 0x2965, 0x2965, 0x2965, 0x2965, 0x2965, 0x2965, 0x2965, 0x2965,
    0x2965, 0x2965, 0x2965, 0x2965, 0x2965, 0x2965, 0x2965, 0x2965, 0x2965, 0x2965, 0x2965, 0x2965,
    0x2965, 0x2965, 0x2965, 0x2965, 0x2965, 0x2965, 0x2965, 0x2965, 0x2965, 0x2965, 0x2965, 0x2965,
    0x2965, 0x2965, 0x2965, 0x2965, 0x2965, 0x2965, 0x2965, 0x2965, 0x2965, 0x2965, 0x2965, 0x2965,
    0x2965, 0x2965, 0x2965, 0x2965, 0x2965, 0x2965, 0x2965, 0x2965, 0x2965, 0x2965, 0x2965, 0x2965,
    0x2965, 0x2965, 0x2965, 0x2965, 0x2965, 0x2965, 0x2965, 0x2965, 0x2965, 0x2965, 0x630C, 0x0861,
    0x0861, 0x4A69, 0x4A69, 0x4A69, 0x4A69, 0x4A69, 0x4A69, 0x4A69, 0x4A69, 0x4A69, 0x4A69, 0x4A69,
    0x4A69, 0x4A69, 0x4A69, 0x4A69, 0x4A69, 0x4A69, 0x4A69, 0x4A69, 0xEDC0, 0xEDC0, 0xEDC0, 0xEDC0,
    0xEDC0, 0xEDC0, 0xEDC0, 0xEDC0, 0x4A69, 0x4A69, 0x4A69, 0x4A69, 0x4A69, 0x4A69, 0x4A69, 0x4A69,
    0x4A69, 0x4A69, 0x4A69, 0x4A69, 0x4A69, 0x4A69, 0x4A69, 0x4A69, 0x4A69, 0x4A69, 0x4A69, 0x4A69,
    0x0861, 0x0861, 0x630C, 0x2965, 0x2965, 0x2965, 0x2965, 0x2965, 0x2965, 0x2965, 0x2965, 0x2965,
    0x2965, 0x2965, 0x2965, 0x2965, 0x2965, 0x2965, 0x2965, 0x2965, 0x2965, 0x2965, 0x2965, 0x2965,
    0x2965, 0x2965, 0x2965, 0x2965, 0x2965, 0x2965, 0x2965, 0x2965, 0x2965, 0x2965, 0x2965, 0x2965,
    0x2965, 0x2965, 0x2965, 0x2965, 0x2965, 0x2965, 0x2965, 0x2965, 0x2965, 0x2965, 0x2965, 0x2965,
    0x2965, 0x2965, 0x2965, 0x2965, 0x2965, 0x2965, 0x2965, 0x2965, 0x2965, 0x2965, 0x2965, 0x2965,
    0x2965, 0x2965, 0x2965, 0x2965, 0x2965, 0x2965, 0x2965, 0x2965, 0x2965, 0x2965, 0x630C, 0x0861,
    0x0861, 0x4A69, 0x4A69, 0x4A69, 0x4A69, 0x4A69, 0x4A69, 0x4A69, 0x4A69, 0x4A69, 0x4A69, 0x4A69,
    0x4A69, 0x4A69, 0x4A69, 0x4A69, 0x4A69, 0x4A69, 0x4A69, 0x4A69, 0xEDC0, 0xEDC0, 0xEDC0, 0xEDC0,
    0xEDC0, 0xEDC0, 0xEDC0, 0xEDC0, 0x4A69, 0x4A69, 0x4A69, 0x4A69, 0x4A69, 0x4A69, 0x4A69, 0x4A69,
    0x4A69, 0x4A69, 0x4A69, 0x4A69, 0x4A69, 0x4A69, 0x4A69, 0x4A69, 0x4A69, 0x4A69, 0x4A69, 0x4A69,
    0x0861, 0x0861, 0x630C, 0x2965, 0x2965, 0x2965, 0x2965, 0x2965, 0x2965, 0x2965, 0x2965, 0x2965,
    0x2965, 0x2965, 0x2965, 0x2965, 0x2965, 0x2965, 0x2965, 0x2965, 0x2965, 0x2965, 0x2965, 0x2965,
    0x2965, 0x2965, 0x2965, 0x2965, 0x2965, 0x2965, 0x2965, 0x2965, 0x2965, 0x2965, 0x2965, 0x2965,
    0x2965, 0x2965, 0x2965, 0x2965, 0x2965, 0x2965, 0x2965, 0x2965, 0x2965, 0x2965, 0x2965, 0x2965,
    0x2965, 0x2965, 0x2965, 0x2965, 0x2965, 0x2965, 0x2965, 0x2965, 0x2965, 0x2965, 0x2965, 0x2965,
    0x2965, 0x2965, 0x2965, 0x2965, 0x2965, 0x2965, 0x2965, 0x2965, 0x2965, 0x2965, 0x630C, 0x0861,
    0x0861, 0x4A69, 0x4A69, 0x4A69, 0x4A69, 0x4A69, 0x4A69, 0x4A69, 0x4A69, 0x4A69, 0x4A69, 0x4A69,
    0x4A69, 0x4A69, 0x4A69, 0x4A69, 0x4A69, 0x4A69, 0x4A69, 0x4A69, 0xEDC0, 0xEDC0, 0xEDC0, 0xEDC0,
    0xEDC0, 0xEDC0, 0xEDC0, 0xEDC0, 0x4A69, 0x4A69, 0x4A69, 0x4A69, 0x4A69, 0x4A69, 0x4A69, 0x4A69,
    0x4A69, 0x4A69, 0x4A69, 0x4A69, 0x4A69, 0x4A69, 0x4A69, 0x4A69, 0x4A69, 0x4A69, 0x4A69, 0x4A69,
    0x0861, 0x0861, 0x630C, 0x2965, 0x2965, 0x2965, 0x2965, 0x2965, 0x2965, 0x2965, 0x2965, 0x2965,
    0x2965, 0x2965, 0x2965, 0x2965, 0x2965, 0x2965, 0x2965, 0x2965, 0x2965, 0x2965, 0x2965, 0x2965,
    0x2965, 0x2965, 0x2965, 0x2965, 0x2965, 0x2965, 0x2965, 0x2965, 0x2965, 0x2965, 0x2965, 0x2965,
    0x2965, 0x2965, 0x2965, 0x2965, 0x2965, 0x2965, 0x2965, 0x2965, 0x2965, 0x2965, 0x2965, 0x2965,
    0x2965, 0x2965, 0x2965, 0x2965, 0x2965, 0x2965, 0x2965, 0x2965, 0x2965, 0x2965, 0x2965, 0x2965,
    0x2965, 0x2965, 0x2965, 0x2965, 0x2965, 0x2965, 0x2965, 0x2965, 0x2965, 0x2965, 0x630C, 0x0861,
    0x0861, 0x4A69, 0x4A69, 0x4A69, 0x4A69, 0x4A69, 0x4A69, 0x4A69, 0x4A69, 0x4A69, 0x4A69, 0x4A69,
    0x4A69, 0x4A69, 0x4A69, 0x4A69, 0x4A69, 0x4A69, 0x4A69, 0x4A69, 0xEDC0, 0xEDC0, 0xEDC0, 0xEDC0,
    0xEDC0, 0xEDC0, 0xEDC0, 0xEDC0, 0x4A69, 0x4A69, 0x4A69, 0x4A69, 0x4A69, 0x4A69, 0x4A69, 0x4A69,
    0x4A69, 0x4A69, 0x4A69, 0x4A69, 0x4A69, 0x4A69, 0x4A69, 0x4A69, 0x4A69, 0x4A69, 0x4A69, 0x4A69,
    0x0861, 0x0861, 0x630C, 0x2965, 0x2965, 0x2965, 0x2965, 0x2965, 0x2965, 0x2965, 0x2965, 0x2965,
    0x2965, 0x2965, 0x2965, 0x2965, 0x2965, 0x2965, 0x2965, 0x2965, 0x2965, 0x2965, 0x2965, 0x2965,
    0x2965, 0x2965, 0x2965, 0x2965, 0x2965, 0x2965, 0x2965, 0x2965, 0x2965, 0x2965, 0x2965, 0x2965,
    0x2965, 0x2965, 0x2965, 0x2965, 0x2965, 0x2965, 0x2965, 0x2965, 0x2965, 0x2965, 0x2965, 0x2965,
    0x2965, 0x2965, 0x2965, 0x2965, 0x2965, 0x2965, 0x2965, 0x2965, 0x2965, 0x2965, 0x2965, 0x2965,
    0x2965, 0x2965, 0x2965, 0x2965, 0x2965, 0x2965, 0x2965, 0x2965, 0x2965, 0x2965, 0x630C, 0x0861,
    0x0861, 0x4A69, 0x4A69, 0x4A69, 0x4A69, 0x4A69, 0x4A69, 0x4A69, 0x4A69, 0x4A69, 0x4A69, 0x4A69,
    0x4A69, 0x4A69, 0x4A69, 0x4A69, 0x4A69, 0x4A69, 0x4A69, 0x4A69, 0xEDC0, 0xEDC0, 0xEDC0, 0xEDC0,
    0xEDC0, 0xEDC0, 0xEDC0, 0xEDC0, 0x4A69, 0x4A69, 0x4A69, 0x4A69, 0x4A69, 0x4A69, 0x4A69, 0x4A69,
    0x4A69, 0x4A69, 0x4A69, 0x4A69, 0x4A69, 0x4A69, 0x4A69, 0x4A69, 0x4A69, 0x4A69, 0x4A69, 0x4A69,
    0x0861, 0x0861, 0x630C, 0x2965, 0x2965, 0x2965, 0x2965, 0x2965, 0x2965, 0x2965, 0x2965, 0x2965,
    0x2965, 0x2965, 0x2965, 0x2965, 0x2965, 0x2965, 0x2965, 0x2965, 0x2965, 0x2965, 0x2965, 0x2965,
    0x2965, 0x2965, 0x2965, 0x2965, 0x2965, 0x2965, 0x2965, 0x2965, 0x2965, 0x2965, 0x2965, 0x2965,
    0x2965, 0x2965, 0x2965, 0x2965, 0x2965, 0x2965, 0x2965, 0x2965, 0x2965, 0x2965, 0x2965, 0x2965,
    0x2965, 0x2965, 0x2965, 0x2965, 0x2965, 0x2965, 0x2965, 0x2965, 0x2965, 0x2965, 0x2965, 0x2965,
    0x2965, 0x2965, 0x2965, 0x2965, 0x2965, 0x2965, 0x2965, 0x2965, 0x2965, 0x2965, 0x630C, 0x0861,
    0x0861, 0x4A69, 0x4A69, 0x4A69, 0x4A69, 0x4A69, 0x4A69, 0x4A69, 0x4A69, 0x4A69, 0x4A69, 0x4A69,
    0x4A69, 0x4A69, 0x4A69, 0x4A69, 0x4A69, 0x4A69, 0x4A69, 0x4A69, 0xEDC0, 0xEDC0, 0xEDC0, 0xEDC0,
    0xEDC0, 0xEDC0, 0xEDC0, 0xEDC0, 0x4A69, 0x4A69, 0x4A69, 0x4A69, 0x4A69, 0x4A69, 0x4A69, 0x4A69,
    0x4A69, 0x4A69, 0x4A69, 0x4A69, 0x4A69, 0x4A69, 0x4A69, 0x4A69, 0x4A69, 0x4A69, 0x4A69, 0x4A69,
    0x0861, 0x0861, 0x630C, 0x2965, 0x2965, 0x2965, 0x2965, 0x2965, 0x2965, 0x2965, 0x2965, 0x2965,
    0x2965, 0x2965, 0x2965, 0x2965, 0x2965, 0x2965, 0x2965, 0x2965, 0x2965, 0x2965, 0x2965, 0x2965,
    0x2965, 0x2965, 0x2965, 0x2965, 0x2965, 0x2965, 0x2965, 0x2965, 0x2965, 0x2965, 0x2965, 0x2965,
    0x2965, 0x2965, 0x2965, 0x2965, 0x2965, 0x2965, 0x2965, 0x2965, 0x2965, 0x2965, 0x2965, 0x2965,
    0x2965, 0x2965, 0x2965, 0x2965, 0x2965, 0x2965, 0x2965, 0x2965, 0x2965, 0x2965, 0x2965, 0x2965,
    0x2965, 0x2965, 0x2965, 0x2965, 0x2965, 0x2965, 0x2965, 0x2965, 0x2965, 0x2965, 0x630C, 0x0861,
    0x0861, 0x4A69, 0x4A69, 0x4A69, 0x4A69, 0x4A69, 0x4A69, 0x4A69, 0x4A69, 0x4A69, 0x4A69, 0x4A69,
    0x4A69, 0x4A69, 0x4A69, 0x4A69, 0x4A69, 0x4A69, 0x4A69, 0x4A69, 0xEDC0, 0xEDC0, 0xEDC0, 0xEDC0,
    0xEDC0, 0xEDC0, 0xEDC0, 0xEDC0, 0x4A69, 0x4A69, 0x4A69, 0x4A69, 0x4A69, 0x4A69, 0x4A69, 0x4A69,
    0x4A69, 0x4A69, 0x4A69, 0x4A69, 0x4A69, 0x4A69, 0x4A69, 0x4A69, 0x4A69, 0x4A69, 0x4A69, 0x4A69,
    0x0861, 0x0861, 0x630C, 0x2965, 0x2965, 0x2965, 0x2965, 0x2965, 0x2965, 0x2965, 0x2965, 0x2965,
    0x2965, 0x2965, 0x2965, 0x2965, 0x2965, 0x2965, 0x2965, 0x2965, 0x2965, 0x2965, 0x2965, 0x2965,
    0x2965, 0x2965, 0x2965, 0x2965, 0x2965, 0x2965, 0x2965, 0x2965, 0x2965, 0x2965, 0x2965, 0x2965,
    0x2965, 0x2965, 0x2965, 0x2965, 0x2965, 0x2965, 0x2965, 0x2965, 0x2965, 0x2965, 0x2965, 0x2965,
    0x2965, 0x2965, 0x2965, 0x2965, 0x2965, 0x2965, 0x2965, 0x2965, 0x2965, 0x2965, 0x2965, 0x2965,
    0x2965, 0x2965, 0x2965, 0x2965, 0x2965, 0x2965, 0x2965, 0x2965, 0x2965, 0x2965, 0x630C, 0x0861,
    0x0861, 0x4A69, 0x4A69, 0x4A69, 0x4A69, 0x4A69, 0x4A69, 0x4A69, 0x4A69, 0x4A69, 0x4A69, 0x4A69,
    0x4A69, 0x4A69, 0x4A69, 0x4A69, 0x4A69, 0x4A69, 0x4A69, 0x4A69, 0xEDC0, 0xEDC0, 0xEDC0, 0xEDC0,
    0xEDC0, 0xEDC0, 0xEDC0, 0xEDC0, 0x4A69, 0x4A69, 0x4A69, 0x4A69, 0x4A69, 0x4A69, 0x4A69, 0x4A69,
    0x4A69, 0x4A69, 0x4A69, 0x4A69, 0x4A69, 0x4A69, 0x4A69, 0x4A69, 0x4A69, 0x4A69, 0x4A69, 0x4A69,
    0x0861, 0x0861, 0x630C, 0x2965, 0x2965, 0x2965, 0x2965, 0x2965, 0x2965, 0x2965, 0x2965, 0x2965,
    0x2965, 0x2965, 0x2965, 0x2965, 0x2965, 0x2965, 0x2965, 0x2965, 0x2965, 0x2965, 0x2965, 0x2965,
    0x2965, 0x2965, 0x2965, 0x2965, 0x2965, 0x2965, 0x2965, 0x2965, 0x2965, 0x2965, 0x2965, 0x2965,
    0x2965, 0x2965, 0x2965, 0x2965, 0x2965, 0x2965, 0x2965, 0x2965, 0x2965, 0x2965, 0x2965, 0x2965,
    0x2965, 0x2965, 0x2965, 0x2965, 0x2965, 0x2965, 0x2965, 0x2965, 0x2965, 0x2965, 0x2965, 0x2965,
    0x2965, 0x2965, 0x2965, 0x2965, 0x2965, 0x2965, 0x2965, 0x2965, 0x2965, 0x2965, 0x630C, 0x0861,
    0x0861, 0x4A69, 0x4A69, 0x4A69, 0x4A69, 0x4A69, 0x4A69, 0x4A69, 0x4A69, 0x4A69, 0x4A69, 0x4A69,
    0x4A69, 0x4A69, 0x4A69, 0x4A69, 0x4A69, 0x4A69, 0x4A69, 0x4A69, 0xEDC0, 0xEDC0, 0xEDC0, 0xEDC0,
    0xEDC0, 0xEDC0, 0xEDC0, 0xEDC0, 0x4A69, 0x4A69, 0x4A69, 0x4A69, 0x4A69, 0x4A69, 0x4A69, 0x4A69,
    0x4A69, 0x4A69, 0x4A69, 0x4A69, 0x4A69, 0x4A69, 0x4A69, 0x4A69, 0x4A69, 0x4A69, 0x4A69, 0x4A69,
    0x0861, 0x0861, 0x630C, 0x2965, 0x2965, 0x2965, 0x2965, 0x2965, 0x2965, 0x2965, 0x2965, 0x2965,
    0x2965, 0x2965, 0x2965, 0x2965, 0x2965, 0x2965, 0x2965, 0x2965, 0x2965, 0x2965, 0x2965, 0x2965,
    0x2965, 0x2965, 0x2965, 0x2965, 0x2965, 0x2965, 0x2965, 0x2965, 0x2965, 0x2965, 0x2965, 0x2965,
    0x2965, 0x2965, 0x2965, 0x2965, 0x2965, 0x2965, 0x2965, 0x2965, 0x2965, 0x2965, 0x2965, 0x2965,
    0x2965, 0x2965, 0x2965, 0x2965, 0x2965, 0x2965, 0x2965, 0x2965, 0x2965, 0x2965, 0x2965, 0x2965,
    0x2965, 0x2965, 0x2965, 0x2965, 0x2965, 0x2965, 0x2965, 0x2965, 0x2965, 0x2965, 0x630C, 0x0861,
    0x0861, 0x4A69, 0x4A69, 0x4A69, 0x4A69, 0x4A69, 0x4A69, 0x4A69, 0x4A69, 0x4A69, 0x4A69, 0x4A69,
    0x4A69, 0x4A69, 0x4A69, 0x4A69, 0x4A69, 0x4A69, 0x4A69, 0x4A69, 0xEDC0, 0xEDC0, 0xEDC0, 0xEDC0,
    0xEDC0, 0xEDC0, 0xEDC0, 0xEDC0, 0x4A69, 0x4A69, 0x4A69, 0x4A69, 0x4A69, 0x4A69, 0x4A69, 0x4A69,
    0x4A69, 0x4A69, 0x4A69, 0x4A69, 0x4A69, 0x4A69, 0x4A69, 0x4A69, 0x4A69, 0x4A69, 0x4A69, 0x4A69,
    0x0861, 0x0861, 0x0861, 0x2965, 0x2965, 0x2965, 0x2965, 0x2965, 0x2965, 0x2965, 0x2965, 0x2965,
    0x2965, 0x2965, 0x2965, 0x2965, 0x2965, 0x2965, 0x2965, 0x2965, 0x2965, 0x2965, 0x2965, 0x2965,
    0x2965, 0x2965, 0x2965, 0x2965, 0x2965, 0x2965, 0x2965, 0x2965, 0x2965, 0x2965, 0x2965, 0x2965,
    0x2965, 0x2965, 0x2965, 0x2965, 0x2965, 0x2965, 0x2965, 0x2965, 0x2965, 0x2965, 0x2965, 0x2965,
    0x2965, 0x2965, 0x2965, 0x2965, 0x2965, 0x2965, 0x2965, 0x2965, 0x2965, 0x2965, 0x2965, 0x2965,
    0x2965, 0x2965, 0x2965, 0x2965, 0x2965, 0x2965, 0x2965, 0x2965, 0x2965, 0x2965, 0x0861, 0x0861,
    0x0861, 0x4A69, 0x4A69, 0x4A69, 0x4A69, 0x4A69, 0x4A69, 0x4A69, 0x4A69, 0x4A69, 0x4A69, 0x4A69,
    0x4A69, 0x4A69, 0x4A69, 0x4A69, 0x4A69, 0x4A69, 0x4A69, 0x4A69, 0xEDC0, 0xEDC0, 0xEDC0, 0xEDC0,
    0xEDC0, 0xEDC0, 0xEDC0, 0xEDC0, 0x4A69, 0x4A69, 0x4A69, 0x4A69, 0x4A69, 0x4A69, 0x4A69, 0x4A69,
    0x4A69, 0x4A69, 0x4A69, 0x4A69, 0x4A69, 0x4A69, 0x4A69, 0x4A69, 0x4A69, 0x4A69, 0x4A69, 0x4A69,
    0x4A69, 0x0861, 0x0861, 0x2965, 0x2965, 0x2965, 0x2965, 0x2965, 0x2965, 0x2965, 0x2965, 0x2965,
    0x2965, 0x2965, 0x2965, 0x2965, 0x2965, 0x2965, 0x2965, 0x2965, 0x2965, 0x2965, 0x2965, 0x2965,
    0x2965, 0x2965, 0x2965, 0x2965, 0x2965, 0x2965, 0x2965, 0x2965, 0x2965, 0x2965, 0x2965, 0x2965,
    0x2965, 0x2965, 0x2965, 0x2965, 0x2965, 0x2965, 0x2965, 0x2965, 0x2965, 0x2965, 0x2965, 0x2965,
    0x2965, 0x2965, 0x2965, 0x2965, 0x2965, 0x2965, 0x2965, 0x2965, 0x2965, 0x2965, 0x2965, 0x2965,
    0x2965, 0x2965, 0x2965, 0x2965, 0x2965, 0x2965, 0x2965, 0x2965, 0x2965, 0x2965, 0x0861, 0x0861,
    0x4A69, 0x4A69, 0x4A69, 0x4A69, 0x4A69, 0x4A69, 0x4A69, 0x4A69, 0x4A69, 0x4A69, 0x4A69, 0x4A69,
    0x4A69, 0x4A69, 0x4A69, 0x4A69, 0x4A69, 0x4A69, 0x4A69, 0x4A69, 0xEDC0, 0xEDC0, 0xEDC0, 0xEDC0,
    0xEDC0, 0xEDC0, 0xEDC0, 0xEDC0, 0x4A69, 0x4A69, 0x4A69, 0x4A69, 0x4A69, 0x4A69, 0x4A69, 0x4A69,
    0x4A69, 0x4A69, 0x4A69, 0x4A69, 0x4A69, 0x4A69, 0x4A69, 0x4A69, 0x4A69, 0x4A69, 0x4A69, 0x4A69,
    0x4A69, 0x0861, 0x0861, 0x2965, 0x2965, 0x2965, 0x2965, 0x2965, 0x2965, 0x2965, 0x2965, 0x2965,
    0x2965, 0x2965, 0x2965, 0x2965, 0x2965, 0x2965, 0x2965, 0x2965, 0x2965, 0x2965, 0x2965, 0x2965,
    0x2965, 0x2965, 0x2965, 0x2965, 0x2965, 0x2965, 0x2965, 0x2965, 0x2965, 0x2965, 0x2965, 0x2965,
    0x2965, 0x2965, 0x2965, 0x2965, 0x2965, 0x2965, 0x2965, 0x2965, 0x2965, 0x2965, 0x2965, 0x2965,
    0x2965, 0x2965, 0x2965, 0x2965, 0x2965, 0x2965, 0x2965, 0x2965, 0x2965, 0x2965, 0x2965, 0x2965,
    0x2965, 0x2965, 0x2965, 0x2965, 0x2965, 0x2965, 0x2965, 0x2965, 0x2965, 0x2965, 0x0861, 0x0861,
    0x4A69, 0x4A69, 0x4A69, 0x4A69, 0x4A69, 0x4A69, 0x4A69, 0x4A69, 0x4A69, 0x4A69, 0x4A69, 0x4A69,
    0x4A69, 0x4A69, 0x4A69, 0x4A69, 0x4A69, 0x4A69, 0x4A69, 0x4A69, 0xEDC0, 0xEDC0, 0xEDC0, 0xEDC0,
    0xEDC0, 0xEDC0, 0xEDC0, 0xEDC0, 0x4A69, 0x4A69, 0x4A69, 0x4A69, 0x4A69, 0x4A69, 0x4A69, 0x4A69,
    0x4A69, 0x4A69, 0x4A69, 0x4A69, 0x4A69, 0x4A69, 0x4A69, 0x4A69, 0x4A69, 0x4A69, 0x4A69, 0x4A69,
    0x4A69, 0x4A69, 0x0861, 0x0861, 0x2965, 0x2965, 0x2965, 0x2965, 0x2965, 0x2965, 0x2965, 0x2965,
    0x2965, 0x2965, 0x2965, 0x2965, 0x2965, 0x2965, 0x2965, 0x2965, 0x2965, 0x2965, 0x2965, 0x2965,
    0x2965, 0x2965, 0x2965, 0x2965, 0x2965, 0x2965, 0x2965, 0x2965, 0x2965, 0x2965, 0x2965, 0x2965,
    0x2965, 0x2965, 0x2965, 0x2965, 0x2965, 0x2965, 0x2965, 0x2965, 0x2965, 0x2965, 0x2965, 0x2965,
    0x2965, 0x2965, 0x2965, 0x2965, 0x2965, 0x2965, 0x2965, 0x2965, 0x2965, 0x2965, 0x2965, 0x2965,
    0x2965, 0x2965, 0x2965, 0x2965, 0x2965, 0x2965, 0x2965, 0x2965, 0x2965, 0x0861, 0x0861, 0x4A69,
    0x4A69, 0x4A69, 0x4A69, 0x4A69, 0x4A69, 0x4A69, 0x4A69, 0x4A69, 0x4A69, 0x4A69, 0x4A69, 0x4A69,
    0x4A69, 0x4A69, 0x4A69, 0x4A69, 0x4A69, 0x4A69, 0x4A69, 0x4A69, 0xEDC0, 0xEDC0, 0xEDC0, 0xEDC0,
    0xEDC0, 0xEDC0, 0xEDC0, 0xEDC0, 0x4A69, 0x4A69, 0x4A69, 0x4A69, 0x4A69, 0x4A69, 0x4A69, 0x4A69,
    0x4A69, 0x4A69, 0x4A69, 0x4A69, 0x4A69, 0x4A69, 0x4A69, 0x4A69, 0x4A69, 0x4A69, 0x4A69, 0x4A69,
    0x4A69, 0x4A69, 0x4A69, 0x0861, 0x0861, 0x2965, 0x2965, 0x2965, 0x2965, 0x2965, 0x2965, 0x2965,
    0x2965, 0x2965, 0x2965, 0x2965, 0x2965, 0x2965, 0x2965, 0x2965, 0x2965, 0x2965, 0x2965, 0x2965,
    0x2965, 0x2965, 0x2965, 0x2965, 0x2965, 0x2965, 0x2965, 0x2965, 0x2965, 0x2965, 0x2965, 0x2965,
    0x2965, 0x2965, 0x2965, 0x2965, 0x2965, 0x2965, 0x2965, 0x2965, 0x2965, 0x2965, 0x2965, 0x2965,
    0x2965, 0x2965, 0x2965, 0x2965, 0x2965, 0x2965, 0x2965, 0x2965, 0x2965, 0x2965, 0x2965, 0x2965,
    0x2965, 0x2965, 0x2965, 0x2965, 0x2965, 0x2965, 0x2965, 0x2965, 0x0861, 0x0861, 0x4A69, 0x4A69,
    0x4A69, 0x4A69, 0x4A69, 0x4A69, 0x4A69, 0x4A69, 0x4A69, 0x4A69, 0x4A69, 0x4A69, 0x4A69, 0x4A69,
    0x4A69, 0x4A69, 0x4A69, 0x4A69, 0x4A69, 0x4A69, 0x4A69, 0x4A69, 0xEDC0, 0xEDC0, 0xEDC0, 0xEDC0,
    0xEDC0, 0xEDC0, 0xEDC0, 0xEDC0, 0x4A69, 0x4A69, 0x4A69, 0x4A69, 0x4A69, 0x4A69, 0x4A69, 0x4A69,
    0x4A69, 0x4A69, 0x4A69, 0x4A69, 0x4A69, 0x4A69, 0x4A69, 0x4A69, 0x4A69, 0x4A69, 0x4A69, 0x4A69,
    0x4A69, 0x4A69, 0x4A69, 0x4A69, 0x0861, 0x0861, 0x0861, 0x0861, 0x630C, 0x630C, 0x630C, 0x630C,
    0x630C, 0x630C, 0x630C, 0x630C, 0x630C, 0x630C, 0x630C, 0x630C, 0x630C, 0x630C, 0x630C, 0x630C,
    0x630C, 0x630C, 0x630C, 0x630C, 0x630C, 0x630C, 0x630C, 0x630C, 0x630C, 0x630C, 0x630C, 0x630C,
    0x630C, 0x630C, 0x630C, 0x630C, 0x630C, 0x630C, 0x630C, 0x630C, 0x630C, 0x630C, 0x630C, 0x630C,
    0x630C, 0x630C, 0x630C, 0x630C, 0x630C, 0x630C, 0x630C, 0x630C, 0x630C, 0x630C, 0x630C, 0x630C,
    0x630C, 0x630C, 0x630C, 0x630C, 0x630C, 0x0861, 0x0861, 0x0861, 0x0861, 0x4A69, 0x4A69, 0x4A69,
    0x4A69, 0x4A69, 0x4A69, 0x4A69, 0x4A69, 0x4A69, 0x4A69, 0x4A69, 0x4A69, 0x4A69, 0x4A69, 0x4A69,
    0x4A69, 0x4A69, 0x4A69, 0x4A69, 0x4A69, 0x4A69, 0x4A69, 0x4A69, 0xEDC0, 0xEDC0, 0xEDC0, 0xEDC0,
    0xEDC0, 0xEDC0, 0xEDC0, 0xEDC0, 0x4A69, 0x4A69, 0x4A69, 0x4A69, 0x4A69, 0x4A69, 0x4A69, 0x4A69,
    0x4A69, 0x4A69, 0x4A69, 0x4A69, 0x4A69, 0x4A69, 0x4A69, 0x4A69, 0x4A69, 0x4A69, 0x4A69, 0x4A69,
    0x4A69, 0x4A69, 0x4A69, 0x4A69, 0x4A69, 0x0861, 0x0861, 0x0861, 0x0861, 0x0861, 0x0861, 0x0861,
    0x0861, 0x0861, 0x0861, 0x0861, 0x0861, 0x0861, 0x0861, 0x0861, 0x0861, 0x0861, 0x0861, 0x0861,
    0x0861, 0x0861, 0x0861, 0x0861, 0x0861, 0x0861, 0x0861, 0x0861, 0x0861, 0x0861, 0x0861, 0x0861,
    0x0861, 0x0861, 0x0861, 0x0861, 0x0861, 0x0861, 0x0861, 0x0861, 0x0861, 0x0861, 0x0861, 0x0861,
    0x0861, 0x0861, 0x0861, 0x0861, 0x0861, 0x0861, 0x0861, 0x0861, 0x0861, 0x0861, 0x0861, 0x0861,
    0x0861, 0x0861, 0x0861, 0x0861, 0x0861, 0x0861, 0x0861, 0x0861, 0x4A69, 0x4A69, 0x4A69, 0x4A69,
    0x4A69, 0x4A69, 0x4A69, 0x4A69, 0x4A69, 0x4A69, 0x4A69, 0x4A69, 0x4A69, 0x4A69, 0x4A69, 0x4A69,
    0x4A69, 0x4A69, 0x4A69, 0x4A69, 0x4A69, 0x4A69, 0x4A69, 0x4A69, 0xEDC0, 0xEDC0, 0xEDC0, 0xEDC0,
    0xEDC0, 0xEDC0, 0xEDC0, 0xEDC0, 0x4A69, 0x4A69, 0x4A69, 0x4A69, 0x4A69, 0x4A69, 0x4A69, 0x4A69,
    0x4A69, 0x4A69, 0x4A69, 0x4A69, 0x4A69, 0x4A69, 0x4A69, 0x4A69, 0x4A69, 0x4A69, 0x4A69, 0x4A69,
    0x4A69, 0x4A69, 0x4A69, 0x4A69, 0x4A69, 0x4A69, 0x4A69, 0x0861, 0x0861, 0x0861, 0x0861, 0x0861,
    0x0861, 0x0861, 0x0861, 0x0861, 0x0861, 0x0861, 0x0861, 0x0861, 0x0861, 0x0861, 0x0861, 0x0861,
    0x0861, 0x0861, 0x0861, 0x0861, 0x0861, 0x0861, 0x0861, 0x0861, 0x0861, 0x0861, 0x0861, 0x0861,
    0x0861, 0x0861, 0x0861, 0x0861, 0x0861, 0x0861, 0x0861, 0x0861, 0x0861, 0x0861, 0x0861, 0x0861,
    0x0861, 0x0861, 0x0861, 0x0861, 0x0861, 0x0861, 0x0861, 0x0861, 0x0861, 0x0861, 0x0861, 0x0861,
    0x0861, 0x0861, 0x0861, 0x0861, 0x0861, 0x0861, 0x4A69, 0x4A69, 0x4A69, 0x4A69, 0x4A69, 0x4A69,
    0x4A69, 0x4A69, 0x4A69, 0x4A69, 0x4A69, 0x4A69, 0x4A69, 0x4A69, 0x4A69, 0x4A69, 0x4A69, 0x4A69,
    0x4A69, 0x4A69, 0x4A69, 0x4A69, 0x4A69, 0x4A69, 0x4A69, 0x4A69, 0xEDC0, 0xEDC0, 0xEDC0, 0xEDC0,
    0xEDC0, 0xEDC0, 0xEDC0, 0xEDC0, 0x4A69, 0x4A69, 0x4A69, 0x4A69, 0x4A69, 0x4A69, 0x4A69, 0x4A69,
    0x4A69, 0x4A69, 0x4A69, 0x4A69, 0x4A69, 0x4A69, 0x4A69, 0x4A69, 0x4A69, 0x4A69, 0x4A69, 0x4A69,
    0x4A69, 0x4A69, 0x4A69, 0x4A69, 0x4A69, 0x4A69, 0x4A69, 0x4A69, 0x4A69, 0x4A69, 0x4A69, 0x4A69,
    0x4A69, 0x4A69, 0x4A69, 0x4A69, 0x4A69, 0x4A69, 0x4A69, 0x4A69, 0x4A69, 0x4A69, 0x4A69, 0x4A69,
    0x4A69, 0x4A69, 0x4A69, 0x4A69, 0x4A69, 0x4A69, 0x4A69, 0x4A69, 0x4A69, 0x4A69, 0x4A69, 0x4A69,
    0x4A69, 0x4A69, 0x4A69, 0x4A69, 0x4A69, 0x4A69, 0x4A69, 0x4A69, 0x4A69, 0x4A69, 0x4A69, 0x4A69,
    0x4A69, 0x4A69, 0x4A69, 0x4A69, 0x4A69, 0x4A69, 0x4A69, 0x4A69, 0x4A69, 0x4A69, 0x4A69, 0x4A69,
    0x4A69, 0x4A69, 0x4A69, 0x4A69, 0x4A69, 0x4A69, 0x4A69, 0x4A69, 0x4A69, 0x4A69, 0x4A69, 0x4A69,
    0x4A69, 0x4A69, 0x4A69, 0x4A69, 0x4A69, 0x4A69, 0x4A69, 0x4A69, 0x4A69, 0x4A69, 0x4A69, 0x4A69,
    0x4A69, 0x4A69, 0x4A69, 0x4A69, 0x4A69, 0x4A69, 0x4A69, 0x4A69, 0xEDC0, 0xEDC0, 0xEDC0, 0xEDC0,
    0xEDC0, 0xEDC0, 0xEDC0, 0xEDC0, 0x4A69, 0x4A69, 0x4A69, 0x4A69, 0x4A69, 0x4A69, 0x4A69, 0x4A69,
    0x4A69, 0x4A69, 0x4A69, 0x4A69, 0x4A69, 0x4A69, 0x4A69, 0x4A69, 0x4A69, 0x4A69, 0x4A69, 0x4A69,
    0x4A69, 0x4A69, 0x4A69, 0x4A69, 0x4A69, 0x4A69, 0x4A69, 0x4A69, 0x4A69, 0x4A69, 0x4A69, 0x4A69,
    0x4A69, 0x4A69, 0x4A69, 0x4A69, 0x4A69, 0x4A69, 0x4A69, 0x4A69, 0x4A69, 0x4A69, 0x4A69, 0x4A69,
    0x4A69, 0x4A69, 0x4A69, 0x4A69, 0x4A69, 0x4A69, 0x4A69, 0x4A69, 0x4A69, 0x4A69, 0x4A69, 0x4A69,
    0x4A69, 0x4A69, 0x4A69, 0x4A69, 0x4A69, 0x4A69, 0x4A69, 0x4A69, 0x4A69, 0x4A69, 0x4A69, 0x4A69,
    0x4A69, 0x4A69, 0x4A69, 0x4A69, 0x4A69, 0x4A69, 0x4A69, 0x4A69, 0x4A69, 0x4A69, 0x4A69, 0x4A69,
    0x4A69, 0x4A69, 0x4A69, 0x4A69, 0x4A69, 0x4A69, 0x4A69, 0x4A69, 0x4A69, 0x4A69, 0x4A69, 0x4A69,
    0x4A69, 0x4A69, 0x4A69, 0x4A69, 0x4A69, 0x4A69, 0x4A69, 0x4A69, 0x4A69, 0x4A69, 0x4A69, 0x4A69,
    0x4A69, 0x4A69, 0x4A69, 0x4A69, 0x4A69, 0x4A69, 0x4A69, 0x4A69, 0xEDC0, 0xEDC0, 0xEDC0, 0xEDC0,
    0xEDC0, 0xEDC0, 0xEDC0, 0xEDC0, 0x4A69, 0x4A69, 0x4A69, 0x4A69, 0x4A69, 0x4A69, 0x4A69, 0x4A69,
    0x4A69, 0x4A69, 0x4A69, 0x4A69, 0x4A69, 0x4A69, 0x4A69, 0x4A69, 0x4A69, 0x4A69, 0x4A69, 0x4A69,
    0x4A69, 0x4A69, 0x4A69, 0x4A69, 0x4A69, 0x4A69, 0x4A69, 0x4A69, 0x4A69, 0x4A69, 0x4A69, 0x4A69,
    0x4A69, 0x4A69, 0x4A69, 0x4A69, 0x4A69, 0x4A69, 0x4A69, 0x4A69, 0x4A69, 0x4A69, 0x4A69, 0x4A69,
    0x4A69, 0x4A69, 0x4A69, 0x4A69, 0x4A69, 0x4A69, 0x4A69, 0x4A69, 0x4A69, 0x4A69, 0x4A69, 0x4A69,
    0x4A69, 0x4A69, 0x4A69, 0x4A69, 0x4A69, 0x4A69, 0x4A69, 0x4A69, 0x4A69, 0x4A69, 0x4A69, 0x4A69,
    0x4A69, 0x4A69, 0x4A69, 0x4A69, 0x4A69, 0x4A69, 0x4A69, 0x4A69, 0x4A69, 0x4A69, 0x4A69, 0x4A69,
    0x4A69, 0x4A69, 0x4A69, 0x4A69, 0x4A69, 0x4A69, 0x4A69, 0x4A69, 0x4A69, 0x4A69, 0x4A69, 0x4A69,
    0x4A69, 0x4A69, 0x4A69, 0x4A69, 0x4A69, 0x4A69, 0x4A69, 0x4A69, 0x4A69, 0x4A69, 0x4A69, 0x4A69,
    0x4A69, 0x4A69, 0x4A69, 0x4A69, 0x4A69, 0x4A69, 0x4A69, 0x4A69, 0xEDC0, 0xEDC0, 0xEDC0, 0xEDC0,
    0xEDC0, 0xEDC0, 0xEDC0, 0xEDC0, 0x4A69, 0x4A69, 0x4A69, 0x4A69, 0x4A69, 0x4A69, 0x4A69, 0x4A69,
    0x4A69, 0x4A69, 0x4A69, 0x4A69, 0x4A69, 0x4A69, 0x4A69, 0x4A69, 0x4A69, 0x4A69, 0x4A69, 0x4A69,
    0x4A69, 0x4A69, 0x4A69, 0x4A69, 0x4A69, 0x4A69, 0x4A69, 0x4A69, 0x4A69, 0x4A69, 0x4A69, 0x4A69,
    0x4A69, 0x4A69, 0x4A69, 0x4A69, 0x4A69, 0x4A69, 0x4A69, 0x4A69, 0x4A69, 0x4A69, 0x4A69, 0x4A69,
    0x4A69, 0x4A69, 0x4A69, 0x4A69, 0x4A69, 0x4A69, 0x4A69, 0x4A69, 0x4A69, 0x4A69, 0x4A69, 0x4A69,
    0x4A69, 0x4A69, 0x4A69, 0x4A69, 0x4A69, 0x4A69, 0x4A69, 0x4A69, 0x4A69, 0x4A69, 0x4A69, 0x4A69,
    0x4A69, 0x4A69, 0x4A69, 0x4A69, 0x4A69, 0x4A69, 0x4A69, 0x4A69, 0x4A69, 0x4A69, 0x4A69, 0x4A69,
    0x4A69, 0x4A69, 0x4A69, 0x4A69, 0x4A69, 0x4A69, 0x4A69, 0x4A69, 0x4A69, 0x4A69, 0x4A69, 0x4A69,
    0x4A69, 0x4A69, 0x4A69, 0x4A69, 0x4A69, 0x4A69, 0x4A69, 0x4A69, 0x4A69, 0x4A69, 0x4A69, 0x4A69,
    0x4A69, 0x4A69, 0x4A69, 0x4A69, 0x4A69, 0x4A69, 0x4A69, 0x4A69, 0xEDC0, 0xEDC0, 0xEDC0, 0xEDC0,
    0xEDC0, 0xEDC0, 0xEDC0, 0xEDC0, 0x4A69, 0x4A69, 0x4A69, 0x4A69, 0x4A69, 0x4A69, 0x4A69, 0x4A69,
    0x4A69, 0x4A69, 0x4A69, 0x4A69, 0x4A69, 0x4A69, 0x4A69, 0x4A69, 0x4A69, 0x4A69, 0x4A69, 0x4A69,
    0x4A69, 0x4A69, 0x4A69, 0x4A69, 0x4A69, 0x4A69, 0x4A69, 0x4A69, 0x4A69, 0x4A69, 0x4A69, 0x4A69,
    0x4A69, 0x4A69, 0x4A69, 0x4A69, 0x4A69, 0x4A69, 0x4A69, 0x4A69, 0x4A69, 0x4A69, 0x4A69, 0x4A69,
    0x4A69, 0x4A69, 0x4A69, 0x4A69, 0x4A69, 0x4A69, 0x4A69, 0x4A69, 0x4A69, 0x4A69, 0x4A69, 0x4A69,
    0x4A69, 0x4A69, 0x4A69, 0x4A69, 0x4A69, 0x4A69, 0x4A69, 0x4A69, 0x4A69, 0x4A69, 0x4A69, 0x4A69,
    0x4A69, 0x4A69, 0x4A69, 0x4A69, 0x4A69, 0x4A69, 0x4A69, 0x4A69, 0x4A69, 0x4A69, 0x4A69, 0x4A69,
    0x4A69, 0x4A69, 0x4A69, 0x4A69, 0x4A69, 0x4A69, 0x4A69, 0x4A69, 0x4A69, 0x4A69, 0x4A69, 0x4A69,
    0x4A69, 0x4A69, 0x4A69, 0x4A69, 0x4A69, 0x4A69, 0x4A69, 0x4A69, 0x4A69, 0x4A69, 0x4A69, 0x4A69,
    0x4A69, 0x4A69, 0x4A69, 0x4A69, 0x4A69, 0x4A69, 0x4A69, 0x4A69, 0xEDC0, 0xEDC0, 0xEDC0, 0xEDC0,
    0xEDC0, 0xEDC0, 0xEDC0, 0xEDC0, 0x4A69, 0x4A69, 0x4A69, 0x4A69, 0x4A69, 0x4A69, 0x4A69, 0x4A69,
    0x4A69, 0x4A69, 0x4A69, 0x4A69, 0x4A69, 0x4A69, 0x4A69, 0x4A69, 0x4A69, 0x4A69, 0x4A69, 0x4A69,
    0x4A69, 0x4A69, 0x4A69, 0x4A69, 0x4A69, 0x4A69, 0x4A69, 0x4A69, 0x4A69, 0x4A69, 0x4A69, 0x4A69,
    0x4A69, 0x4A69, 0x4A69, 0x4A69, 0x4A69, 0x4A69, 0x4A69, 0x4A69, 0x4A69, 0x4A69, 0x4A69, 0x4A69,
    0x4A69, 0x4A69, 0x4A69, 0x4A69, 0x4A69, 0x4A69, 0x4A69, 0x4A69, 0x4A69, 0x4A69, 0x4A69, 0x4A69,
    0x4A69, 0x4A69, 0x4A69, 0x4A69, 0x4A69, 0x4A69, 0x4A69, 0x4A69, 0x4A69, 0x4A69, 0x4A69, 0x4A69,
    0x4A69, 0x4A69, 0x4A69, 0x4A69, 0x4A69, 0x4A69, 0x4A69, 0x4A69, 0x4A69, 0x4A69, 0x4A69, 0x4A69,
    0x4A69, 0x4A69, 0x4A69, 0x4A69, 0x4A69, 0x4A69, 0x4A69, 0x4A69, 0x4A69, 0x4A69, 0x4A69, 0x4A69,
    0x4A69, 0x4A69, 0x4A69, 0x4A69, 0x4A69, 0x4A69, 0x4A69, 0x4A69, 0x4A69, 0x4A69, 0x4A69, 0x4A69,
    0x4A69, 0x4A69, 0x4A69, 0x4A69, 0x4A69, 0x4A69, 0x4A69, 0x4A69, 0xEDC0, 0xEDC0, 0xEDC0, 0xEDC0,
    0xEDC0, 0xEDC0, 0xEDC0, 0xEDC0, 0x4A69, 0x4A69, 0x4A69, 0x4A69, 0x4A69, 0x4A69, 0x4A69, 0x4A69,
    0x4A69, 0x4A69, 0x4A69, 0x4A69, 0x4A69, 0x4A69, 0x4A69, 0x4A69, 0x4A69, 0x4A69, 0x4A69, 0x4A69,
    0x4A69, 0x4A69, 0x4A69, 0x4A69, 0x4A69, 0x4A69, 0x4A69, 0x4A69, 0x4A69, 0x4A69, 0x4A69, 0x4A69,
    0x4A69, 0x4A69, 0x4A69, 0x4A69, 0x4A69, 0x4A69, 0x4A69, 0x4A69, 0x4A69, 0x4A69, 0x4A69, 0x4A69,
    0x4A69, 0x4A69, 0x4A69, 0x4A69, 0x4A69, 0x4A69, 0x4A69, 0x4A69, 0x4A69, 0x4A69, 0x4A69, 0x4A69,
    0x4A69, 0x4A69, 0x4A69, 0x4A69, 0x4A69, 0x4A69, 0x4A69, 0x4A69, 0x4A69, 0x4A69, 0x4A69, 0x4A69,
    0x4A69, 0x4A69, 0x4A69, 0x4A69, 0x4A69, 0x4A69, 0x4A69, 0x4A69, 0x4A69, 0x4A69, 0x4A69, 0x4A69,
    0x4A69, 0x4A69, 0x4A69, 0x4A69, 0x4A69, 0x4A69, 0x4A69, 0x4A69, 0x4A69, 0x4A69, 0x4A69, 0x4A69,
    0x4A69, 0x4A69, 0x4A69, 0x4A69, 0x4A69, 0x4A69, 0x4A69, 0x4A69, 0x4A69, 0x4A69, 0x4A69, 0x4A69,
    0x4A69, 0x4A69, 0x4A69, 0x4A69, 0x4A69, 0x4A69, 0x4A69, 0x4A69, 0xEDC0, 0xEDC0, 0xEDC0, 0xEDC0,
    0xEDC0, 0xEDC0, 0xEDC0, 0xEDC0, 0x4A69, 0x4A69, 0x4A69, 0x4A69, 0x4A69, 0x4A69, 0x4A69, 0x4A69,
    0x4A69, 0x4A69, 0x4A69, 0x4A69, 0x4A69, 0x4A69, 0x4A69, 0x4A69, 0x4A69, 0x4A69, 0x4A69, 0x4A69,
    0x4A69, 0x4A69, 0x4A69, 0x4A69, 0x4A69, 0x4A69, 0x4A69, 0x4A69, 0x4A69, 0x4A69, 0x4A69, 0x4A69,
    0x4A69, 0x4A69, 0x4A69, 0x4A69, 0xEDC0, 0xEDC0, 0xEDC0, 0xEDC0, 0xE5A0, 0xD541, 0xB483, 0x62C8,
    0x4A69, 0x4A69, 0x4A69, 0x5AA8, 0xA444, 0xD541, 0xE5A0, 0xDD80, 0xCD21, 0x9C04, 0x5289, 0x4A69,
    0x4A69, 0xEDC0, 0xEDC0, 0xEDC0, 0xEDC0, 0xDD80, 0xC502, 0x93C5, 0x4A69, 0x4A69, 0x4A69, 0x4A69,
    0xEDC0, 0xEDC0, 0xBCC2, 0x4A69, 0x4A69, 0x4A69, 0x5AA8, 0xEDC0, 0xCD21, 0x4A69, 0x4A69, 0x4A69,
    0x4A69, 0x4A69, 0x4A69, 0x4A69, 0x4A69, 0x4A69, 0x4A69, 0x4A69, 0x4A69, 0x4A69, 0x4A69, 0x4A69,
    0x4A69, 0x4A69, 0x4A69, 0x4A69, 0x4A69, 0x4A69, 0x4A69, 0x4A69, 0x4A69, 0x4A69, 0x4A69, 0x4A69,
    0x4A69, 0x4A69, 0x4A69, 0x4A69, 0x4A69, 0x4A69, 0x4A69, 0x4A69, 0xEDC0, 0xEDC0, 0xEDC0, 0xEDC0,
    0xEDC0, 0xEDC0, 0xEDC0, 0xEDC0, 0x4A69, 0x4A69, 0x4A69, 0x4A69, 0x4A69, 0x4A69, 0x4A69, 0x4A69,
    0x4A69, 0x4A69, 0x4A69, 0x4A69, 0x4A69, 0x4A69, 0x4A69, 0x4A69, 0x4A69, 0x4A69, 0x4A69, 0x4A69,
    0x4A69, 0x4A69, 0x4A69, 0x4A69, 0x4A69, 0x4A69, 0x4A69, 0x4A69, 0x4A69, 0x4A69, 0x4A69, 0x4A69,
    0x4A69, 0x4A69, 0x4A69, 0x4A69, 0xEDC0, 0xEDC0, 0xBCC2, 0xB4A3, 0xBCA2, 0xDD60, 0xEDC0, 0xD541,
    0x5289, 0x4A69, 0x62E8, 0xDD60, 0xEDC0, 0xE580, 0xC502, 0xC4E2, 0xE5A0, 0xEDC0, 0xCD21, 0x5289,
    0x4A69, 0xEDC0, 0xEDC0, 0xBCC2, 0xB4A3, 0xCD21, 0xE5A0, 0xEDC0, 0xC4E2, 0x5289, 0x4A69, 0x4A69,
    0xEDC0, 0xEDC0, 0xEDC0, 0x7347, 0x4A69, 0x4A69, 0x5AA8, 0xEDC0, 0xCD21, 0x4A69, 0x4A69, 0x4A69,
    0x4A69, 0x4A69, 0x4A69, 0x4A69, 0x4A69, 0x4A69, 0x4A69, 0x4A69, 0x4A69, 0x4A69, 0x4A69, 0x4A69,
    0x4A69, 0x4A69, 0x4A69, 0x4A69, 0x4A69, 0x4A69, 0x4A69, 0x4A69, 0x4A69, 0x4A69, 0x4A69, 0x4A69,
    0x4A69, 0x4A69, 0x4A69, 0x4A69, 0x4A69, 0x4A69, 0x4A69, 0x4A69, 0xEDC0, 0xEDC0, 0xEDC0, 0xEDC0,
    0xEDC0, 0xEDC0, 0xEDC0, 0xEDC0, 0x4A69, 0x4A69, 0x4A69, 0x4A69, 0x4A69, 0x4A69, 0x4A69, 0x4A69,
    0x4A69, 0x4A69, 0x4A69, 0x4A69, 0x4A69, 0x4A69, 0x4A69, 0x4A69, 0x4A69, 0x4A69, 0x4A69, 0x4A69,
    0x4A69, 0x4A69, 0x4A69, 0x4A69, 0x4A69, 0x4A69, 0x4A69, 0x4A69, 0x4A69, 0x4A69, 0x4A69, 0x4A69,
    0x4A69, 0x4A69, 0x4A69, 0x4A69, 0xEDC0, 0xEDC0, 0x62E7, 0x4A69, 0x4A69, 0x5289, 0xDD60, 0xEDC0,
    0x8386, 0x4A69, 0xC4E2, 0xEDC0, 0xC4E2, 0x5AA8, 0x4A69, 0x4A69, 0x5AA8, 0xC502, 0xBCE2, 0x6B07,
    0x4A69, 0xEDC0, 0xEDC0, 0x62E7, 0x4A69, 0x4A69, 0x6B07, 0xDD60, 0xEDC0, 0xA424, 0x4A69, 0x4A69,
    0xEDC0, 0xE580, 0xEDC0, 0xCD01, 0x4A69, 0x4A69, 0x5AA8, 0xEDC0, 0xCD21, 0x4A69, 0x4A69, 0x4A69,
    0x4A69, 0x4A69, 0x4A69, 0x4A69, 0x4A69, 0x4A69, 0x4A69, 0x4A69, 0x4A69, 0x4A69, 0x4A69, 0x4A69,
    0x4A69, 0x4A69, 0x4A69, 0x4A69, 0x4A69, 0x4A69, 0x4A69, 0x4A69, 0x4A69, 0x4A69, 0x4A69, 0x4A69,
    0x4A69, 0x4A69, 0x4A69, 0x4A69, 0x4A69, 0x4A69, 0x4A69, 0x4A69, 0xEDC0, 0xEDC0, 0xEDC0, 0xEDC0,
    0xEDC0, 0xEDC0, 0xEDC0, 0xEDC0, 0x4A69, 0x4A69, 0x4A69, 0x4A69, 0x4A69, 0x4A69, 0x4A69, 0x4A69,
    0x4A69, 0x4A69, 0x4A69, 0x4A69, 0x4A69, 0x4A69, 0x4A69, 0x4A69, 0x4A69, 0x4A69, 0x4A69, 0x4A69,
    0x4A69, 0x4A69, 0x4A69, 0x4A69, 0x4A69, 0x4A69, 0x4A69, 0x4A69, 0x4A69, 0x4A69, 0x4A69, 0x4A69,
    0x4A69, 0x4A69, 0x4A69, 0x4A69, 0xEDC0, 0xEDC0, 0x62E7, 0x4A69, 0x4A69, 0x4A69, 0xBCC2, 0xEDC0,
    0x93E5, 0x62C8, 0xEDC0, 0xEDC0, 0x62E7, 0x4A69, 0x4A69, 0x4A69, 0x4A69, 0x4A69, 0x4A69, 0x4A69,
    0x4A69, 0xEDC0, 0xEDC0, 0x62E7, 0x4A69, 0x4A69, 0x4A69, 0x83A6, 0xEDC0, 0xDD80, 0x4A69, 0x4A69,
    0xEDC0, 0xD541, 0xBCA2, 0xEDC0, 0x8386, 0x4A69, 0x5AA8, 0xEDC0, 0xCD21, 0x4A69, 0x4A69, 0x4A69,
    0x4A69, 0x4A69, 0x4A69, 0x4A69, 0x4A69, 0x4A69, 0x4A69, 0x4A69, 0x4A69, 0x4A69, 0x4A69, 0x4A69,
    0x4A69, 0x4A69, 0x4A69, 0x4A69, 0x4A69, 0x4A69, 0x4A69, 0x4A69, 0x4A69, 0x4A69, 0x4A69, 0x4A69,
    0x4A69, 0x4A69, 0x4A69, 0x4A69, 0x4A69, 0x4A69, 0x4A69, 0x4A69, 0xEDC0, 0xEDC0, 0xEDC0, 0xEDC0,
    0xEDC0, 0xEDC0, 0xEDC0, 0xEDC0, 0x4A69, 0x4A69, 0x4A69, 0x4A69, 0x4A69, 0x4A69, 0x4A69, 0x4A69,
    0x4A69, 0x4A69, 0x4A69, 0x4A69, 0x4A69, 0x4A69, 0x4A69, 0x4A69, 0x4A69, 0x4A69, 0x4A69, 0x4A69,
    0x4A69, 0x4A69, 0x4A69, 0x4A69, 0x4A69, 0x4A69, 0x4A69, 0x4A69, 0x4A69, 0x4A69, 0x4A69, 0x4A69,
    0x4A69, 0x4A69, 0x4A69, 0x4A69, 0xEDC0, 0xEDC0, 0x62E7, 0x4A69, 0x4A69, 0x5288, 0xDD60, 0xEDC0,
    0x7B86, 0x7B66, 0xEDC0, 0xDD60, 0x4A69, 0x4A69, 0x4A69, 0x4A69, 0x4A69, 0x4A69, 0x4A69, 0x4A69,
    0x4A69, 0xEDC0, 0xEDC0, 0x62E7, 0x4A69, 0x4A69, 0x4A69, 0x5AA8, 0xEDC0, 0xEDC0, 0x62C8, 0x4A69,
    0xEDC0, 0xDD60, 0x62E7, 0xE5A0, 0xD541, 0x4A69, 0x5AA8, 0xEDC0, 0xCD21, 0x4A69, 0x4A69, 0x4A69,
    0x4A69, 0x4A69, 0x4A69, 0x4A69, 0x4A69, 0x4A69, 0x4A69, 0x4A69, 0x4A69, 0x4A69, 0x4A69, 0x4A69,
    0x4A69, 0x4A69, 0x4A69, 0x4A69, 0x4A69, 0x4A69, 0x4A69, 0x4A69, 0x4A69, 0x4A69, 0x4A69, 0x4A69,
    0x4A69, 0x4A69, 0x4A69, 0x4A69, 0x4A69, 0x4A69, 0x4A69, 0x4A69, 0xEDC0, 0xEDC0, 0xEDC0, 0xEDC0,
    0xEDC0, 0xEDC0, 0xEDC0, 0xEDC0, 0x4A69, 0x4A69, 0x4A69, 0x4A69, 0x4A69, 0x4A69, 0x4A69, 0x4A69,
    0x4A69, 0x4A69, 0x4A69, 0x4A69, 0x4A69, 0x4A69, 0x4A69, 0x4A69, 0x4A69, 0x4A69, 0x4A69, 0x4A69,
    0x4A69, 0x4A69, 0x4A69, 0x4A69, 0x4A69, 0x4A69, 0x4A69, 0x4A69, 0x4A69, 0x4A69, 0x4A69, 0x4A69,
    0x4A69, 0x4A69, 0x4A69, 0x4A69, 0xEDC0, 0xEDC0, 0xBCC2, 0xB483, 0xB4A3, 0xDD60, 0xEDC0, 0xD521,
    0x5269, 0x83A6, 0xEDC0, 0xCD21, 0x4A69, 0x4A69, 0x4A69, 0xC4E2, 0xEDC0, 0xEDC0, 0xEDC0, 0xBCE2,
    0x4A69, 0xEDC0, 0xEDC0, 0x62E7, 0x4A69, 0x4A69, 0x4A69, 0x4A69, 0xE5C0, 0xEDC0, 0x6AE7, 0x4A69,
    0xEDC0, 0xDD80, 0x4A69, 0xAC83, 0xEDC0, 0x8BC5, 0x5AA8, 0xEDC0, 0xCD21, 0x4A69, 0x4A69, 0x4A69,
    0x4A69, 0x4A69, 0x4A69, 0x4A69, 0x4A69, 0x4A69, 0x4A69, 0x4A69, 0x4A69, 0x4A69, 0x4A69, 0x4A69,
    0x4A69, 0x4A69, 0x4A69, 0x4A69, 0x4A69, 0x4A69, 0x4A69, 0x4A69, 0x4A69, 0x4A69, 0x4A69, 0x4A69,
    0x4A69, 0x4A69, 0x4A69, 0x4A69, 0x4A69, 0x4A69, 0x4A69, 0x4A69, 0xEDC0, 0xEDC0, 0xEDC0, 0xEDC0,
    0xEDC0, 0xEDC0, 0xEDC0, 0xEDC0, 0x4A69, 0x4A69, 0x4A69, 0x4A69, 0x4A69, 0x4A69, 0x4A69, 0x4A69,
    0x4A69, 0x4A69, 0x4A69, 0x4A69, 0x4A69, 0x4A69, 0x4A69, 0x4A69, 0x4A69, 0x4A69, 0x4A69, 0x4A69,
    0x4A69, 0x4A69, 0x4A69, 0x4A69, 0x4A69, 0x4A69, 0x4A69, 0x4A69, 0x4A69, 0x4A69, 0x4A69, 0x4A69,
    0x4A69, 0x4A69, 0x4A69, 0x4A69, 0xEDC0, 0xEDC0, 0xEDC0, 0xEDC0, 0xEDC0, 0xDD80, 0xB483, 0x5AA8,
    0x4A69, 0x7B66, 0xEDC0, 0xDD80, 0x4A69, 0x4A69, 0x4A69, 0x93E5, 0xAC63, 0xBCA3, 0xEDC0, 0xBCE2,
    0x4A69, 0xEDC0, 0xEDC0, 0x62E7, 0x4A69, 0x4A69, 0x4A69, 0x5AA8, 0xEDC0, 0xEDC0, 0x5AA8, 0x4A69,
    0xEDC0, 0xDD80, 0x4A69, 0x62C8, 0xE5A0, 0xDD61, 0x5AC8, 0xEDC0, 0xCD21, 0x4A69, 0x4A69, 0x4A69,
    0x4A69, 0x4A69, 0x4A69, 0x4A69, 0x4A69, 0x4A69, 0x4A69, 0x4A69, 0x4A69, 0x4A69, 0x4A69, 0x4A69,
    0x4A69, 0x4A69, 0x4A69, 0x4A69, 0x4A69, 0x4A69, 0x4A69, 0x4A69, 0x4A69, 0x4A69, 0x4A69, 0x4A69,
    0x4A69, 0x4A69, 0x4A69, 0x4A69, 0x4A69, 0x4A69, 0x4A69, 0x4A69, 0xEDC0, 0xEDC0, 0xEDC0, 0xEDC0,
    0xEDC0, 0xEDC0, 0xEDC0, 0xEDC0, 0x4A69, 0x4A69, 0x4A69, 0x4A69, 0x4A69, 0x4A69, 0x4A69, 0x4A69,
    0x4A69, 0x4A69, 0x4A69, 0x4A69, 0x4A69, 0x4A69, 0x4A69, 0x4A69, 0x4A69, 0x4A69, 0x4A69, 0x4A69,
    0x4A69, 0x4A69, 0x4A69, 0x4A69, 0x4A69, 0x4A69, 0x4A69, 0x4A69, 0x4A69, 0x4A69, 0x4A69, 0x4A69,
    0x4A69, 0x4A69, 0x4A69, 0x4A69, 0xEDC0, 0xEDC0, 0x62E7, 0x4A69, 0x4A69, 0x4A69, 0x4A69, 0x4A69,
    0x4A69, 0x5AC8, 0xEDC0, 0xEDC0, 0x6B07, 0x4A69, 0x4A69, 0x4A69, 0x4A69, 0x7327, 0xEDC0, 0xBCE2,
    0x4A69, 0xEDC0, 0xEDC0, 0x62E7, 0x4A69, 0x4A69, 0x4A69, 0x8BC5, 0xEDC0, 0xD541, 0x4A69, 0x4A69,
    0xEDC0, 0xDD80, 0x4A69, 0x4A69, 0xA444, 0xEDC0, 0x9C04, 0xEDC0, 0xCD21, 0x4A69, 0x4A69, 0x4A69,
    0x4A69, 0x4A69, 0x4A69, 0x4A69, 0x4A69, 0x4A69, 0x4A69, 0x4A69, 0x4A69, 0x4A69, 0x4A69, 0x4A69,
    0x4A69, 0x4A69, 0x4A69, 0x4A69, 0x4A69, 0x4A69, 0x4A69, 0x4A69, 0x4A69, 0x4A69, 0x4A69, 0x4A69,
    0x4A69, 0x4A69, 0x4A69, 0x4A69, 0x4A69, 0x4A69, 0x4A69, 0x4A69, 0xEDC0, 0xEDC0, 0xEDC0, 0xEDC0,
    0xEDC0, 0xEDC0, 0xEDC0, 0xEDC0, 0x4A69, 0x4A69, 0x4A69, 0x4A69, 0x4A69, 0x4A69, 0x4A69, 0x4A69,
    0x4A69, 0x4A69, 0x4A69, 0x4A69, 0x4A69, 0x4A69, 0x4A69, 0x4A69, 0x4A69, 0x4A69, 0x4A69, 0x4A69,
    0x4A69, 0x4A69, 0x4A69, 0x4A69, 0x4A69, 0x4A69, 0x4A69, 0x4A69, 0x4A69, 0x4A69, 0x4A69, 0x4A69,
    0x4A69, 0x4A69, 0x4A69, 0x4A69, 0xEDC0, 0xEDC0, 0x62E7, 0x4A69, 0x4A69, 0x4A69, 0x4A69, 0x4A69,
    0x4A69, 0x4A69, 0xC4E2, 0xEDC0, 0xCD01, 0x5AA8, 0x4A69, 0x4A69, 0x5289, 0xA444, 0xEDC0, 0xBCE2,
    0x4A69, 0xEDC0, 0xEDC0, 0x62E7, 0x4A69, 0x4A69, 0x62E8, 0xDD60, 0xEDC0, 0x9405, 0x4A69, 0x4A69,
    0xEDC0, 0xDD80, 0x4A69, 0x4A69, 0x5AA8, 0xE580, 0xDD80, 0xE5C0, 0xCD21, 0x4A69, 0x4A69, 0x4A69,
    0x4A69, 0x4A69, 0x4A69, 0x4A69, 0x4A69, 0x4A69, 0x4A69, 0x4A69, 0x4A69, 0x4A69, 0x4A69, 0x4A69,
    0x4A69, 0x4A69, 0x4A69, 0x4A69, 0x4A69, 0x4A69, 0x4A69, 0x4A69, 0x4A69, 0x4A69, 0x4A69, 0x4A69,
    0x4A69, 0x4A69, 0x4A69, 0x4A69, 0x4A69, 0x4A69, 0x4A69, 0x4A69, 0xEDC0, 0xEDC0, 0xEDC0, 0xEDC0,
    0xEDC0, 0xEDC0, 0xEDC0, 0xEDC0, 0x4A69, 0x4A69, 0x4A69, 0x4A69, 0x4A69, 0x4A69, 0x4A69, 0x4A69,
    0x4A69, 0x4A69, 0x4A69, 0x4A69, 0x4A69, 0x4A69, 0x4A69, 0x4A69, 0x4A69, 0x4A69, 0x4A69, 0x4A69,
    0x4A69, 0x4A69, 0x4A69, 0x4A69, 0x4A69, 0x4A69, 0x4A69, 0x4A69, 0x4A69, 0x4A69, 0x4A69, 0x4A69,
    0x4A69, 0x4A69, 0x4A69, 0x4A69, 0xEDC0, 0xEDC0, 0x62E7, 0x4A69, 0x4A69, 0x4A69, 0x4A69, 0x4A69,
    0x4A69, 0x4A69, 0x62E8, 0xDD60, 0xEDC0, 0xE580, 0xC4E2, 0xC4E2, 0xDD80, 0xEDC0, 0xDD80, 0x7B46,
    0x4A69, 0xEDC0, 0xEDC0, 0xBCC2, 0xB4A3, 0xBCC2, 0xE5A0, 0xEDC0, 0xBCE2, 0x4A69, 0x4A69, 0x4A69,
    0xEDC0, 0xDD80, 0x4A69, 0x4A69, 0x4A69, 0x9C24, 0xEDC0, 0xEDC0, 0xCD21, 0x4A69, 0x4A69, 0x4A69,
    0x4A69, 0x4A69, 0x4A69, 0x4A69, 0x4A69, 0x4A69, 0x4A69, 0x4A69, 0x4A69, 0x4A69, 0x4A69, 0x4A69,
    0x4A69, 0x4A69, 0x4A69, 0x4A69, 0x4A69, 0x4A69, 0x4A69, 0x4A69, 0x4A69, 0x4A69, 0x4A69, 0x4A69,
    0x4A69, 0x4A69, 0x4A69, 0x4A69, 0x4A69, 0x4A69, 0x4A69, 0x4A69, 0xEDC0, 0xEDC0, 0xEDC0, 0xEDC0,
    0xEDC0, 0xEDC0, 0xEDC0, 0xEDC0, 0x4A69, 0x4A69, 0x4A69, 0x4A69, 0x4A69, 0x4A69, 0x4A69, 0x4A69,
    0x4A69, 0x4A69, 0x4A69, 0x4A69, 0x4A69, 0x4A69, 0x4A69, 0x4A69, 0x4A69, 0x4A69, 0x4A69, 0x4A69,
    0x4A69, 0x4A69, 0x4A69, 0x4A69, 0x4A69, 0x4A69, 0x4A69, 0x4A69, 0x4A69, 0x4A69, 0x4A69, 0x4A69,
    0x4A69, 0x4A69, 0x4A69, 0x4A69, 0xEDC0, 0xEDC0, 0x62E7, 0x4A69, 0x4A69, 0x4A69, 0x4A69, 0x4A69,
    0x4A69, 0x4A69, 0x4A69, 0x5AA8, 0xA444, 0xD541, 0xE5A0, 0xDD80, 0xCD01, 0x9C04, 0x5AA8, 0x4A69,
    0x4A69, 0xEDC0, 0xEDC0, 0xEDC0, 0xEDC0, 0xE5A0, 0xCD21, 0x93E5, 0x4A69, 0x4A69, 0x4A69, 0x4A69,
    0xEDC0, 0xDD80, 0x4A69, 0x4A69, 0x4A69, 0x5289, 0xDD80, 0xEDC0, 0xCD21, 0x4A69, 0x4A69, 0x4A69,
    0x4A69, 0x4A69, 0x4A69, 0x4A69, 0x4A69, 0x4A69, 0x4A69, 0x4A69, 0x4A69, 0x4A69, 0x4A69, 0x4A69,
    0x4A69, 0x4A69, 0x4A69, 0x4A69, 0x4A69, 0x4A69, 0x4A69, 0x4A69, 0x4A69, 0x4A69, 0x4A69, 0x4A69,
    0x4A69, 0x4A69, 0x4A69, 0x4A69, 0x4A69, 0x4A69, 0x4A69, 0x4A69, 0xEDC0, 0xEDC0, 0xEDC0, 0xEDC0,
    0xEDC0, 0xEDC0, 0xEDC0, 0xEDC0, 0x4A69, 0x4A69, 0x4A69, 0x4A69, 0x4A69, 0x4A69, 0x4A69, 0x4A69,
    0x4A69, 0x4A69, 0x4A69, 0x4A69, 0x4A69, 0x4A69, 0x4A69, 0x4A69, 0x4A69, 0x4A69, 0x4A69, 0x4A69,
    0x4A69, 0x4A69, 0x4A69, 0x4A69, 0x4A69, 0x4A69, 0x4A69, 0x4A69, 0x4A69, 0x4A69, 0x4A69, 0x4A69,
    0x4A69, 0x4A69, 0x4A69, 0x4A69, 0x4A69, 0x4A69, 0x4A69, 0x4A69, 0x4A69, 0x4A69, 0x4A69, 0x4A69,
    0x4A69, 0x4A69, 0x4A69, 0x4A69, 0x4A69, 0x4A69, 0x4A69, 0x4A69, 0x4A69, 0x4A69, 0x4A69, 0x4A69,
    0x4A69, 0x4A69, 0x4A69, 0x4A69, 0x4A69, 0x4A69, 0x4A69, 0x4A69, 0x4A69, 0x4A69, 0x4A69, 0x4A69,
    0x4A69, 0x4A69, 0x4A69, 0x4A69, 0x4A69, 0x4A69, 0x4A69, 0x4A69, 0x4A69, 0x4A69, 0x4A69, 0x4A69,
    0x4A69, 0x4A69, 0x4A69, 0x4A69, 0x4A69, 0x4A69, 0x4A69, 0x4A69, 0x4A69, 0x4A69, 0x4A69, 0x4A69,
    0x4A69, 0x4A69, 0x4A69, 0x4A69, 0x4A69, 0x4A69, 0x4A69, 0x4A69, 0x4A69, 0x4A69, 0x4A69, 0x4A69,
    0x4A69, 0x4A69, 0x4A69, 0x4A69, 0x4A69, 0x4A69, 0x4A69, 0x4A69, 0xEDC0, 0xEDC0, 0xEDC0, 0xEDC0,
    0xEDC0, 0xEDC0, 0xEDC0, 0xEDC0, 0x4A69, 0x4A69, 0x4A69, 0x4A69, 0x4A69, 0x4A69, 0x4A69, 0x4A69,
    0x4A69, 0x4A69, 0x4A69, 0x4A69, 0x4A69, 0x4A69, 0x4A69, 0x4A69, 0x4A69, 0x4A69, 0x4A69, 0x4A69,
    0x4A69, 0x4A69, 0x4A69, 0x4A69, 0x4A69, 0x4A69, 0x4A69, 0x4A69, 0x4A69, 0x4A69, 0x4A69, 0x4A69,
    0x4A69, 0x4A69, 0x4A69, 0x4A69, 0x4A69, 0x4A69, 0x4A69, 0x4A69, 0x4A69, 0x4A69, 0x4A69, 0x4A69,
    0x4A69, 0x4A69, 0x4A69, 0x4A69, 0x4A69, 0x4A69, 0x4A69, 0x4A69, 0x4A69, 0x4A69, 0x4A69, 0x4A69,
    0x4A69, 0x4A69, 0x4A69, 0x4A69, 0x4A69, 0x4A69, 0x4A69, 0x4A69, 0x4A69, 0x4A69, 0x4A69, 0x4A69,
    0x4A69, 0x4A69, 0x4A69, 0x4A69, 0x4A69, 0x4A69, 0x4A69, 0x4A69, 0x4A69, 0x4A69, 0x4A69, 0x4A69,
    0x4A69, 0x4A69, 0x4A69, 0x4A69, 0x4A69, 0x4A69, 0x4A69, 0x4A69, 0x4A69, 0x4A69, 0x4A69, 0x4A69,
    0x4A69, 0x4A69, 0x4A69, 0x4A69, 0x4A69, 0x4A69, 0x4A69, 0x4A69, 0x4A69, 0x4A69, 0x4A69, 0x4A69,
    0x4A69, 0x4A69, 0x4A69, 0x4A69, 0x4A69, 0x4A69, 0x4A69, 0x4A69, 0xEDC0, 0xEDC0, 0xEDC0, 0xEDC0,
    0xEDC0, 0xEDC0, 0xEDC0, 0xEDC0, 0x4A69, 0x4A69, 0x4A69, 0x4A69, 0x4A69, 0x4A69, 0x4A69, 0x4A69,
    0x4A69, 0x4A69, 0x4A69, 0x4A69, 0x4A69, 0x4A69, 0x4A69, 0x4A69, 0x4A69, 0x4A69, 0x4A69, 0x4A69,
    0x4A69, 0x4A69, 0x4A69, 0x4A69, 0x4A69, 0x4A69, 0x4A69, 0x4A69, 0x4A69, 0x4A69, 0x4A69, 0x4A69,
    0x4A69, 0x4A69, 0x4A69, 0x4A69, 0x4A69, 0x4A69, 0x4A69, 0x4A69, 0x4A69, 0x4A69, 0x4A69, 0x4A69,
    0x4A69, 0x4A69, 0x4A69, 0x4A69, 0x4A69, 0x4A69, 0x4A69, 0x4A69, 0x4A69, 0x4A69, 0x4A69, 0x4A69,
    0x4A69, 0x4A69, 0x4A69, 0x4A69, 0x4A69, 0x4A69, 0x4A69, 0x4A69, 0x4A69, 0x4A69, 0x4A69, 0x4A69,
    0x4A69, 0x4A69, 0x4A69, 0x4A69, 0x4A69, 0x4A69, 0x4A69, 0x4A69, 0x4A69, 0x4A69, 0x4A69, 0x4A69,
    0x4A69, 0x4A69, 0x4A69, 0x4A69, 0x4A69, 0x4A69, 0x4A69, 0x4A69, 0x4A69, 0x4A69, 0x4A69, 0x4A69,
    0x4A69, 0x4A69, 0x4A69, 0x4A69, 0x4A69, 0x4A69, 0x4A69, 0x4A69, 0x4A69, 0x4A69, 0x4A69, 0x4A69,
    0x4A69, 0x4A69, 0x4A69, 0x4A69, 0x4A69, 0x4A69, 0x4A69, 0x4A69, 0xEDC0, 0xEDC0, 0xEDC0, 0xEDC0,
    0xEDC0, 0xEDC0, 0xEDC0, 0xEDC0, 0x4A69, 0x4A69, 0x4A69, 0x4A69, 0x4A69, 0x4A69, 0x4A69, 0x4A69,
    0x4A69, 0x4A69, 0x4A69, 0x4A69, 0x4A69, 0x4A69, 0x4A69, 0x4A69, 0x4A69, 0x4A69, 0x4A69, 0x4A69,
    0x4A69, 0x4A69, 0x4A69, 0x4A69, 0x4A69, 0x4A69, 0x4A69, 0x4A69, 0x4A69, 0x4A69, 0x4A69, 0x4A69,
    0x4A69, 0x4A69, 0x4A69, 0x4A69, 0x4A69, 0x4A69, 0x4A69, 0x4A69, 0x4A69, 0x4A69, 0x4A69, 0x4A69,
    0x4A69, 0x4A69, 0x4A69, 0x4A69, 0x4A69, 0x4A69, 0x4A69, 0x4A69, 0x4A69, 0x4A69, 0x4A69, 0x4A69,
    0x4A69, 0x4A69, 0x4A69, 0x4A69, 0x4A69, 0x4A69, 0x4A69, 0x4A69, 0x4A69, 0x4A69, 0x4A69, 0x4A69,
    0x4A69, 0x4A69, 0x4A69, 0x4A69, 0x4A69, 0x4A69, 0x4A69, 0x4A69, 0x4A69, 0x4A69, 0x4A69, 0x4A69,
    0x4A69, 0x4A69, 0x4A69, 0x4A69, 0x4A69, 0x4A69, 0x4A69, 0x4A69, 0x4A69, 0x4A69, 0x4A69, 0x4A69,
    0x4A69, 0x4A69, 0x4A69, 0x4A69, 0x4A69, 0x4A69, 0x4A69, 0x4A69, 0x4A69, 0x4A69, 0x4A69, 0x4A69,
    0x4A69, 0x4A69, 0x4A69, 0x4A69, 0x4A69, 0x4A69, 0x4A69, 0x4A69, 0xEDC0, 0xEDC0, 0xEDC0, 0xEDC0,
    0xEDC0, 0xEDC0, 0xEDC0, 0xEDC0, 0x4A69, 0x4A69, 0x4A69, 0x4A69, 0x4A69, 0x4A69, 0x4A69, 0x4A69,
    0x4A69, 0x4A69, 0x4A69, 0x4A69, 0x4A69, 0x4A69, 0x4A69, 0x4A69, 0x4A69, 0x4A69, 0x4A69, 0x4A69,
    0x4A69, 0x4A69, 0x4A69, 0x4A69, 0x4A69, 0x4A69, 0x4A69, 0x4A69, 0x4A69, 0x4A69, 0x4A69, 0x4A69,
    0x4A69, 0x4A69, 0x4A69, 0x4A69, 0x4A69, 0x4A69, 0x4A69, 0x4A69, 0x4A69, 0x4A69, 0x4A69, 0x4A69,
    0x4A69, 0x4A69, 0x4A69, 0x4A69, 0x4A69, 0x4A69, 0x4A69, 0x4A69, 0x4A69, 0x4A69, 0x4A69, 0x4A69,
    0x4A69, 0x4A69, 0x4A69, 0x4A69, 0x4A69, 0x4A69, 0x4A69, 0x4A69, 0x4A69, 0x4A69, 0x4A69, 0x4A69,
    0x4A69, 0x4A69, 0x4A69, 0x4A69, 0x4A69, 0x4A69, 0x4A69, 0x4A69, 0x4A69, 0x4A69, 0x4A69, 0x4A69,
    0x4A69, 0x4A69, 0x4A69, 0x4A69, 0x4A69, 0x4A69, 0x4A69, 0x4A69, 0x4A69, 0x4A69, 0x4A69, 0x4A69,
    0x4A69, 0x4A69, 0x4A69, 0x4A69, 0x4A69, 0x4A69, 0x4A69, 0x4A69, 0x4A69, 0x4A69, 0x4A69, 0x4A69,
    0x4A69, 0x4A69, 0x4A69, 0x4A69, 0x4A69, 0x4A69, 0x4A69, 0x4A69, 0xEDC0, 0xEDC0, 0xEDC0, 0xEDC0,
    0xEDC0, 0xEDC0, 0xEDC0, 0xEDC0, 0x4A69, 0x4A69, 0x4A69, 0x4A69, 0x4A69, 0x4A69, 0x4A69, 0x4A69,
    0x4A69, 0x4A69, 0x4A69, 0x4A69, 0x4A69, 0x4A69, 0x4A69, 0x4A69, 0x4A69, 0x4A69, 0x4A69, 0x4A69,
    0x4A69, 0x4A69, 0x4A69, 0x4A69, 0x4A69, 0x4A69, 0x4A69, 0x4A69, 0x4A69, 0x4A69, 0x4A69, 0x4A69,
    0x4A69, 0x4A69, 0x4A69, 0x4A69, 0x4A69, 0x4A69, 0x4A69, 0x4A69, 0x4A69, 0x4A69, 0x4A69, 0x4A69,
    0x4A69, 0x4A69, 0x4A69, 0x4A69, 0x4A69, 0x4A69, 0x4A69, 0x4A69, 0x4A69, 0x4A69, 0x4A69, 0x4A69,
    0x4A69, 0x4A69, 0x4A69, 0x4A69, 0x4A69, 0x4A69, 0x4A69, 0x4A69, 0x4A69, 0x4A69, 0x4A69, 0x4A69,
    0x4A69, 0x4A69, 0x4A69, 0x4A69, 0x4A69, 0x4A69, 0x4A69, 0x4A69, 0x4A69, 0x4A69, 0x4A69, 0x4A69,
    0x4A69, 0x4A69, 0x4A69, 0x4A69, 0x4A69, 0x4A69, 0x4A69, 0x4A69, 0x4A69, 0x4A69, 0x4A69, 0x4A69,
    0x4A69, 0x4A69, 0x4A69, 0x4A69, 0x4A69, 0x4A69, 0x4A69, 0x4A69, 0x4A69, 0x4A69, 0x4A69, 0x4A69,
    0x4A69, 0x4A69, 0x4A69, 0x4A69, 0x4A69, 0x4A69, 0x4A69, 0x4A69, 0xEDC0, 0xEDC0, 0xEDC0, 0xEDC0,
    0xEDC0, 0xEDC0, 0xEDC0, 0xEDC0, 0x4A69, 0x4A69, 0x4A69, 0x4A69, 0x4A69, 0x4A69, 0x4A69, 0x4A69,
    0x4A69, 0x4A69, 0x4A69, 0x4A69, 0x4A69, 0x4A69, 0x4A69, 0x4A69, 0x4A69, 0x4A69, 0x4A69, 0x4A69,
    0x4A69, 0x4A69, 0x4A69, 0x4A69, 0x4A69, 0x4A69, 0x4A69, 0x4A69, 0x4A69, 0x4A69, 0x4A69, 0x4A69,
    0x4A69, 0x4A69, 0x4A69, 0x4A69, 0x4A69, 0x4A69, 0x4A69, 0x4A69, 0x4A69, 0x4A69, 0x4A69, 0x4A69,
    0x4A69, 0x4A69, 0x4A69, 0x4A69, 0x4A69, 0x4A69, 0x4A69, 0x4A69, 0x4A69, 0x4A69, 0x4A69, 0x4A69,
    0x4A69, 0x4A69, 0x4A69, 0x4A69, 0x4A69, 0x4A69, 0x4A69, 0x4A69, 0x4A69, 0x4A69, 0x4A69, 0x4A69,
    0x4A69, 0x4A69, 0x4A69, 0x4A69, 0x4A69, 0x4A69, 0x4A69, 0x4A69, 0x4A69, 0x4A69, 0x4A69, 0x4A69,
    0x4A69, 0x4A69, 0x4A69, 0x4A69, 0x4A69, 0x4A69, 0x4A69, 0x4A69, 0x4A69, 0x4A69, 0x4A69, 0x4A69,
    0x4A69, 0x4A69, 0x4A69, 0x4A69, 0x4A69, 0x4A69, 0x4A69, 0x4A69, 0x4A69, 0x4A69, 0x4A69, 0x4A69,
    0x4A69, 0x4A69, 0x4A69, 0x4A69, 0x4A69, 0x4A69, 0x4A69, 0x4A69, 0xEDC0, 0xEDC0, 0xEDC0, 0xEDC0,
    0xEDC0, 0xEDC0, 0xEDC0, 0xEDC0, 0x4A69, 0x4A69, 0x4A69, 0x4A69, 0x4A69, 0x4A69, 0x4A69, 0x4A69,
    0x4A69, 0x4A69, 0x4A69, 0x4A69, 0x4A69, 0x4A69, 0x4A69, 0x4A69, 0x4A69, 0x4A69, 0x4A69, 0x4A69,
    0x4A69, 0x4A69, 0x4A69, 0x4A69, 0x4A69, 0x4A69, 0x4A69, 0x4A69, 0x4A69, 0x4A69, 0x4A69, 0x4A69,
    0x4A69, 0x4A69, 0x4A69, 0x4A69, 0x4A69, 0x4A69, 0x4A69, 0x4A69, 0x4A69, 0x4A69, 0x4A69, 0x4A69,
    0x4A69, 0x4A69, 0x4A69, 0x4A69, 0x4A69, 0x4A69, 0x4A69, 0x4A69, 0x4A69, 0x4A69, 0x4A69, 0x4A69,
    0x4A69, 0x4A69, 0x4A69, 0x4A69, 0x4A69, 0x4A69, 0x4A69, 0x4A69, 0x4A69, 0x4A69, 0x4A69, 0x4A69,
    0x4A69, 0x4A69, 0x4A69, 0x4A69, 0x4A69, 0x4A69, 0x4A69, 0x4A69, 0x4A69, 0x4A69, 0x4A69, 0x4A69,
    0x4A69, 0x4A69, 0x4A69, 0x4A69, 0x4A69, 0x4A69, 0x4A69, 0x4A69, 0x4A69, 0x4A69, 0x4A69, 0x4A69,
    0x4A69, 0x4A69, 0x4A69, 0x4A69, 0x4A69, 0x4A69, 0x4A69, 0x4A69, 0x4A69, 0x4A69, 0x4A69, 0x4A69,
    0x4A69, 0x4A69, 0x4A69, 0x4A69, 0x4A69, 0x4A69, 0x4A69, 0x4A69, 0xEDC0, 0xEDC0, 0xEDC0, 0xEDC0,
    0xEDC0, 0xEDC0, 0xEDC0, 0xEDC0, 0x4A69, 0x4A69, 0x4A69, 0x4A69, 0x4A69, 0x4A69, 0x4A69, 0x4A69,
    0x4A69, 0x4A69, 0x4A69, 0x4A69, 0x4A69, 0x4A69, 0x4A69, 0x4A69, 0x4A69, 0x4A69, 0x4A69, 0x4A69,
    0x4A69, 0x4A69, 0x4A69, 0x4A69, 0x4A69, 0x4A69, 0x4A69, 0x4A69, 0x4A69, 0x4A69, 0x4A69, 0x4A69,
    0x4A69, 0x4A69, 0x4A69, 0x4A69, 0x4A69, 0x4A69, 0x4A69, 0x4A69, 0x4A69, 0x4A69, 0x4A69, 0x4A69,
    0x4A69, 0x4A69, 0x4A69, 0x4A69, 0x4A69, 0x4A69, 0x4A69, 0x4A69, 0x4A69, 0x4A69, 0x4A69, 0x4A69,
    0x4A69, 0x4A69, 0x4A69, 0x4A69, 0x4A69, 0x4A69, 0x4A69, 0x4A69, 0x4A69, 0x4A69, 0x4A69, 0x4A69,
    0x4A69, 0x4A69, 0x4A69, 0x4A69, 0x4A69, 0x4A69, 0x4A69, 0x4A69, 0x4A69, 0x4A69, 0x4A69, 0x4A69,
    0x4A69, 0x4A69, 0x4A69, 0x4A69, 0x4A69, 0x4A69, 0x4A69, 0x4A69, 0x4A69, 0x4A69, 0x4A69, 0x4A69,
    0x4A69, 0x4A69, 0x4A69, 0x4A69, 0x4A69, 0x4A69, 0x4A69, 0x4A69, 0x4A69, 0x4A69, 0x4A69, 0x4A69,
    0x4A69, 0x4A69, 0x4A69, 0x4A69, 0x4A69, 0x4A69, 0x4A69, 0x4A69, 0xEDC0, 0xEDC0, 0xEDC0, 0xEDC0,
    0xEDC0, 0xEDC0, 0xEDC0, 0xEDC0, 0x4A69, 0x4A69, 0x4A69, 0x4A69, 0x4A69, 0x4A69, 0x4A69, 0x4A69,
    0x4A69, 0x4A69, 0x4A69, 0x4A69, 0x4A69, 0x4A69, 0x4A69, 0x4A69, 0x4A69, 0x4A69, 0x4A69, 0x4A69,
    0x4A69, 0x4A69, 0x4A69, 0x4A69, 0x4A69, 0x4A69, 0x4A69, 0x0861, 0x0861, 0x0861, 0x0861, 0x0861,
    0x0861, 0x0861, 0x0861, 0x0861, 0x0861, 0x0861, 0x0861, 0x0861, 0x0861, 0x0861, 0x0861, 0x0861,
    0x0861, 0x0861, 0x0861, 0x0861, 0x0861, 0x0861, 0x0861, 0x0861, 0x0861, 0x0861, 0x0861, 0x0861,
    0x0861, 0x0861, 0x0861, 0x0861, 0x0861, 0x0861, 0x0861, 0x0861, 0x0861, 0x0861, 0x0861, 0x0861,
    0x0861, 0x0861, 0x0861, 0x0861, 0x0861, 0x0861, 0x0861, 0x0861, 0x0861, 0x0861, 0x0861, 0x0861,
    0x0861, 0x0861, 0x0861, 0x0861, 0x0861, 0x0861, 0x4A69, 0x4A69, 0x4A69, 0x4A69, 0x4A69, 0x4A69,
    0x4A69, 0x4A69, 0x4A69, 0x4A69, 0x4A69, 0x4A69, 0x4A69, 0x4A69, 0x4A69, 0x4A69, 0x4A69, 0x4A69,
    0x4A69, 0x4A69, 0x4A69, 0x4A69, 0x4A69, 0x4A69, 0x4A69, 0x4A69, 0xEDC0, 0xEDC0, 0xEDC0, 0xEDC0,
    0xEDC0, 0xEDC0, 0xEDC0, 0xEDC0, 0x4A69, 0x4A69, 0x4A69, 0x4A69, 0x4A69, 0x4A69, 0x4A69, 0x4A69,
    0x4A69, 0x4A69, 0x4A69, 0x4A69, 0x4A69, 0x4A69, 0x4A69, 0x4A69, 0x4A69, 0x4A69, 0x4A69, 0x4A69,
    0x4A69, 0x4A69, 0x4A69, 0x4A69, 0x4A69, 0x0861, 0x0861, 0x0861, 0x0861, 0x0861, 0x0861, 0x0861,
    0x0861, 0x0861, 0x0861, 0x0861, 0x0861, 0x0861, 0x0861, 0x0861, 0x0861, 0x0861, 0x0861, 0x0861,
    0x0861, 0x0861, 0x0861, 0x0861, 0x0861, 0x0861, 0x0861, 0x0861, 0x0861, 0x0861, 0x0861, 0x0861,
    0x0861, 0x0861, 0x0861, 0x0861, 0x0861, 0x0861, 0x0861, 0x0861, 0x0861, 0x0861, 0x0861, 0x0861,
    0x0861, 0x0861, 0x0861, 0x0861, 0x0861, 0x0861, 0x0861, 0x0861, 0x0861, 0x0861, 0x0861, 0x0861,
    0x0861, 0x0861, 0x0861, 0x0861, 0x0861, 0x0861, 0x0861, 0x0861, 0x4A69, 0x4A69, 0x4A69, 0x4A69,
    0x4A69, 0x4A69, 0x4A69, 0x4A69, 0x4A69, 0x4A69, 0x4A69, 0x4A69, 0x4A69, 0x4A69, 0x4A69, 0x4A69,
    0x4A69, 0x4A69, 0x4A69, 0x4A69, 0x4A69, 0x4A69, 0x4A69, 0x4A69, 0xEDC0, 0xEDC0, 0xEDC0, 0xEDC0,
    0xEDC0, 0xEDC0, 0xEDC0, 0xEDC0, 0x4A69, 0x4A69, 0x4A69, 0x4A69, 0x4A69, 0x4A69, 0x4A69, 0x4A69,
    0x4A69, 0x4A69, 0x4A69, 0x4A69, 0x4A69, 0x4A69, 0x4A69, 0x4A69, 0x4A69, 0x4A69, 0x4A69, 0x4A69,
    0x4A69, 0x4A69, 0x4A69, 0x4A69, 0x0861, 0x0861, 0x0861, 0x0861, 0x630C, 0x630C, 0x630C, 0x630C,
    0x630C, 0x630C, 0x630C, 0x630C, 0x630C, 0x630C, 0x630C, 0x630C, 0x630C, 0x630C, 0x630C, 0x630C,
    0x630C, 0x630C, 0x630C, 0x630C, 0x630C, 0x630C, 0x630C, 0x630C, 0x630C, 0x630C, 0x630C, 0x630C,
    0x630C, 0x630C, 0x630C, 0x630C, 0x630C, 0x630C, 0x630C, 0x630C, 0x630C, 0x630C, 0x630C, 0x630C,
    0x630C, 0x630C, 0x630C, 0x630C, 0x630C, 0x630C, 0x630C, 0x630C, 0x630C, 0x630C, 0x630C, 0x630C,
    0x630C, 0x630C, 0x630C, 0x630C, 0x630C, 0x0861, 0x0861, 0x0861, 0x0861, 0x4A69, 0x4A69, 0x4A69,
    0x4A69, 0x4A69, 0x4A69, 0x4A69, 0x4A69, 0x4A69, 0x4A69, 0x4A69, 0x4A69, 0x4A69, 0x4A69, 0x4A69,
    0x4A69, 0x4A69, 0x4A69, 0x4A69, 0x4A69, 0x4A69, 0x4A69, 0x4A69, 0xEDC0, 0xEDC0, 0xEDC0, 0xEDC0,
    0xEDC0, 0xEDC0, 0xEDC0, 0xEDC0, 0x4A69, 0x4A69, 0x4A69, 0x4A69, 0x4A69, 0x4A69, 0x4A69, 0x4A69,
    0x4A69, 0x4A69, 0x4A69, 0x4A69, 0x4A69, 0x4A69, 0x4A69, 0x4A69, 0x4A69, 0x4A69, 0x4A69, 0x4A69,
    0x4A69, 0x4A69, 0x4A69, 0x0861, 0x0861, 0x0861, 0x630C, 0x630C, 0x39C7, 0x39C7, 0x39C7, 0x39C7,
    0x39C7, 0x39C7, 0x39C7, 0x39C7, 0x39C7, 0x39C7, 0x39C7, 0x39C7, 0x39C7, 0x39C7, 0x39C7, 0x39C7,
    0x39C7, 0x39C7, 0x39C7, 0x39C7, 0x39C7, 0x39C7, 0x39C7, 0x39C7, 0x39C7, 0x39C7, 0x39C7, 0x39C7,
    0x39C7, 0x39C7, 0x39C7, 0x39C7, 0x39C7, 0x39C7, 0x39C7, 0x39C7, 0x39C7, 0x39C7, 0x39C7, 0x39C7,
    0x39C7, 0x39C7, 0x39C7, 0x39C7, 0x39C7, 0x39C7, 0x39C7, 0x39C7, 0x39C7, 0x39C7, 0x39C7, 0x39C7,
    0x39C7, 0x39C7, 0x39C7, 0x39C7, 0x39C7, 0x630C, 0x630C, 0x0861, 0x0861, 0x0861, 0x4A69, 0x4A69,
    0x4A69, 0x4A69, 0x4A69, 0x4A69, 0x4A69, 0x4A69, 0x4A69, 0x4A69, 0x4A69, 0x4A69, 0x4A69, 0x4A69,
    0x4A69, 0x4A69, 0x4A69, 0x4A69, 0x4A69, 0x4A69, 0x4A69, 0x4A69, 0xEDC0, 0xEDC0, 0xEDC0, 0xEDC0,
    0xEDC0, 0xEDC0, 0xEDC0, 0xEDC0, 0x4A69, 0x4A69, 0x4A69, 0x4A69, 0x4A69, 0x4A69, 0x4A69, 0x4A69,
    0x4A69, 0x4A69, 0x4A69, 0x4A69, 0x4A69, 0x4A69, 0x4A69, 0x4A69, 0x4A69, 0x4A69, 0x4A69, 0x4A69,
    0x4A69, 0x4A69, 0x0861, 0x0861, 0x0861, 0x630C, 0x39C7, 0x39C7, 0x39C7, 0x39C7, 0x39C7, 0x39C7,
    0x39C7, 0x39C7, 0x39C7, 0x39C7, 0x39C7, 0x39C7, 0x39C7, 0x39C7, 0x39C7, 0x39C7, 0x39C7, 0x39C7,
    0x39C7, 0x39C7, 0x39C7, 0x39C7, 0x39C7, 0x39C7, 0x39C7, 0x39C7, 0x39C7, 0x39C7, 0x39C7, 0x39C7,
    0x39C7, 0x39C7, 0x39C7, 0x39C7, 0x39C7, 0x39C7, 0x39C7, 0x39C7, 0x39C7, 0x39C7, 0x39C7, 0x39C7,
    0x39C7, 0x39C7, 0x39C7, 0x39C7, 0x39C7, 0x39C7, 0x39C7, 0x39C7, 0x39C7, 0x39C7, 0x39C7, 0x39C7,
    0x39C7, 0x39C7, 0x39C7, 0x39C7, 0x39C7, 0x39C7, 0x39C7, 0x630C, 0x0861, 0x0861, 0x0861, 0x4A69,
    0x4A69, 0x4A69, 0x4A69, 0x4A69, 0x4A69, 0x4A69, 0x4A69, 0x4A69, 0x4A69, 0x4A69, 0x4A69, 0x4A69,
    0x4A69, 0x4A69, 0x4A69, 0x4A69, 0x4A69, 0x4A69, 0x4A69, 0x4A69, 0xEDC0, 0xEDC0, 0xEDC0, 0xEDC0,
    0xEDC0, 0xEDC0, 0xEDC0, 0xEDC0, 0x4A69, 0x4A69, 0x4A69, 0x4A69, 0x4A69, 0x4A69, 0x4A69, 0x4A69,
    0x4A69, 0x4A69, 0x4A69, 0x4A69, 0x4A69, 0x4A69, 0x4A69, 0x4A69, 0x4A69, 0x4A69, 0x4A69, 0x4A69,
    0x4A69, 0x0861, 0x0861, 0x0861, 0x630C, 0x39C7, 0x39C7, 0x39C7, 0x39C7, 0x39C7, 0x39C7, 0x39C7,
    0x39C7, 0x39C7, 0x39C7, 0x39C7, 0x39C7, 0x39C7, 0x39C7, 0x39C7, 0x39C7, 0x39C7, 0x39C7, 0x39C7,
    0x39C7, 0x39C7, 0x39C7, 0x39C7, 0x39C7, 0x39C7, 0x39C7, 0x39C7, 0x39C7, 0x39C7, 0x39C7, 0x39C7,
    0x39C7, 0x39C7, 0x39C7, 0x39C7, 0x39C7, 0x39C7, 0x39C7, 0x39C7, 0x39C7, 0x39C7, 0x39C7, 0x39C7,
    0x39C7, 0x39C7, 0x39C7, 0x39C7, 0x39C7, 0x39C7, 0x39C7, 0x39C7, 0x39C7, 0x39C7, 0x39C7, 0x39C7,
    0x39C7, 0x39C7, 0x39C7, 0x39C7, 0x39C7, 0x39C7, 0x39C7, 0x39C7, 0x630C, 0x0861, 0x0861, 0x0861,
    0x4A69, 0x4A69, 0x4A69, 0x4A69, 0x4A69, 0x4A69, 0x4A69, 0x4A69, 0x4A69, 0x4A69, 0x4A69, 0x4A69,
    0x4A69, 0x4A69, 0x4A69, 0x4A69, 0x4A69, 0x4A69, 0x4A69, 0x4A69, 0xEDC0, 0xEDC0, 0xEDC0, 0xEDC0,
    0xEDC0, 0xEDC0, 0xEDC0, 0xEDC0, 0x4A69, 0x4A69, 0x4A69, 0x4A69, 0x4A69, 0x4A69, 0x4A69, 0x4A69,
    0x4A69, 0x4A69, 0x4A69, 0x4A69, 0x4A69, 0x4A69, 0x4A69, 0x4A69, 0x4A69, 0x4A69, 0x4A69, 0x4A69,
    0x4A69, 0x0861, 0x0861, 0x630C, 0x39C7, 0x39C7, 0x39C7, 0x39C7, 0x39C7, 0x39C7, 0x39C7, 0x39C7,
    0x39C7, 0x39C7, 0x39C7, 0x39C7, 0x39C7, 0x39C7, 0x39C7, 0x39C7, 0x39C7, 0x39C7, 0x39C7, 0x39C7,
    0x39C7, 0x39C7, 0x39C7, 0x39C7, 0x39C7, 0x39C7, 0x39C7, 0x39C7, 0x39C7, 0x39C7, 0x39C7, 0x39C7,
    0x39C7, 0x39C7, 0x39C7, 0x39C7, 0x39C7, 0x39C7, 0x39C7, 0x39C7, 0x39C7, 0x39C7, 0x39C7, 0x39C7,
    0x39C7, 0x39C7, 0x39C7, 0x39C7, 0x39C7, 0x39C7, 0x39C7, 0x39C7, 0x39C7, 0x39C7, 0x39C7, 0x39C7,
    0x39C7, 0x39C7, 0x39C7, 0x39C7, 0x39C7, 0x39C7, 0x39C7, 0x39C7, 0x39C7, 0x630C, 0x0861, 0x0861,
    0x4A69, 0x4A69, 0x4A69, 0x4A69, 0x4A69, 0x4A69, 0x4A69, 0x4A69, 0x4A69, 0x4A69, 0x4A69, 0x4A69,
    0x4A69, 0x4A69, 0x4A69, 0x4A69, 0x4A69, 0x4A69, 0x4A69, 0x4A69, 0xEDC0, 0xEDC0, 0xEDC0, 0xEDC0,
    0xEDC0, 0xEDC0, 0xEDC0, 0xEDC0, 0x4A69, 0x4A69, 0x4A69, 0x4A69, 0x4A69, 0x4A69, 0x4A69, 0x4A69,
    0x4A69, 0x4A69, 0x4A69, 0x4A69, 0x4A69, 0x4A69, 0x4A69, 0x4A69, 0x4A69, 0x4A69, 0x4A69, 0x4A69,
    0x0861, 0x0861, 0x0861, 0x630C, 0x39C7, 0x39C7, 0x39C7, 0x39C7, 0x39C7, 0x39C7, 0x39C7, 0x39C7,
    0x39C7, 0x39C7, 0x39C7, 0x39C7, 0x39C7, 0x39C7, 0x39C7, 0x39C7, 0x39C7, 0x39C7, 0x39C7, 0x39C7,
    0x39C7, 0x39C7, 0x39C7, 0x39C7, 0x39C7, 0x39C7, 0x39C7, 0x39C7, 0x39C7, 0x39C7, 0x39C7, 0x39C7,
    0x39C7, 0x39C7, 0x39C7, 0x39C7, 0x39C7, 0x39C7, 0x39C7, 0x39C7, 0x39C7, 0x39C7, 0x39C7, 0x39C7,
    0x39C7, 0x39C7, 0x39C7, 0x39C7, 0x39C7, 0x39C7, 0x39C7, 0x39C7, 0x39C7, 0x39C7, 0x39C7, 0x39C7,
    0x39C7, 0x39C7, 0x39C7, 0x39C7, 0x39C7, 0x39C7, 0x39C7, 0x39C7, 0x39C7, 0x630C, 0x0861, 0x0861,
    0x0861, 0x4A69, 0x4A69, 0x4A69, 0x4A69, 0x4A69, 0x4A69, 0x4A69, 0x4A69, 0x4A69, 0x4A69, 0x4A69,
    0x4A69, 0x4A69, 0x4A69, 0x4A69, 0x4A69, 0x4A69, 0x4A69, 0x4A69, 0xEDC0, 0xEDC0, 0xEDC0, 0xEDC0,
    0xEDC0, 0xEDC0, 0xEDC0, 0xEDC0, 0x4A69, 0x4A69, 0x4A69, 0x4A69, 0x4A69, 0x4A69, 0x4A69, 0x4A69,
    0x4A69, 0x4A69, 0x4A69, 0x4A69, 0x4A69, 0x4A69, 0x4A69, 0x4A69, 0x4A69, 0x4A69, 0x4A69, 0x4A69,
    0x0861, 0x0861, 0x630C, 0x39C7, 0x39C7, 0x39C7, 0x39C7, 0x39C7, 0x39C7, 0x39C7, 0x39C7, 0x39C7,
    0x39C7, 0x39C7, 0x39C7, 0x39C7, 0x39C7, 0x39C7, 0x39C7, 0x39C7, 0x39C7, 0x39C7, 0xF79E, 0xF79E,
    0xF79E, 0xF79E, 0xF79E, 0xF79E, 0xF79E, 0xF79E, 0xF79E, 0xF79E, 0xF79E, 0xF79E, 0xF79E, 0xF79E,
    0xF79E, 0xF79E, 0xF79E, 0xF79E, 0xF79E, 0xF79E, 0xF79E, 0xF79E, 0xF79E, 0xF79E, 0xF79E, 0xF79E,
    0xF79E, 0xF79E, 0xF79E, 0x39C7, 0x39C7, 0x39C7, 0x39C7, 0x39C7, 0x39C7, 0x39C7, 0x39C7, 0x39C7,
    0x39C7, 0x39C7, 0x39C7, 0x39C7, 0x39C7, 0x39C7, 0x39C7, 0x39C7, 0x39C7, 0x39C7, 0x630C, 0x0861,
    0x0861, 0x4A69, 0x4A69, 0x4A69, 0x4A69, 0x4A69, 0x4A69, 0x4A69, 0x4A69, 0x4A69, 0x4A69, 0x4A69,
    0x4A69, 0x4A69, 0x4A69, 0x4A69, 0x4A69, 0x4A69, 0x4A69, 0x4A69, 0xEDC0, 0xEDC0, 0xEDC0, 0xEDC0,
    0xEDC0, 0xEDC0, 0xEDC0, 0xEDC0, 0x4A69, 0x4A69, 0x4A69, 0x4A69, 0x4A69, 0x4A69, 0x4A69, 0x4A69,
    0x4A69, 0x4A69, 0x4A69, 0x4A69, 0x4A69, 0x4A69, 0x4A69, 0x4A69, 0x4A69, 0x4A69, 0x4A69, 0x4A69,
    0x0861, 0x0861, 0x630C, 0x39C7, 0x39C7, 0x39C7, 0x39C7, 0x39C7, 0x39C7, 0x39C7, 0x39C7, 0x39C7,
    0x39C7, 0x39C7, 0x39C7, 0x39C7, 0x39C7, 0x39C7, 0x39C7, 0x39C7, 0x39C7, 0x39C7, 0x39C7, 0xF79E,
    0xF79E, 0xF79E, 0xF79E, 0xF79E, 0xF79E, 0xF79E, 0xF79E, 0xF79E, 0xF79E, 0xF79E, 0xF79E, 0xF79E,
    0xF79E, 0xF79E, 0xF79E, 0xF79E, 0xF79E, 0xF79E, 0xF79E, 0xF79E, 0xF79E, 0xF79E, 0xF79E, 0xF79E,
    0xF79E, 0xF79E, 0x39C7, 0x39C7, 0x39C7, 0x39C7, 0x39C7, 0x39C7, 0x39C7, 0x39C7, 0x39C7, 0x39C7,
    0x39C7, 0x39C7, 0x39C7, 0x39C7, 0x39C7, 0x39C7, 0x39C7, 0x39C7, 0x39C7, 0x39C7, 0x630C, 0x0861,
    0x0861, 0x4A69, 0x4A69, 0x4A69, 0x4A69, 0x4A69, 0x4A69, 0x4A69, 0x4A69, 0x4A69, 0x4A69, 0x4A69,
    0x4A69, 0x4A69, 0x4A69, 0x4A69, 0x4A69, 0x4A69, 0x4A69, 0x4A69, 0xEDC0, 0xEDC0, 0xEDC0, 0xEDC0,
    0xEDC0, 0xEDC0, 0xEDC0, 0xEDC0, 0x4A69, 0x4A69, 0x4A69, 0x4A69, 0x4A69, 0x4A69, 0x4A69, 0x4A69,
    0x4A69, 0x4A69, 0x4A69, 0x4A69, 0x4A69, 0x4A69, 0x4A69, 0x4A69, 0x4A69, 0x4A69, 0x4A69, 0x4A69,
    0x0861, 0x0861, 0x630C, 0x39C7, 0x39C7, 0x39C7, 0x39C7, 0x39C7, 0x39C7, 0x39C7, 0x39C7, 0x39C7,
    0x39C7, 0x39C7, 0x39C7, 0x39C7, 0x39C7, 0x39C7, 0x39C7, 0x39C7, 0x39C7, 0x39C7, 0x39C7, 0xF79E,
    0xF79E, 0xF79E, 0xF79E, 0xF79E, 0xF79E, 0xF79E, 0xF79E, 0xF79E, 0xF79E, 0xF79E, 0xF79E, 0xF79E,
    0xF79E, 0xF79E, 0xF79E, 0xF79E, 0xF79E, 0xF79E, 0xF79E, 0xF79E, 0xF79E, 0xF79E, 0xF79E, 0xF79E,
    0xF79E, 0xF79E, 0x39C7, 0x39C7, 0x39C7, 0x39C7, 0x39C7, 0x39C7, 0x39C7, 0x39C7, 0x39C7, 0x39C7,
    0x39C7, 0x39C7, 0x39C7, 0x39C7, 0x39C7, 0x39C7, 0x39C7, 0x39C7, 0x39C7, 0x39C7, 0x630C, 0x0861,
    0x0861, 0x4A69, 0x4A69, 0x4A69, 0x4A69, 0x4A69, 0x4A69, 0x4A69, 0x4A69, 0x4A69, 0x4A69, 0x4A69,
    0x4A69, 0x4A69, 0x4A69, 0x4A69, 0x4A69, 0x4A69, 0x4A69, 0x4A69, 0xEDC0, 0xEDC0, 0xEDC0, 0xEDC0,
    0xEDC0, 0xEDC0, 0xEDC0, 0xEDC0, 0x4A69, 0x4A69, 0x4A69, 0x4A69, 0x4A69, 0x4A69, 0x4A69, 0x4A69,
    0x4A69, 0x4A69, 0x4A69, 0x4A69, 0x4A69, 0x4A69, 0x4A69, 0x4A69, 0x4A69, 0x4A69, 0x4A69, 0x4A69,
    0x0861, 0x0861, 0x630C, 0x39C7, 0x39C7, 0x39C7, 0x39C7, 0x39C7, 0x39C7, 0x39C7, 0x39C7, 0x39C7,
    0x39C7, 0x39C7, 0x39C7, 0x39C7, 0x39C7, 0x39C7, 0x39C7, 0x39C7, 0x39C7, 0x39C7, 0x39C7, 0x39C7,
    0xF79E, 0xF79E, 0xF79E, 0xF79E, 0xF79E, 0xF79E, 0xF79E, 0xF79E, 0xF79E, 0xF79E, 0xF79E, 0xF79E,
    0xF79E, 0xF79E, 0xF79E, 0xF79E, 0xF79E, 0xF79E, 0xF79E, 0xF79E, 0xF79E, 0xF79E, 0xF79E, 0xF79E,
    0xF79E, 0x39C7, 0x39C7, 0x39C7, 0x39C7, 0x39C7, 0x39C7, 0x39C7, 0x39C7, 0x39C7, 0x39C7, 0x39C7,
    0x39C7, 0x39C7, 0x39C7, 0x39C7, 0x39C7, 0x39C7, 0x39C7, 0x39C7, 0x39C7, 0x39C7, 0x630C, 0x0861,
    0x0861, 0x4A69, 0x4A69, 0x4A69, 0x4A69, 0x4A69, 0x4A69, 0x4A69, 0x4A69, 0x4A69, 0x4A69, 0x4A69,
    0x4A69, 0x4A69, 0x4A69, 0x4A69, 0x4A69, 0x4A69, 0x4A69, 0x4A69, 0xEDC0, 0xEDC0, 0xEDC0, 0xEDC0,
    0xEDC0, 0xEDC0, 0xEDC0, 0xEDC0, 0x4A69, 0x4A69, 0x4A69, 0x4A69, 0x4A69, 0x4A69, 0x4A69, 0x4A69,
    0x4A69, 0x4A69, 0x4A69, 0x4A69, 0x4A69, 0x4A69, 0x4A69, 0x4A69, 0x4A69, 0x4A69, 0x4A69, 0x4A69,
    0x0861, 0x0861, 0x630C, 0x39C7, 0x39C7, 0x39C7, 0x39C7, 0x39C7, 0x39C7, 0x39C7, 0x39C7, 0x39C7,
    0x39C7, 0x39C7, 0x39C7, 0x39C7, 0x39C7, 0x39C7, 0x39C7, 0x39C7, 0x39C7, 0x39C7, 0x39C7, 0x39C7,
    0x39C7, 0xF79E, 0xF79E, 0xF79E, 0xF79E, 0xF79E, 0xF79E, 0xF79E, 0xF79E, 0xF79E, 0xF79E, 0xF79E,
    0xF79E, 0xF79E, 0xF79E, 0xF79E, 0xF79E, 0xF79E, 0xF79E, 0xF79E, 0xF79E, 0xF79E, 0xF79E, 0xF79E,
    0x39C7, 0x39C7, 0x39C7, 0x39C7, 0x39C7, 0x39C7, 0x39C7, 0x39C7, 0x39C7, 0x39C7, 0x39C7, 0x39C7,
    0x39C7, 0x39C7, 0x39C7, 0x39C7, 0x39C7, 0x39C7, 0x39C7, 0x39C7, 0x39C7, 0x39C7, 0x630C, 0x0861,
    0x0861, 0x4A69, 0x4A69, 0x4A69, 0x4A69, 0x4A69, 0x4A69, 0x4A69, 0x4A69, 0x4A69, 0x4A69, 0x4A69,
    0x4A69, 0x4A69, 0x4A69, 0x4A69, 0x4A69, 0x4A69, 0x4A69, 0x4A69, 0xEDC0, 0xEDC0, 0xEDC0, 0xEDC0,
    0xEDC0, 0xEDC0, 0xEDC0, 0xEDC0, 0x4A69, 0x4A69, 0x4A69, 0x4A69, 0x4A69, 0x4A69, 0x4A69, 0x4A69,
    0x4A69, 0x4A69, 0x4A69, 0x4A69, 0x4A69, 0x4A69, 0x4A69, 0x4A69, 0x4A69, 0x4A69, 0x4A69, 0x4A69,
    0x0861, 0x0861, 0x630C, 0x39C7, 0x39C7, 0x39C7, 0x39C7, 0x39C7, 0x39C7, 0x39C7, 0x39C7, 0x39C7,
    0x39C7, 0x39C7, 0x39C7, 0x39C7, 0x39C7, 0x39C7, 0x39C7, 0x39C7, 0x39C7, 0x39C7, 0x39C7, 0x39C7,
    0x39C7, 0x39C7, 0xF79E, 0xF79E, 0xF79E, 0xF79E, 0xF79E, 0xF79E, 0xF79E, 0xF79E, 0xF79E, 0xF79E,
    0xF79E, 0xF79E, 0xF79E, 0xF79E, 0xF79E, 0xF79E, 0xF79E, 0xF79E, 0xF79E, 0xF79E, 0xF79E, 0x39C7,
    0x39C7, 0x39C7, 0x39C7, 0x39C7, 0x39C7, 0x39C7, 0x39C7, 0x39C7, 0x39C7, 0x39C7, 0x39C7, 0x39C7,
    0x39C7, 0x39C7, 0x39C7, 0x39C7, 0x39C7, 0x39C7, 0x39C7, 0x39C7, 0x39C7, 0x39C7, 0x630C, 0x0861,
    0x0861, 0x4A69, 0x4A69, 0x4A69, 0x4A69, 0x4A69, 0x4A69, 0x4A69, 0x4A69, 0x4A69, 0x4A69, 0x4A69,
    0x4A69, 0x4A69, 0x4A69, 0x4A69, 0x4A69, 0x4A69, 0x4A69, 0x4A69, 0xEDC0, 0xEDC0, 0xEDC0, 0xEDC0,
    0xEDC0, 0xEDC0, 0xEDC0, 0xEDC0, 0x4A69, 0x4A69, 0x4A69, 0x4A69, 0x4A69, 0x4A69, 0x4A69, 0x4A69,
    0x4A69, 0x4A69, 0x4A69, 0x4A69, 0x4A69, 0x4A69, 0x4A69, 0x4A69, 0x4A69, 0x4A69, 0x4A69, 0x4A69,
    0x0861, 0x0861, 0x630C, 0x39C7, 0x39C7, 0x39C7, 0x39C7, 0x39C7, 0x39C7, 0x39C7, 0x39C7, 0x39C7,
    0x39C7, 0x39C7, 0x39C7, 0x39C7, 0x39C7, 0x39C7, 0x39C7, 0x39C7, 0x39C7, 0x39C7, 0x39C7, 0x39C7,
    0x39C7, 0x39C7, 0xF79E, 0xF79E, 0xF79E, 0xF79E, 0xF79E, 0xF79E, 0xF79E, 0xF79E, 0xF79E, 0xF79E,
    0xF79E, 0xF79E, 0xF79E, 0xF79E, 0xF79E, 0xF79E, 0xF79E, 0xF79E, 0xF79E, 0xF79E, 0xF79E, 0x39C7,
    0x39C7, 0x39C7, 0x39C7, 0x39C7, 0x39C7, 0x39C7, 0x39C7, 0x39C7, 0x39C7, 0x39C7, 0x39C7, 0x39C7,
    0x39C7, 0x39C7, 0x39C7, 0x39C7, 0x39C7, 0x39C7, 0x39C7, 0x39C7, 0x39C7, 0x39C7, 0x630C, 0x0861,
    0x0861, 0x4A69, 0x4A69, 0x4A69, 0x4A69, 0x4A69, 0x4A69, 0x4A69, 0x4A69, 0x4A69, 0x4A69, 0x4A69,
    0x4A69, 0x4A69, 0x4A69, 0x4A69, 0x4A69, 0x4A69, 0x4A69, 0x4A69, 0xEDC0, 0xEDC0, 0xEDC0, 0xEDC0,
    0xEDC0, 0xEDC0, 0xEDC0, 0xEDC0, 0x4A69, 0x4A69, 0x4A69, 0x4A69, 0x4A69, 0x4A69, 0x4A69, 0x4A69,
    0x4A69, 0x4A69, 0x4A69, 0x4A69, 0x4A69, 0x4A69, 0x4A69, 0x4A69, 0x4A69, 0x4A69, 0x4A69, 0x4A69,
    0x0861, 0x0861, 0x630C, 0x39C7, 0x39C7, 0x39C7, 0x39C7, 0x39C7, 0x39C7, 0x39C7, 0x39C7, 0x39C7,
    0x39C7, 0x39C7, 0x39C7, 0x39C7, 0x39C7, 0x39C7, 0x39C7, 0x39C7, 0x39C7, 0x39C7, 0x39C7, 0x39C7,
    0x39C7, 0x39C7, 0x39C7, 0xF79E, 0xF79E, 0xF79E, 0xF79E, 0xF79E, 0xF79E, 0xF79E, 0xF79E, 0xF79E,
    0xF79E, 0xF79E, 0xF79E, 0xF79E, 0xF79E, 0xF79E, 0xF79E, 0xF79E, 0xF79E, 0xF79E, 0x39C7, 0x39C7,
    0x39C7, 0x39C7, 0x39C7, 0x39C7, 0x39C7, 0x39C7, 0x39C7, 0x39C7, 0x39C7, 0x39C7, 0x39C7, 0x39C7,
    0x39C7, 0x39C7, 0x39C7, 0x39C7, 0x39C7, 0x39C7, 0x39C7, 0x39C7, 0x39C7, 0x39C7, 0x630C, 0x0861,
    0x0861, 0x4A69, 0x4A69, 0x4A69, 0x4A69, 0x4A69, 0x4A69, 0x4A69, 0x4A69, 0x4A69, 0x4A69, 0x4A69,
    0x4A69, 0x4A69, 0x4A69, 0x4A69, 0x4A69, 0x4A69, 0x4A69, 0x4A69, 0xEDC0, 0xEDC0, 0xEDC0, 0xEDC0,
    0xEDC0, 0xEDC0, 0xEDC0, 0xEDC0, 0x4A69, 0x4A69, 0x4A69, 0x4A69, 0x4A69, 0x4A69, 0x4A69, 0x4A69,
    0x4A69, 0x4A69, 0x4A69, 0x4A69, 0x4A69, 0x4A69, 0x4A69, 0x4A69, 0x4A69, 0x4A69, 0x4A69, 0x4A69,
    0x0861, 0x0861, 0x630C, 0x39C7, 0x39C7, 0x39C7, 0x39C7, 0x39C7, 0x39C7, 0x39C7, 0x39C7, 0x39C7,
    0x39C7, 0x39C7, 0x39C7, 0x39C7, 0x39C7, 0x39C7, 0x39C7, 0x39C7, 0x39C7, 0x39C7, 0x39C7, 0x39C7,
    0x39C7, 0x39C7, 0x39C7, 0x39C7, 0xF79E, 0xF79E, 0xF79E, 0xF79E, 0xF79E, 0xF79E, 0xF79E, 0xF79E,
    0xF79E, 0xF79E, 0xF79E, 0xF79E, 0xF79E, 0xF79E, 0xF79E, 0xF79E, 0xF79E, 0x39C7, 0x39C7, 0x39C7,
    0x39C7, 0x39C7, 0x39C7, 0x39C7, 0x39C7, 0x39C7, 0x39C7, 0x39C7, 0x39C7, 0x39C7, 0x39C7, 0x39C7,
    0x39C7, 0x39C7, 0x39C7, 0x39C7, 0x39C7, 0x39C7, 0x39C7, 0x39C7, 0x39C7, 0x39C7, 0x630C, 0x0861,
    0x0861, 0x4A69, 0x4A69, 0x4A69, 0x4A69, 0x4A69, 0x4A69, 0x4A69, 0x4A69, 0x4A69, 0x4A69, 0x4A69,
    0x4A69, 0x4A69, 0x4A69, 0x4A69, 0x4A69, 0x4A69, 0x4A69, 0x4A69, 0xEDC0, 0xEDC0, 0xEDC0, 0xEDC0,
    0xEDC0, 0xEDC0, 0xEDC0, 0xEDC0, 0x4A69, 0x4A69, 0x4A69, 0x4A69, 0x4A69, 0x4A69, 0x4A69, 0x4A69,
    0x4A69, 0x4A69, 0x4A69, 0x4A69, 0x4A69, 0x4A69, 0x4A69, 0x4A69, 0x4A69, 0x4A69, 0x4A69, 0x4A69,
    0x0861, 0x0861, 0x630C, 0x39C7, 0x39C7, 0x39C7, 0x39C7, 0x39C7, 0x39C7, 0x39C7, 0x39C7, 0x39C7,
    0x39C7, 0x39C7, 0x39C7, 0x39C7, 0x39C7, 0x39C7, 0x39C7, 0x39C7, 0x39C7, 0x39C7, 0x39C7, 0x39C7,
    0x39C7, 0x39C7, 0x39C7, 0x39C7, 0xF79E, 0xF79E, 0xF79E, 0xF79E, 0xF79E, 0xF79E, 0xF79E, 0xF79E,
    0xF79E, 0xF79E, 0xF79E, 0xF79E, 0xF79E, 0xF79E, 0xF79E, 0xF79E, 0xF79E, 0x39C7, 0x39C7, 0x39C7,
    0x39C7, 0x39C7, 0x39C7, 0x39C7, 0x39C7, 0x39C7, 0x39C7, 0x39C7, 0x39C7, 0x39C7, 0x39C7, 0x39C7,
    0x39C7, 0x39C7, 0x39C7, 0x39C7, 0x39C7, 0x39C7, 0x39C7, 0x39C7, 0x39C7, 0x39C7, 0x630C, 0x0861,
    0x0861, 0x4A69, 0x4A69, 0x4A69, 0x4A69, 0x4A69, 0x4A69, 0x4A69, 0x4A69, 0x4A69, 0x4A69, 0x4A69,
    0x4A69, 0x4A69, 0x4A69, 0x4A69, 0x4A69, 0x4A69, 0x4A69, 0x4A69, 0xEDC0, 0xEDC0, 0xEDC0, 0xEDC0,
    0xEDC0, 0xEDC0, 0xEDC0, 0xEDC0, 0x4A69, 0x4A69, 0x4A69, 0x4A69, 0x4A69, 0x4A69, 0x4A69, 0x4A69,
    0x4A69, 0x4A69, 0x4A69, 0x4A69, 0x4A69, 0x4A69, 0x4A69, 0x4A69, 0x4A69, 0x4A69, 0x4A69, 0x4A69,
    0x0861, 0x0861, 0x630C, 0x39C7, 0x39C7, 0x39C7, 0x39C7, 0x39C7, 0x39C7, 0x39C7, 0x39C7, 0x39C7,
    0x39C7, 0x39C7, 0x39C7, 0x39C7, 0x39C7, 0x39C7, 0x39C7, 0x39C7, 0x39C7, 0x39C7, 0x39C7, 0x39C7,
    0x39C7, 0x39C7, 0x39C7, 0x39C7, 0x39C7, 0xF79E, 0xF79E, 0xF79E, 0xF79E, 0xF79E, 0xF79E, 0xF79E,
    0xF79E, 0xF79E, 0xF79E, 0xF79E, 0xF79E, 0xF79E, 0xF79E, 0xF79E, 0x39C7, 0x39C7, 0x39C7, 0x39C7,
    0x39C7, 0x39C7, 0x39C7, 0x39C7, 0x39C7, 0x39C7, 0x39C7, 0x39C7, 0x39C7, 0x39C7, 0x39C7, 0x39C7,
    0x39C7, 0x39C7, 0x39C7, 0x39C7, 0x39C7, 0x39C7, 0x39C7, 0x39C7, 0x39C7, 0x39C7, 0x630C, 0x0861,
    0x0861, 0x4A69, 0x4A69, 0x4A69, 0x4A69, 0x4A69, 0x4A69, 0x4A69, 0x4A69, 0x4A69, 0x4A69, 0x4A69,
    0x4A69, 0x4A69, 0x4A69, 0x4A69, 0x4A69, 0x4A69, 0x4A69, 0x4A69, 0xEDC0, 0xEDC0, 0xEDC0, 0xEDC0,
    0xEDC0, 0xEDC0, 0xEDC0, 0xEDC0, 0x4A69, 0x4A69, 0x4A69, 0x4A69, 0x4A69, 0x4A69, 0x4A69, 0x4A69,
    0x4A69, 0x4A69, 0x4A69, 0x4A69, 0x4A69, 0x4A69, 0x4A69, 0x4A69, 0x4A69, 0x4A69, 0x4A69, 0x4A69,
    0x0861, 0x0861, 0x630C, 0x39C7, 0x39C7, 0x39C7, 0x39C7, 0x39C7, 0x39C7, 0x39C7, 0x39C7, 0x39C7,
    0x39C7, 0x39C7, 0x39C7, 0x39C7, 0x39C7, 0x39C7, 0x39C7, 0x39C7, 0x39C7, 0x39C7, 0x39C7, 0x39C7,
    0x39C7, 0x39C7, 0x39C7, 0x39C7, 0x39C7, 0x39C7, 0xF79E, 0xF79E, 0xF79E, 0xF79E, 0xF79E, 0xF79E,
    0xF79E, 0xF79E, 0xF79E, 0xF79E, 0xF79E, 0xF79E, 0xF79E, 0x39C7, 0x39C7, 0x39C7, 0x39C7, 0x39C7,
    0x39C7, 0x39C7, 0x39C7, 0x39C7, 0x39C7, 0x39C7, 0x39C7, 0x39C7, 0x39C7, 0x39C7, 0x39C7, 0x39C7,
    0x39C7, 0x39C7, 0x39C7, 0x39C7, 0x39C7, 0x39C7, 0x39C7, 0x39C7, 0x39C7, 0x39C7, 0x630C, 0x0861,
    0x0861, 0x4A69, 0x4A69, 0x4A69, 0x4A69, 0x4A69, 0x4A69, 0x4A69, 0x4A69, 0x4A69, 0x4A69, 0x4A69,
    0x4A69, 0x4A69, 0x4A69, 0x4A69, 0x4A69, 0x4A69, 0x4A69, 0x4A69, 0xEDC0, 0xEDC0, 0xEDC0, 0xEDC0,
    0xEDC0, 0xEDC0, 0xEDC0, 0xEDC0, 0x4A69, 0x4A69, 0x4A69, 0x4A69, 0x4A69, 0x4A69, 0x4A69, 0x4A69,
    0x4A69, 0x4A69, 0x4A69, 0x4A69, 0x4A69, 0x4A69, 0x4A69, 0x4A69, 0x4A69, 0x4A69, 0x4A69, 0x4A69,
    0x0861, 0x0861, 0x630C, 0x39C7, 0x39C7, 0x39C7, 0x39C7, 0x39C7, 0x39C7, 0x39C7, 0x39C7, 0x39C7,
    0x39C7, 0x39C7, 0x39C7, 0x39C7, 0x39C7, 0x39C7, 0x39C7, 0x39C7, 0x39C7, 0x39C7, 0x39C7, 0x39C7,
    0x39C7, 0x39C7, 0x39C7, 0x39C7, 0x39C7, 0x39C7, 0xF79E, 0xF79E, 0xF79E, 0xF79E, 0xF79E, 0xF79E,
    0xF79E, 0xF79E, 0xF79E, 0xF79E, 0xF79E, 0xF79E, 0xF79E, 0x39C7, 0x39C7, 0x39C7, 0x39C7, 0x39C7,
    0x39C7, 0x39C7, 0x39C7, 0x39C7, 0x39C7, 0x39C7, 0x39C7, 0x39C7, 0x39C7, 0x39C7, 0x39C7, 0x39C7,
    0x39C7, 0x39C7, 0x39C7, 0x39C7, 0x39C7, 0x39C7, 0x39C7, 0x39C7, 0x39C7, 0x39C7, 0x630C, 0x0861,
    0x0861, 0x4A69, 0x4A69, 0x4A69, 0x4A69, 0x4A69, 0x4A69, 0x4A69, 0x4A69, 0x4A69, 0x4A69, 0x4A69,
    0x4A69, 0x4A69, 0x4A69, 0x4A69, 0x4A69, 0x4A69, 0x4A69, 0x4A69, 0xEDC0, 0xEDC0, 0xEDC0, 0xEDC0,
    0xEDC0, 0xEDC0, 0xEDC0, 0xEDC0, 0x4A69, 0x4A69, 0x4A69, 0x4A69, 0x4A69, 0x4A69, 0x4A69, 0x4A69,
    0x4A69, 0x4A69, 0x4A69, 0x4A69, 0x4A69, 0x4A69, 0x4A69, 0x4A69, 0x4A69, 0x4A69, 0x4A69, 0x4A69,
    0x0861, 0x0861, 0x630C, 0x39C7, 0x39C7, 0x39C7, 0x39C7, 0x39C7, 0x39C7, 0x39C7, 0x39C7, 0x39C7,
    0x39C7, 0x39C7, 0x39C7, 0x39C7, 0x39C7, 0x39C7, 0x39C7, 0x39C7, 0x39C7, 0x39C7, 0x39C7, 0x39C7,
    0x39C7, 0x39C7, 0x39C7, 0x39C7, 0x39C7, 0x39C7, 0x39C7, 0xF79E, 0xF79E, 0xF79E, 0xF79E, 0xF79E,
    0xF79E, 0xF79E, 0xF79E, 0xF79E, 0xF79E, 0xF79E, 0x39C7, 0x39C7, 0x39C7, 0x39C7, 0x39C7, 0x39C7,
    0x39C7, 0x39C7, 0x39C7, 0x39C7, 0x39C7, 0x39C7, 0x39C7, 0x39C7, 0x39C7, 0x39C7, 0x39C7, 0x39C7,
    0x39C7, 0x39C7, 0x39C7, 0x39C7, 0x39C7, 0x39C7, 0x39C7, 0x39C7, 0x39C7, 0x39C7, 0x630C, 0x0861,
    0x0861, 0x4A69, 0x4A69, 0x4A69, 0x4A69, 0x4A69, 0x4A69, 0x4A69, 0x4A69, 0x4A69, 0x4A69, 0x4A69,
    0x4A69, 0x4A69, 0x4A69, 0x4A69, 0x4A69, 0x4A69, 0x4A69, 0x4A69, 0xEDC0, 0xEDC0, 0xEDC0, 0xEDC0,
    0xEDC0, 0xEDC0, 0xEDC0, 0xEDC0, 0x4A69, 0x4A69, 0x4A69, 0x4A69, 0x4A69, 0x4A69, 0x4A69, 0x4A69,
    0x4A69, 0x4A69, 0x4A69, 0x4A69, 0x4A69, 0x4A69, 0x4A69, 0x4A69, 0x4A69, 0x4A69, 0x4A69, 0x4A69,
    0x0861, 0x0861, 0x630C, 0x39C7, 0x39C7, 0x39C7, 0x39C7, 0x39C7, 0x39C7, 0x39C7, 0x39C7, 0x39C7,
    0x39C7, 0x39C7, 0x39C7, 0x39C7, 0x39C7, 0x39C7, 0x39C7, 0x39C7, 0x39C7, 0x39C7, 0x39C7, 0x39C7,
    0x39C7, 0x39C7, 0x39C7, 0x39C7, 0x39C7, 0x39C7, 0x39C7, 0x39C7, 0xF79E, 0xF79E, 0xF79E, 0xF79E,
    0xF79E, 0xF79E, 0xF79E, 0xF79E, 0xF79E, 0x39C7, 0x39C7, 0x39C7, 0x39C7, 0x39C7, 0x39C7, 0x39C7,
    0x39C7, 0x39C7, 0x39C7, 0x39C7, 0x39C7, 0x39C7, 0x39C7, 0x39C7, 0x39C7, 0x39C7, 0x39C7, 0x39C7,
    0x39C7, 0x39C7, 0x39C7, 0x39C7, 0x39C7, 0x39C7, 0x39C7, 0x39C7, 0x39C7, 0x39C7, 0x630C, 0x0861,
    0x0861, 0x4A69, 0x4A69, 0x4A69, 0x4A69, 0x4A69, 0x4A69, 0x4A69, 0x4A69, 0x4A69, 0x4A69, 0x4A69,
    0x4A69, 0x4A69, 0x4A69, 0x4A69, 0x4A69, 0x4A69, 0x4A69, 0x4A69, 0xEDC0, 0xEDC0, 0xEDC0, 0xEDC0,
    0xEDC0, 0xEDC0, 0xEDC0, 0xEDC0, 0x4A69, 0x4A69, 0x4A69, 0x4A69, 0x4A69, 0x4A69, 0x4A69, 0x4A69,
    0x4A69, 0x4A69, 0x4A69, 0x4A69, 0x4A69, 0x4A69, 0x4A69, 0x4A69, 0x4A69, 0x4A69, 0x4A69, 0x4A69,
    0x0861, 0x0861, 0x630C, 0x39C7, 0x39C7, 0x39C7, 0x39C7, 0x39C7, 0x39C7, 0x39C7, 0x39C7, 0x39C7,
    0x39C7, 0x39C7, 0x39C7, 0x39C7, 0x39C7, 0x39C7, 0x39C7, 0x39C7, 0x39C7, 0x39C7, 0x39C7, 0x39C7,
    0x39C7, 0x39C7, 0x39C7, 0x39C7, 0x39C7, 0x39C7, 0x39C7, 0x39C7, 0x39C7, 0xF79E, 0xF79E, 0xF79E,
    0xF79E, 0xF79E, 0xF79E, 0xF79E, 0x39C7, 0x39C7, 0x39C7, 0x39C7, 0x39C7, 0x39C7, 0x39C7, 0x39C7,
    0x39C7, 0x39C7, 0x39C7, 0x39C7, 0x39C7, 0x39C7, 0x39C7, 0x39C7, 0x39C7, 0x39C7, 0x39C7, 0x39C7,
    0x39C7, 0x39C7, 0x39C7, 0x39C7, 0x39C7, 0x39C7, 0x39C7, 0x39C7, 0x39C7, 0x39C7, 0x630C, 0x0861,
    0x0861, 0x4A69, 0x4A69, 0x4A69, 0x4A69, 0x4A69, 0x4A69, 0x4A69, 0x4A69, 0x4A69, 0x4A69, 0x4A69,
    0x4A69, 0x4A69, 0x4A69, 0x4A69, 0x4A69, 0x4A69, 0x4A69, 0x4A69, 0xEDC0, 0xEDC0, 0xEDC0, 0xEDC0,
    0xEDC0, 0xEDC0, 0xEDC0, 0xEDC0, 0x4A69, 0x4A69, 0x4A69, 0x4A69, 0x4A69, 0x4A69, 0x4A69, 0x4A69,
    0x4A69, 0x4A69, 0x4A69, 0x4A69, 0x4A69, 0x4A69, 0x4A69, 0x4A69, 0x4A69, 0x4A69, 0x4A69, 0x4A69,
    0x0861, 0x0861, 0x630C, 0x39C7, 0x39C7, 0x39C7, 0x39C7, 0x39C7, 0x39C7, 0x39C7, 0x39C7, 0x39C7,
    0x39C7, 0x39C7, 0x39C7, 0x39C7, 0x39C7, 0x39C7, 0x39C7, 0x39C7, 0x39C7, 0x39C7, 0x39C7, 0x39C7,
    0x39C7, 0x39C7, 0x39C7, 0x39C7, 0x39C7, 0x39C7, 0x39C7, 0x39C7, 0x39C7, 0xF79E, 0xF79E, 0xF79E,
    0xF79E, 0xF79E, 0xF79E, 0xF79E, 0x39C7, 0x39C7, 0x39C7, 0x39C7, 0x39C7, 0x39C7, 0x39C7, 0x39C7,
    0x39C7, 0x39C7, 0x39C7, 0x39C7, 0x39C7, 0x39C7, 0x39C7, 0x39C7, 0x39C7, 0x39C7, 0x39C7, 0x39C7,
    0x39C7, 0x39C7, 0x39C7, 0x39C7, 0x39C7, 0x39C7, 0x39C7, 0x39C7, 0x39C7, 0x39C7, 0x630C, 0x0861,
    0x0861, 0x4A69, 0x4A69, 0x4A69, 0x4A69, 0x4A69, 0x4A69, 0x4A69, 0x4A69, 0x4A69, 0x4A69, 0x4A69,
    0x4A69, 0x4A69, 0x4A69, 0x4A69, 0x4A69, 0x4A69, 0x4A69, 0x4A69, 0xEDC0, 0xEDC0, 0xEDC0, 0xEDC0,
    0xEDC0, 0xEDC0, 0xEDC0, 0xEDC0, 0x4A69, 0x4A69, 0x4A69, 0x4A69, 0x4A69, 0x4A69, 0x4A69, 0x4A69,
    0x4A69, 0x4A69, 0x4A69, 0x4A69, 0x4A69, 0x4A69, 0x4A69, 0x4A69, 0x4A69, 0x4A69, 0x4A69, 0x4A69,
    0x0861, 0x0861, 0x630C, 0x39C7, 0x39C7, 0x39C7, 0x39C7, 0x39C7, 0x39C7, 0x39C7, 0x39C7, 0x39C7,
    0x39C7, 0x39C7, 0x39C7, 0x39C7, 0x39C7, 0x39C7, 0x39C7, 0x39C7, 0x39C7, 0x39C7, 0x39C7, 0x39C7,
    0x39C7, 0x39C7, 0x39C7, 0x39C7, 0x39C7, 0x39C7, 0x39C7, 0x39C7, 0x39C7, 0x39C7, 0xF79E, 0xF79E,
    0xF79E, 0xF79E, 0xF79E, 0x39C7, 0x39C7, 0x39C7, 0x39C7, 0x39C7, 0x39C7, 0x39C7, 0x39C7, 0x39C7,
    0x39C7, 0x39C7, 0x39C7, 0x39C7, 0x39C7, 0x39C7, 0x39C7, 0x39C7, 0x39C7, 0x39C7, 0x39C7, 0x39C7,
    0x39C7, 0x39C7, 0x39C7, 0x39C7, 0x39C7, 0x39C7, 0x39C7, 0x39C7, 0x39C7, 0x39C7, 0x630C, 0x0861,
    0x0861, 0x4A69, 0x4A69, 0x4A69, 0x4A69, 0x4A69, 0x4A69, 0x4A69, 0x4A69, 0x4A69, 0x4A69, 0x4A69,
    0x4A69, 0x4A69, 0x4A69, 0x4A69, 0x4A69, 0x4A69, 0x4A69, 0x4A69, 0xEDC0, 0xEDC0, 0xEDC0, 0xEDC0,
    0xEDC0, 0xEDC0, 0xEDC0, 0xEDC0, 0x4A69, 0x4A69, 0x4A69, 0x4A69, 0x4A69, 0x4A69, 0x4A69, 0x4A69,
    0x4A69, 0x4A69, 0x4A69, 0x4A69, 0x4A69, 0x4A69, 0x4A69, 0x4A69, 0x4A69, 0x4A69, 0x4A69, 0x4A69,
    0x0861, 0x0861, 0x630C, 0x39C7, 0x39C7, 0x39C7, 0x39C7, 0x39C7, 0x39C7, 0x39C7, 0x39C7, 0x39C7,
    0x39C7, 0x39C7, 0x39C7, 0x39C7, 0x39C7, 0x39C7, 0x39C7, 0x39C7, 0x39C7, 0x39C7, 0x39C7, 0x39C7,
    0x39C7, 0x39C7, 0x39C7, 0x39C7, 0x39C7, 0x39C7, 0x39C7, 0x39C7, 0x39C7, 0x39C7, 0x39C7, 0xF79E,
    0xF79E, 0xF79E, 0x39C7, 0x39C7, 0x39C7, 0x39C7, 0x39C7, 0x39C7, 0x39C7, 0x39C7, 0x39C7, 0x39C7,
    0x39C7, 0x39C7, 0x39C7, 0x39C7, 0x39C7, 0x39C7, 0x39C7, 0x39C7, 0x39C7, 0x39C7, 0x39C7, 0x39C7,
    0x39C7, 0x39C7, 0x39C7, 0x39C7, 0x39C7, 0x39C7, 0x39C7, 0x39C7, 0x39C7, 0x39C7, 0x630C, 0x0861,
    0x0861, 0x4A69, 0x4A69, 0x4A69, 0x4A69, 0x4A69, 0x4A69, 0x4A69, 0x4A69, 0x4A69, 0x4A69, 0x4A69,
    0x4A69, 0x4A69, 0x4A69, 0x4A69, 0x4A69, 0x4A69, 0x4A69, 0x4A69, 0xEDC0, 0xEDC0, 0xEDC0, 0xEDC0,
    0xEDC0, 0xEDC0, 0xEDC0, 0xEDC0, 0x4A69, 0x4A69, 0x4A69, 0x4A69, 0x4A69, 0x4A69, 0x4A69, 0x4A69,
    0x4A69, 0x4A69, 0x4A69, 0x4A69, 0x4A69, 0x4A69, 0x4A69, 0x4A69, 0x4A69, 0x4A69, 0x4A69, 0x4A69,
    0x0861, 0x0861, 0x630C, 0x39C7, 0x39C7, 0x39C7, 0x39C7, 0x39C7, 0x39C7, 0x39C7, 0x39C7, 0x39C7,
    0x39C7, 0x39C7, 0x39C7, 0x39C7, 0x39C7, 0x39C7, 0x39C7, 0x39C7, 0x39C7, 0x39C7, 0x39C7, 0x39C7,
    0x39C7, 0x39C7, 0x39C7, 0x39C7, 0x39C7, 0x39C7, 0x39C7, 0x39C7, 0x39C7, 0x39C7, 0x39C7, 0xF79E,
    0xF79E, 0xF79E, 0x39C7, 0x39C7, 0x39C7, 0x39C7, 0x39C7, 0x39C7, 0x39C7, 0x39C7, 0x39C7, 0x39C7,
    0x39C7, 0x39C7, 0x39C7, 0x39C7, 0x39C7, 0x39C7, 0x39C7, 0x39C7, 0x39C7, 0x39C7, 0x39C7, 0x39C7,
    0x39C7, 0x39C7, 0x39C7, 0x39C7, 0x39C7, 0x39C7, 0x39C7, 0x39C7, 0x39C7, 0x39C7, 0x630C, 0x0861,
    0x0861, 0x4A69, 0x4A69, 0x4A69, 0x4A69, 0x4A69, 0x4A69, 0x4A69, 0x4A69, 0x4A69, 0x4A69, 0x4A69,
    0x4A69, 0x4A69, 0x4A69, 0x4A69, 0x4A69, 0x4A69, 0x4A69, 0x4A69, 0xEDC0, 0xEDC0, 0xEDC0, 0xEDC0,
    0xEDC0, 0xEDC0, 0xEDC0, 0xEDC0, 0x4A69, 0x4A69, 0x4A69, 0x4A69, 0x4A69, 0x4A69, 0x4A69, 0x4A69,
    0x4A69, 0x4A69, 0x4A69, 0x4A69, 0x4A69, 0x4A69, 0x4A69, 0x4A69, 0x4A69, 0x4A69, 0x4A69, 0x4A69,
    0x0861, 0x0861, 0x630C, 0x39C7, 0x39C7, 0x39C7, 0x39C7, 0x39C7, 0x39C7, 0x39C7, 0x39C7, 0x39C7,
    0x39C7, 0x39C7, 0x39C7, 0x39C7, 0x39C7, 0x39C7, 0x39C7, 0x39C7, 0x39C7, 0x39C7, 0x39C7, 0x39C7,
    0x39C7, 0x39C7, 0x39C7, 0x39C7, 0x39C7, 0x39C7, 0x39C7, 0x39C7, 0x39C7, 0x39C7, 0x39C7, 0x39C7,
    0xF79E, 0x39C7, 0x39C7, 0x39C7, 0x39C7, 0x39C7, 0x39C7, 0x39C7, 0x39C7, 0x39C7, 0x39C7, 0x39C7,
    0x39C7, 0x39C7, 0x39C7, 0x39C7, 0x39C7, 0x39C7, 0x39C7, 0x39C7, 0x39C7, 0x39C7, 0x39C7, 0x39C7,
    0x39C7, 0x39C7, 0x39C7, 0x39C7, 0x39C7, 0x39C7, 0x39C7, 0x39C7, 0x39C7, 0x39C7, 0x630C, 0x0861,
    0x0861, 0x4A69, 0x4A69, 0x4A69, 0x4A69, 0x4A69, 0x4A69, 0x4A69, 0x4A69, 0x4A69, 0x4A69, 0x4A69,
    0x4A69, 0x4A69, 0x4A69, 0x4A69, 0x4A69, 0x4A69, 0x4A69, 0x4A69, 0xEDC0, 0xEDC0, 0xEDC0, 0xEDC0,
    0xEDC0, 0xEDC0, 0xEDC0, 0xEDC0, 0x4A69, 0x4A69, 0x4A69, 0x4A69, 0x4A69, 0x4A69, 0x4A69, 0x4A69,
    0x4A69, 0x4A69, 0x4A69, 0x4A69, 0x4A69, 0x4A69, 0x4A69, 0x4A69, 0x4A69, 0x4A69, 0x4A69, 0x4A69,
    0x0861, 0x0861, 0x630C, 0x39C7, 0x39C7, 0x39C7, 0x39C7, 0x39C7, 0x39C7, 0x39C7, 0x39C7, 0x39C7,
    0x39C7, 0x39C7, 0x39C7, 0x39C7, 0x39C7, 0x39C7, 0x39C7, 0x39C7, 0x39C7, 0x39C7, 0x39C7, 0x39C7,
    0x39C7, 0x39C7, 0x39C7, 0x39C7, 0x39C7, 0x39C7, 0x39C7, 0x39C7, 0x39C7, 0x39C7, 0x39C7, 0x39C7,
    0x39C7, 0x39C7, 0x39C7, 0x39C7, 0x39C7, 0x39C7, 0x39C7, 0x39C7, 0x39C7, 0x39C7, 0x39C7, 0x39C7,
    0x39C7, 0x39C7, 0x39C7, 0x39C7, 0x39C7, 0x39C7, 0x39C7, 0x39C7, 0x39C7, 0x39C7, 0x39C7, 0x39C7,
    0x39C7, 0x39C7, 0x39C7, 0x39C7, 0x39C7, 0x39C7, 0x39C7, 0x39C7, 0x39C7, 0x39C7, 0x630C, 0x0861,
    0x0861, 0x4A69, 0x4A69, 0x4A69, 0x4A69, 0x4A69, 0x4A69, 0x4A69, 0x4A69, 0x4A69, 0x4A69, 0x4A69,
    0x4A69, 0x4A69, 0x4A69, 0x4A69, 0x4A69, 0x4A69, 0x4A69, 0x4A69, 0xEDC0, 0xEDC0, 0xEDC0, 0xEDC0,
    0xEDC0, 0xEDC0, 0xEDC0, 0xEDC0, 0x4A69, 0x4A69, 0x4A69, 0x4A69, 0x4A69, 0x4A69, 0x4A69, 0x4A69,
    0x4A69, 0x4A69, 0x4A69, 0x4A69, 0x4A69, 0x4A69, 0x4A69, 0x4A69, 0x4A69, 0x4A69, 0x4A69, 0x4A69,
    0x0861, 0x0861, 0x630C, 0x39C7, 0x39C7, 0x39C7, 0x39C7, 0x39C7, 0x39C7, 0x39C7, 0x39C7, 0x39C7,
    0x39C7, 0x39C7, 0x39C7, 0x39C7, 0x39C7, 0x39C7, 0x39C7, 0x39C7, 0x39C7, 0x39C7, 0x39C7, 0x39C7,
    0x39C7, 0x39C7, 0x39C7, 0x39C7, 0x39C7, 0x39C7, 0x39C7, 0x39C7, 0x39C7, 0x39C7, 0x39C7, 0x39C7,
    0x39C7, 0x39C7, 0x39C7, 0x39C7, 0x39C7, 0x39C7, 0x39C7, 0x39C7, 0x39C7, 0x39C7, 0x39C7, 0x39C7,
    0x39C7, 0x39C7, 0x39C7, 0x39C7, 0x39C7, 0x39C7, 0x39C7, 0x39C7, 0x39C7, 0x39C7, 0x39C7, 0x39C7,
    0x39C7, 0x39C7, 0x39C7, 0x39C7, 0x39C7, 0x39C7, 0x39C7, 0x39C7, 0x39C7, 0x39C7, 0x630C, 0x0861,
    0x0861, 0x4A69, 0x4A69, 0x4A69, 0x4A69, 0x4A69, 0x4A69, 0x4A69, 0x4A69, 0x4A69, 0x4A69, 0x4A69,
    0x4A69, 0x4A69, 0x4A69, 0x4A69, 0x4A69, 0x4A69, 0x4A69, 0x4A69, 0xEDC0, 0xEDC0, 0xEDC0, 0xEDC0,
    0xEDC0, 0xEDC0, 0xEDC0, 0xEDC0, 0x4A69, 0x4A69, 0x4A69, 0x4A69, 0x4A69, 0x4A69, 0x4A69, 0x4A69,
    0x4A69, 0x4A69, 0x4A69, 0x4A69, 0x4A69, 0x4A69, 0x4A69, 0x4A69, 0x4A69, 0x4A69, 0x4A69, 0x4A69,
    0x0861, 0x0861, 0x630C, 0x39C7, 0x39C7, 0x39C7, 0x39C7, 0x39C7, 0x39C7, 0x39C7, 0x39C7, 0x39C7,
    0x39C7, 0x39C7, 0x39C7, 0x39C7, 0x39C7, 0x39C7, 0x39C7, 0x39C7, 0x39C7, 0x39C7, 0x39C7, 0x39C7,
    0x39C7, 0x39C7, 0x39C7, 0x39C7, 0x39C7, 0x39C7, 0x39C7, 0x39C7, 0x39C7, 0x39C7, 0x39C7, 0x39C7,
    0x39C7, 0x39C7, 0x39C7, 0x39C7, 0x39C7, 0x39C7, 0x39C7, 0x39C7, 0x39C7, 0x39C7, 0x39C7, 0x39C7,
    0x39C7, 0x39C7, 0x39C7, 0x39C7, 0x39C7, 0x39C7, 0x39C7, 0x39C7, 0x39C7, 0x39C7, 0x39C7, 0x39C7,
    0x39C7, 0x39C7, 0x39C7, 0x39C7, 0x39C7, 0x39C7, 0x39C7, 0x39C7, 0x39C7, 0x39C7, 0x630C, 0x0861,
    0x0861, 0x4A69, 0x4A69, 0x4A69, 0x4A69, 0x4A69, 0x4A69, 0x4A69, 0x4A69, 0x4A69, 0x4A69, 0x4A69,
    0x4A69, 0x4A69, 0x4A69, 0x4A69, 0x4A69, 0x4A69, 0x4A69, 0x4A69, 0xEDC0, 0xEDC0, 0xEDC0, 0xEDC0,
    0xEDC0, 0xEDC0, 0xEDC0, 0xEDC0, 0x4A69, 0x4A69, 0x4A69, 0x4A69, 0x4A69, 0x4A69, 0x4A69, 0x4A69,
    0x4A69, 0x4A69, 0x4A69, 0x4A69, 0x4A69, 0x4A69, 0x4A69, 0x4A69, 0x4A69, 0x4A69, 0x4A69, 0x4A69,
    0x0861, 0x0861, 0x630C, 0x39C7, 0x39C7, 0x39C7, 0x39C7, 0x39C7, 0x39C7, 0x39C7, 0x39C7, 0x39C7,
    0x39C7, 0x39C7, 0x39C7, 0x39C7, 0x39C7, 0x39C7, 0x39C7, 0x39C7, 0x39C7, 0x39C7, 0x39C7, 0x39C7,
    0x39C7, 0x39C7, 0x39C7, 0x39C7, 0x39C7, 0x39C7, 0x39C7, 0x39C7, 0x39C7, 0x39C7, 0x39C7, 0x39C7,
    0x39C7, 0x39C7, 0x39C7, 0x39C7, 0x39C7, 0x39C7, 0x39C7, 0x39C7, 0x39C7, 0x39C7, 0x39C7, 0x39C7,
    0x39C7, 0x39C7, 0x39C7, 0x39C7, 0x39C7, 0x39C7, 0x39C7, 0x39C7, 0x39C7, 0x39C7, 0x39C7, 0x39C7,
    0x39C7, 0x39C7, 0x39C7, 0x39C7, 0x39C7, 0x39C7, 0x39C7, 0x39C7, 0x39C7, 0x39C7, 0x630C, 0x0861,
    0x0861, 0x4A69, 0x4A69, 0x4A69, 0x4A69, 0x4A69, 0x4A69, 0x4A69, 0x4A69, 0x4A69, 0x4A69, 0x4A69,
    0x4A69, 0x4A69, 0x4A69, 0x4A69, 0x4A69, 0x4A69, 0x4A69, 0x4A69, 0xEDC0, 0xEDC0, 0xEDC0, 0xEDC0,
    0xEDC0, 0xEDC0, 0xEDC0, 0xEDC0, 0x4A69, 0x4A69, 0x4A69, 0x4A69, 0x4A69, 0x4A69, 0x4A69, 0x4A69,
    0x4A69, 0x4A69, 0x4A69, 0x4A69, 0x4A69, 0x4A69, 0x4A69, 0x4A69, 0x4A69, 0x4A69, 0x4A69, 0x4A69,
    0x0861, 0x0861, 0x630C, 0x39C7, 0x39C7, 0x39C7, 0x39C7, 0x39C7, 0x39C7, 0x39C7, 0x39C7, 0x39C7,
    0x39C7, 0x39C7, 0x39C7, 0x39C7, 0x39C7, 0x39C7, 0x39C7, 0x39C7, 0x39C7, 0x39C7, 0x39C7, 0x39C7,
    0x39C7, 0x39C7, 0x39C7, 0x39C7, 0x39C7, 0x39C7, 0x39C7, 0x39C7, 0x39C7, 0x39C7, 0x39C7, 0x39C7,
    0x39C7, 0x39C7, 0x39C7, 0x39C7, 0x39C7, 0x39C7, 0x39C7, 0x39C7, 0x39C7, 0x39C7, 0x39C7, 0x39C7,
    0x39C7, 0x39C7, 0x39C7, 0x39C7, 0x39C7, 0x39C7, 0x39C7, 0x39C7, 0x39C7, 0x39C7, 0x39C7, 0x39C7,
    0x39C7, 0x39C7, 0x39C7, 0x39C7, 0x39C7, 0x39C7, 0x39C7, 0x39C7, 0x39C7, 0x39C7, 0x630C, 0x0861,
    0x0861, 0x4A69, 0x4A69, 0x4A69, 0x4A69, 0x4A69, 0x4A69, 0x4A69, 0x4A69, 0x4A69, 0x4A69, 0x4A69,
    0x4A69, 0x4A69, 0x4A69, 0x4A69, 0x4A69, 0x4A69, 0x4A69, 0x4A69, 0xEDC0, 0xEDC0, 0xEDC0, 0xEDC0,
    0xEDC0, 0xEDC0, 0xEDC0, 0xEDC0, 0x4A69, 0x4A69, 0x4A69, 0x4A69, 0x4A69, 0x4A69, 0x4A69, 0x4A69,
    0x4A69, 0x4A69, 0x4A69, 0x4A69, 0x4A69, 0x4A69, 0x4A69, 0x4A69, 0x4A69, 0x4A69, 0x4A69, 0x4A69,
    0x0861, 0x0861, 0x630C, 0x528A, 0x528A, 0x528A, 0x528A, 0x528A, 0x528A, 0x528A, 0x528A, 0x528A,
    0x528A, 0x528A, 0x528A, 0x528A, 0x528A, 0x528A, 0x528A, 0x528A, 0x528A, 0x528A, 0x528A, 0x528A,
    0x528A, 0x528A, 0x528A, 0x528A, 0x528A, 0x528A, 0x528A, 0x528A, 0x528A, 0x528A, 0x528A, 0x528A,
    0x528A, 0x528A, 0x528A, 0x528A, 0x528A, 0x528A, 0x528A, 0x528A, 0x528A, 0x528A, 0x528A, 0x528A,
    0x528A, 0x528A, 0x528A, 0x528A, 0x528A, 0x528A, 0x528A, 0x528A, 0x528A, 0x528A, 0x528A, 0x528A,
    0x528A, 0x528A, 0x528A, 0x528A, 0x528A, 0x528A, 0x528A, 0x528A, 0x528A, 0x528A, 0x630C, 0x0861,
    0x0861, 0x4A69, 0x4A69, 0x4A69, 0x4A69, 0x4A69, 0x4A69, 0x4A69, 0x4A69, 0x4A69, 0x4A69, 0x4A69,
    0x4A69, 0x4A69, 0x4A69, 0x4A69, 0x4A69, 0x4A69, 0x4A69, 0x4A69, 0xEDC0, 0xEDC0, 0xEDC0, 0xEDC0,
    0xEDC0, 0xEDC0, 0xEDC0, 0xEDC0, 0x4A69, 0x4A69, 0x4A69, 0x4A69, 0x4A69, 0x4A69, 0x4A69, 0x4A69,
    0x4A69, 0x4A69, 0x4A69, 0x4A69, 0x4A69, 0x4A69, 0x4A69, 0x4A69, 0x4A69, 0x4A69, 0x4A69, 0x4A69,
    0x0861, 0x0861, 0x630C, 0x2965, 0x2965, 0x2965, 0x2965, 0x2965, 0x2965, 0x2965, 0x2965, 0x2965,
    0x2965, 0x2965, 0x2965, 0x2965, 0x2965, 0x2965, 0x2965, 0x2965, 0x2965, 0x2965, 0x2965, 0x2965,
    0x2965, 0x2965, 0x2965, 0x2965, 0x2965, 0x2965, 0x2965, 0x2965, 0x2965, 0x2965, 0x2965, 0x2965,
    0x2965, 0x2965, 0x2965, 0x2965, 0x2965, 0x2965, 0x2965, 0x2965, 0x2965, 0x2965, 0x2965, 0x2965,
    0x2965, 0x2965, 0x2965, 0x2965, 0x2965, 0x2965, 0x2965, 0x2965, 0x2965, 0x2965, 0x2965, 0x2965,
    0x2965, 0x2965, 0x2965, 0x2965, 0x2965, 0x2965, 0x2965, 0x2965, 0x2965, 0x2965, 0x630C, 0x0861,
    0x0861, 0x4A69, 0x4A69, 0x4A69, 0x4A69, 0x4A69, 0x4A69, 0x4A69, 0x4A69, 0x4A69, 0x4A69, 0x4A69,
    0x4A69, 0x4A69, 0x4A69, 0x4A69, 0x4A69, 0x4A69, 0x4A69, 0x4A69, 0xEDC0, 0xEDC0, 0xEDC0, 0xEDC0,
    0xEDC0, 0xEDC0, 0xEDC0, 0xEDC0, 0x4A69, 0x4A69, 0x4A69, 0x4A69, 0x4A69, 0x4A69, 0x4A69, 0x4A69,
    0x4A69, 0x4A69, 0x4A69, 0x4A69, 0x4A69, 0x4A69, 0x4A69, 0x4A69, 0x4A69, 0x4A69, 0x4A69, 0x4A69,
    0x0861, 0x0861, 0x630C, 0x2965, 0x2965, 0x2965, 0x2965, 0x2965, 0x2965, 0x2965, 0x2965, 0x2965,
    0x2965, 0x2965, 0x2965, 0x2965, 0x2965, 0x2965, 0x2965, 0x2965, 0x2965, 0x2965, 0x2965, 0x2965,
    0x2965, 0x2965, 0x2965, 0x2965, 0x2965, 0x2965, 0x2965, 0x2965, 0x2965, 0x2965, 0x2965, 0x2965,
    0x2965, 0x2965, 0x2965, 0x2965, 0x2965, 0x2965, 0x2965, 0x2965, 0x2965, 0x2965, 0x2965, 0x2965,
    0x2965, 0x2965, 0x2965, 0x2965, 0x2965, 0x2965, 0x2965, 0x2965, 0x2965, 0x2965, 0x2965, 0x2965,
    0x2965, 0x2965, 0x2965, 0x2965, 0x2965, 0x2965, 0x2965, 0x2965, 0x2965, 0x2965, 0x630C, 0x0861,
    0x0861, 0x4A69, 0x4A69, 0x4A69, 0x4A69, 0x4A69, 0x4A69, 0x4A69, 0x4A69, 0x4A69, 0x4A69, 0x4A69,
    0x4A69, 0x4A69, 0x4A69, 0x4A69, 0x4A69, 0x4A69, 0x4A69, 0x4A69, 0xEDC0, 0xEDC0, 0xEDC0, 0xEDC0,
    0xEDC0, 0xEDC0, 0xEDC0, 0xEDC0, 0x4A69, 0x4A69, 0x4A69, 0x4A69, 0x4A69, 0x4A69, 0x4A69, 0x4A69,
    0x4A69, 0x4A69, 0x4A69, 0x4A69, 0x4A69, 0x4A69, 0x4A69, 0x4A69, 0x4A69, 0x4A69, 0x4A69, 0x4A69,
    0x0861, 0x0861, 0x630C, 0x2965, 0x2965, 0x2965, 0x2965, 0x2965, 0x2965, 0x2965, 0x2965, 0x2965,
    0x2965, 0x2965, 0x2965, 0x2965, 0x2965, 0x2965, 0x2965, 0x2965, 0x2965, 0x2965, 0x2965, 0x2965,
    0x2965, 0x2965, 0x2965, 0x2965, 0x2965, 0x2965, 0x2965, 0x2965, 0x2965, 0x2965, 0x2965, 0x2965,
    0x2965, 0x2965, 0x2965, 0x2965, 0x2965, 0x2965, 0x2965, 0x2965, 0x2965, 0x2965, 0x2965, 0x2965,
    0x2965, 0x2965, 0x2965, 0x2965, 0x2965, 0x2965, 0x2965, 0x2965, 0x2965, 0x2965, 0x2965, 0x2965,
    0x2965, 0x2965, 0x2965, 0x2965, 0x2965, 0x2965, 0x2965, 0x2965, 0x2965, 0x2965, 0x630C, 0x0861,
    0x0861, 0x4A69, 0x4A69, 0x4A69, 0x4A69, 0x4A69, 0x4A69, 0x4A69, 0x4A69, 0x4A69, 0x4A69, 0x4A69,
    0x4A69, 0x4A69, 0x4A69, 0x4A69, 0x4A69, 0x4A69, 0x4A69, 0x4A69, 0xEDC0, 0xEDC0, 0xEDC0, 0xEDC0,
    0xEDC0, 0xEDC0, 0xEDC0, 0xEDC0, 0x4A69, 0x4A69, 0x4A69, 0x4A69, 0x4A69, 0x4A69, 0x4A69, 0x4A69,
    0x4A69, 0x4A69, 0x4A69, 0x4A69, 0x4A69, 0x4A69, 0x4A69, 0x4A69, 0x4A69, 0x4A69, 0x4A69, 0x4A69,
    0x0861, 0x0861, 0x630C, 0x2965, 0x2965, 0x2965, 0x2965, 0x2965, 0x2965, 0x2965, 0x2965, 0x2965,
    0x2965, 0x2965, 0x2965, 0x2965, 0x2965, 0x2965, 0x2965, 0x2965, 0x2965, 0x2965, 0x2965, 0x2965,
    0x2965, 0x2965, 0x2965, 0x2965, 0x2965, 0x2965, 0x2965, 0x2965, 0x2965, 0x2965, 0x2965, 0x2965,
    0x2965, 0x2965, 0x2965, 0x2965, 0x2965, 0x2965, 0x2965, 0x2965, 0x2965, 0x2965, 0x2965, 0x2965,
    0x2965, 0x2965, 0x2965, 0x2965, 0x2965, 0x2965, 0x2965, 0x2965, 0x2965, 0x2965, 0x2965, 0x2965,
    0x2965, 0x2965, 0x2965, 0x2965, 0x2965, 0x2965, 0x2965, 0x2965, 0x2965, 0x2965, 0x630C, 0x0861,
    0x0861, 0x4A69, 0x4A69, 0x4A69, 0x4A69, 0x4A69, 0x4A69, 0x4A69, 0x4A69, 0x4A69, 0x4A69, 0x4A69,
    0x4A69, 0x4A69, 0x4A69, 0x4A69, 0x4A69, 0x4A69, 0x4A69, 0x4A69, 0xEDC0, 0xEDC0, 0xEDC0, 0xEDC0,
    0xEDC0, 0xEDC0, 0xEDC0, 0xEDC0, 0x4A69, 0x4A69, 0x4A69, 0x4A69, 0x4A69, 0x4A69, 0x4A69, 0x4A69,
    0x4A69, 0x4A69, 0x4A69, 0x4A69, 0x4A69, 0x4A69, 0x4A69, 0x4A69, 0x4A69, 0x4A69, 0x4A69, 0x4A69,
    0x0861, 0x0861, 0x630C, 0x2965, 0x2965, 0x2965, 0x2965, 0x2965, 0x2965, 0x2965, 0x2965, 0x2965,
    0x2965, 0x2965, 0x2965, 0x2965, 0x2965, 0x2965, 0x2965, 0x2965, 0x2965, 0x2965, 0x2965, 0x2965,
    0x2965, 0x2965, 0x2965, 0x2965, 0x2965, 0x2965, 0x2965, 0x2965, 0x2965, 0x2965, 0x2965, 0x2965,
    0x2965, 0x2965, 0x2965, 0x2965, 0x2965, 0x2965, 0x2965, 0x2965, 0x2965, 0x2965, 0x2965, 0x2965,
    0x2965, 0x2965, 0x2965, 0x2965, 0x2965, 0x2965, 0x2965, 0x2965, 0x2965, 0x2965, 0x2965, 0x2965,
    0x2965, 0x2965, 0x2965, 0x2965, 0x2965, 0x2965, 0x2965, 0x2965, 0x2965, 0x2965, 0x630C, 0x0861,
    0x0861, 0x4A69, 0x4A69, 0x4A69, 0x4A69, 0x4A69, 0x4A69, 0x4A69, 0x4A69, 0x4A69, 0x4A69, 0x4A69,
    0x4A69, 0x4A69, 0x4A69, 0x4A69, 0x4A69, 0x4A69, 0x4A69, 0x4A69, 0xEDC0, 0xEDC0, 0xEDC0, 0xEDC0,
    0xEDC0, 0xEDC0, 0xEDC0, 0xEDC0, 0x4A69, 0x4A69, 0x4A69, 0x4A69, 0x4A69, 0x4A69, 0x4A69, 0x4A69,
    0x4A69, 0x4A69, 0x4A69, 0x4A69, 0x4A69, 0x4A69, 0x4A69, 0x4A69, 0x4A69, 0x4A69, 0x4A69, 0x4A69,
    0x0861, 0x0861, 0x630C, 0x2965, 0x2965, 0x2965, 0x2965, 0x2965, 0x2965, 0x2965, 0x2965, 0x2965,
    0x2965, 0x2965, 0x2965, 0x2965, 0x2965, 0x2965, 0x2965, 0x2965, 0x2965, 0x2965, 0x2965, 0x2965,
    0x2965, 0x2965, 0x2965, 0x2965, 0x2965, 0x2965, 0x2965, 0x2965, 0x2965, 0x2965, 0x2965, 0x2965,
    0x2965, 0x2965, 0x2965, 0x2965, 0x2965, 0x2965, 0x2965, 0x2965, 0x2965, 0x2965, 0x2965, 0x2965,
    0x2965, 0x2965, 0x2965, 0x2965, 0x2965, 0x2965, 0x2965, 0x2965, 0x2965, 0x2965, 0x2965, 0x2965,
    0x2965, 0x2965, 0x2965, 0x2965, 0x2965, 0x2965, 0x2965, 0x2965, 0x2965, 0x2965, 0x630C, 0x0861,
    0x0861, 0x4A69, 0x4A69, 0x4A69, 0x4A69, 0x4A69, 0x4A69, 0x4A69, 0x4A69, 0x4A69, 0x4A69, 0x4A69,
    0x4A69, 0x4A69, 0x4A69, 0x4A69, 0x4A69, 0x4A69, 0x4A69, 0x4A69, 0xEDC0, 0xEDC0, 0xEDC0, 0xEDC0,
    0xEDC0, 0xEDC0, 0xEDC0, 0xEDC0, 0x4A69, 0x4A69, 0x4A69, 0x4A69, 0x4A69, 0x4A69, 0x4A69, 0x4A69,
    0x4A69, 0x4A69, 0x4A69, 0x4A69, 0x4A69, 0x4A69, 0x4A69, 0x4A69, 0x4A69, 0x4A69, 0x4A69, 0x4A69,
    0x0861, 0x0861, 0x630C, 0x2965, 0x2965, 0x2965, 0x2965, 0x2965, 0x2965, 0x2965, 0x2965, 0x2965,
    0x2965, 0x2965, 0x2965, 0x2965, 0x2965, 0x2965, 0x2965, 0x2965, 0x2965, 0x2965, 0x2965, 0x2965,
    0x2965, 0x2965, 0x2965, 0x2965, 0x2965, 0x2965, 0x2965, 0x2965, 0x2965, 0x2965, 0x2965, 0x2965,
    0x2965, 0x2965, 0x2965, 0x2965, 0x2965, 0x2965, 0x2965, 0x2965, 0x2965, 0x2965, 0x2965, 0x2965,
    0x2965, 0x2965, 0x2965, 0x2965, 0x2965, 0x2965, 0x2965, 0x2965, 0x2965, 0x2965, 0x2965, 0x2965,
    0x2965, 0x2965, 0x2965, 0x2965, 0x2965, 0x2965, 0x2965, 0x2965, 0x2965, 0x2965, 0x630C, 0x0861,
    0x0861, 0x4A69, 0x4A69, 0x4A69, 0x4A69, 0x4A69, 0x4A69, 0x4A69, 0x4A69, 0x4A69, 0x4A69, 0x4A69,
    0x4A69, 0x4A69, 0x4A69, 0x4A69, 0x4A69, 0x4A69, 0x4A69, 0x4A69, 0xEDC0, 0xEDC0, 0xEDC0, 0xEDC0,
    0xEDC0, 0xEDC0, 0xEDC0, 0xEDC0, 0x4A69, 0x4A69, 0x4A69, 0x4A69, 0x4A69, 0x4A69, 0x4A69, 0x4A69,
    0x4A69, 0x4A69, 0x4A69, 0x4A69, 0x4A69, 0x4A69, 0x4A69, 0x4A69, 0x4A69, 0x4A69, 0x4A69, 0x4A69,
    0x0861, 0x0861, 0x630C, 0x2965, 0x2965, 0x2965, 0x2965, 0x2965, 0x2965, 0x2965, 0x2965, 0x2965,
    0x2965, 0x2965, 0x2965, 0x2965, 0x2965, 0x2965, 0x2965, 0x2965, 0x2965, 0x2965, 0x2965, 0x2965,
    0x2965, 0x2965, 0x2965, 0x2965, 0x2965, 0x2965, 0x2965, 0x2965, 0x2965, 0x2965, 0x2965, 0x2965,
    0x2965, 0x2965, 0x2965, 0x2965, 0x2965, 0x2965, 0x2965, 0x2965, 0x2965, 0x2965, 0x2965, 0x2965,
    0x2965, 0x2965, 0x2965, 0x2965, 0x2965, 0x2965, 0x2965, 0x2965, 0x2965, 0x2965, 0x2965, 0x2965,
    0x2965, 0x2965, 0x2965, 0x2965, 0x2965, 0x2965, 0x2965, 0x2965, 0x2965, 0x2965, 0x630C, 0x0861,
    0x0861, 0x4A69, 0x4A69, 0x4A69, 0x4A69, 0x4A69, 0x4A69, 0x4A69, 0x4A69, 0x4A69, 0x4A69, 0x4A69,
    0x4A69, 0x4A69, 0x4A69, 0x4A69, 0x4A69, 0x4A69, 0x4A69, 0x4A69, 0xEDC0, 0xEDC0, 0xEDC0, 0xEDC0,
    0xEDC0, 0xEDC0, 0xEDC0, 0xEDC0, 0x4A69, 0x4A69, 0x4A69, 0x4A69, 0x4A69, 0x4A69, 0x4A69, 0x4A69,
    0x4A69, 0x4A69, 0x4A69, 0x4A69, 0x4A69, 0x4A69, 0x4A69, 0x4A69, 0x4A69, 0x4A69, 0x4A69, 0x4A69,
    0x0861, 0x0861, 0x630C, 0x2965, 0x2965, 0x2965, 0x2965, 0x2965, 0x2965, 0x2965, 0x2965, 0x2965,
    0x2965, 0x2965, 0x2965, 0x2965, 0x2965, 0x2965, 0x2965, 0x2965, 0x2965, 0x2965, 0x2965, 0x2965,
    0x2965, 0x2965, 0x2965, 0x2965, 0x2965, 0x2965, 0x2965, 0x2965, 0x2965, 0x2965, 0x2965, 0x2965,
    0x2965, 0x2965, 0x2965, 0x2965, 0x2965, 0x2965, 0x2965, 0x2965, 0x2965, 0x2965, 0x2965, 0x2965,
    0x2965, 0x2965, 0x2965, 0x2965, 0x2965, 0x2965, 0x2965, 0x2965, 0x2965, 0x2965, 0x2965, 0x2965,
    0x2965, 0x2965, 0x2965, 0x2965, 0x2965, 0x2965, 0x2965, 0x2965, 0x2965, 0x2965, 0x630C, 0x0861,
    0x0861, 0x4A69, 0x4A69, 0x4A69, 0x4A69, 0x4A69, 0x4A69, 0x4A69, 0x4A69, 0x4A69, 0x4A69, 0x4A69,
    0x4A69, 0x4A69, 0x4A69, 0x4A69, 0x4A69, 0x4A69, 0x4A69, 0x4A69, 0xEDC0, 0xEDC0, 0xEDC0, 0xEDC0,
    0xEDC0, 0xEDC0, 0xEDC0, 0xEDC0, 0x4A69, 0x4A69, 0x4A69, 0x4A69, 0x4A69, 0x4A69, 0x4A69, 0x4A69,
    0x4A69, 0x4A69, 0x4A69, 0x4A69, 0x4A69, 0x4A69, 0x4A69, 0x4A69, 0x4A69, 0x4A69, 0x4A69, 0x4A69,
    0x0861, 0x0861, 0x630C, 0x2965, 0x2965, 0x2965, 0x2965, 0x2965, 0x2965, 0x2965, 0x2965, 0x2965,
    0x2965, 0x2965, 0x2965, 0x2965, 0x2965, 0x2965, 0x2965, 0x2965, 0x2965, 0x2965, 0x2965, 0x2965,
    0x2965, 0x2965, 0x2965, 0x2965, 0x2965, 0x2965, 0x2965, 0x2965, 0x2965, 0x2965, 0x2965, 0x2965,
    0x2965, 0x2965, 0x2965, 0x2965, 0x2965, 0x2965, 0x2965, 0x2965, 0x2965, 0x2965, 0x2965, 0x2965,
    0x2965, 0x2965, 0x2965, 0x2965, 0x2965, 0x2965, 0x2965, 0x2965, 0x2965, 0x2965, 0x2965, 0x2965,
    0x2965, 0x2965, 0x2965, 0x2965, 0x2965, 0x2965, 0x2965, 0x2965, 0x2965, 0x2965, 0x630C, 0x0861,
    0x0861, 0x4A69, 0x4A69, 0x4A69, 0x4A69, 0x4A69, 0x4A69, 0x4A69, 0x4A69, 0x4A69, 0x4A69, 0x4A69,
    0x4A69, 0x4A69, 0x4A69, 0x4A69, 0x4A69, 0x4A69, 0x4A69, 0x4A69, 0xEDC0, 0xEDC0, 0xEDC0, 0xEDC0,
    0xEDC0, 0xEDC0, 0xEDC0, 0xEDC0, 0x4A69, 0x4A69, 0x4A69, 0x4A69, 0x4A69, 0x4A69, 0x4A69, 0x4A69,
    0x4A69, 0x4A69, 0x4A69, 0x4A69, 0x4A69, 0x4A69, 0x4A69, 0x4A69, 0x4A69, 0x4A69, 0x4A69, 0x4A69,
    0x0861, 0x0861, 0x630C, 0x2965, 0x2965, 0x2965, 0x2965, 0x2965, 0x2965, 0x2965, 0x2965, 0x2965,
    0x2965, 0x2965, 0x2965, 0x2965, 0x2965, 0x2965, 0x2965, 0x2965, 0x2965, 0x2965, 0x2965, 0x2965,
    0x2965, 0x2965, 0x2965, 0x2965, 0x2965, 0x2965, 0x2965, 0x2965, 0x2965, 0x2965, 0x2965, 0x2965,
    0x2965, 0x2965, 0x2965, 0x2965, 0x2965, 0x2965, 0x2965, 0x2965, 0x2965, 0x2965, 0x2965, 0x2965,
    0x2965, 0x2965, 0x2965, 0x2965, 0x2965, 0x2965, 0x2965, 0x2965, 0x2965, 0x2965, 0x2965, 0x2965,
    0x2965, 0x2965, 0x2965, 0x2965, 0x2965, 0x2965, 0x2965, 0x2965, 0x2965, 0x2965, 0x630C, 0x0861,
    0x0861, 0x4A69, 0x4A69, 0x4A69, 0x4A69, 0x4A69, 0x4A69, 0x4A69, 0x4A69, 0x4A69, 0x4A69, 0x4A69,
    0x4A69, 0x4A69, 0x4A69, 0x4A69, 0x4A69, 0x4A69, 0x4A69, 0x4A69, 0xEDC0, 0xEDC0, 0xEDC0, 0xEDC0,
    0xEDC0, 0xEDC0, 0xEDC0, 0xEDC0, 0x4A69, 0x4A69, 0x4A69, 0x4A69, 0x4A69, 0x4A69, 0x4A69, 0x4A69,
    0x4A69, 0x4A69, 0x4A69, 0x4A69, 0x4A69, 0x4A69, 0x4A69, 0x4A69, 0x4A69, 0x4A69, 0x4A69, 0x4A69,
    0x0861, 0x0861, 0x630C, 0x2965, 0x2965, 0x2965, 0x2965, 0x2965, 0x2965, 0x2965, 0x2965, 0x2965,
    0x2965, 0x2965, 0x2965, 0x2965, 0x2965, 0x2965, 0x2965, 0x2965, 0x2965, 0x2965, 0x2965, 0x2965,
    0x2965, 0x2965, 0x2965, 0x2965, 0x2965, 0x2965, 0x2965, 0x2965, 0x2965, 0x2965, 0x2965, 0x2965,
    0x2965, 0x2965, 0x2965, 0x2965, 0x2965, 0x2965, 0x2965, 0x2965, 0x2965, 0x2965, 0x2965, 0x2965,
    0x2965, 0x2965, 0x2965, 0x2965, 0x2965, 0x2965, 0x2965, 0x2965, 0x2965, 0x2965, 0x2965, 0x2965,
    0x2965, 0x2965, 0x2965, 0x2965, 0x2965, 0x2965, 0x2965, 0x2965, 0x2965, 0x2965, 0x630C, 0x0861,
    0x0861, 0x4A69, 0x4A69, 0x4A69, 0x4A69, 0x4A69, 0x4A69, 0x4A69, 0x4A69, 0x4A69, 0x4A69, 0x4A69,
    0x4A69, 0x4A69, 0x4A69, 0x4A69, 0x4A69, 0x4A69, 0x4A69, 0x4A69, 0xEDC0, 0xEDC0, 0xEDC0, 0xEDC0,
    0xEDC0, 0xEDC0, 0xEDC0, 0xEDC0, 0x4A69, 0x4A69, 0x4A69, 0x4A69, 0x4A69, 0x4A69, 0x4A69, 0x4A69,
    0x4A69, 0x4A69, 0x4A69, 0x4A69, 0x4A69, 0x4A69, 0x4A69, 0x4A69, 0x4A69, 0x4A69, 0x4A69, 0x4A69,
    0x0861, 0x0861, 0x630C, 0x2965, 0x2965, 0x2965, 0x2965, 0x2965, 0x2965, 0x2965, 0x2965, 0x2965,
    0x2965, 0x2965, 0x2965, 0x2965, 0x2965, 0x2965, 0x2965, 0x2965, 0x2965, 0x2965, 0x2965, 0x2965,
    0x2965, 0x2965, 0x2965, 0x2965, 0x2965, 0x2965, 0x2965, 0x2965, 0x2965, 0x2965, 0x2965, 0x2965,
    0x2965, 0x2965, 0x2965, 0x2965, 0x2965, 0x2965, 0x2965, 0x2965, 0x2965, 0x2965, 0x2965, 0x2965,
    0x2965, 0x2965, 0x2965, 0x2965, 0x2965, 0x2965, 0x2965, 0x2965, 0x2965, 0x2965, 0x2965, 0x2965,
    0x2965, 0x2965, 0x2965, 0x2965, 0x2965, 0x2965, 0x2965, 0x2965, 0x2965, 0x2965, 0x630C, 0x0861,
    0x0861, 0x4A69, 0x4A69, 0x4A69, 0x4A69, 0x4A69, 0x4A69, 0x4A69, 0x4A69, 0x4A69, 0x4A69, 0x4A69,
    0x4A69, 0x4A69, 0x4A69, 0x4A69, 0x4A69, 0x4A69, 0x4A69, 0x4A69, 0xEDC0, 0xEDC0, 0xEDC0, 0xEDC0,
    0xEDC0, 0xEDC0, 0xEDC0, 0xEDC0, 0x4A69, 0x4A69, 0x4A69, 0x4A69, 0x4A69, 0x4A69, 0x4A69, 0x4A69,
    0x4A69, 0x4A69, 0x4A69, 0x4A69, 0x4A69, 0x4A69, 0x4A69, 0x4A69, 0x4A69, 0x4A69, 0x4A69, 0x4A69,
    0x0861, 0x0861, 0x630C, 0x2965, 0x2965, 0x2965, 0x2965, 0x2965, 0x2965, 0x2965, 0x2965, 0x2965,
    0x2965, 0x2965, 0x2965, 0x2965, 0x2965, 0x2965, 0x2965, 0x2965, 0x2965, 0x2965, 0x2965, 0x2965,
    0x2965, 0x2965, 0x2965, 0x2965, 0x2965, 0x2965, 0x2965, 0x2965, 0x2965, 0x2965, 0x2965, 0x2965,
    0x2965, 0x2965, 0x2965, 0x2965, 0x2965, 0x2965, 0x2965, 0x2965, 0x2965, 0x2965, 0x2965, 0x2965,
    0x2965, 0x2965, 0x2965, 0x2965, 0x2965, 0x2965, 0x2965, 0x2965, 0x2965, 0x2965, 0x2965, 0x2965,
    0x2965, 0x2965, 0x2965, 0x2965, 0x2965, 0x2965, 0x2965, 0x2965, 0x2965, 0x2965, 0x630C, 0x0861,
    0x0861, 0x4A69, 0x4A69, 0x4A69, 0x4A69, 0x4A69, 0x4A69, 0x4A69, 0x4A69, 0x4A69, 0x4A69, 0x4A69,
    0x4A69, 0x4A69, 0x4A69, 0x4A69, 0x4A69, 0x4A69, 0x4A69, 0x4A69, 0xEDC0, 0xEDC0, 0xEDC0, 0xEDC0,
    0xEDC0, 0xEDC0, 0xEDC0, 0xEDC0, 0x4A69, 0x4A69, 0x4A69, 0x4A69, 0x4A69, 0x4A69, 0x4A69, 0x4A69,
    0x4A69, 0x4A69, 0x4A69, 0x4A69, 0x4A69, 0x4A69, 0x4A69, 0x4A69, 0x4A69, 0x4A69, 0x4A69, 0x4A69,
    0x0861, 0x0861, 0x0861, 0x2965, 0x2965, 0x2965, 0x2965, 0x2965, 0x2965, 0x2965, 0x2965, 0x2965,
    0x2965, 0x2965, 0x2965, 0x2965, 0x2965, 0x2965, 0x2965, 0x2965, 0x2965, 0x2965, 0x2965, 0x2965,
    0x2965, 0x2965, 0x2965, 0x2965, 0x2965, 0x2965, 0x2965, 0x2965, 0x2965, 0x2965, 0x2965, 0x2965,
    0x2965, 0x2965, 0x2965, 0x2965, 0x2965, 0x2965, 0x2965, 0x2965, 0x2965, 0x2965, 0x2965, 0x2965,
    0x2965, 0x2965, 0x2965, 0x2965, 0x2965, 0x2965, 0x2965, 0x2965, 0x2965, 0x2965, 0x2965, 0x2965,
    0x2965, 0x2965, 0x2965, 0x2965, 0x2965, 0x2965, 0x2965, 0x2965, 0x2965, 0x2965, 0x0861, 0x0861,
    0x0861, 0x4A69, 0x4A69, 0x4A69, 0x4A69, 0x4A69, 0x4A69, 0x4A69, 0x4A69, 0x4A69, 0x4A69, 0x4A69,
    0x4A69, 0x4A69, 0x4A69, 0x4A69, 0x4A69, 0x4A69, 0x4A69, 0x4A69, 0xEDC0, 0xEDC0, 0xEDC0, 0xEDC0,
    0xEDC0, 0xEDC0, 0xEDC0, 0xEDC0, 0x4A69, 0x4A69, 0x4A69, 0x4A69, 0x4A69, 0x4A69, 0x4A69, 0x4A69,
    0x4A69, 0x4A69, 0x4A69, 0x4A69, 0x4A69, 0x4A69, 0x4A69, 0x4A69, 0x4A69, 0x4A69, 0x4A69, 0x4A69,
    0x4A69, 0x0861, 0x0861, 0x2965, 0x2965, 0x2965, 0x2965, 0x2965, 0x2965, 0x2965, 0x2965, 0x2965,
    0x2965, 0x2965, 0x2965, 0x2965, 0x2965, 0x2965, 0x2965, 0x2965, 0x2965, 0x2965, 0x2965, 0x2965,
    0x2965, 0x2965, 0x2965, 0x2965, 0x2965, 0x2965, 0x2965, 0x2965, 0x2965, 0x2965, 0x2965, 0x2965,
    0x2965, 0x2965, 0x2965, 0x2965, 0x2965, 0x2965, 0x2965, 0x2965, 0x2965, 0x2965, 0x2965, 0x2965,
    0x2965, 0x2965, 0x2965, 0x2965, 0x2965, 0x2965, 0x2965, 0x2965, 0x2965, 0x2965, 0x2965, 0x2965,
    0x2965, 0x2965, 0x2965, 0x2965, 0x2965, 0x2965, 0x2965, 0x2965, 0x2965, 0x2965, 0x0861, 0x0861,
    0x4A69, 0x4A69, 0x4A69, 0x4A69, 0x4A69, 0x4A69, 0x4A69, 0x4A69, 0x4A69, 0x4A69, 0x4A69, 0x4A69,
    0x4A69, 0x4A69, 0x4A69, 0x4A69, 0x4A69, 0x4A69, 0x4A69, 0x4A69, 0xEDC0, 0xEDC0, 0xEDC0, 0xEDC0,
    0xEDC0, 0xEDC0, 0xEDC0, 0xEDC0, 0x4A69, 0x4A69, 0x4A69, 0x4A69, 0x4A69, 0x4A69, 0x4A69, 0x4A69,
    0x4A69, 0x4A69, 0x4A69, 0x4A69, 0x4A69, 0x4A69, 0x4A69, 0x4A69, 0x4A69, 0x4A69, 0x4A69, 0x4A69,
    0x4A69, 0x0861, 0x0861, 0x2965, 0x2965, 0x2965, 0x2965, 0x2965, 0x2965, 0x2965, 0x2965, 0x2965,
    0x2965, 0x2965, 0x2965, 0x2965, 0x2965, 0x2965, 0x2965, 0x2965, 0x2965, 0x2965, 0x2965, 0x2965,
    0x2965, 0x2965, 0x2965, 0x2965, 0x2965, 0x2965, 0x2965, 0x2965, 0x2965, 0x2965, 0x2965, 0x2965,
    0x2965, 0x2965, 0x2965, 0x2965, 0x2965, 0x2965, 0x2965, 0x2965, 0x2965, 0x2965, 0x2965, 0x2965,
    0x2965, 0x2965, 0x2965, 0x2965, 0x2965, 0x2965, 0x2965, 0x2965, 0x2965, 0x2965, 0x2965, 0x2965,
    0x2965, 0x2965, 0x2965, 0x2965, 0x2965, 0x2965, 0x2965, 0x2965, 0x2965, 0x2965, 0x0861, 0x0861,
    0x4A69, 0x4A69, 0x4A69, 0x4A69, 0x4A69, 0x4A69, 0x4A69, 0x4A69, 0x4A69, 0x4A69, 0x4A69, 0x4A69,
    0x4A69, 0x4A69, 0x4A69, 0x4A69, 0x4A69, 0x4A69, 0x4A69, 0x4A69, 0xEDC0, 0xEDC0, 0xEDC0, 0xEDC0,
    0xEDC0, 0xEDC0, 0xEDC0, 0xEDC0, 0x4A69, 0x4A69, 0x4A69, 0x4A69, 0x4A69, 0x4A69, 0x4A69, 0x4A69,
    0x4A69, 0x4A69, 0x4A69, 0x4A69, 0x4A69, 0x4A69, 0x4A69, 0x4A69, 0x4A69, 0x4A69, 0x4A69, 0x4A69,
    0x4A69, 0x4A69, 0x0861, 0x0861, 0x2965, 0x2965, 0x2965, 0x2965, 0x2965, 0x2965, 0x2965, 0x2965,
    0x2965, 0x2965, 0x2965, 0x2965, 0x2965, 0x2965, 0x2965, 0x2965, 0x2965, 0x2965, 0x2965, 0x2965,
    0x2965, 0x2965, 0x2965, 0x2965, 0x2965, 0x2965, 0x2965, 0x2965, 0x2965, 0x2965, 0x2965, 0x2965,
    0x2965, 0x2965, 0x2965, 0x2965, 0x2965, 0x2965, 0x2965, 0x2965, 0x2965, 0x2965, 0x2965, 0x2965,
    0x2965, 0x2965, 0x2965, 0x2965, 0x2965, 0x2965, 0x2965, 0x2965, 0x2965, 0x2965, 0x2965, 0x2965,
    0x2965, 0x2965, 0x2965, 0x2965, 0x2965, 0x2965, 0x2965, 0x2965, 0x2965, 0x0861, 0x0861, 0x4A69,
    0x4A69, 0x4A69, 0x4A69, 0x4A69, 0x4A69, 0x4A69, 0x4A69, 0x4A69, 0x4A69, 0x4A69, 0x4A69, 0x4A69,
    0x4A69, 0x4A69, 0x4A69, 0x4A69, 0x4A69, 0x4A69, 0x4A69, 0x4A69, 0xEDC0, 0xEDC0, 0xEDC0, 0xEDC0,
    0xEDC0, 0xEDC0, 0xEDC0, 0xEDC0, 0x4A69, 0x4A69, 0x4A69, 0x4A69, 0x4A69, 0x4A69, 0x4A69, 0x4A69,
    0x4A69, 0x4A69, 0x4A69, 0x4A69, 0x4A69, 0x4A69, 0x4A69, 0x4A69, 0x4A69, 0x4A69, 0x4A69, 0x4A69,
    0x4A69, 0x4A69, 0x4A69, 0x0861, 0x0861, 0x2965, 0x2965, 0x2965, 0x2965, 0x2965, 0x2965, 0x2965,
    0x2965, 0x2965, 0x2965, 0x2965, 0x2965, 0x2965, 0x2965, 0x2965, 0x2965, 0x2965, 0x2965, 0x2965,
    0x2965, 0x2965, 0x2965, 0x2965, 0x2965, 0x2965, 0x2965, 0x2965, 0x2965, 0x2965, 0x2965, 0x2965,
    0x2965, 0x2965, 0x2965, 0x2965, 0x2965, 0x2965, 0x2965, 0x2965, 0x2965, 0x2965, 0x2965, 0x2965,
    0x2965, 0x2965, 0x2965, 0x2965, 0x2965, 0x2965, 0x2965, 0x2965, 0x2965, 0x2965, 0x2965, 0x2965,
    0x2965, 0x2965, 0x2965, 0x2965, 0x2965, 0x2965, 0x2965, 0x2965, 0x0861, 0x0861, 0x4A69, 0x4A69,
    0x4A69, 0x4A69, 0x4A69, 0x4A69, 0x4A69, 0x4A69, 0x4A69, 0x4A69, 0x4A69, 0x4A69, 0x4A69, 0x4A69,
    0x4A69, 0x4A69, 0x4A69, 0x4A69, 0x4A69, 0x4A69, 0x4A69, 0x4A69, 0xEDC0, 0xEDC0, 0xEDC0, 0xEDC0,
    0xEDC0, 0xEDC0, 0xEDC0, 0xEDC0, 0x4A69, 0x4A69, 0x4A69, 0x4A69, 0x4A69, 0x4A69, 0x4A69, 0x4A69,
    0x4A69, 0x4A69, 0x4A69, 0x4A69, 0x4A69, 0x4A69, 0x4A69, 0x4A69, 0x4A69, 0x4A69, 0x4A69, 0x4A69,
    0x4A69, 0x4A69, 0x4A69, 0x4A69, 0x0861, 0x0861, 0x0861, 0x0861, 0x630C, 0x630C, 0x630C, 0x630C,
    0x630C, 0x630C, 0x630C, 0x630C, 0x630C, 0x630C, 0x630C, 0x630C, 0x630C, 0x630C, 0x630C, 0x630C,
    0x630C, 0x630C, 0x630C, 0x630C, 0x630C, 0x630C, 0x630C, 0x630C, 0x630C, 0x630C, 0x630C, 0x630C,
    0x630C, 0x630C, 0x630C, 0x630C, 0x630C, 0x630C, 0x630C, 0x630C, 0x630C, 0x630C, 0x630C, 0x630C,
    0x630C, 0x630C, 0x630C, 0x630C, 0x630C, 0x630C, 0x630C, 0x630C, 0x630C, 0x630C, 0x630C, 0x630C,
    0x630C, 0x630C, 0x630C, 0x630C, 0x630C, 0x0861, 0x0861, 0x0861, 0x0861, 0x4A69, 0x4A69, 0x4A69,
    0x4A69, 0x4A69, 0x4A69, 0x4A69, 0x4A69, 0x4A69, 0x4A69, 0x4A69, 0x4A69, 0x4A69, 0x4A69, 0x4A69,
    0x4A69, 0x4A69, 0x4A69, 0x4A69, 0x4A69, 0x4A69, 0x4A69, 0x4A69, 0xEDC0, 0xEDC0, 0xEDC0, 0xEDC0,
    0xEDC0, 0xEDC0, 0xEDC0, 0xEDC0, 0x4A69, 0x4A69, 0x4A69, 0x4A69, 0x4A69, 0x4A69, 0x4A69, 0x4A69,
    0x4A69, 0x4A69, 0x4A69, 0x4A69, 0x4A69, 0x4A69, 0x4A69, 0x4A69, 0x4A69, 0x4A69, 0x4A69, 0x4A69,
    0x4A69, 0x4A69, 0x4A69, 0x4A69, 0x4A69, 0x0861, 0x0861, 0x0861, 0x0861, 0x0861, 0x0861, 0x0861,
    0x0861, 0x0861, 0x0861, 0x0861, 0x0861, 0x0861, 0x0861, 0x0861, 0x0861, 0x0861, 0x0861, 0x0861,
    0x0861, 0x0861, 0x0861, 0x0861, 0x0861, 0x0861, 0x0861, 0x0861, 0x0861, 0x0861, 0x0861, 0x0861,
    0x0861, 0x0861, 0x0861, 0x0861, 0x0861, 0x0861, 0x0861, 0x0861, 0x0861, 0x0861, 0x0861, 0x0861,
    0x0861, 0x0861, 0x0861, 0x0861, 0x0861, 0x0861, 0x0861, 0x0861, 0x0861, 0x0861, 0x0861, 0x0861,
    0x0861, 0x0861, 0x0861, 0x0861, 0x0861, 0x0861, 0x0861, 0x0861, 0x4A69, 0x4A69, 0x4A69, 0x4A69,
    0x4A69, 0x4A69, 0x4A69, 0x4A69, 0x4A69, 0x4A69, 0x4A69, 0x4A69, 0x4A69, 0x4A69, 0x4A69, 0x4A69,
    0x4A69, 0x4A69, 0x4A69, 0x4A69, 0x4A69, 0x4A69, 0x4A69, 0x4A69, 0xEDC0, 0xEDC0, 0xEDC0, 0xEDC0,
    0xEDC0, 0xEDC0, 0xEDC0, 0xEDC0, 0x4A69, 0x4A69, 0x4A69, 0x4A69, 0x4A69, 0x4A69, 0x4A69, 0x4A69,
    0x4A69, 0x4A69, 0x4A69, 0x4A69, 0x4A69, 0x4A69, 0x4A69, 0x4A69, 0x4A69, 0x4A69, 0x4A69, 0x4A69,
    0x4A69, 0x4A69, 0x4A69, 0x4A69, 0x4A69, 0x4A69, 0x4A69, 0x0861, 0x0861, 0x0861, 0x0861, 0x0861,
    0x0861, 0x0861, 0x0861, 0x0861, 0x0861, 0x0861, 0x0861, 0x0861, 0x0861, 0x0861, 0x0861, 0x0861,
    0x0861, 0x0861, 0x0861, 0x0861, 0x0861, 0x0861, 0x0861, 0x0861, 0x0861, 0x0861, 0x0861, 0x0861,
    0x0861, 0x0861, 0x0861, 0x0861, 0x0861, 0x0861, 0x0861, 0x0861, 0x0861, 0x0861, 0x0861, 0x0861,
    0x0861, 0x0861, 0x0861, 0x0861, 0x0861, 0x0861, 0x0861, 0x0861, 0x0861, 0x0861, 0x0861, 0x0861,
    0x0861, 0x0861, 0x0861, 0x0861, 0x0861, 0x0861, 0x4A69, 0x4A69, 0x4A69, 0x4A69, 0x4A69, 0x4A69,
    0x4A69, 0x4A69, 0x4A69, 0x4A69, 0x4A69, 0x4A69, 0x4A69, 0x4A69, 0x4A69, 0x4A69, 0x4A69, 0x4A69,
    0x4A69, 0x4A69, 0x4A69, 0x4A69, 0x4A69, 0x4A69, 0x4A69, 0x4A69, 0xEDC0, 0xEDC0, 0xEDC0, 0xEDC0,
    0xEDC0, 0xEDC0, 0xEDC0, 0xEDC0, 0x4A69, 0x4A69, 0x4A69, 0x4A69, 0x4A69, 0x4A69, 0x4A69, 0x4A69,
    0x4A69, 0x4A69, 0x4A69, 0x4A69, 0x4A69, 0x4A69, 0x4A69, 0x4A69, 0x4A69, 0x4A69, 0x4A69, 0x4A69,
    0x4A69, 0x4A69, 0x4A69, 0x4A69, 0x4A69, 0x4A69, 0x4A69, 0x4A69, 0x4A69, 0x4A69, 0x4A69, 0x4A69,
    0x4A69, 0x4A69, 0x4A69, 0x4A69, 0x4A69, 0x4A69, 0x4A69, 0x4A69, 0x4A69, 0x4A69, 0x4A69, 0x4A69,
    0x4A69, 0x4A69, 0x4A69, 0x4A69, 0x4A69, 0x4A69, 0x4A69, 0x4A69, 0x4A69, 0x4A69, 0x4A69, 0x4A69,
    0x4A69, 0x4A69, 0x4A69, 0x4A69, 0x4A69, 0x4A69, 0x4A69, 0x4A69, 0x4A69, 0x4A69, 0x4A69, 0x4A69,
    0x4A69, 0x4A69, 0x4A69, 0x4A69, 0x4A69, 0x4A69, 0x4A69, 0x4A69, 0x4A69, 0x4A69, 0x4A69, 0x4A69,
    0x4A69, 0x4A69, 0x4A69, 0x4A69, 0x4A69, 0x4A69, 0x4A69, 0x4A69, 0x4A69, 0x4A69, 0x4A69, 0x4A69,
    0x4A69, 0x4A69, 0x4A69, 0x4A69, 0x4A69, 0x4A69, 0x4A69, 0x4A69, 0x4A69, 0x4A69, 0x4A69, 0x4A69,
    0x4A69, 0x4A69, 0x4A69, 0x4A69, 0x4A69, 0x4A69, 0x4A69, 0x4A69, 0xEDC0, 0xEDC0, 0xEDC0, 0xEDC0,
    0xEDC0, 0xEDC0, 0xEDC0, 0xEDC0, 0x4A69, 0x4A69, 0x4A69, 0x4A69, 0x4A69, 0x4A69, 0x4A69, 0x4A69,
    0x4A69, 0x4A69, 0x4A69, 0x4A69, 0x4A69, 0x4A69, 0x4A69, 0x4A69, 0x4A69, 0x4A69, 0x4A69, 0x4A69,
    0x4A69, 0x4A69, 0x4A69, 0x4A69, 0x4A69, 0x4A69, 0x4A69, 0x4A69, 0x4A69, 0x4A69, 0x4A69, 0x4A69,
    0x4A69, 0x4A69, 0x4A69, 0x4A69, 0x4A69, 0x4A69, 0x4A69, 0x4A69, 0x4A69, 0x4A69, 0x4A69, 0x4A69,
    0x4A69, 0x4A69, 0x4A69, 0x4A69, 0x4A69, 0x4A69, 0x4A69, 0x4A69, 0x4A69, 0x4A69, 0x4A69, 0x4A69,
    0x4A69, 0x4A69, 0x4A69, 0x4A69, 0x4A69, 0x4A69, 0x4A69, 0x4A69, 0x4A69, 0x4A69, 0x4A69, 0x4A69,
    0x4A69, 0x4A69, 0x4A69, 0x4A69, 0x4A69, 0x4A69, 0x4A69, 0x4A69, 0x4A69, 0x4A69, 0x4A69, 0x4A69,
    0x4A69, 0x4A69, 0x4A69, 0x4A69, 0x4A69, 0x4A69, 0x4A69, 0x4A69, 0x4A69, 0x4A69, 0x4A69, 0x4A69,
    0x4A69, 0x4A69, 0x4A69, 0x4A69, 0x4A69, 0x4A69, 0x4A69, 0x4A69, 0x4A69, 0x4A69, 0x4A69, 0x4A69,
    0x4A69, 0x4A69, 0x4A69, 0x4A69, 0x4A69, 0x4A69, 0x4A69, 0x4A69, 0xEDC0, 0xEDC0, 0xEDC0, 0xEDC0,
    0xEDC0, 0xEDC0, 0xEDC0, 0xEDC0, 0x4A69, 0x4A69, 0x4A69, 0x4A69, 0x4A69, 0x4A69, 0x4A69, 0x4A69,
    0x4A69, 0x4A69, 0x4A69, 0x4A69, 0x4A69, 0x4A69, 0x4A69, 0x4A69, 0x4A69, 0x4A69, 0x4A69, 0x4A69,
    0x4A69, 0x4A69, 0x4A69, 0x4A69, 0x4A69, 0x4A69, 0x4A69, 0x4A69, 0x4A69, 0x4A69, 0x4A69, 0x4A69,
    0x4A69, 0x4A69, 0x4A69, 0x4A69, 0x4A69, 0x4A69, 0x4A69, 0x4A69, 0x4A69, 0x4A69, 0x4A69, 0x4A69,
    0x4A69, 0x4A69, 0x4A69, 0x4A69, 0x4A69, 0x4A69, 0x4A69, 0x4A69, 0x4A69, 0x4A69, 0x4A69, 0x4A69,
    0x4A69, 0x4A69, 0x4A69, 0x4A69, 0x4A69, 0x4A69, 0x4A69, 0x4A69, 0x4A69, 0x4A69, 0x4A69, 0x4A69,
    0x4A69, 0x4A69, 0x4A69, 0x4A69, 0x4A69, 0x4A69, 0x4A69, 0x4A69, 0x4A69, 0x4A69, 0x4A69, 0x4A69,
    0x4A69, 0x4A69, 0x4A69, 0x4A69, 0x4A69, 0x4A69, 0x4A69, 0x4A69, 0x4A69, 0x4A69, 0x4A69, 0x4A69,
    0x4A69, 0x4A69, 0x4A69, 0x4A69, 0x4A69, 0x4A69, 0x4A69, 0x4A69, 0x4A69, 0x4A69, 0x4A69, 0x4A69,
    0x4A69, 0x4A69, 0x4A69, 0x4A69, 0x4A69, 0x4A69, 0x4A69, 0x4A69, 0xEDC0, 0xEDC0, 0xEDC0, 0xEDC0,
    0xEDC0, 0xEDC0, 0xEDC0, 0xEDC0, 0x4A69, 0x4A69, 0x4A69, 0x4A69, 0x4A69, 0x4A69, 0x4A69, 0x4A69,
    0x4A69, 0x4A69, 0x4A69, 0x4A69, 0x4A69, 0x4A69, 0x4A69, 0x4A69, 0x4A69, 0x4A69, 0x4A69, 0x4A69,
    0x4A69, 0x4A69, 0x4A69, 0x4A69, 0x4A69, 0x4A69, 0x4A69, 0x4A69, 0x4A69, 0x4A69, 0x4A69, 0x4A69,
    0x4A69, 0x4A69, 0x4A69, 0x4A69, 0x4A69, 0x4A69, 0x4A69, 0x4A69, 0x4A69, 0x4A69, 0x4A69, 0x4A69,
    0x4A69, 0x4A69, 0x4A69, 0x4A69, 0x4A69, 0x4A69, 0x4A69, 0x4A69, 0x4A69, 0x4A69, 0x4A69, 0x4A69,
    0x4A69, 0x4A69, 0x4A69, 0x4A69, 0x4A69, 0x4A69, 0x4A69, 0x4A69, 0x4A69, 0x4A69, 0x4A69, 0x4A69,
    0x4A69, 0x4A69, 0x4A69, 0x4A69, 0x4A69, 0x4A69, 0x4A69, 0x4A69, 0x4A69, 0x4A69, 0x4A69, 0x4A69,
    0x4A69, 0x4A69, 0x4A69, 0x4A69, 0x4A69, 0x4A69, 0x4A69, 0x4A69, 0x4A69, 0x4A69, 0x4A69, 0x4A69,
    0x4A69, 0x4A69, 0x4A69, 0x4A69, 0x4A69, 0x4A69, 0x4A69, 0x4A69, 0x4A69, 0x4A69, 0x4A69, 0x4A69,
    0x4A69, 0x4A69, 0x4A69, 0x4A69, 0x4A69, 0x4A69, 0x4A69, 0x4A69, 0xEDC0, 0xEDC0, 0xEDC0, 0xEDC0,
    0xEDC0, 0xEDC0, 0xEDC0, 0xEDC0, 0x4A69, 0x4A69, 0x4A69, 0x4A69, 0x4A69, 0x4A69, 0x4A69, 0x4A69,
    0x4A69, 0x4A69, 0x4A69, 0x4A69, 0x4A69, 0x4A69, 0x4A69, 0x4A69, 0x4A69, 0x4A69, 0x4A69, 0x4A69,
    0x4A69, 0x4A69, 0x4A69, 0x4A69, 0x4A69, 0x4A69, 0x4A69, 0x4A69, 0x4A69, 0x4A69, 0x4A69, 0x4A69,
    0x4A69, 0x4A69, 0x4A69, 0x4A69, 0x4A69, 0x4A69, 0x4A69, 0x4A69, 0x4A69, 0x4A69, 0x4A69, 0x4A69,
    0x4A69, 0x4A69, 0x4A69, 0x4A69, 0x4A69, 0x4A69, 0x4A69, 0x4A69, 0x4A69, 0x4A69, 0x4A69, 0x4A69,
    0x4A69, 0x4A69, 0x4A69, 0x4A69, 0x4A69, 0x4A69, 0x4A69, 0x4A69, 0x4A69, 0x4A69, 0x4A69, 0x4A69,
    0x4A69, 0x4A69, 0x4A69, 0x4A69, 0x4A69, 0x4A69, 0x4A69, 0x4A69, 0x4A69, 0x4A69, 0x4A69, 0x4A69,
    0x4A69, 0x4A69, 0x4A69, 0x4A69, 0x4A69, 0x4A69, 0x4A69, 0x4A69, 0x4A69, 0x4A69, 0x4A69, 0x4A69,
    0x4A69, 0x4A69, 0x4A69, 0x4A69, 0x4A69, 0x4A69, 0x4A69, 0x4A69, 0x4A69, 0x4A69, 0x4A69, 0x4A69,
    0x4A69, 0x4A69, 0x4A69, 0x4A69, 0x4A69, 0x4A69, 0x4A69, 0x4A69, 0xEDC0, 0xEDC0, 0xEDC0, 0xEDC0,
    0xEDC0, 0xEDC0, 0xEDC0, 0xEDC0, 0x4A69, 0x4A69, 0x4A69, 0x4A69, 0x4A69, 0x4A69, 0x4A69, 0x4A69,
    0x4A69, 0x4A69, 0x4A69, 0x4A69, 0x4A69, 0x4A69, 0x4A69, 0x4A69, 0x4A69, 0x4A69, 0x4A69, 0x4A69,
    0x4A69, 0x4A69, 0x4A69, 0x4A69, 0x4A69, 0x4A69, 0x4A69, 0x4A69, 0x4A69, 0x4A69, 0x4A69, 0x4A69,
    0x4A69, 0x4A69, 0x4A69, 0x4A69, 0x4A69, 0x4A69, 0x4A69, 0x4A69, 0x4A69, 0x4A69, 0x4A69, 0x4A69,
    0x4A69, 0x4A69, 0x4A69, 0x4A69, 0x4A69, 0x4A69, 0x4A69, 0x4A69, 0x4A69, 0x4A69, 0x4A69, 0x4A69,
    0x4A69, 0x4A69, 0x4A69, 0x4A69, 0x4A69, 0x4A69, 0x4A69, 0x4A69, 0x4A69, 0x4A69, 0x4A69, 0x4A69,
    0x4A69, 0x4A69, 0x4A69, 0x4A69, 0x4A69, 0x4A69, 0x4A69, 0x4A69, 0x4A69, 0x4A69, 0x4A69, 0x4A69,
    0x4A69, 0x4A69, 0x4A69, 0x4A69, 0x4A69, 0x4A69, 0x4A69, 0x4A69, 0x4A69, 0x4A69, 0x4A69, 0x4A69,
    0x4A69, 0x4A69, 0x4A69, 0x4A69, 0x4A69, 0x4A69, 0x4A69, 0x4A69, 0x4A69, 0x4A69, 0x4A69, 0x4A69,
    0x4A69, 0x4A69, 0x4A69, 0x4A69, 0x4A69, 0x4A69, 0x4A69, 0x4A69, 0xEDC0, 0xEDC0, 0xEDC0, 0xEDC0,
    0xEDC0, 0xEDC0, 0xEDC0, 0xEDC0, 0x4A69, 0x4A69, 0x4A69, 0x4A69, 0x4A69, 0x4A69, 0x4A69, 0x4A69,
    0x4A69, 0x4A69, 0x4A69, 0x4A69, 0x4A69, 0x4A69, 0x4A69, 0x4A69, 0x4A69, 0x4A69, 0x4A69, 0x4A69,
    0x4A69, 0x4A69, 0x4A69, 0x4A69, 0x4A69, 0x4A69, 0x4A69, 0x4A69, 0x4A69, 0x4A69, 0x4A69, 0x4A69,
    0x4A69, 0x4A69, 0x4A69, 0x4A69, 0x4A69, 0x4A69, 0x4A69, 0x4A69, 0x4A69, 0x4A69, 0x4A69, 0x4A69,
    0x4A69, 0x4A69, 0x4A69, 0x4A69, 0x4A69, 0x4A69, 0x4A69, 0x4A69, 0x4A69, 0x4A69, 0x4A69, 0x4A69,
    0x4A69, 0x4A69, 0x4A69, 0x4A69, 0x4A69, 0x4A69, 0x4A69, 0x4A69, 0x4A69, 0x4A69, 0x4A69, 0x4A69,
    0x4A69, 0x4A69, 0x4A69, 0x4A69, 0x4A69, 0x4A69, 0x4A69, 0x4A69, 0x4A69, 0x4A69, 0x4A69, 0x4A69,
    0x4A69, 0x4A69, 0x4A69, 0x4A69, 0x4A69, 0x4A69, 0x4A69, 0x4A69, 0x4A69, 0x4A69, 0x4A69, 0x4A69,
    0x4A69, 0x4A69, 0x4A69, 0x4A69, 0x4A69, 0x4A69, 0x4A69, 0x4A69, 0x4A69, 0x4A69, 0x4A69, 0x4A69,
    0x4A69, 0x4A69, 0x4A69, 0x4A69, 0x4A69, 0x4A69, 0x4A69, 0x4A69, 0xEDC0, 0xEDC0, 0xEDC0, 0xEDC0,
    0xEDC0, 0xEDC0, 0xEDC0, 0xEDC0, 0x4A69, 0x4A69, 0x4A69, 0x4A69, 0x4A69, 0x4A69, 0x4A69, 0x4A69,
    0x4A69, 0x4A69, 0x4A69, 0x4A69, 0x4A69, 0x4A69, 0x4A69, 0x4A69, 0x4A69, 0x4A69, 0x4A69, 0x4A69,
    0x4A69, 0x4A69, 0x4A69, 0x4A69, 0x4A69, 0x4A69, 0x4A69, 0x4A69, 0x4A69, 0x4A69, 0x4A69, 0x4A69,
    0x4A69, 0x4A69, 0x4A69, 0x4A69, 0x4A69, 0x4A69, 0x4A69, 0x4A69, 0x4A69, 0x4A69, 0x4A69, 0x5AC8,
    0xAC63, 0xD541, 0xE5A0, 0xDD80, 0xC4E2, 0x8BA5, 0x4A69, 0x4A69, 0xEDC0, 0xEDC0, 0x62E7, 0x4A69,
    0x4A69, 0x4A69, 0x4A69, 0x4A69, 0x4A69, 0xEDC0, 0xEDC0, 0xEDC0, 0xEDC0, 0xEDC0, 0xE580, 0xCD21,
    0x8BA5, 0x4A69, 0x4A69, 0x4A69, 0x4A69, 0x4A69, 0x4A69, 0x4A69, 0x4A69, 0x4A69, 0x4A69, 0x4A69,
    0x4A69, 0x4A69, 0x4A69, 0x4A69, 0x4A69, 0x4A69, 0x4A69, 0x4A69, 0x4A69, 0x4A69, 0x4A69, 0x4A69,
    0x4A69, 0x4A69, 0x4A69, 0x4A69, 0x4A69, 0x4A69, 0x4A69, 0x4A69, 0x4A69, 0x4A69, 0x4A69, 0x4A69,
    0x4A69, 0x4A69, 0x4A69, 0x4A69, 0x4A69, 0x4A69, 0x4A69, 0x4A69, 0xEDC0, 0xEDC0, 0xEDC0, 0xEDC0,
    0xEDC0, 0xEDC0, 0xEDC0, 0xEDC0, 0x4A69, 0x4A69, 0x4A69, 0x4A69, 0x4A69, 0x4A69, 0x4A69, 0x4A69,
    0x4A69, 0x4A69, 0x4A69, 0x4A69, 0x4A69, 0x4A69, 0x4A69, 0x4A69, 0x4A69, 0x4A69, 0x4A69, 0x4A69,
    0x4A69, 0x4A69, 0x4A69, 0x4A69, 0x4A69, 0x4A69, 0x4A69, 0x4A69, 0x4A69, 0x4A69, 0x4A69, 0x4A69,
    0x4A69, 0x4A69, 0x4A69, 0x4A69, 0x4A69, 0x4A69, 0x4A69, 0x4A69, 0x4A69, 0x4A69, 0x62E7, 0xDD80,
    0xEDC0, 0xDD80, 0xC4E2, 0xCD02, 0xE5A0, 0xEDC0, 0xAC63, 0x4A69, 0xEDC0, 0xEDC0, 0x62E7, 0x4A69,
    0x4A69, 0x4A69, 0x4A69, 0x4A69, 0x4A69, 0xEDC0, 0xEDC0, 0xBCC2, 0xB4A3, 0xB4A3, 0xC4E2, 0xE5C0,
    0xEDC0, 0x9C04, 0x4A69, 0x4A69, 0x4A69, 0x4A69, 0x4A69, 0x4A69, 0x4A69, 0x4A69, 0x4A69, 0x4A69,
    0x4A69, 0x4A69, 0x4A69, 0x4A69, 0x4A69, 0x4A69, 0x4A69, 0x4A69, 0x4A69, 0x4A69, 0x4A69, 0x4A69,
    0x4A69, 0x4A69, 0x4A69, 0x4A69, 0x4A69, 0x4A69, 0x4A69, 0x4A69, 0x4A69, 0x4A69, 0x4A69, 0x4A69,
    0x4A69, 0x4A69, 0x4A69, 0x4A69, 0x4A69, 0x4A69, 0x4A69, 0x4A69, 0xEDC0, 0xEDC0, 0xEDC0, 0xEDC0,
    0xEDC0, 0xEDC0, 0xEDC0, 0xEDC0, 0x4A69, 0x4A69, 0x4A69, 0x4A69, 0x4A69, 0x4A69, 0x4A69, 0x4A69,
    0x4A69, 0x4A69, 0x4A69, 0x4A69, 0x4A69, 0x4A69, 0x4A69, 0x4A69, 0x4A69, 0x4A69, 0x4A69, 0x4A69,
    0x4A69, 0x4A69, 0x4A69, 0x4A69, 0x4A69, 0x4A69, 0x4A69, 0x4A69, 0x4A69, 0x4A69, 0x4A69, 0x4A69,
    0x4A69, 0x4A69, 0x4A69, 0x4A69, 0x4A69, 0x4A69, 0x4A69, 0x4A69, 0x4A69, 0x4A69, 0xC502, 0xEDC0,
    0xBCE2, 0x5288, 0x4A69, 0x4A69, 0x62E8, 0xD521, 0xBCE2, 0x5AA8, 0xEDC0, 0xEDC0, 0x62E7, 0x4A69,
    0x4A69, 0x4A69, 0x4A69, 0x4A69, 0x4A69, 0xEDC0, 0xEDC0, 0x62E7, 0x4A69, 0x4A69, 0x4A69, 0x8BC5,
    0xEDC0, 0xDD60, 0x4A69, 0x4A69, 0x4A69, 0x4A69, 0x4A69, 0x4A69, 0x4A69, 0x4A69, 0x4A69, 0x4A69,
    0x4A69, 0x4A69, 0x4A69, 0x4A69, 0x4A69, 0x4A69, 0x4A69, 0x4A69, 0x4A69, 0x4A69, 0x4A69, 0x4A69,
    0x4A69, 0x4A69, 0x4A69, 0x4A69, 0x4A69, 0x4A69, 0x4A69, 0x4A69, 0x4A69, 0x4A69, 0x4A69, 0x4A69,
    0x4A69, 0x4A69, 0x4A69, 0x4A69, 0x4A69, 0x4A69, 0x4A69, 0x4A69, 0xEDC0, 0xEDC0, 0xEDC0, 0xEDC0,
    0xEDC0, 0xEDC0, 0xEDC0, 0xEDC0, 0x4A69, 0x4A69, 0x4A69, 0x4A69, 0x4A69, 0x4A69, 0x4A69, 0x4A69,
    0x4A69, 0x4A69, 0x4A69, 0x4A69, 0x4A69, 0x4A69, 0x4A69, 0x4A69, 0x4A69, 0x4A69, 0x4A69, 0x4A69,
    0x4A69, 0x4A69, 0x4A69, 0x4A69, 0x4A69, 0x4A69, 0x4A69, 0x4A69, 0x4A69, 0x4A69, 0x4A69, 0x4A69,
    0x4A69, 0x4A69, 0x4A69, 0x4A69, 0x4A69, 0x4A69, 0x4A69, 0x4A69, 0x4A69, 0x62E8, 0xEDC0, 0xE5C0,
    0x62E8, 0x4A69, 0x4A69, 0x4A69, 0x4A69, 0x4A69, 0x4A69, 0x4A69, 0xEDC0, 0xEDC0, 0x62E7, 0x4A69,
    0x4A69, 0x4A69, 0x4A69, 0x4A69, 0x4A69, 0xEDC0, 0xEDC0, 0x62E7, 0x4A69, 0x4A69, 0x4A69, 0x6B07,
    0xEDC0, 0xE5A0, 0x4A69, 0x4A69, 0x4A69, 0x4A69, 0x4A69, 0x4A69, 0x4A69, 0x4A69, 0x4A69, 0x4A69,
    0x4A69, 0x4A69, 0x4A69, 0x4A69, 0x4A69, 0x4A69, 0x4A69, 0x4A69, 0x4A69, 0x4A69, 0x4A69, 0x4A69,
    0x4A69, 0x4A69, 0x4A69, 0x4A69, 0x4A69, 0x4A69, 0x4A69, 0x4A69, 0x4A69, 0x4A69, 0x4A69, 0x4A69,
    0x4A69, 0x4A69, 0x4A69, 0x4A69, 0x4A69, 0x4A69, 0x4A69, 0x4A69, 0xEDC0, 0xEDC0, 0xEDC0, 0xEDC0,
    0xEDC0, 0xEDC0, 0xEDC0, 0xEDC0, 0x4A69, 0x4A69, 0x4A69, 0x4A69, 0x4A69, 0x4A69, 0x4A69, 0x4A69,
    0x4A69, 0x4A69, 0x4A69, 0x4A69, 0x4A69, 0x4A69, 0x4A69, 0x4A69, 0x4A69, 0x4A69, 0x4A69, 0x4A69,
    0x4A69, 0x4A69, 0x4A69, 0x4A69, 0x4A69, 0x4A69, 0x4A69, 0x4A69, 0x4A69, 0x4A69, 0x4A69, 0x4A69,
    0x4A69, 0x4A69, 0x4A69, 0x4A69, 0x4A69, 0x4A69, 0x4A69, 0x4A69, 0x4A69, 0x7B66, 0xEDC0, 0xDD60,
    0x4A69, 0x4A69, 0x4A69, 0x4A69, 0x4A69, 0x4A69, 0x4A69, 0x4A69, 0xEDC0, 0xEDC0, 0x62E7, 0x4A69,
    0x4A69, 0x4A69, 0x4A69, 0x4A69, 0x4A69, 0xEDC0, 0xEDC0, 0x62E7, 0x4A69, 0x4A69, 0x4A69, 0x93E5,
    0xEDC0, 0xCD21, 0x4A69, 0x4A69, 0x4A69, 0x4A69, 0x4A69, 0x4A69, 0x4A69, 0x4A69, 0x4A69, 0x4A69,
    0x4A69, 0x4A69, 0x4A69, 0x4A69, 0x4A69, 0x4A69, 0x4A69, 0x4A69, 0x4A69, 0x4A69, 0x4A69, 0x4A69,
    0x4A69, 0x4A69, 0x4A69, 0x4A69, 0x4A69, 0x4A69, 0x4A69, 0x4A69, 0x4A69, 0x4A69, 0x4A69, 0x4A69,
    0x4A69, 0x4A69, 0x4A69, 0x4A69, 0x4A69, 0x4A69, 0x4A69, 0x4A69, 0xEDC0, 0xEDC0, 0xEDC0, 0xEDC0,
    0xEDC0, 0xEDC0, 0xEDC0, 0xEDC0, 0x4A69, 0x4A69, 0x4A69, 0x4A69, 0x4A69, 0x4A69, 0x4A69, 0x4A69,
    0x4A69, 0x4A69, 0x4A69, 0x4A69, 0x4A69, 0x4A69, 0x4A69, 0x4A69, 0x4A69, 0x4A69, 0x4A69, 0x4A69,
    0x4A69, 0x4A69, 0x4A69, 0x4A69, 0x4A69, 0x4A69, 0x4A69, 0x4A69, 0x4A69, 0x4A69, 0x4A69, 0x4A69,
    0x4A69, 0x4A69, 0x4A69, 0x4A69, 0x4A69, 0x4A69, 0x4A69, 0x4A69, 0x4A69, 0x83A6, 0xEDC0, 0xCD21,
    0x4A69, 0x4A69, 0x4A69, 0x4A69, 0x4A69, 0x4A69, 0x4A69, 0x4A69, 0xEDC0, 0xEDC0, 0x62E7, 0x4A69,
    0x4A69, 0x4A69, 0x4A69, 0x4A69, 0x4A69, 0xEDC0, 0xEDC0, 0xBCC2, 0xB4A3, 0xB4A3, 0xC4E2, 0xE5C0,
    0xE5A0, 0x7B66, 0x4A69, 0x4A69, 0x4A69, 0x4A69, 0x4A69, 0x4A69, 0x4A69, 0x4A69, 0x4A69, 0x4A69,
    0x4A69, 0x4A69, 0x4A69, 0x4A69, 0x4A69, 0x4A69, 0x4A69, 0x4A69, 0x4A69, 0x4A69, 0x4A69, 0x4A69,
    0x4A69, 0x4A69, 0x4A69, 0x4A69, 0x4A69, 0x4A69, 0x4A69, 0x4A69, 0x4A69, 0x4A69, 0x4A69, 0x4A69,
    0x4A69, 0x4A69, 0x4A69, 0x4A69, 0x4A69, 0x4A69, 0x4A69, 0x4A69, 0xEDC0, 0xEDC0, 0xEDC0, 0xEDC0,
    0xEDC0, 0xEDC0, 0xEDC0, 0xEDC0, 0x4A69, 0x4A69, 0x4A69, 0x4A69, 0x4A69, 0x4A69, 0x4A69, 0x4A69,
    0x4A69, 0x4A69, 0x4A69, 0x4A69, 0x4A69, 0x4A69, 0x4A69, 0x4A69, 0x4A69, 0x4A69, 0x4A69, 0x4A69,
    0x4A69, 0x4A69, 0x4A69, 0x4A69, 0x4A69, 0x4A69, 0x4A69, 0x4A69, 0x4A69, 0x4A69, 0x4A69, 0x4A69,
    0x4A69, 0x4A69, 0x4A69, 0x4A69, 0x4A69, 0x4A69, 0x4A69, 0x4A69, 0x4A69, 0x7B66, 0xEDC0, 0xDD80,
    0x4A69, 0x4A69, 0x4A69, 0x4A69, 0x4A69, 0x4A69, 0x4A69, 0x4A69, 0xEDC0, 0xEDC0, 0x62E7, 0x4A69,
    0x4A69, 0x4A69, 0x4A69, 0x4A69, 0x4A69, 0xEDC0, 0xEDC0, 0xEDC0, 0xEDC0, 0xEDC0, 0xEDC0, 0xDD80,
    0x6B07, 0x4A69, 0x4A69, 0x4A69, 0x4A69, 0x4A69, 0x4A69, 0x4A69, 0x4A69, 0x4A69, 0x4A69, 0x4A69,
    0x4A69, 0x4A69, 0x4A69, 0x4A69, 0x4A69, 0x4A69, 0x4A69, 0x4A69, 0x4A69, 0x4A69, 0x4A69, 0x4A69,
    0x4A69, 0x4A69, 0x4A69, 0x4A69, 0x4A69, 0x4A69, 0x4A69, 0x4A69, 0x4A69, 0x4A69, 0x4A69, 0x4A69,
    0x4A69, 0x4A69, 0x4A69, 0x4A69, 0x4A69, 0x4A69, 0x4A69, 0x4A69, 0xEDC0, 0xEDC0, 0xEDC0, 0xEDC0,
    0xEDC0, 0xEDC0, 0xEDC0, 0xEDC0, 0x4A69, 0x4A69, 0x4A69, 0x4A69, 0x4A69, 0x4A69, 0x4A69, 0x4A69,
    0x4A69, 0x4A69, 0x4A69, 0x4A69, 0x4A69, 0x4A69, 0x4A69, 0x4A69, 0x4A69, 0x4A69, 0x4A69, 0x4A69,
    0x4A69, 0x4A69, 0x4A69, 0x4A69, 0x4A69, 0x4A69, 0x4A69, 0x4A69, 0x4A69, 0x4A69, 0x4A69, 0x4A69,
    0x4A69, 0x4A69, 0x4A69, 0x4A69, 0x4A69, 0x4A69, 0x4A69, 0x4A69, 0x4A69, 0x5AC8, 0xEDC0, 0xEDC0,
    0x6B07, 0x4A69, 0x4A69, 0x4A69, 0x4A69, 0x4A69, 0x4A69, 0x4A69, 0xEDC0, 0xEDC0, 0x62E7, 0x4A69,
    0x4A69, 0x4A69, 0x4A69, 0x4A69, 0x4A69, 0xEDC0, 0xEDC0, 0x62E7, 0x4A69, 0x5AA8, 0xDD80, 0xEDC0,
    0x7B66, 0x4A69, 0x4A69, 0x4A69, 0x4A69, 0x4A69, 0x4A69, 0x4A69, 0x4A69, 0x4A69, 0x4A69, 0x4A69,
    0x4A69, 0x4A69, 0x4A69, 0x4A69, 0x4A69, 0x4A69, 0x4A69, 0x4A69, 0x4A69, 0x4A69, 0x4A69, 0x4A69,
    0x4A69, 0x4A69, 0x4A69, 0x4A69, 0x4A69, 0x4A69, 0x4A69, 0x4A69, 0x4A69, 0x4A69, 0x4A69, 0x4A69,
    0x4A69, 0x4A69, 0x4A69, 0x4A69, 0x4A69, 0x4A69, 0x4A69, 0x4A69, 0xEDC0, 0xEDC0, 0xEDC0, 0xEDC0,
    0xEDC0, 0xEDC0, 0xEDC0, 0xEDC0, 0x4A69, 0x4A69, 0x4A69, 0x4A69, 0x4A69, 0x4A69, 0x4A69, 0x4A69,
    0x4A69, 0x4A69, 0x4A69, 0x4A69, 0x4A69, 0x4A69, 0x4A69, 0x4A69, 0x4A69, 0x4A69, 0x4A69, 0x4A69,
    0x4A69, 0x4A69, 0x4A69, 0x4A69, 0x4A69, 0x4A69, 0x4A69, 0x4A69, 0x4A69, 0x4A69, 0x4A69, 0x4A69,
    0x4A69, 0x4A69, 0x4A69, 0x4A69, 0x4A69, 0x4A69, 0x4A69, 0x4A69, 0x4A69, 0x4A69, 0xBCC2, 0xEDC0,
    0xC502, 0x5AA8, 0x4A69, 0x4A69, 0x5AA8, 0xC502, 0xBCC2, 0x62C8, 0xEDC0, 0xEDC0, 0x62E7, 0x4A69,
    0x4A69, 0x4A69, 0x4A69, 0x4A69, 0x4A69, 0xEDC0, 0xEDC0, 0x62E7, 0x4A69, 0x4A69, 0x8BC5, 0xEDC0,
    0xD561, 0x5289, 0x4A69, 0x4A69, 0x4A69, 0x4A69, 0x4A69, 0x4A69, 0x4A69, 0x4A69, 0x4A69, 0x4A69,
    0x4A69, 0x4A69, 0x4A69, 0x4A69, 0x4A69, 0x4A69, 0x4A69, 0x4A69, 0x4A69, 0x4A69, 0x4A69, 0x4A69,
    0x4A69, 0x4A69, 0x4A69, 0x4A69, 0x4A69, 0x4A69, 0x4A69, 0x4A69, 0x4A69, 0x4A69, 0x4A69, 0x4A69,
    0x4A69, 0x4A69, 0x4A69, 0x4A69, 0x4A69, 0x4A69, 0x4A69, 0x4A69, 0xEDC0, 0xEDC0, 0xEDC0, 0xEDC0,
    0xEDC0, 0xEDC0, 0xEDC0, 0xEDC0, 0x4A69, 0x4A69, 0x4A69, 0x4A69, 0x4A69, 0x4A69, 0x4A69, 0x4A69,
    0x4A69, 0x4A69, 0x4A69, 0x4A69, 0x4A69, 0x4A69, 0x4A69, 0x4A69, 0x4A69, 0x4A69, 0x4A69, 0x4A69,
    0x4A69, 0x4A69, 0x4A69, 0x4A69, 0x4A69, 0x4A69, 0x4A69, 0x4A69, 0x4A69, 0x4A69, 0x4A69, 0x4A69,
    0x4A69, 0x4A69, 0x4A69, 0x4A69, 0x4A69, 0x4A69, 0x4A69, 0x4A69, 0x4A69, 0x4A69, 0x62C8, 0xD561,
    0xEDC0, 0xE580, 0xC4E2, 0xC4E2, 0xE5A0, 0xEDC0, 0xBCC2, 0x4A69, 0xEDC0, 0xEDC0, 0xBCC2, 0xB4A3,
    0xB4A3, 0xB4A3, 0xB4A3, 0x93E5, 0x4A69, 0xEDC0, 0xEDC0, 0x62E7, 0x4A69, 0x4A69, 0x4A69, 0xCD01,
    0xEDC0, 0xA444, 0x4A69, 0x4A69, 0x4A69, 0x4A69, 0x4A69, 0x4A69, 0x4A69, 0x4A69, 0x4A69, 0x4A69,
    0x4A69, 0x4A69, 0x4A69, 0x4A69, 0x4A69, 0x4A69, 0x4A69, 0x4A69, 0x4A69, 0x4A69, 0x4A69, 0x4A69,
    0x4A69, 0x4A69, 0x4A69, 0x4A69, 0x4A69, 0x4A69, 0x4A69, 0x4A69, 0x4A69, 0x4A69, 0x4A69, 0x4A69,
    0x4A69, 0x4A69, 0x4A69, 0x4A69, 0x4A69, 0x4A69, 0x4A69, 0x4A69, 0xEDC0, 0xEDC0, 0xEDC0, 0xEDC0,
    0xEDC0, 0xEDC0, 0xEDC0, 0xEDC0, 0x4A69, 0x4A69, 0x4A69, 0x4A69, 0x4A69, 0x4A69, 0x4A69, 0x4A69,
    0x4A69, 0x4A69, 0x4A69, 0x4A69, 0x4A69, 0x4A69, 0x4A69, 0x4A69, 0x4A69, 0x4A69, 0x4A69, 0x4A69,
    0x4A69, 0x4A69, 0x4A69, 0x4A69, 0x4A69, 0x4A69, 0x4A69, 0x4A69, 0x4A69, 0x4A69, 0x4A69, 0x4A69,
    0x4A69, 0x4A69, 0x4A69, 0x4A69, 0x4A69, 0x4A69, 0x4A69, 0x4A69, 0x4A69, 0x4A69, 0x4A69, 0x5AA8,
    0xA444, 0xD541, 0xE5A0, 0xDD80, 0xC502, 0x8BC5, 0x4A69, 0x4A69, 0xEDC0, 0xEDC0, 0xEDC0, 0xEDC0,
    0xEDC0, 0xEDC0, 0xEDC0, 0xBCC2, 0x4A69, 0xEDC0, 0xEDC0, 0x62E7, 0x4A69, 0x4A69, 0x4A69, 0x6B07,
    0xE5C0, 0xE5A0, 0x6B27, 0x4A69, 0x4A69, 0x4A69, 0x4A69, 0x4A69, 0x4A69, 0x4A69, 0x4A69, 0x4A69,
    0x4A69, 0x4A69, 0x4A69, 0x4A69, 0x4A69, 0x4A69, 0x4A69, 0x4A69, 0x4A69, 0x4A69, 0x4A69, 0x4A69,
    0x4A69, 0x4A69, 0x4A69, 0x4A69, 0x4A69, 0x4A69, 0x4A69, 0x4A69, 0x4A69, 0x4A69, 0x4A69, 0x4A69,
    0x4A69, 0x4A69, 0x4A69, 0x4A69, 0x4A69, 0x4A69, 0x4A69, 0x4A69, 0xEDC0, 0xEDC0, 0xEDC0, 0xEDC0,
    0xEDC0, 0xEDC0, 0xEDC0, 0xEDC0, 0x4A69, 0x4A69, 0x4A69, 0x4A69, 0x4A69, 0x4A69, 0x4A69, 0x4A69,
    0x4A69, 0x4A69, 0x4A69, 0x4A69, 0x4A69, 0x4A69, 0x4A69, 0x4A69, 0x4A69, 0x4A69, 0x4A69, 0x4A69,
    0x4A69, 0x4A69, 0x4A69, 0x4A69, 0x4A69, 0x4A69, 0x4A69, 0x4A69, 0x4A69, 0x4A69, 0x4A69, 0x4A69,
    0x4A69, 0x4A69, 0x4A69, 0x4A69, 0x4A69, 0x4A69, 0x4A69, 0x4A69, 0x4A69, 0x4A69, 0x4A69, 0x4A69,
    0x4A69, 0x4A69, 0x4A69, 0x4A69, 0x4A69, 0x4A69, 0x4A69, 0x4A69, 0x4A69, 0x4A69, 0x4A69, 0x4A69,
    0x4A69, 0x4A69, 0x4A69, 0x4A69, 0x4A69, 0x4A69, 0x4A69, 0x4A69, 0x4A69, 0x4A69, 0x4A69, 0x4A69,
    0x4A69, 0x4A69, 0x4A69, 0x4A69, 0x4A69, 0x4A69, 0x4A69, 0x4A69, 0x4A69, 0x4A69, 0x4A69, 0x4A69,
    0x4A69, 0x4A69, 0x4A69, 0x4A69, 0x4A69, 0x4A69, 0x4A69, 0x4A69, 0x4A69, 0x4A69, 0x4A69, 0x4A69,
    0x4A69, 0x4A69, 0x4A69, 0x4A69, 0x4A69, 0x4A69, 0x4A69, 0x4A69, 0x4A69, 0x4A69, 0x4A69, 0x4A69,
    0x4A69, 0x4A69, 0x4A69, 0x4A69, 0x4A69, 0x4A69, 0x4A69, 0x4A69, 0xEDC0, 0xEDC0, 0xEDC0, 0xEDC0,
    0xEDC0, 0xEDC0, 0xEDC0, 0xEDC0, 0x4A69, 0x4A69, 0x4A69, 0x4A69, 0x4A69, 0x4A69, 0x4A69, 0x4A69,
    0x4A69, 0x4A69, 0x4A69, 0x4A69, 0x4A69, 0x4A69, 0x4A69, 0x4A69, 0x4A69, 0x4A69, 0x4A69, 0x4A69,
    0x4A69, 0x4A69, 0x4A69, 0x4A69, 0x4A69, 0x4A69, 0x4A69, 0x4A69, 0x4A69, 0x4A69, 0x4A69, 0x4A69,
    0x4A69, 0x4A69, 0x4A69, 0x4A69, 0x4A69, 0x4A69, 0x4A69, 0x4A69, 0x4A69, 0x4A69, 0x4A69, 0x4A69,
    0x4A69, 0x4A69, 0x4A69, 0x4A69, 0x4A69, 0x4A69, 0x4A69, 0x4A69, 0x4A69, 0x4A69, 0x4A69, 0x4A69,
    0x4A69, 0x4A69, 0x4A69, 0x4A69, 0x4A69, 0x4A69, 0x4A69, 0x4A69, 0x4A69, 0x4A69, 0x4A69, 0x4A69,
    0x4A69, 0x4A69, 0x4A69, 0x4A69, 0x4A69, 0x4A69, 0x4A69, 0x4A69, 0x4A69, 0x4A69, 0x4A69, 0x4A69,
    0x4A69, 0x4A69, 0x4A69, 0x4A69, 0x4A69, 0x4A69, 0x4A69, 0x4A69, 0x4A69, 0x4A69, 0x4A69, 0x4A69,
    0x4A69, 0x4A69, 0x4A69, 0x4A69, 0x4A69, 0x4A69, 0x4A69, 0x4A69, 0x4A69, 0x4A69, 0x4A69, 0x4A69,
    0x4A69, 0x4A69, 0x4A69, 0x4A69, 0x4A69, 0x4A69, 0x4A69, 0x4A69, 0xEDC0, 0xEDC0, 0xEDC0, 0xEDC0,
    0xEDC0, 0xEDC0, 0xEDC0, 0xEDC0, 0x4A69, 0x4A69, 0x4A69, 0x4A69, 0x4A69, 0x4A69, 0x4A69, 0x4A69,
    0x4A69, 0x4A69, 0x4A69, 0x4A69, 0x4A69, 0x4A69, 0x4A69, 0x4A69, 0x4A69, 0x4A69, 0x4A69, 0x4A69,
    0x4A69, 0x4A69, 0x4A69, 0x4A69, 0x4A69, 0x4A69, 0x4A69, 0x4A69, 0x4A69, 0x4A69, 0x4A69, 0x4A69,
    0x4A69, 0x4A69, 0x4A69, 0x4A69, 0x4A69, 0x4A69, 0x4A69, 0x4A69, 0x4A69, 0x4A69, 0x4A69, 0x4A69,
    0x4A69, 0x4A69, 0x4A69, 0x4A69, 0x4A69, 0x4A69, 0x4A69, 0x4A69, 0x4A69, 0x4A69, 0x4A69, 0x4A69,
    0x4A69, 0x4A69, 0x4A69, 0x4A69, 0x4A69, 0x4A69, 0x4A69, 0x4A69, 0x4A69, 0x4A69, 0x4A69, 0x4A69,
    0x4A69, 0x4A69, 0x4A69, 0x4A69, 0x4A69, 0x4A69, 0x4A69, 0x4A69, 0x4A69, 0x4A69, 0x4A69, 0x4A69,
    0x4A69, 0x4A69, 0x4A69, 0x4A69, 0x4A69, 0x4A69, 0x4A69, 0x4A69, 0x4A69, 0x4A69, 0x4A69, 0x4A69,
    0x4A69, 0x4A69, 0x4A69, 0x4A69, 0x4A69, 0x4A69, 0x4A69, 0x4A69, 0x4A69, 0x4A69, 0x4A69, 0x4A69,
    0x4A69, 0x4A69, 0x4A69, 0x4A69, 0x4A69, 0x4A69, 0x4A69, 0x4A69, 0xEDC0, 0xEDC0, 0xEDC0, 0xEDC0,
    0xEDC0, 0xEDC0, 0xEDC0, 0xEDC0, 0x4A69, 0x4A69, 0x4A69, 0x4A69, 0x4A69, 0x4A69, 0x4A69, 0x4A69,
    0x4A69, 0x4A69, 0x4A69, 0x4A69, 0x4A69, 0x4A69, 0x4A69, 0x4A69, 0x4A69, 0x4A69, 0x4A69, 0x4A69,
    0x4A69, 0x4A69, 0x4A69, 0x4A69, 0x4A69, 0x4A69, 0x4A69, 0x4A69, 0x4A69, 0x4A69, 0x4A69, 0x4A69,
    0x4A69, 0x4A69, 0x4A69, 0x4A69, 0x4A69, 0x4A69, 0x4A69, 0x4A69, 0x4A69, 0x4A69, 0x4A69, 0x4A69,
    0x4A69, 0x4A69, 0x4A69, 0x4A69, 0x4A69, 0x4A69, 0x4A69, 0x4A69, 0x4A69, 0x4A69, 0x4A69, 0x4A69,
    0x4A69, 0x4A69, 0x4A69, 0x4A69, 0x4A69, 0x4A69, 0x4A69, 0x4A69, 0x4A69, 0x4A69, 0x4A69, 0x4A69,
    0x4A69, 0x4A69, 0x4A69, 0x4A69, 0x4A69, 0x4A69, 0x4A69, 0x4A69, 0x4A69, 0x4A69, 0x4A69, 0x4A69,
    0x4A69, 0x4A69, 0x4A69, 0x4A69, 0x4A69, 0x4A69, 0x4A69, 0x4A69, 0x4A69, 0x4A69, 0x4A69, 0x4A69,
    0x4A69, 0x4A69, 0x4A69, 0x4A69, 0x4A69, 0x4A69, 0x4A69, 0x4A69, 0x4A69, 0x4A69, 0x4A69, 0x4A69,
    0x4A69, 0x4A69, 0x4A69, 0x4A69, 0x4A69, 0x4A69, 0x4A69, 0x4A69, 0xEDC0, 0xEDC0, 0xEDC0, 0xEDC0,
    0xEDC0, 0xEDC0, 0xEDC0, 0xEDC0, 0x4A69, 0x4A69, 0x4A69, 0x4A69, 0x4A69, 0x4A69, 0x4A69, 0x4A69,
    0x4A69, 0x4A69, 0x4A69, 0x4A69, 0x4A69, 0x4A69, 0x4A69, 0x4A69, 0x4A69, 0x4A69, 0x4A69, 0x4A69,
    0x4A69, 0x4A69, 0x4A69, 0x4A69, 0x4A69, 0x4A69, 0x4A69, 0x4A69, 0x4A69, 0x4A69, 0x4A69, 0x4A69,
    0x4A69, 0x4A69, 0x4A69, 0x4A69, 0x4A69, 0x4A69, 0x4A69, 0x4A69, 0x4A69, 0x4A69, 0x4A69, 0x4A69,
    0x4A69, 0x4A69, 0x4A69, 0x4A69, 0x4A69, 0x4A69, 0x4A69, 0x4A69, 0x4A69, 0x4A69, 0x4A69, 0x4A69,
    0x4A69, 0x4A69, 0x4A69, 0x4A69, 0x4A69, 0x4A69, 0x4A69, 0x4A69, 0x4A69, 0x4A69, 0x4A69, 0x4A69,
    0x4A69, 0x4A69, 0x4A69, 0x4A69, 0x4A69, 0x4A69, 0x4A69, 0x4A69, 0x4A69, 0x4A69, 0x4A69, 0x4A69,
    0x4A69, 0x4A69, 0x4A69, 0x4A69, 0x4A69, 0x4A69, 0x4A69, 0x4A69, 0x4A69, 0x4A69, 0x4A69, 0x4A69,
    0x4A69, 0x4A69, 0x4A69, 0x4A69, 0x4A69, 0x4A69, 0x4A69, 0x4A69, 0x4A69, 0x4A69, 0x4A69, 0x4A69,
    0x4A69, 0x4A69, 0x4A69, 0x4A69, 0x4A69, 0x4A69, 0x4A69, 0x4A69, 0xEDC0, 0xEDC0, 0xEDC0, 0xEDC0,
    0xEDC0, 0xEDC0, 0xEDC0, 0xEDC0, 0x4A69, 0x4A69, 0x4A69, 0x4A69, 0x4A69, 0x4A69, 0x4A69, 0x4A69,
    0x4A69, 0x4A69, 0x4A69, 0x4A69, 0x4A69, 0x4A69, 0x4A69, 0x4A69, 0x4A69, 0x4A69, 0x4A69, 0x4A69,
    0x4A69, 0x4A69, 0x4A69, 0x4A69, 0x4A69, 0x4A69, 0x4A69, 0x4A69, 0x4A69, 0x4A69, 0x4A69, 0x4A69,
    0x4A69, 0x4A69, 0x4A69, 0x4A69, 0x4A69, 0x4A69, 0x4A69, 0x4A69, 0x4A69, 0x4A69, 0x4A69, 0x4A69,
    0x4A69, 0x4A69, 0x4A69, 0x4A69, 0x4A69, 0x4A69, 0x4A69, 0x4A69, 0x4A69, 0x4A69, 0x4A69, 0x4A69,
    0x4A69, 0x4A69, 0x4A69, 0x4A69, 0x4A69, 0x4A69, 0x4A69, 0x4A69, 0x4A69, 0x4A69, 0x4A69, 0x4A69,
    0x4A69, 0x4A69, 0x4A69, 0x4A69, 0x4A69, 0x4A69, 0x4A69, 0x4A69, 0x4A69, 0x4A69, 0x4A69, 0x4A69,
    0x4A69, 0x4A69, 0x4A69, 0x4A69, 0x4A69, 0x4A69, 0x4A69, 0x4A69, 0x4A69, 0x4A69, 0x4A69, 0x4A69,
    0x4A69, 0x4A69, 0x4A69, 0x4A69, 0x4A69, 0x4A69, 0x4A69, 0x4A69, 0x4A69, 0x4A69, 0x4A69, 0x4A69,
    0x4A69, 0x4A69, 0x4A69, 0x4A69, 0x4A69, 0x4A69, 0x4A69, 0x4A69, 0xEDC0, 0xEDC0, 0xEDC0, 0xEDC0,
    0xEDC0, 0xEDC0, 0xEDC0, 0xEDC0, 0x4A69, 0x4A69, 0x4A69, 0x4A69, 0x4A69, 0x4A69, 0x4A69, 0x4A69,
    0x4A69, 0x4A69, 0x4A69, 0x4A69, 0x4A69, 0x4A69, 0x4A69, 0x4A69, 0x4A69, 0x4A69, 0x4A69, 0x4A69,
    0x4A69, 0x4A69, 0x4A69, 0x4A69, 0x4A69, 0x4A69, 0x4A69, 0x4A69, 0x4A69, 0x4A69, 0x4A69, 0x4A69,
    0x4A69, 0x4A69, 0x4A69, 0x4A69, 0x4A69, 0x4A69, 0x4A69, 0x4A69, 0x4A69, 0x4A69, 0x4A69, 0x4A69,
    0x4A69, 0x4A69, 0x4A69, 0x4A69, 0x4A69, 0x4A69, 0x4A69, 0x4A69, 0x4A69, 0x4A69, 0x4A69, 0x4A69,
    0x4A69, 0x4A69, 0x4A69, 0x4A69, 0x4A69, 0x4A69, 0x4A69, 0x4A69, 0x4A69, 0x4A69, 0x4A69, 0x4A69,
    0x4A69, 0x4A69, 0x4A69, 0x4A69, 0x4A69, 0x4A69, 0x4A69, 0x4A69, 0x4A69, 0x4A69, 0x4A69, 0x4A69,
    0x4A69, 0x4A69, 0x4A69, 0x4A69, 0x4A69, 0x4A69, 0x4A69, 0x4A69, 0x4A69, 0x4A69, 0x4A69, 0x4A69,
    0x4A69, 0x4A69, 0x4A69, 0x4A69, 0x4A69, 0x4A69, 0x4A69, 0x4A69, 0x4A69, 0x4A69, 0x4A69, 0x4A69,
    0x4A69, 0x4A69, 0x4A69, 0x4A69, 0x4A69, 0x4A69, 0x4A69, 0x4A69, 0xEDC0, 0xEDC0, 0xEDC0, 0xEDC0,
    0xEDC0, 0xEDC0, 0xEDC0, 0xEDC0, 0x4A69, 0x4A69, 0x4A69, 0x4A69, 0x4A69, 0x4A69, 0x4A69, 0x4A69,
    0x4A69, 0x4A69, 0x4A69, 0x4A69, 0x4A69, 0x4A69, 0x4A69, 0x4A69, 0x4A69, 0x4A69, 0x4A69, 0x4A69,
    0x4A69, 0x4A69, 0x4A69, 0x4A69, 0x4A69, 0x4A69, 0x4A69, 0x4A69, 0x4A69, 0x4A69, 0x4A69, 0x4A69,
    0x4A69, 0x4A69, 0x4A69, 0x4A69, 0x4A69, 0x4A69, 0x4A69, 0x4A69, 0x4A69, 0x4A69, 0x4A69, 0x4A69,
    0x4A69, 0x4A69, 0x4A69, 0x4A69, 0x4A69, 0x4A69, 0x4A69, 0x4A69, 0x4A69, 0x4A69, 0x4A69, 0x4A69,
    0x4A69, 0x4A69, 0x4A69, 0x4A69, 0x4A69, 0x4A69, 0x4A69, 0x4A69, 0x4A69, 0x4A69, 0x4A69, 0x4A69,
    0x4A69, 0x4A69, 0x4A69, 0x4A69, 0x4A69, 0x4A69, 0x4A69, 0x4A69, 0x4A69, 0x4A69, 0x4A69, 0x4A69,
    0x4A69, 0x4A69, 0x4A69, 0x4A69, 0x4A69, 0x4A69, 0x4A69, 0x4A69, 0x4A69, 0x4A69, 0x4A69, 0x4A69,
    0x4A69, 0x4A69, 0x4A69, 0x4A69, 0x4A69, 0x4A69, 0x4A69, 0x4A69, 0x4A69, 0x4A69, 0x4A69, 0x4A69,
    0x4A69, 0x4A69, 0x4A69, 0x4A69, 0x4A69, 0x4A69, 0x4A69, 0x4A69, 0xEDC0, 0xEDC0, 0xEDC0, 0xEDC0,
    0xEDC0, 0xEDC0, 0xEDC0, 0xEDC0, 0x4A69, 0x4A69, 0x4A69, 0x4A69, 0x4A69, 0x4A69, 0x4A69, 0x4A69,
    0x4A69, 0x4A69, 0x4A69, 0x4A69, 0x4A69, 0x4A69, 0x4A69, 0x4A69, 0x4A69, 0x4A69, 0x4A69, 0x4A69,
    0x4A69, 0x4A69, 0x4A69, 0x4A69, 0x4A69, 0x4A69, 0x4A69, 0x4A69, 0x4A69, 0x4A69, 0x4A69, 0x4A69,
    0x4A69, 0x4A69, 0x4A69, 0x4A69, 0x4A69, 0x4A69, 0x4A69, 0x4A69, 0x4A69, 0x4A69, 0x4A69, 0x4A69,
    0x4A69, 0x4A69, 0x4A69, 0x4A69, 0x4A69, 0x4A69, 0x4A69, 0x4A69, 0x4A69, 0x4A69, 0x4A69, 0x4A69,
    0x4A69, 0x4A69, 0x4A69, 0x4A69, 0x4A69, 0x4A69, 0x4A69, 0x4A69, 0x4A69, 0x4A69, 0x4A69, 0x4A69,
    0x4A69, 0x4A69, 0x4A69, 0x4A69, 0x4A69, 0x4A69, 0x4A69, 0x4A69, 0x4A69, 0x4A69, 0x4A69, 0x4A69,
    0x4A69, 0x4A69, 0x4A69, 0x4A69, 0x4A69, 0x4A69, 0x4A69, 0x4A69, 0x4A69, 0x4A69, 0x4A69, 0x4A69,
    0x4A69, 0x4A69, 0x4A69, 0x4A69, 0x4A69, 0x4A69, 0x4A69, 0x4A69, 0x4A69, 0x4A69, 0x4A69, 0x4A69,
    0x4A69, 0x4A69, 0x4A69, 0x4A69, 0x4A69, 0x4A69, 0x4A69, 0x4A69, 0xEDC0, 0xEDC0, 0xEDC0, 0xEDC0,
    0xEDC0, 0xEDC0, 0xEDC0, 0xEDC0, 0x4A69, 0x4A69, 0x4A69, 0x4A69, 0x4A69, 0x4A69, 0x4A69, 0x4A69,
    0x4A69, 0x4A69, 0x4A69, 0x4A69, 0x4A69, 0x4A69, 0x4A69, 0x4A69, 0x4A69, 0x4A69, 0x4A69, 0x4A69,
    0x4A69, 0x4A69, 0x4A69, 0x4A69, 0x4A69, 0x4A69, 0x4A69, 0x0861, 0x0861, 0x0861, 0x0861, 0x0861,
    0x0861, 0x0861, 0x0861, 0x0861, 0x0861, 0x0861, 0x0861, 0x0861, 0x0861, 0x0861, 0x0861, 0x0861,
    0x0861, 0x0861, 0x0861, 0x0861, 0x0861, 0x0861, 0x0861, 0x0861, 0x0861, 0x0861, 0x0861, 0x0861,
    0x0861, 0x0861, 0x0861, 0x0861, 0x0861, 0x0861, 0x0861, 0x0861, 0x0861, 0x0861, 0x0861, 0x0861,
    0x0861, 0x0861, 0x0861, 0x0861, 0x0861, 0x0861, 0x0861, 0x0861, 0x0861, 0x0861, 0x0861, 0x0861,
    0x0861, 0x0861, 0x0861, 0x0861, 0x0861, 0x0861, 0x4A69, 0x4A69, 0x4A69, 0x4A69, 0x4A69, 0x4A69,
    0x4A69, 0x4A69, 0x4A69, 0x4A69, 0x4A69, 0x4A69, 0x4A69, 0x4A69, 0x4A69, 0x4A69, 0x4A69, 0x4A69,
    0x4A69, 0x4A69, 0x4A69, 0x4A69, 0x4A69, 0x4A69, 0x4A69, 0x4A69, 0xEDC0, 0xEDC0, 0xEDC0, 0xEDC0,
    0xEDC0, 0xEDC0, 0xEDC0, 0xEDC0, 0x4A69, 0x4A69, 0x4A69, 0x4A69, 0x4A69, 0x4A69, 0x4A69, 0x4A69,
    0x4A69, 0x4A69, 0x4A69, 0x4A69, 0x4A69, 0x4A69, 0x4A69, 0x4A69, 0x4A69, 0x4A69, 0x4A69, 0x4A69,
    0x4A69, 0x4A69, 0x4A69, 0x4A69, 0x4A69, 0x0861, 0x0861, 0x0861, 0x0861, 0x0861, 0x0861, 0x0861,
    0x0861, 0x0861, 0x0861, 0x0861, 0x0861, 0x0861, 0x0861, 0x0861, 0x0861, 0x0861, 0x0861, 0x0861,
    0x0861, 0x0861, 0x0861, 0x0861, 0x0861, 0x0861, 0x0861, 0x0861, 0x0861, 0x0861, 0x0861, 0x0861,
    0x0861, 0x0861, 0x0861, 0x0861, 0x0861, 0x0861, 0x0861, 0x0861, 0x0861, 0x0861, 0x0861, 0x0861,
    0x0861, 0x0861, 0x0861, 0x0861, 0x0861, 0x0861, 0x0861, 0x0861, 0x0861, 0x0861, 0x0861, 0x0861,
    0x0861, 0x0861, 0x0861, 0x0861, 0x0861, 0x0861, 0x0861, 0x0861, 0x4A69, 0x4A69, 0x4A69, 0x4A69,
    0x4A69, 0x4A69, 0x4A69, 0x4A69, 0x4A69, 0x4A69, 0x4A69, 0x4A69, 0x4A69, 0x4A69, 0x4A69, 0x4A69,
    0x4A69, 0x4A69, 0x4A69, 0x4A69, 0x4A69, 0x4A69, 0x4A69, 0x4A69, 0xEDC0, 0xEDC0, 0xEDC0, 0xEDC0,
    0xEDC0, 0xEDC0, 0xEDC0, 0xEDC0, 0x4A69, 0x4A69, 0x4A69, 0x4A69, 0x4A69, 0x4A69, 0x4A69, 0x4A69,
    0x4A69, 0x4A69, 0x4A69, 0x4A69, 0x4A69, 0x4A69, 0x4A69, 0x4A69, 0x4A69, 0x4A69, 0x4A69, 0x4A69,
    0x4A69, 0x4A69, 0x4A69, 0x4A69, 0x0861, 0x0861, 0x0861, 0x0861, 0x630C, 0x630C, 0x630C, 0x630C,
    0x630C, 0x630C, 0x630C, 0x630C, 0x630C, 0x630C, 0x630C, 0x630C, 0x630C, 0x630C, 0x630C, 0x630C,
    0x630C, 0x630C, 0x630C, 0x630C, 0x630C, 0x630C, 0x630C, 0x630C, 0x630C, 0x630C, 0x630C, 0x630C,
    0x630C, 0x630C, 0x630C, 0x630C, 0x630C, 0x630C, 0x630C, 0x630C, 0x630C, 0x630C, 0x630C, 0x630C,
    0x630C, 0x630C, 0x630C, 0x630C, 0x630C, 0x630C, 0x630C, 0x630C, 0x630C, 0x630C, 0x630C, 0x630C,
    0x630C, 0x630C, 0x630C, 0x630C, 0x630C, 0x0861, 0x0861, 0x0861, 0x0861, 0x4A69, 0x4A69, 0x4A69,
    0x4A69, 0x4A69, 0x4A69, 0x4A69, 0x4A69, 0x4A69, 0x4A69, 0x4A69, 0x4A69, 0x4A69, 0x4A69, 0x4A69,
    0x4A69, 0x4A69, 0x4A69, 0x4A69, 0x4A69, 0x4A69, 0x4A69, 0x4A69, 0xEDC0, 0xEDC0, 0xEDC0, 0xEDC0,
    0xEDC0, 0xEDC0, 0xEDC0, 0xEDC0, 0x4A69, 0x4A69, 0x4A69, 0x4A69, 0x4A69, 0x4A69, 0x4A69, 0x4A69,
    0x4A69, 0x4A69, 0x4A69, 0x4A69, 0x4A69, 0x4A69, 0x4A69, 0x4A69, 0x4A69, 0x4A69, 0x4A69, 0x4A69,
    0x4A69, 0x4A69, 0x4A69, 0x0861, 0x0861, 0x0861, 0x630C, 0x630C, 0x39C7, 0x39C7, 0x39C7, 0x39C7,
    0x39C7, 0x39C7, 0x39C7, 0x39C7, 0x39C7, 0x39C7, 0x39C7, 0x39C7, 0x39C7, 0x39C7, 0x39C7, 0x39C7,
    0x39C7, 0x39C7, 0x39C7, 0x39C7, 0x39C7, 0x39C7, 0x39C7, 0x39C7, 0x39C7, 0x39C7, 0x39C7, 0x39C7,
    0x39C7, 0x39C7, 0x39C7, 0x39C7, 0x39C7, 0x39C7, 0x39C7, 0x39C7, 0x39C7, 0x39C7, 0x39C7, 0x39C7,
    0x39C7, 0x39C7, 0x39C7, 0x39C7, 0x39C7, 0x39C7, 0x39C7, 0x39C7, 0x39C7, 0x39C7, 0x39C7, 0x39C7,
    0x39C7, 0x39C7, 0x39C7, 0x39C7, 0x39C7, 0x630C, 0x630C, 0x0861, 0x0861, 0x0861, 0x4A69, 0x4A69,
    0x4A69, 0x4A69, 0x4A69, 0x4A69, 0x4A69, 0x4A69, 0x4A69, 0x4A69, 0x4A69, 0x4A69, 0x4A69, 0x4A69,
    0x4A69, 0x4A69, 0x4A69, 0x4A69, 0x4A69, 0x4A69, 0x4A69, 0x4A69, 0xEDC0, 0xEDC0, 0xEDC0, 0xEDC0,
    0xEDC0, 0xEDC0, 0xEDC0, 0xEDC0, 0x4A69, 0x4A69, 0x4A69, 0x4A69, 0x4A69, 0x4A69, 0x4A69, 0x4A69,
    0x4A69, 0x4A69, 0x4A69, 0x4A69, 0x4A69, 0x4A69, 0x4A69, 0x4A69, 0x4A69, 0x4A69, 0x4A69, 0x4A69,
    0x4A69, 0x4A69, 0x0861, 0x0861, 0x0861, 0x630C, 0x39C7, 0x39C7, 0x39C7, 0x39C7, 0x39C7, 0x39C7,
    0x39C7, 0x39C7, 0x39C7, 0x39C7, 0x39C7, 0x39C7, 0x39C7, 0x39C7, 0x39C7, 0x39C7, 0x39C7, 0x39C7,
    0x39C7, 0x39C7, 0x39C7, 0x39C7, 0x39C7, 0x39C7, 0x39C7, 0x39C7, 0x39C7, 0x39C7, 0x39C7, 0x39C7,
    0x39C7, 0x39C7, 0x39C7, 0x39C7, 0x39C7, 0x39C7, 0x39C7, 0x39C7, 0x39C7, 0x39C7, 0x39C7, 0x39C7,
    0x39C7, 0x39C7, 0x39C7, 0x39C7, 0x39C7, 0x39C7, 0x39C7, 0x39C7, 0x39C7, 0x39C7, 0x39C7, 0x39C7,
    0x39C7, 0x39C7, 0x39C7, 0x39C7, 0x39C7, 0x39C7, 0x39C7, 0x630C, 0x0861, 0x0861, 0x0861, 0x4A69,
    0x4A69, 0x4A69, 0x4A69, 0x4A69, 0x4A69, 0x4A69, 0x4A69, 0x4A69, 0x4A69, 0x4A69, 0x4A69, 0x4A69,
    0x4A69, 0x4A69, 0x4A69, 0x4A69, 0x4A69, 0x4A69, 0x4A69, 0x4A69, 0xEDC0, 0xEDC0, 0xEDC0, 0xEDC0,
    0xEDC0, 0xEDC0, 0xEDC0, 0xEDC0, 0x4A69, 0x4A69, 0x4A69, 0x4A69, 0x4A69, 0x4A69, 0x4A69, 0x4A69,
    0x4A69, 0x4A69, 0x4A69, 0x4A69, 0x4A69, 0x4A69, 0x4A69, 0x4A69, 0x4A69, 0x4A69, 0x4A69, 0x4A69,
    0x4A69, 0x0861, 0x0861, 0x0861, 0x630C, 0x39C7, 0x39C7, 0x39C7, 0x39C7, 0x39C7, 0x39C7, 0x39C7,
    0x39C7, 0x39C7, 0x39C7, 0x39C7, 0x39C7, 0x39C7, 0x39C7, 0x39C7, 0x39C7, 0x39C7, 0x39C7, 0x39C7,
    0x39C7, 0x39C7, 0x39C7, 0x39C7, 0x39C7, 0x39C7, 0x39C7, 0x39C7, 0x39C7, 0x39C7, 0x39C7, 0x39C7,
    0x39C7, 0x39C7, 0x39C7, 0x39C7, 0x39C7, 0x39C7, 0x39C7, 0x39C7, 0x39C7, 0x39C7, 0x39C7, 0x39C7,
    0x39C7, 0x39C7, 0x39C7, 0x39C7, 0x39C7, 0x39C7, 0x39C7, 0x39C7, 0x39C7, 0x39C7, 0x39C7, 0x39C7,
    0x39C7, 0x39C7, 0x39C7, 0x39C7, 0x39C7, 0x39C7, 0x39C7, 0x39C7, 0x630C, 0x0861, 0x0861, 0x0861,
    0x4A69, 0x4A69, 0x4A69, 0x4A69, 0x4A69, 0x4A69, 0x4A69, 0x4A69, 0x4A69, 0x4A69, 0x4A69, 0x4A69,
    0x4A69, 0x4A69, 0x4A69, 0x4A69, 0x4A69, 0x4A69, 0x4A69, 0x4A69, 0xEDC0, 0xEDC0, 0xEDC0, 0xEDC0,
    0xEDC0, 0xEDC0, 0xEDC0, 0xEDC0, 0x4A69, 0x4A69, 0x4A69, 0x4A69, 0x4A69, 0x4A69, 0x4A69, 0x4A69,
    0x4A69, 0x4A69, 0x4A69, 0x4A69, 0x4A69, 0x4A69, 0x4A69, 0x4A69, 0x4A69, 0x4A69, 0x4A69, 0x4A69,
    0x4A69, 0x0861, 0x0861, 0x630C, 0x39C7, 0x39C7, 0x39C7, 0x39C7, 0x39C7, 0x39C7, 0x39C7, 0x39C7,
    0x39C7, 0x39C7, 0x39C7, 0x39C7, 0x39C7, 0x39C7, 0x39C7, 0x39C7, 0x39C7, 0x39C7, 0x39C7, 0x39C7,
    0x39C7, 0x39C7, 0x39C7, 0x39C7, 0x39C7, 0x39C7, 0x39C7, 0x39C7, 0x39C7, 0x39C7, 0x39C7, 0x39C7,
    0x39C7, 0x39C7, 0x39C7, 0x39C7, 0x39C7, 0x39C7, 0x39C7, 0x39C7, 0x39C7, 0x39C7, 0x39C7, 0x39C7,
    0x39C7, 0x39C7, 0x39C7, 0x39C7, 0x39C7, 0x39C7, 0x39C7, 0x39C7, 0x39C7, 0x39C7, 0x39C7, 0x39C7,
    0x39C7, 0x39C7, 0x39C7, 0x39C7, 0x39C7, 0x39C7, 0x39C7, 0x39C7, 0x39C7, 0x630C, 0x0861, 0x0861,
    0x4A69, 0x4A69, 0x4A69, 0x4A69, 0x4A69, 0x4A69, 0x4A69, 0x4A69, 0x4A69, 0x4A69, 0x4A69, 0x4A69,
    0x4A69, 0x4A69, 0x4A69, 0x4A69, 0x4A69, 0x4A69, 0x4A69, 0x4A69, 0xEDC0, 0xEDC0, 0xEDC0, 0xEDC0,
    0xEDC0, 0xEDC0, 0xEDC0, 0xEDC0, 0x4A69, 0x4A69, 0x4A69, 0x4A69, 0x4A69, 0x4A69, 0x4A69, 0x4A69,
    0x4A69, 0x4A69, 0x4A69, 0x4A69, 0x4A69, 0x4A69, 0x4A69, 0x4A69, 0x4A69, 0x4A69, 0x4A69, 0x4A69,
    0x0861, 0x0861, 0x0861, 0x630C, 0x39C7, 0x39C7, 0x39C7, 0x39C7, 0x39C7, 0x39C7, 0x39C7, 0x39C7,
    0x39C7, 0x39C7, 0x39C7, 0x39C7, 0x39C7, 0x39C7, 0x39C7, 0x39C7, 0x39C7, 0x39C7, 0x39C7, 0x39C7,
    0x39C7, 0x39C7, 0x39C7, 0x39C7, 0x39C7, 0x39C7, 0x39C7, 0x39C7, 0x39C7, 0x39C7, 0x39C7, 0x39C7,
    0x39C7, 0x39C7, 0x39C7, 0x39C7, 0x39C7, 0x39C7, 0x39C7, 0x39C7, 0x39C7, 0x39C7, 0x39C7, 0x39C7,
    0x39C7, 0x39C7, 0x39C7, 0x39C7, 0x39C7, 0x39C7, 0x39C7, 0x39C7, 0x39C7, 0x39C7, 0x39C7, 0x39C7,
    0x39C7, 0x39C7, 0x39C7, 0x39C7, 0x39C7, 0x39C7, 0x39C7, 0x39C7, 0x39C7, 0x630C, 0x0861, 0x0861,
    0x0861, 0x4A69, 0x4A69, 0x4A69, 0x4A69, 0x4A69, 0x4A69, 0x4A69, 0x4A69, 0x4A69, 0x4A69, 0x4A69,
    0x4A69, 0x4A69, 0x4A69, 0x4A69, 0x4A69, 0x4A69, 0x4A69, 0x4A69, 0xEDC0, 0xEDC0, 0xEDC0, 0xEDC0,
    0xEDC0, 0xEDC0, 0xEDC0, 0xEDC0, 0x4A69, 0x4A69, 0x4A69, 0x4A69, 0x4A69, 0x4A69, 0x4A69, 0x4A69,
    0x4A69, 0x4A69, 0x4A69, 0x4A69, 0x4A69, 0x4A69, 0x4A69, 0x4A69, 0x4A69, 0x4A69, 0x4A69, 0x4A69,
    0x0861, 0x0861, 0x630C, 0x39C7, 0x39C7, 0x39C7, 0x39C7, 0x39C7, 0x39C7, 0x39C7, 0x39C7, 0x39C7,
    0x39C7, 0x39C7, 0x39C7, 0x39C7, 0x39C7, 0x39C7, 0x39C7, 0x39C7, 0x39C7, 0x39C7, 0x39C7, 0x39C7,
    0x39C7, 0x39C7, 0x39C7, 0x39C7, 0x39C7, 0x39C7, 0x39C7, 0x39C7, 0x39C7, 0xF79E, 0x39C7, 0x39C7,
    0x39C7, 0x39C7, 0x39C7, 0x39C7, 0x39C7, 0x39C7, 0x39C7, 0x39C7, 0x39C7, 0x39C7, 0x39C7, 0x39C7,
    0x39C7, 0x39C7, 0x39C7, 0x39C7, 0x39C7, 0x39C7, 0x39C7, 0x39C7, 0x39C7, 0x39C7, 0x39C7, 0x39C7,
    0x39C7, 0x39C7, 0x39C7, 0x39C7, 0x39C7, 0x39C7, 0x39C7, 0x39C7, 0x39C7, 0x39C7, 0x630C, 0x0861,
    0x0861, 0x4A69, 0x4A69, 0x4A69, 0x4A69, 0x4A69, 0x4A69, 0x4A69, 0x4A69, 0x4A69, 0x4A69, 0x4A69,
    0x4A69, 0x4A69, 0x4A69, 0x4A69, 0x4A69, 0x4A69, 0x4A69, 0x4A69, 0xEDC0, 0xEDC0, 0xEDC0, 0xEDC0,
    0xEDC0, 0xEDC0, 0xEDC0, 0xEDC0, 0x4A69, 0x4A69, 0x4A69, 0x4A69, 0x4A69, 0x4A69, 0x4A69, 0x4A69,
    0x4A69, 0x4A69, 0x4A69, 0x4A69, 0x4A69, 0x4A69, 0x4A69, 0x4A69, 0x4A69, 0x4A69, 0x4A69, 0x4A69,
    0x0861, 0x0861, 0x630C, 0x39C7, 0x39C7, 0x39C7, 0x39C7, 0x39C7, 0x39C7, 0x39C7, 0x39C7, 0x39C7,
    0x39C7, 0x39C7, 0x39C7, 0x39C7, 0x39C7, 0x39C7, 0x39C7, 0x39C7, 0x39C7, 0x39C7, 0x39C7, 0x39C7,
    0x39C7, 0x39C7, 0x39C7, 0x39C7, 0x39C7, 0x39C7, 0x39C7, 0x39C7, 0xF79E, 0xF79E, 0x39C7, 0x39C7,
    0x39C7, 0x39C7, 0x39C7, 0x39C7, 0x39C7, 0x39C7, 0x39C7, 0x39C7, 0x39C7, 0x39C7, 0x39C7, 0x39C7,
    0x39C7, 0x39C7, 0x39C7, 0x39C7, 0x39C7, 0x39C7, 0x39C7, 0x39C7, 0x39C7, 0x39C7, 0x39C7, 0x39C7,
    0x39C7, 0x39C7, 0x39C7, 0x39C7, 0x39C7, 0x39C7, 0x39C7, 0x39C7, 0x39C7, 0x39C7, 0x630C, 0x0861,
    0x0861, 0x4A69, 0x4A69, 0x4A69, 0x4A69, 0x4A69, 0x4A69, 0x4A69, 0x4A69, 0x4A69, 0x4A69, 0x4A69,
    0x4A69, 0x4A69, 0x4A69, 0x4A69, 0x4A69, 0x4A69, 0x4A69, 0x4A69, 0xEDC0, 0xEDC0, 0xEDC0, 0xEDC0,
    0xEDC0, 0xEDC0, 0xEDC0, 0xEDC0, 0x4A69, 0x4A69, 0x4A69, 0x4A69, 0x4A69, 0x4A69, 0x4A69, 0x4A69,
    0x4A69, 0x4A69, 0x4A69, 0x4A69, 0x4A69, 0x4A69, 0x4A69, 0x4A69, 0x4A69, 0x4A69, 0x4A69, 0x4A69,
    0x0861, 0x0861, 0x630C, 0x39C7, 0x39C7, 0x39C7, 0x39C7, 0x39C7, 0x39C7, 0x39C7, 0x39C7, 0x39C7,
    0x39C7, 0x39C7, 0x39C7, 0x39C7, 0x39C7, 0x39C7, 0x39C7, 0x39C7, 0x39C7, 0x39C7, 0x39C7, 0x39C7,
    0x39C7, 0x39C7, 0x39C7, 0x39C7, 0x39C7, 0x39C7, 0x39C7, 0xF79E, 0xF79E, 0xF79E, 0x39C7, 0x39C7,
    0x39C7, 0x39C7, 0x39C7, 0x39C7, 0x39C7, 0x39C7, 0x39C7, 0x39C7, 0x39C7, 0x39C7, 0x39C7, 0x39C7,
    0x39C7, 0x39C7, 0x39C7, 0x39C7, 0x39C7, 0x39C7, 0x39C7, 0x39C7, 0x39C7, 0x39C7, 0x39C7, 0x39C7,
    0x39C7, 0x39C7, 0x39C7, 0x39C7, 0x39C7, 0x39C7, 0x39C7, 0x39C7, 0x39C7, 0x39C7, 0x630C, 0x0861,
    0x0861, 0x4A69, 0x4A69, 0x4A69, 0x4A69, 0x4A69, 0x4A69, 0x4A69, 0x4A69, 0x4A69, 0x4A69, 0x4A69,
    0x4A69, 0x4A69, 0x4A69, 0x4A69, 0x4A69, 0x4A69, 0x4A69, 0x4A69, 0xEDC0, 0xEDC0, 0xEDC0, 0xEDC0,
    0xEDC0, 0xEDC0, 0xEDC0, 0xEDC0, 0x4A69, 0x4A69, 0x4A69, 0x4A69, 0x4A69, 0x4A69, 0x4A69, 0x4A69,
    0x4A69, 0x4A69, 0x4A69, 0x4A69, 0x4A69, 0x4A69, 0x4A69, 0x4A69, 0x4A69, 0x4A69, 0x4A69, 0x4A69,
    0x0861, 0x0861, 0x630C, 0x39C7, 0x39C7, 0x39C7, 0x39C7, 0x39C7, 0x39C7, 0x39C7, 0x39C7, 0x39C7,
    0x39C7, 0x39C7, 0x39C7, 0x39C7, 0x39C7, 0x39C7, 0x39C7, 0x39C7, 0x39C7, 0x39C7, 0x39C7, 0x39C7,
    0x39C7, 0x39C7, 0x39C7, 0x39C7, 0x39C7, 0xF79E, 0xF79E, 0xF79E, 0xF79E, 0xF79E, 0x39C7, 0x39C7,
    0x39C7, 0x39C7, 0x39C7, 0x39C7, 0x39C7, 0x39C7, 0x39C7, 0x39C7, 0x39C7, 0x39C7, 0x39C7, 0x39C7,
    0x39C7, 0x39C7, 0x39C7, 0x39C7, 0x39C7, 0x39C7, 0x39C7, 0x39C7, 0x39C7, 0x39C7, 0x39C7, 0x39C7,
    0x39C7, 0x39C7, 0x39C7, 0x39C7, 0x39C7, 0x39C7, 0x39C7, 0x39C7, 0x39C7, 0x39C7, 0x630C, 0x0861,
    0x0861, 0x4A69, 0x4A69, 0x4A69, 0x4A69, 0x4A69, 0x4A69, 0x4A69, 0x4A69, 0x4A69, 0x4A69, 0x4A69,
    0x4A69, 0x4A69, 0x4A69, 0x4A69, 0x4A69, 0x4A69, 0x4A69, 0x4A69, 0xEDC0, 0xEDC0, 0xEDC0, 0xEDC0,
    0xEDC0, 0xEDC0, 0xEDC0, 0xEDC0, 0x4A69, 0x4A69, 0x4A69, 0x4A69, 0x4A69, 0x4A69, 0x4A69, 0x4A69,
    0x4A69, 0x4A69, 0x4A69, 0x4A69, 0x4A69, 0x4A69, 0x4A69, 0x4A69, 0x4A69, 0x4A69, 0x4A69, 0x4A69,
    0x0861, 0x0861, 0x630C, 0x39C7, 0x39C7, 0x39C7, 0x39C7, 0x39C7, 0x39C7, 0x39C7, 0x39C7, 0x39C7,
    0x39C7, 0x39C7, 0x39C7, 0x39C7, 0x39C7, 0x39C7, 0x39C7, 0x39C7, 0x39C7, 0x39C7, 0x39C7, 0x39C7,
    0x39C7, 0x39C7, 0x39C7, 0x39C7, 0xF79E, 0xF79E, 0xF79E, 0xF79E, 0xF79E, 0xF79E, 0x39C7, 0x39C7,
    0x39C7, 0x39C7, 0x39C7, 0x39C7, 0x39C7, 0x39C7, 0x39C7, 0x39C7, 0x39C7, 0x39C7, 0x39C7, 0x39C7,
    0x39C7, 0x39C7, 0x39C7, 0x39C7, 0x39C7, 0x39C7, 0x39C7, 0x39C7, 0x39C7, 0x39C7, 0x39C7, 0x39C7,
    0x39C7, 0x39C7, 0x39C7, 0x39C7, 0x39C7, 0x39C7, 0x39C7, 0x39C7, 0x39C7, 0x39C7, 0x630C, 0x0861,
    0x0861, 0x4A69, 0x4A69, 0x4A69, 0x4A69, 0x4A69, 0x4A69, 0x4A69, 0x4A69, 0x4A69, 0x4A69, 0x4A69,
    0x4A69, 0x4A69, 0x4A69, 0x4A69, 0x4A69, 0x4A69, 0x4A69, 0x4A69, 0xEDC0, 0xEDC0, 0xEDC0, 0xEDC0,
    0xEDC0, 0xEDC0, 0xEDC0, 0xEDC0, 0x4A69, 0x4A69, 0x4A69, 0x4A69, 0x4A69, 0x4A69, 0x4A69, 0x4A69,
    0x4A69, 0x4A69, 0x4A69, 0x4A69, 0x4A69, 0x4A69, 0x4A69, 0x4A69, 0x4A69, 0x4A69, 0x4A69, 0x4A69,
    0x0861, 0x0861, 0x630C, 0x39C7, 0x39C7, 0x39C7, 0x39C7, 0x39C7, 0x39C7, 0x39C7, 0x39C7, 0x39C7,
    0x39C7, 0x39C7, 0x39C7, 0x39C7, 0x39C7, 0x39C7, 0x39C7, 0x39C7, 0x39C7, 0x39C7, 0x39C7, 0x39C7,
    0x39C7, 0x39C7, 0x39C7, 0xF79E, 0xF79E, 0xF79E, 0xF79E, 0xF79E, 0xF79E, 0xF79E, 0x39C7, 0x39C7,
    0x39C7, 0x39C7, 0x39C7, 0x39C7, 0x39C7, 0x39C7, 0x39C7, 0x39C7, 0x39C7, 0x39C7, 0x39C7, 0x39C7,
    0x39C7, 0x39C7, 0x39C7, 0x39C7, 0x39C7, 0x39C7, 0x39C7, 0x39C7, 0x39C7, 0x39C7, 0x39C7, 0x39C7,
    0x39C7, 0x39C7, 0x39C7, 0x39C7, 0x39C7, 0x39C7, 0x39C7, 0x39C7, 0x39C7, 0x39C7, 0x630C, 0x0861,
    0x0861, 0x4A69, 0x4A69, 0x4A69, 0x4A69, 0x4A69, 0x4A69, 0x4A69, 0x4A69, 0x4A69, 0x4A69, 0x4A69,
    0x4A69, 0x4A69, 0x4A69, 0x4A69, 0x4A69, 0x4A69, 0x4A69, 0x4A69, 0xEDC0, 0xEDC0, 0xEDC0, 0xEDC0,
    0xEDC0, 0xEDC0, 0xEDC0, 0xEDC0, 0x4A69, 0x4A69, 0x4A69, 0x4A69, 0x4A69, 0x4A69, 0x4A69, 0x4A69,
    0x4A69, 0x4A69, 0x4A69, 0x4A69, 0x4A69, 0x4A69, 0x4A69, 0x4A69, 0x4A69, 0x4A69, 0x4A69, 0x4A69,
    0x0861, 0x0861, 0x630C, 0x39C7, 0x39C7, 0x39C7, 0x39C7, 0x39C7, 0x39C7, 0x39C7, 0x39C7, 0x39C7,
    0x39C7, 0x39C7, 0x39C7, 0x39C7, 0x39C7, 0x39C7, 0x39C7, 0x39C7, 0x39C7, 0x39C7, 0x39C7, 0x39C7,
    0x39C7, 0x39C7, 0xF79E, 0xF79E, 0xF79E, 0xF79E, 0xF79E, 0xF79E, 0xF79E, 0xF79E, 0xF79E, 0xF79E,
    0xF79E, 0xF79E, 0xF79E, 0xF79E, 0xF79E, 0xF79E, 0xF79E, 0xF79E, 0xF79E, 0xF79E, 0xF79E, 0xF79E,
    0xF79E, 0xF79E, 0xF79E, 0xF79E, 0x39C7, 0x39C7, 0x39C7, 0x39C7, 0x39C7, 0x39C7, 0x39C7, 0x39C7,
    0x39C7, 0x39C7, 0x39C7, 0x39C7, 0x39C7, 0x39C7, 0x39C7, 0x39C7, 0x39C7, 0x39C7, 0x630C, 0x0861,
    0x0861, 0x4A69, 0x4A69, 0x4A69, 0x4A69, 0x4A69, 0x4A69, 0x4A69, 0x4A69, 0x4A69, 0x4A69, 0x4A69,
    0x4A69, 0x4A69, 0x4A69, 0x4A69, 0x4A69, 0x4A69, 0x4A69, 0x4A69, 0xEDC0, 0xEDC0, 0xEDC0, 0xEDC0,
    0xEDC0, 0xEDC0, 0xEDC0, 0xEDC0, 0x4A69, 0x4A69, 0x4A69, 0x4A69, 0x4A69, 0x4A69, 0x4A69, 0x4A69,
    0x4A69, 0x4A69, 0x4A69, 0x4A69, 0x4A69, 0x4A69, 0x4A69, 0x4A69, 0x4A69, 0x4A69, 0x4A69, 0x4A69,
    0x0861, 0x0861, 0x630C, 0x39C7, 0x39C7, 0x39C7, 0x39C7, 0x39C7, 0x39C7, 0x39C7, 0x39C7, 0x39C7,
    0x39C7, 0x39C7, 0x39C7, 0x39C7, 0x39C7, 0x39C7, 0x39C7, 0x39C7, 0x39C7, 0x39C7, 0x39C7, 0x39C7,
    0x39C7, 0xF79E, 0xF79E, 0xF79E, 0xF79E, 0xF79E, 0xF79E, 0xF79E, 0xF79E, 0xF79E, 0xF79E, 0xF79E,
    0xF79E, 0xF79E, 0xF79E, 0xF79E, 0xF79E, 0xF79E, 0xF79E, 0xF79E, 0xF79E, 0xF79E, 0xF79E, 0xF79E,
    0xF79E, 0xF79E, 0xF79E, 0xF79E, 0x39C7, 0x39C7, 0x39C7, 0x39C7, 0x39C7, 0x39C7, 0x39C7, 0x39C7,
    0x39C7, 0x39C7, 0x39C7, 0x39C7, 0x39C7, 0x39C7, 0x39C7, 0x39C7, 0x39C7, 0x39C7, 0x630C, 0x0861,
    0x0861, 0x4A69, 0x4A69, 0x4A69, 0x4A69, 0x4A69, 0x4A69, 0x4A69, 0x4A69, 0x4A69, 0x4A69, 0x4A69,
    0x4A69, 0x4A69, 0x4A69, 0x4A69, 0x4A69, 0x4A69, 0x4A69, 0x4A69, 0xEDC0, 0xEDC0, 0xEDC0, 0xEDC0,
    0xEDC0, 0xEDC0, 0xEDC0, 0xEDC0, 0x4A69, 0x4A69, 0x4A69, 0x4A69, 0x4A69, 0x4A69, 0x4A69, 0x4A69,
    0x4A69, 0x4A69, 0x4A69, 0x4A69, 0x4A69, 0x4A69, 0x4A69, 0x4A69, 0x4A69, 0x4A69, 0x4A69, 0x4A69,
    0x0861, 0x0861, 0x630C, 0x39C7, 0x39C7, 0x39C7, 0x39C7, 0x39C7, 0x39C7, 0x39C7, 0x39C7, 0x39C7,
    0x39C7, 0x39C7, 0x39C7, 0x39C7, 0x39C7, 0x39C7, 0x39C7, 0x39C7, 0x39C7, 0x39C7, 0x39C7, 0xF79E,
    0xF79E, 0xF79E, 0xF79E, 0xF79E, 0xF79E, 0xF79E, 0xF79E, 0xF79E, 0xF79E, 0xF79E, 0xF79E, 0xF79E,
    0xF79E, 0xF79E, 0xF79E, 0xF79E, 0xF79E, 0xF79E, 0xF79E, 0xF79E, 0xF79E, 0xF79E, 0xF79E, 0xF79E,
    0xF79E, 0xF79E, 0xF79E, 0xF79E, 0x39C7, 0x39C7, 0x39C7, 0x39C7, 0x39C7, 0x39C7, 0x39C7, 0x39C7,
    0x39C7, 0x39C7, 0x39C7, 0x39C7, 0x39C7, 0x39C7, 0x39C7, 0x39C7, 0x39C7, 0x39C7, 0x630C, 0x0861,
    0x0861, 0x4A69, 0x4A69, 0x4A69, 0x4A69, 0x4A69, 0x4A69, 0x4A69, 0x4A69, 0x4A69, 0x4A69, 0x4A69,
    0x4A69, 0x4A69, 0x4A69, 0x4A69, 0x4A69, 0x4A69, 0x4A69, 0x4A69, 0xEDC0, 0xEDC0, 0xEDC0, 0xEDC0,
    0xEDC0, 0xEDC0, 0xEDC0, 0xEDC0, 0x4A69, 0x4A69, 0x4A69, 0x4A69, 0x4A69, 0x4A69, 0x4A69, 0x4A69,
    0x4A69, 0x4A69, 0x4A69, 0x4A69, 0x4A69, 0x4A69, 0x4A69, 0x4A69, 0x4A69, 0x4A69, 0x4A69, 0x4A69,
    0x0861, 0x0861, 0x630C, 0x39C7, 0x39C7, 0x39C7, 0x39C7, 0x39C7, 0x39C7, 0x39C7, 0x39C7, 0x39C7,
    0x39C7, 0x39C7, 0x39C7, 0x39C7, 0x39C7, 0x39C7, 0x39C7, 0x39C7, 0x39C7, 0x39C7, 0xF79E, 0xF79E,
    0xF79E, 0xF79E, 0xF79E, 0xF79E, 0xF79E, 0xF79E, 0xF79E, 0xF79E, 0xF79E, 0xF79E, 0xF79E, 0xF79E,
    0xF79E, 0xF79E, 0xF79E, 0xF79E, 0xF79E, 0xF79E, 0xF79E, 0xF79E, 0xF79E, 0xF79E, 0xF79E, 0xF79E,
    0xF79E, 0xF79E, 0xF79E, 0xF79E, 0x39C7, 0x39C7, 0x39C7, 0x39C7, 0x39C7, 0x39C7, 0x39C7, 0x39C7,
    0x39C7, 0x39C7, 0x39C7, 0x39C7, 0x39C7, 0x39C7, 0x39C7, 0x39C7, 0x39C7, 0x39C7, 0x630C, 0x0861,
    0x0861, 0x4A69, 0x4A69, 0x4A69, 0x4A69, 0x4A69, 0x4A69, 0x4A69, 0x4A69, 0x4A69, 0x4A69, 0x4A69,
    0x4A69, 0x4A69, 0x4A69, 0x4A69, 0x4A69, 0x4A69, 0x4A69, 0x4A69, 0xEDC0, 0xEDC0, 0xEDC0, 0xEDC0,
    0xEDC0, 0xEDC0, 0xEDC0, 0xEDC0, 0x4A69, 0x4A69, 0x4A69, 0x4A69, 0x4A69, 0x4A69, 0x4A69, 0x4A69,
    0x4A69, 0x4A69, 0x4A69, 0x4A69, 0x4A69, 0x4A69, 0x4A69, 0x4A69, 0x4A69, 0x4A69, 0x4A69, 0x4A69,
    0x0861, 0x0861, 0x630C, 0x39C7, 0x39C7, 0x39C7, 0x39C7, 0x39C7, 0x39C7, 0x39C7, 0x39C7, 0x39C7,
    0x39C7, 0x39C7, 0x39C7, 0x39C7, 0x39C7, 0x39C7, 0x39C7, 0x39C7, 0x39C7, 0xF79E, 0xF79E, 0xF79E,
    0xF79E, 0xF79E, 0xF79E, 0xF79E, 0xF79E, 0xF79E, 0xF79E, 0xF79E, 0xF79E, 0xF79E, 0xF79E, 0xF79E,
    0xF79E, 0xF79E, 0xF79E, 0xF79E, 0xF79E, 0xF79E, 0xF79E, 0xF79E, 0xF79E, 0xF79E, 0xF79E, 0xF79E,
    0xF79E, 0xF79E, 0xF79E, 0xF79E, 0x39C7, 0x39C7, 0x39C7, 0x39C7, 0x39C7, 0x39C7, 0x39C7, 0x39C7,
    0x39C7, 0x39C7, 0x39C7, 0x39C7, 0x39C7, 0x39C7, 0x39C7, 0x39C7, 0x39C7, 0x39C7, 0x630C, 0x0861,
    0x0861, 0x4A69, 0x4A69, 0x4A69, 0x4A69, 0x4A69, 0x4A69, 0x4A69, 0x4A69, 0x4A69, 0x4A69, 0x4A69,
    0x4A69, 0x4A69, 0x4A69, 0x4A69, 0x4A69, 0x4A69, 0x4A69, 0x4A69, 0xEDC0, 0xEDC0, 0xEDC0, 0xEDC0,
    0xEDC0, 0xEDC0, 0xEDC0, 0xEDC0, 0x4A69, 0x4A69, 0x4A69, 0x4A69, 0x4A69, 0x4A69, 0x4A69, 0x4A69,
    0x4A69, 0x4A69, 0x4A69, 0x4A69, 0x4A69, 0x4A69, 0x4A69, 0x4A69, 0x4A69, 0x4A69, 0x4A69, 0x4A69,
    0x0861, 0x0861, 0x630C, 0x39C7, 0x39C7, 0x39C7, 0x39C7, 0x39C7, 0x39C7, 0x39C7, 0x39C7, 0x39C7,
    0x39C7, 0x39C7, 0x39C7, 0x39C7, 0x39C7, 0x39C7, 0x39C7, 0x39C7, 0x39C7, 0x39C7, 0xF79E, 0xF79E,
    0xF79E, 0xF79E, 0xF79E, 0xF79E, 0xF79E, 0xF79E, 0xF79E, 0xF79E, 0xF79E, 0xF79E, 0xF79E, 0xF79E,
    0xF79E, 0xF79E, 0xF79E, 0xF79E, 0xF79E, 0xF79E, 0xF79E, 0xF79E, 0xF79E, 0xF79E, 0xF79E, 0xF79E,
    0xF79E, 0xF79E, 0xF79E, 0xF79E, 0x39C7, 0x39C7, 0x39C7, 0x39C7, 0x39C7, 0x39C7, 0x39C7, 0x39C7,
    0x39C7, 0x39C7, 0x39C7, 0x39C7, 0x39C7, 0x39C7, 0x39C7, 0x39C7, 0x39C7, 0x39C7, 0x630C, 0x0861,
    0x0861, 0x4A69, 0x4A69, 0x4A69, 0x4A69, 0x4A69, 0x4A69, 0x4A69, 0x4A69, 0x4A69, 0x4A69, 0x4A69,
    0x4A69, 0x4A69, 0x4A69, 0x4A69, 0x4A69, 0x4A69, 0x4A69, 0x4A69, 0xEDC0, 0xEDC0, 0xEDC0, 0xEDC0,
    0xEDC0, 0xEDC0, 0xEDC0, 0xEDC0, 0x4A69, 0x4A69, 0x4A69, 0x4A69, 0x4A69, 0x4A69, 0x4A69, 0x4A69,
    0x4A69, 0x4A69, 0x4A69, 0x4A69, 0x4A69, 0x4A69, 0x4A69, 0x4A69, 0x4A69, 0x4A69, 0x4A69, 0x4A69,
    0x0861, 0x0861, 0x630C, 0x39C7, 0x39C7, 0x39C7, 0x39C7, 0x39C7, 0x39C7, 0x39C7, 0x39C7, 0x39C7,
    0x39C7, 0x39C7, 0x39C7, 0x39C7, 0x39C7, 0x39C7, 0x39C7, 0x39C7, 0x39C7, 0x39C7, 0x39C7, 0xF79E,
    0xF79E, 0xF79E, 0xF79E, 0xF79E, 0xF79E, 0xF79E, 0xF79E, 0xF79E, 0xF79E, 0xF79E, 0xF79E, 0xF79E,
    0xF79E, 0xF79E, 0xF79E, 0xF79E, 0xF79E, 0xF79E, 0xF79E, 0xF79E, 0xF79E, 0xF79E, 0xF79E, 0xF79E,
    0xF79E, 0xF79E, 0xF79E, 0xF79E, 0x39C7, 0x39C7, 0x39C7, 0x39C7, 0x39C7, 0x39C7, 0x39C7, 0x39C7,
    0x39C7, 0x39C7, 0x39C7, 0x39C7, 0x39C7, 0x39C7, 0x39C7, 0x39C7, 0x39C7, 0x39C7, 0x630C, 0x0861,
    0x0861, 0x4A69, 0x4A69, 0x4A69, 0x4A69, 0x4A69, 0x4A69, 0x4A69, 0x4A69, 0x4A69, 0x4A69, 0x4A69,
    0x4A69, 0x4A69, 0x4A69, 0x4A69, 0x4A69, 0x4A69, 0x4A69, 0x4A69, 0xEDC0, 0xEDC0, 0xEDC0, 0xEDC0,
    0xEDC0, 0xEDC0, 0xEDC0, 0xEDC0, 0x4A69, 0x4A69, 0x4A69, 0x4A69, 0x4A69, 0x4A69, 0x4A69, 0x4A69,
    0x4A69, 0x4A69, 0x4A69, 0x4A69, 0x4A69, 0x4A69, 0x4A69, 0x4A69, 0x4A69, 0x4A69, 0x4A69, 0x4A69,
    0x0861, 0x0861, 0x630C, 0x39C7, 0x39C7, 0x39C7, 0x39C7, 0x39C7, 0x39C7, 0x39C7, 0x39C7, 0x39C7,
    0x39C7, 0x39C7, 0x39C7, 0x39C7, 0x39C7, 0x39C7, 0x39C7, 0x39C7, 0x39C7, 0x39C7, 0x39C7, 0x39C7,
    0x39C7, 0xF79E, 0xF79E, 0xF79E, 0xF79E, 0xF79E, 0xF79E, 0xF79E, 0xF79E, 0xF79E, 0xF79E, 0xF79E,
    0xF79E, 0xF79E, 0xF79E, 0xF79E, 0xF79E, 0xF79E, 0xF79E, 0xF79E, 0xF79E, 0xF79E, 0xF79E, 0xF79E,
    0xF79E, 0xF79E, 0xF79E, 0xF79E, 0x39C7, 0x39C7, 0x39C7, 0x39C7, 0x39C7, 0x39C7, 0x39C7, 0x39C7,
    0x39C7, 0x39C7, 0x39C7, 0x39C7, 0x39C7, 0x39C7, 0x39C7, 0x39C7, 0x39C7, 0x39C7, 0x630C, 0x0861,
    0x0861, 0x4A69, 0x4A69, 0x4A69, 0x4A69, 0x4A69, 0x4A69, 0x4A69, 0x4A69, 0x4A69, 0x4A69, 0x4A69,
    0x4A69, 0x4A69, 0x4A69, 0x4A69, 0x4A69, 0x4A69, 0x4A69, 0x4A69, 0xEDC0, 0xEDC0, 0xEDC0, 0xEDC0,
    0xEDC0, 0xEDC0, 0xEDC0, 0xEDC0, 0x4A69, 0x4A69, 0x4A69, 0x4A69, 0x4A69, 0x4A69, 0x4A69, 0x4A69,
    0x4A69, 0x4A69, 0x4A69, 0x4A69, 0x4A69, 0x4A69, 0x4A69, 0x4A69, 0x4A69, 0x4A69, 0x4A69, 0x4A69,
    0x0861, 0x0861, 0x630C, 0x39C7, 0x39C7, 0x39C7, 0x39C7, 0x39C7, 0x39C7, 0x39C7, 0x39C7, 0x39C7,
    0x39C7, 0x39C7, 0x39C7, 0x39C7, 0x39C7, 0x39C7, 0x39C7, 0x39C7, 0x39C7, 0x39C7, 0x39C7, 0x39C7,
    0x39C7, 0x39C7, 0xF79E, 0xF79E, 0xF79E, 0xF79E, 0xF79E, 0xF79E, 0xF79E, 0xF79E, 0xF79E, 0xF79E,
    0xF79E, 0xF79E, 0xF79E, 0xF79E, 0xF79E, 0xF79E, 0xF79E, 0xF79E, 0xF79E, 0xF79E, 0xF79E, 0xF79E,
    0xF79E, 0xF79E, 0xF79E, 0xF79E, 0x39C7, 0x39C7, 0x39C7, 0x39C7, 0x39C7, 0x39C7, 0x39C7, 0x39C7,
    0x39C7, 0x39C7, 0x39C7, 0x39C7, 0x39C7, 0x39C7, 0x39C7, 0x39C7, 0x39C7, 0x39C7, 0x630C, 0x0861,
    0x0861, 0x4A69, 0x4A69, 0x4A69, 0x4A69, 0x4A69, 0x4A69, 0x4A69, 0x4A69, 0x4A69, 0x4A69, 0x4A69,
    0x4A69, 0x4A69, 0x4A69, 0x4A69, 0x4A69, 0x4A69, 0x4A69, 0x4A69, 0xEDC0, 0xEDC0, 0xEDC0, 0xEDC0,
    0xEDC0, 0xEDC0, 0xEDC0, 0xEDC0, 0x4A69, 0x4A69, 0x4A69, 0x4A69, 0x4A69, 0x4A69, 0x4A69, 0x4A69,
    0x4A69, 0x4A69, 0x4A69, 0x4A69, 0x4A69, 0x4A69, 0x4A69, 0x4A69, 0x4A69, 0x4A69, 0x4A69, 0x4A69,
    0x0861, 0x0861, 0x630C, 0x39C7, 0x39C7, 0x39C7, 0x39C7, 0x39C7, 0x39C7, 0x39C7, 0x39C7, 0x39C7,
    0x39C7, 0x39C7, 0x39C7, 0x39C7, 0x39C7, 0x39C7, 0x39C7, 0x39C7, 0x39C7, 0x39C7, 0x39C7, 0x39C7,
    0x39C7, 0x39C7, 0x39C7, 0xF79E, 0xF79E, 0xF79E, 0xF79E, 0xF79E, 0xF79E, 0xF79E, 0x39C7, 0x39C7,
    0x39C7, 0x39C7, 0x39C7, 0x39C7, 0x39C7, 0x39C7, 0x39C7, 0x39C7, 0x39C7, 0x39C7, 0x39C7, 0x39C7,
    0x39C7, 0x39C7, 0x39C7, 0x39C7, 0x39C7, 0x39C7, 0x39C7, 0x39C7, 0x39C7, 0x39C7, 0x39C7, 0x39C7,
    0x39C7, 0x39C7, 0x39C7, 0x39C7, 0x39C7, 0x39C7, 0x39C7, 0x39C7, 0x39C7, 0x39C7, 0x630C, 0x0861,
    0x0861, 0x4A69, 0x4A69, 0x4A69, 0x4A69, 0x4A69, 0x4A69, 0x4A69, 0x4A69, 0x4A69, 0x4A69, 0x4A69,
    0x4A69, 0x4A69, 0x4A69, 0x4A69, 0x4A69, 0x4A69, 0x4A69, 0x4A69, 0xEDC0, 0xEDC0, 0xEDC0, 0xEDC0,
    0xEDC0, 0xEDC0, 0xEDC0, 0xEDC0, 0x4A69, 0x4A69, 0x4A69, 0x4A69, 0x4A69, 0x4A69, 0x4A69, 0x4A69,
    0x4A69, 0x4A69, 0x4A69, 0x4A69, 0x4A69, 0x4A69, 0x4A69, 0x4A69, 0x4A69, 0x4A69, 0x4A69, 0x4A69,
    0x0861, 0x0861, 0x630C, 0x39C7, 0x39C7, 0x39C7, 0x39C7, 0x39C7, 0x39C7, 0x39C7, 0x39C7, 0x39C7,
    0x39C7, 0x39C7, 0x39C7, 0x39C7, 0x39C7, 0x39C7, 0x39C7, 0x39C7, 0x39C7, 0x39C7, 0x39C7, 0x39C7,
    0x39C7, 0x39C7, 0x39C7, 0x39C7, 0xF79E, 0xF79E, 0xF79E, 0xF79E, 0xF79E, 0xF79E, 0x39C7, 0x39C7,
    0x39C7, 0x39C7, 0x39C7, 0x39C7, 0x39C7, 0x39C7, 0x39C7, 0x39C7, 0x39C7, 0x39C7, 0x39C7, 0x39C7,
    0x39C7, 0x39C7, 0x39C7, 0x39C7, 0x39C7, 0x39C7, 0x39C7, 0x39C7, 0x39C7, 0x39C7, 0x39C7, 0x39C7,
    0x39C7, 0x39C7, 0x39C7, 0x39C7, 0x39C7, 0x39C7, 0x39C7, 0x39C7, 0x39C7, 0x39C7, 0x630C, 0x0861,
    0x0861, 0x4A69, 0x4A69, 0x4A69, 0x4A69, 0x4A69, 0x4A69, 0x4A69, 0x4A69, 0x4A69, 0x4A69, 0x4A69,
    0x4A69, 0x4A69, 0x4A69, 0x4A69, 0x4A69, 0x4A69, 0x4A69, 0x4A69, 0xEDC0, 0xEDC0, 0xEDC0, 0xEDC0,
    0xEDC0, 0xEDC0, 0xEDC0, 0xEDC0, 0x4A69, 0x4A69, 0x4A69, 0x4A69, 0x4A69, 0x4A69, 0x4A69, 0x4A69,
    0x4A69, 0x4A69, 0x4A69, 0x4A69, 0x4A69, 0x4A69, 0x4A69, 0x4A69, 0x4A69, 0x4A69, 0x4A69, 0x4A69,
    0x0861, 0x0861, 0x630C, 0x39C7, 0x39C7, 0x39C7, 0x39C7, 0x39C7, 0x39C7, 0x39C7, 0x39C7, 0x39C7,
    0x39C7, 0x39C7, 0x39C7, 0x39C7, 0x39C7, 0x39C7, 0x39C7, 0x39C7, 0x39C7, 0x39C7, 0x39C7, 0x39C7,
    0x39C7, 0x39C7, 0x39C7, 0x39C7, 0x39C7, 0xF79E, 0xF79E, 0xF79E, 0xF79E, 0xF79E, 0x39C7, 0x39C7,
    0x39C7, 0x39C7, 0x39C7, 0x39C7, 0x39C7, 0x39C7, 0x39C7, 0x39C7, 0x39C7, 0x39C7, 0x39C7, 0x39C7,
    0x39C7, 0x39C7, 0x39C7, 0x39C7, 0x39C7, 0x39C7, 0x39C7, 0x39C7, 0x39C7, 0x39C7, 0x39C7, 0x39C7,
    0x39C7, 0x39C7, 0x39C7, 0x39C7, 0x39C7, 0x39C7, 0x39C7, 0x39C7, 0x39C7, 0x39C7, 0x630C, 0x0861,
    0x0861, 0x4A69, 0x4A69, 0x4A69, 0x4A69, 0x4A69, 0x4A69, 0x4A69, 0x4A69, 0x4A69, 0x4A69, 0x4A69,
    0x4A69, 0x4A69, 0x4A69, 0x4A69, 0x4A69, 0x4A69, 0x4A69, 0x4A69, 0xEDC0, 0xEDC0, 0xEDC0, 0xEDC0,
    0xEDC0, 0xEDC0, 0xEDC0, 0xEDC0, 0x4A69, 0x4A69, 0x4A69, 0x4A69, 0x4A69, 0x4A69, 0x4A69, 0x4A69,
    0x4A69, 0x4A69, 0x4A69, 0x4A69, 0x4A69, 0x4A69, 0x4A69, 0x4A69, 0x4A69, 0x4A69, 0x4A69, 0x4A69,
    0x0861, 0x0861, 0x630C, 0x39C7, 0x39C7, 0x39C7, 0x39C7, 0x39C7, 0x39C7, 0x39C7, 0x39C7, 0x39C7,
    0x39C7, 0x39C7, 0x39C7, 0x39C7, 0x39C7, 0x39C7, 0x39C7, 0x39C7, 0x39C7, 0x39C7, 0x39C7, 0x39C7,
    0x39C7, 0x39C7, 0x39C7, 0x39C7, 0x39C7, 0x39C7, 0x39C7, 0xF79E, 0xF79E, 0xF79E, 0x39C7, 0x39C7,
    0x39C7, 0x39C7, 0x39C7, 0x39C7, 0x39C7, 0x39C7, 0x39C7, 0x39C7, 0x39C7, 0x39C7, 0x39C7, 0x39C7,
    0x39C7, 0x39C7, 0x39C7, 0x39C7, 0x39C7, 0x39C7, 0x39C7, 0x39C7, 0x39C7, 0x39C7, 0x39C7, 0x39C7,
    0x39C7, 0x39C7, 0x39C7, 0x39C7, 0x39C7, 0x39C7, 0x39C7, 0x39C7, 0x39C7, 0x39C7, 0x630C, 0x0861,
    0x0861, 0x4A69, 0x4A69, 0x4A69, 0x4A69, 0x4A69, 0x4A69, 0x4A69, 0x4A69, 0x4A69, 0x4A69, 0x4A69,
    0x4A69, 0x4A69, 0x4A69, 0x4A69, 0x4A69, 0x4A69, 0x4A69, 0x4A69, 0xEDC0, 0xEDC0, 0xEDC0, 0xEDC0,
    0xEDC0, 0xEDC0, 0xEDC0, 0xEDC0, 0x4A69, 0x4A69, 0x4A69, 0x4A69, 0x4A69, 0x4A69, 0x4A69, 0x4A69,
    0x4A69, 0x4A69, 0x4A69, 0x4A69, 0x4A69, 0x4A69, 0x4A69, 0x4A69, 0x4A69, 0x4A69, 0x4A69, 0x4A69,
    0x0861, 0x0861, 0x630C, 0x39C7, 0x39C7, 0x39C7, 0x39C7, 0x39C7, 0x39C7, 0x39C7, 0x39C7, 0x39C7,
    0x39C7, 0x39C7, 0x39C7, 0x39C7, 0x39C7, 0x39C7, 0x39C7, 0x39C7, 0x39C7, 0x39C7, 0x39C7, 0x39C7,
    0x39C7, 0x39C7, 0x39C7, 0x39C7, 0x39C7, 0x39C7, 0x39C7, 0x39C7, 0xF79E, 0xF79E, 0x39C7, 0x39C7,
    0x39C7, 0x39C7, 0x39C7, 0x39C7, 0x39C7, 0x39C7, 0x39C7, 0x39C7, 0x39C7, 0x39C7, 0x39C7, 0x39C7,
    0x39C7, 0x39C7, 0x39C7, 0x39C7, 0x39C7, 0x39C7, 0x39C7, 0x39C7, 0x39C7, 0x39C7, 0x39C7, 0x39C7,
    0x39C7, 0x39C7, 0x39C7, 0x39C7, 0x39C7, 0x39C7, 0x39C7, 0x39C7, 0x39C7, 0x39C7, 0x630C, 0x0861,
    0x0861, 0x4A69, 0x4A69, 0x4A69, 0x4A69, 0x4A69, 0x4A69, 0x4A69, 0x4A69, 0x4A69, 0x4A69, 0x4A69,
    0x4A69, 0x4A69, 0x4A69, 0x4A69, 0x4A69, 0x4A69, 0x4A69, 0x4A69, 0xEDC0, 0xEDC0, 0xEDC0, 0xEDC0,
    0xEDC0, 0xEDC0, 0xEDC0, 0xEDC0, 0x4A69, 0x4A69, 0x4A69, 0x4A69, 0x4A69, 0x4A69, 0x4A69, 0x4A69,
    0x4A69, 0x4A69, 0x4A69, 0x4A69, 0x4A69, 0x4A69, 0x4A69, 0x4A69, 0x4A69, 0x4A69, 0x4A69, 0x4A69,
    0x0861, 0x0861, 0x630C, 0x39C7, 0x39C7, 0x39C7, 0x39C7, 0x39C7, 0x39C7, 0x39C7, 0x39C7, 0x39C7,
    0x39C7, 0x39C7, 0x39C7, 0x39C7, 0x39C7, 0x39C7, 0x39C7, 0x39C7, 0x39C7, 0x39C7, 0x39C7, 0x39C7,
    0x39C7, 0x39C7, 0x39C7, 0x39C7, 0x39C7, 0x39C7, 0x39C7, 0x39C7, 0x39C7, 0xF79E, 0x39C7, 0x39C7,
    0x39C7, 0x39C7, 0x39C7, 0x39C7, 0x39C7, 0x39C7, 0x39C7, 0x39C7, 0x39C7, 0x39C7, 0x39C7, 0x39C7,
    0x39C7, 0x39C7, 0x39C7, 0x39C7, 0x39C7, 0x39C7, 0x39C7, 0x39C7, 0x39C7, 0x39C7, 0x39C7, 0x39C7,
    0x39C7, 0x39C7, 0x39C7, 0x39C7, 0x39C7, 0x39C7, 0x39C7, 0x39C7, 0x39C7, 0x39C7, 0x630C, 0x0861,
    0x0861, 0x4A69, 0x4A69, 0x4A69, 0x4A69, 0x4A69, 0x4A69, 0x4A69, 0x4A69, 0x4A69, 0x4A69, 0x4A69,
    0x4A69, 0x4A69, 0x4A69, 0x4A69, 0x4A69, 0x4A69, 0x4A69, 0x4A69, 0xEDC0, 0xEDC0, 0xEDC0, 0xEDC0,
    0xEDC0, 0xEDC0, 0xEDC0, 0xEDC0, 0x4A69, 0x4A69, 0x4A69, 0x4A69, 0x4A69, 0x4A69, 0x4A69, 0x4A69,
    0x4A69, 0x4A69, 0x4A69, 0x4A69, 0x4A69, 0x4A69, 0x4A69, 0x4A69, 0x4A69, 0x4A69, 0x4A69, 0x4A69,
    0x0861, 0x0861, 0x630C, 0x39C7, 0x39C7, 0x39C7, 0x39C7, 0x39C7, 0x39C7, 0x39C7, 0x39C7, 0x39C7,
    0x39C7, 0x39C7, 0x39C7, 0x39C7, 0x39C7, 0x39C7, 0x39C7, 0x39C7, 0x39C7, 0x39C7, 0x39C7, 0x39C7,
    0x39C7, 0x39C7, 0x39C7, 0x39C7, 0x39C7, 0x39C7, 0x39C7, 0x39C7, 0x39C7, 0x39C7, 0x39C7, 0x39C7,
    0x39C7, 0x39C7, 0x39C7, 0x39C7, 0x39C7, 0x39C7, 0x39C7, 0x39C7, 0x39C7, 0x39C7, 0x39C7, 0x39C7,
    0x39C7, 0x39C7, 0x39C7, 0x39C7, 0x39C7, 0x39C7, 0x39C7, 0x39C7, 0x39C7, 0x39C7, 0x39C7, 0x39C7,
    0x39C7, 0x39C7, 0x39C7, 0x39C7, 0x39C7, 0x39C7, 0x39C7, 0x39C7, 0x39C7, 0x39C7, 0x630C, 0x0861,
    0x0861, 0x4A69, 0x4A69, 0x4A69, 0x4A69, 0x4A69, 0x4A69, 0x4A69, 0x4A69, 0x4A69, 0x4A69, 0x4A69,
    0x4A69, 0x4A69, 0x4A69, 0x4A69, 0x4A69, 0x4A69, 0x4A69, 0x4A69, 0xEDC0, 0xEDC0, 0xEDC0, 0xEDC0,
    0xEDC0, 0xEDC0, 0xEDC0, 0xEDC0, 0x4A69, 0x4A69, 0x4A69, 0x4A69, 0x4A69, 0x4A69, 0x4A69, 0x4A69,
    0x4A69, 0x4A69, 0x4A69, 0x4A69, 0x4A69, 0x4A69, 0x4A69, 0x4A69, 0x4A69, 0x4A69, 0x4A69, 0x4A69,
    0x0861, 0x0861, 0x630C, 0x39C7, 0x39C7, 0x39C7, 0x39C7, 0x39C7, 0x39C7, 0x39C7, 0x39C7, 0x39C7,
    0x39C7, 0x39C7, 0x39C7, 0x39C7, 0x39C7, 0x39C7, 0x39C7, 0x39C7, 0x39C7, 0x39C7, 0x39C7, 0x39C7,
    0x39C7, 0x39C7, 0x39C7, 0x39C7, 0x39C7, 0x39C7, 0x39C7, 0x39C7, 0x39C7, 0x39C7, 0x39C7, 0x39C7,
    0x39C7, 0x39C7, 0x39C7, 0x39C7, 0x39C7, 0x39C7, 0x39C7, 0x39C7, 0x39C7, 0x39C7, 0x39C7, 0x39C7,
    0x39C7, 0x39C7, 0x39C7, 0x39C7, 0x39C7, 0x39C7, 0x39C7, 0x39C7, 0x39C7, 0x39C7, 0x39C7, 0x39C7,
    0x39C7, 0x39C7, 0x39C7, 0x39C7, 0x39C7, 0x39C7, 0x39C7, 0x39C7, 0x39C7, 0x39C7, 0x630C, 0x0861,
    0x0861, 0x4A69, 0x4A69, 0x4A69, 0x4A69, 0x4A69, 0x4A69, 0x4A69, 0x4A69, 0x4A69, 0x4A69, 0x4A69,
    0x4A69, 0x4A69, 0x4A69, 0x4A69, 0x4A69, 0x4A69, 0x4A69, 0x4A69, 0xEDC0, 0xEDC0, 0xEDC0, 0xEDC0,
    0xEDC0, 0xEDC0, 0xEDC0, 0xEDC0, 0x4A69, 0x4A69, 0x4A69, 0x4A69, 0x4A69, 0x4A69, 0x4A69, 0x4A69,
    0x4A69, 0x4A69, 0x4A69, 0x4A69, 0x4A69, 0x4A69, 0x4A69, 0x4A69, 0x4A69, 0x4A69, 0x4A69, 0x4A69,
    0x0861, 0x0861, 0x630C, 0x39C7, 0x39C7, 0x39C7, 0x39C7, 0x39C7, 0x39C7, 0x39C7, 0x39C7, 0x39C7,
    0x39C7, 0x39C7, 0x39C7, 0x39C7, 0x39C7, 0x39C7, 0x39C7, 0x39C7, 0x39C7, 0x39C7, 0x39C7, 0x39C7,
    0x39C7, 0x39C7, 0x39C7, 0x39C7, 0x39C7, 0x39C7, 0x39C7, 0x39C7, 0x39C7, 0x39C7, 0x39C7, 0x39C7,
    0x39C7, 0x39C7, 0x39C7, 0x39C7, 0x39C7, 0x39C7, 0x39C7, 0x39C7, 0x39C7, 0x39C7, 0x39C7, 0x39C7,
    0x39C7, 0x39C7, 0x39C7, 0x39C7, 0x39C7, 0x39C7, 0x39C7, 0x39C7, 0x39C7, 0x39C7, 0x39C7, 0x39C7,
    0x39C7, 0x39C7, 0x39C7, 0x39C7, 0x39C7, 0x39C7, 0x39C7, 0x39C7, 0x39C7, 0x39C7, 0x630C, 0x0861,
    0x0861, 0x4A69, 0x4A69, 0x4A69, 0x4A69, 0x4A69, 0x4A69, 0x4A69, 0x4A69, 0x4A69, 0x4A69, 0x4A69,
    0x4A69, 0x4A69, 0x4A69, 0x4A69, 0x4A69, 0x4A69, 0x4A69, 0x4A69, 0xEDC0, 0xEDC0, 0xEDC0, 0xEDC0,
    0xEDC0, 0xEDC0, 0xEDC0, 0xEDC0, 0x4A69, 0x4A69, 0x4A69, 0x4A69, 0x4A69, 0x4A69, 0x4A69, 0x4A69,
    0x4A69, 0x4A69, 0x4A69, 0x4A69, 0x4A69, 0x4A69, 0x4A69, 0x4A69, 0x4A69, 0x4A69, 0x4A69, 0x4A69,
    0x0861, 0x0861, 0x630C, 0x39C7, 0x39C7, 0x39C7, 0x39C7, 0x39C7, 0x39C7, 0x39C7, 0x39C7, 0x39C7,
    0x39C7, 0x39C7, 0x39C7, 0x39C7, 0x39C7, 0x39C7, 0x39C7, 0x39C7, 0x39C7, 0x39C7, 0x39C7, 0x39C7,
    0x39C7, 0x39C7, 0x39C7, 0x39C7, 0x39C7, 0x39C7, 0x39C7, 0x39C7, 0x39C7, 0x39C7, 0x39C7, 0x39C7,
    0x39C7, 0x39C7, 0x39C7, 0x39C7, 0x39C7, 0x39C7, 0x39C7, 0x39C7, 0x39C7, 0x39C7, 0x39C7, 0x39C7,
    0x39C7, 0x39C7, 0x39C7, 0x39C7, 0x39C7, 0x39C7, 0x39C7, 0x39C7, 0x39C7, 0x39C7, 0x39C7, 0x39C7,
    0x39C7, 0x39C7, 0x39C7, 0x39C7, 0x39C7, 0x39C7, 0x39C7, 0x39C7, 0x39C7, 0x39C7, 0x630C, 0x0861,
    0x0861, 0x4A69, 0x4A69, 0x4A69, 0x4A69, 0x4A69, 0x4A69, 0x4A69, 0x4A69, 0x4A69, 0x4A69, 0x4A69,
    0x4A69, 0x4A69, 0x4A69, 0x4A69, 0x4A69, 0x4A69, 0x4A69, 0x4A69, 0xEDC0, 0xEDC0, 0xEDC0, 0xEDC0,
    0xEDC0, 0xEDC0, 0xEDC0, 0xEDC0, 0x4A69, 0x4A69, 0x4A69, 0x4A69, 0x4A69, 0x4A69, 0x4A69, 0x4A69,
    0x4A69, 0x4A69, 0x4A69, 0x4A69, 0x4A69, 0x4A69, 0x4A69, 0x4A69, 0x4A69, 0x4A69, 0x4A69, 0x4A69,
    0x0861, 0x0861, 0x630C, 0x39C7, 0x39C7, 0x39C7, 0x39C7, 0x39C7, 0x39C7, 0x39C7, 0x39C7, 0x39C7,
    0x39C7, 0x39C7, 0x39C7, 0x39C7, 0x39C7, 0x39C7, 0x39C7, 0x39C7, 0x39C7, 0x39C7, 0x39C7, 0x39C7,
    0x39C7, 0x39C7, 0x39C7, 0x39C7, 0x39C7, 0x39C7, 0x39C7, 0x39C7, 0x39C7, 0x39C7, 0x39C7, 0x39C7,
    0x39C7, 0x39C7, 0x39C7, 0x39C7, 0x39C7, 0x39C7, 0x39C7, 0x39C7, 0x39C7, 0x39C7, 0x39C7, 0x39C7,
    0x39C7, 0x39C7, 0x39C7, 0x39C7, 0x39C7, 0x39C7, 0x39C7, 0x39C7, 0x39C7, 0x39C7, 0x39C7, 0x39C7,
    0x39C7, 0x39C7, 0x39C7, 0x39C7, 0x39C7, 0x39C7, 0x39C7, 0x39C7, 0x39C7, 0x39C7, 0x630C, 0x0861,
    0x0861, 0x4A69, 0x4A69, 0x4A69, 0x4A69, 0x4A69, 0x4A69, 0x4A69, 0x4A69, 0x4A69, 0x4A69, 0x4A69,
    0x4A69, 0x4A69, 0x4A69, 0x4A69, 0x4A69, 0x4A69, 0x4A69, 0x4A69, 0xEDC0, 0xEDC0, 0xEDC0, 0xEDC0,
    0xEDC0, 0xEDC0, 0xEDC0, 0xEDC0, 0x4A69, 0x4A69, 0x4A69, 0x4A69, 0x4A69, 0x4A69, 0x4A69, 0x4A69,
    0x4A69, 0x4A69, 0x4A69, 0x4A69, 0x4A69, 0x4A69, 0x4A69, 0x4A69, 0x4A69, 0x4A69, 0x4A69, 0x4A69,
    0x0861, 0x0861, 0x630C, 0x528A, 0x528A, 0x528A, 0x528A, 0x528A, 0x528A, 0x528A, 0x528A, 0x528A,
    0x528A, 0x528A, 0x528A, 0x528A, 0x528A, 0x528A, 0x528A, 0x528A, 0x528A, 0x528A, 0x528A, 0x528A,
    0x528A, 0x528A, 0x528A, 0x528A, 0x528A, 0x528A, 0x528A, 0x528A, 0x528A, 0x528A, 0x528A, 0x528A,
    0x528A, 0x528A, 0x528A, 0x528A, 0x528A, 0x528A, 0x528A, 0x528A, 0x528A, 0x528A, 0x528A, 0x528A,
    0x528A, 0x528A, 0x528A, 0x528A, 0x528A, 0x528A, 0x528A, 0x528A, 0x528A, 0x528A, 0x528A, 0x528A,
    0x528A, 0x528A, 0x528A, 0x528A, 0x528A, 0x528A, 0x528A, 0x528A, 0x528A, 0x528A, 0x630C, 0x0861,
    0x0861, 0x4A69, 0x4A69, 0x4A69, 0x4A69, 0x4A69, 0x4A69, 0x4A69, 0x4A69, 0x4A69, 0x4A69, 0x4A69,
    0x4A69, 0x4A69, 0x4A69, 0x4A69, 0x4A69, 0x4A69, 0x4A69, 0x4A69, 0xEDC0, 0xEDC0, 0xEDC0, 0xEDC0,
    0xEDC0, 0xEDC0, 0xEDC0, 0xEDC0, 0x4A69, 0x4A69, 0x4A69, 0x4A69, 0x4A69, 0x4A69, 0x4A69, 0x4A69,
    0x4A69, 0x4A69, 0x4A69, 0x4A69, 0x4A69, 0x4A69, 0x4A69, 0x4A69, 0x4A69, 0x4A69, 0x4A69, 0x4A69,
    0x0861, 0x0861, 0x630C, 0x2965, 0x2965, 0x2965, 0x2965, 0x2965, 0x2965, 0x2965, 0x2965, 0x2965,
    0x2965, 0x2965, 0x2965, 0x2965, 0x2965, 0x2965, 0x2965, 0x2965, 0x2965, 0x2965, 0x2965, 0x2965,
    0x2965, 0x2965, 0x2965, 0x2965, 0x2965, 0x2965, 0x2965, 0x2965, 0x2965, 0x2965, 0x2965, 0x2965,
    0x2965, 0x2965, 0x2965, 0x2965, 0x2965, 0x2965, 0x2965, 0x2965, 0x2965, 0x2965, 0x2965, 0x2965,
    0x2965, 0x2965, 0x2965, 0x2965, 0x2965, 0x2965, 0x2965, 0x2965, 0x2965, 0x2965, 0x2965, 0x2965,
    0x2965, 0x2965, 0x2965, 0x2965, 0x2965, 0x2965, 0x2965, 0x2965, 0x2965, 0x2965, 0x630C, 0x0861,
    0x0861, 0x4A69, 0x4A69, 0x4A69, 0x4A69, 0x4A69, 0x4A69, 0x4A69, 0x4A69, 0x4A69, 0x4A69, 0x4A69,
    0x4A69, 0x4A69, 0x4A69, 0x4A69, 0x4A69, 0x4A69, 0x4A69, 0x4A69, 0xEDC0, 0xEDC0, 0xEDC0, 0xEDC0,
    0xEDC0, 0xEDC0, 0xEDC0, 0xEDC0, 0x4A69, 0x4A69, 0x4A69, 0x4A69, 0x4A69, 0x4A69, 0x4A69, 0x4A69,
    0x4A69, 0x4A69, 0x4A69, 0x4A69, 0x4A69, 0x4A69, 0x4A69, 0x4A69, 0x4A69, 0x4A69, 0x4A69, 0x4A69,
    0x0861, 0x0861, 0x630C, 0x2965, 0x2965, 0x2965, 0x2965, 0x2965, 0x2965, 0x2965, 0x2965, 0x2965,
    0x2965, 0x2965, 0x2965, 0x2965, 0x2965, 0x2965, 0x2965, 0x2965, 0x2965, 0x2965, 0x2965, 0x2965,
    0x2965, 0x2965, 0x2965, 0x2965, 0x2965, 0x2965, 0x2965, 0x2965, 0x2965, 0x2965, 0x2965, 0x2965,
    0x2965, 0x2965, 0x2965, 0x2965, 0x2965, 0x2965, 0x2965, 0x2965, 0x2965, 0x2965, 0x2965, 0x2965,
    0x2965, 0x2965, 0x2965, 0x2965, 0x2965, 0x2965, 0x2965, 0x2965, 0x2965, 0x2965, 0x2965, 0x2965,
    0x2965, 0x2965, 0x2965, 0x2965, 0x2965, 0x2965, 0x2965, 0x2965, 0x2965, 0x2965, 0x630C, 0x0861,
    0x0861, 0x4A69, 0x4A69, 0x4A69, 0x4A69, 0x4A69, 0x4A69, 0x4A69, 0x4A69, 0x4A69, 0x4A69, 0x4A69,
    0x4A69, 0x4A69, 0x4A69, 0x4A69, 0x4A69, 0x4A69, 0x4A69, 0x4A69, 0xEDC0, 0xEDC0, 0xEDC0, 0xEDC0,
    0xEDC0, 0xEDC0, 0xEDC0, 0xEDC0, 0x4A69, 0x4A69, 0x4A69, 0x4A69, 0x4A69, 0x4A69, 0x4A69, 0x4A69,
    0x4A69, 0x4A69, 0x4A69, 0x4A69, 0x4A69, 0x4A69, 0x4A69, 0x4A69, 0x4A69, 0x4A69, 0x4A69, 0x4A69,
    0x0861, 0x0861, 0x630C, 0x2965, 0x2965, 0x2965, 0x2965, 0x2965, 0x2965, 0x2965, 0x2965, 0x2965,
    0x2965, 0x2965, 0x2965, 0x2965, 0x2965, 0x2965, 0x2965, 0x2965, 0x2965, 0x2965, 0x2965, 0x2965,
    0x2965, 0x2965, 0x2965, 0x2965, 0x2965, 0x2965, 0x2965, 0x2965, 0x2965, 0x2965, 0x2965, 0x2965,
    0x2965, 0x2965, 0x2965, 0x2965, 0x2965, 0x2965, 0x2965, 0x2965, 0x2965, 0x2965, 0x2965, 0x2965,
    0x2965, 0x2965, 0x2965, 0x2965, 0x2965, 0x2965, 0x2965, 0x2965, 0x2965, 0x2965, 0x2965, 0x2965,
    0x2965, 0x2965, 0x2965, 0x2965, 0x2965, 0x2965, 0x2965, 0x2965, 0x2965, 0x2965, 0x630C, 0x0861,
    0x0861, 0x4A69, 0x4A69, 0x4A69, 0x4A69, 0x4A69, 0x4A69, 0x4A69, 0x4A69, 0x4A69, 0x4A69, 0x4A69,
    0x4A69, 0x4A69, 0x4A69, 0x4A69, 0x4A69, 0x4A69, 0x4A69, 0x4A69, 0xEDC0, 0xEDC0, 0xEDC0, 0xEDC0,
    0xEDC0, 0xEDC0, 0xEDC0, 0xEDC0, 0x4A69, 0x4A69, 0x4A69, 0x4A69, 0x4A69, 0x4A69, 0x4A69, 0x4A69,
    0x4A69, 0x4A69, 0x4A69, 0x4A69, 0x4A69, 0x4A69, 0x4A69, 0x4A69, 0x4A69, 0x4A69, 0x4A69, 0x4A69,
    0x0861, 0x0861, 0x630C, 0x2965, 0x2965, 0x2965, 0x2965, 0x2965, 0x2965, 0x2965, 0x2965, 0x2965,
    0x2965, 0x2965, 0x2965, 0x2965, 0x2965, 0x2965, 0x2965, 0x2965, 0x2965, 0x2965, 0x2965, 0x2965,
    0x2965, 0x2965, 0x2965, 0x2965, 0x2965, 0x2965, 0x2965, 0x2965, 0x2965, 0x2965, 0x2965, 0x2965,
    0x2965, 0x2965, 0x2965, 0x2965, 0x2965, 0x2965, 0x2965, 0x2965, 0x2965, 0x2965, 0x2965, 0x2965,
    0x2965, 0x2965, 0x2965, 0x2965, 0x2965, 0x2965, 0x2965, 0x2965, 0x2965, 0x2965, 0x2965, 0x2965,
    0x2965, 0x2965, 0x2965, 0x2965, 0x2965, 0x2965, 0x2965, 0x2965, 0x2965, 0x2965, 0x630C, 0x0861,
    0x0861, 0x4A69, 0x4A69, 0x4A69, 0x4A69, 0x4A69, 0x4A69, 0x4A69, 0x4A69, 0x4A69, 0x4A69, 0x4A69,
    0x4A69, 0x4A69, 0x4A69, 0x4A69, 0x4A69, 0x4A69, 0x4A69, 0x4A69, 0xEDC0, 0xEDC0, 0xEDC0, 0xEDC0,
    0xEDC0, 0xEDC0, 0xEDC0, 0xEDC0, 0x4A69, 0x4A69, 0x4A69, 0x4A69, 0x4A69, 0x4A69, 0x4A69, 0x4A69,
    0x4A69, 0x4A69, 0x4A69, 0x4A69, 0x4A69, 0x4A69, 0x4A69, 0x4A69, 0x4A69, 0x4A69, 0x4A69, 0x4A69,
    0x0861, 0x0861, 0x630C, 0x2965, 0x2965, 0x2965, 0x2965, 0x2965, 0x2965, 0x2965, 0x2965, 0x2965,
    0x2965, 0x2965, 0x2965, 0x2965, 0x2965, 0x2965, 0x2965, 0x2965, 0x2965, 0x2965, 0x2965, 0x2965,
    0x2965, 0x2965, 0x2965, 0x2965, 0x2965, 0x2965, 0x2965, 0x2965, 0x2965, 0x2965, 0x2965, 0x2965,
    0x2965, 0x2965, 0x2965, 0x2965, 0x2965, 0x2965, 0x2965, 0x2965, 0x2965, 0x2965, 0x2965, 0x2965,
    0x2965, 0x2965, 0x2965, 0x2965, 0x2965, 0x2965, 0x2965, 0x2965, 0x2965, 0x2965, 0x2965, 0x2965,
    0x2965, 0x2965, 0x2965, 0x2965, 0x2965, 0x2965, 0x2965, 0x2965, 0x2965, 0x2965, 0x630C, 0x0861,
    0x0861, 0x4A69, 0x4A69, 0x4A69, 0x4A69, 0x4A69, 0x4A69, 0x4A69, 0x4A69, 0x4A69, 0x4A69, 0x4A69,
    0x4A69, 0x4A69, 0x4A69, 0x4A69, 0x4A69, 0x4A69, 0x4A69, 0x4A69, 0xEDC0, 0xEDC0, 0xEDC0, 0xEDC0,
    0xEDC0, 0xEDC0, 0xEDC0, 0xEDC0, 0x4A69, 0x4A69, 0x4A69, 0x4A69, 0x4A69, 0x4A69, 0x4A69, 0x4A69,
    0x4A69, 0x4A69, 0x4A69, 0x4A69, 0x4A69, 0x4A69, 0x4A69, 0x4A69, 0x4A69, 0x4A69, 0x4A69, 0x4A69,
    0x0861, 0x0861, 0x630C, 0x2965, 0x2965, 0x2965, 0x2965, 0x2965, 0x2965, 0x2965, 0x2965, 0x2965,
    0x2965, 0x2965, 0x2965, 0x2965, 0x2965, 0x2965, 0x2965, 0x2965, 0x2965, 0x2965, 0x2965, 0x2965,
    0x2965, 0x2965, 0x2965, 0x2965, 0x2965, 0x2965, 0x2965, 0x2965, 0x2965, 0x2965, 0x2965, 0x2965,
    0x2965, 0x2965, 0x2965, 0x2965, 0x2965, 0x2965, 0x2965, 0x2965, 0x2965, 0x2965, 0x2965, 0x2965,
    0x2965, 0x2965, 0x2965, 0x2965, 0x2965, 0x2965, 0x2965, 0x2965, 0x2965, 0x2965, 0x2965, 0x2965,
    0x2965, 0x2965, 0x2965, 0x2965, 0x2965, 0x2965, 0x2965, 0x2965, 0x2965, 0x2965, 0x630C, 0x0861,
    0x0861, 0x4A69, 0x4A69, 0x4A69, 0x4A69, 0x4A69, 0x4A69, 0x4A69, 0x4A69, 0x4A69, 0x4A69, 0x4A69,
    0x4A69, 0x4A69, 0x4A69, 0x4A69, 0x4A69, 0x4A69, 0x4A69, 0x4A69, 0xEDC0, 0xEDC0, 0xEDC0, 0xEDC0,
    0xEDC0, 0xEDC0, 0xEDC0, 0xEDC0, 0x4A69, 0x4A69, 0x4A69, 0x4A69, 0x4A69, 0x4A69, 0x4A69, 0x4A69,
    0x4A69, 0x4A69, 0x4A69, 0x4A69, 0x4A69, 0x4A69, 0x4A69, 0x4A69, 0x4A69, 0x4A69, 0x4A69, 0x4A69,
    0x0861, 0x0861, 0x630C, 0x2965, 0x2965, 0x2965, 0x2965, 0x2965, 0x2965, 0x2965, 0x2965, 0x2965,
    0x2965, 0x2965, 0x2965, 0x2965, 0x2965, 0x2965, 0x2965, 0x2965, 0x2965, 0x2965, 0x2965, 0x2965,
    0x2965, 0x2965, 0x2965, 0x2965, 0x2965, 0x2965, 0x2965, 0x2965, 0x2965, 0x2965, 0x2965, 0x2965,
    0x2965, 0x2965, 0x2965, 0x2965, 0x2965, 0x2965, 0x2965, 0x2965, 0x2965, 0x2965, 0x2965, 0x2965,
    0x2965, 0x2965, 0x2965, 0x2965, 0x2965, 0x2965, 0x2965, 0x2965, 0x2965, 0x2965, 0x2965, 0x2965,
    0x2965, 0x2965, 0x2965, 0x2965, 0x2965, 0x2965, 0x2965, 0x2965, 0x2965, 0x2965, 0x630C, 0x0861,
    0x0861, 0x4A69, 0x4A69, 0x4A69, 0x4A69, 0x4A69, 0x4A69, 0x4A69, 0x4A69, 0x4A69, 0x4A69, 0x4A69,
    0x4A69, 0x4A69, 0x4A69, 0x4A69, 0x4A69, 0x4A69, 0x4A69, 0x4A69, 0xEDC0, 0xEDC0, 0xEDC0, 0xEDC0,
    0xEDC0, 0xEDC0, 0xEDC0, 0xEDC0, 0x4A69, 0x4A69, 0x4A69, 0x4A69, 0x4A69, 0x4A69, 0x4A69, 0x4A69,
    0x4A69, 0x4A69, 0x4A69, 0x4A69, 0x4A69, 0x4A69, 0x4A69, 0x4A69, 0x4A69, 0x4A69, 0x4A69, 0x4A69,
    0x0861, 0x0861, 0x630C, 0x2965, 0x2965, 0x2965, 0x2965, 0x2965, 0x2965, 0x2965, 0x2965, 0x2965,
    0x2965, 0x2965, 0x2965, 0x2965, 0x2965, 0x2965, 0x2965, 0x2965, 0x2965, 0x2965, 0x2965, 0x2965,
    0x2965, 0x2965, 0x2965, 0x2965, 0x2965, 0x2965, 0x2965, 0x2965, 0x2965, 0x2965, 0x2965, 0x2965,
    0x2965, 0x2965, 0x2965, 0x2965, 0x2965, 0x2965, 0x2965, 0x2965, 0x2965, 0x2965, 0x2965, 0x2965,
    0x2965, 0x2965, 0x2965, 0x2965, 0x2965, 0x2965, 0x2965, 0x2965, 0x2965, 0x2965, 0x2965, 0x2965,
    0x2965, 0x2965, 0x2965, 0x2965, 0x2965, 0x2965, 0x2965, 0x2965, 0x2965, 0x2965, 0x630C, 0x0861,
    0x0861, 0x4A69, 0x4A69, 0x4A69, 0x4A69, 0x4A69, 0x4A69, 0x4A69, 0x4A69, 0x4A69, 0x4A69, 0x4A69,
    0x4A69, 0x4A69, 0x4A69, 0x4A69, 0x4A69, 0x4A69, 0x4A69, 0x4A69, 0xEDC0, 0xEDC0, 0xEDC0, 0xEDC0,
    0xEDC0, 0xEDC0, 0xEDC0, 0xEDC0, 0x4A69, 0x4A69, 0x4A69, 0x4A69, 0x4A69, 0x4A69, 0x4A69, 0x4A69,
    0x4A69, 0x4A69, 0x4A69, 0x4A69, 0x4A69, 0x4A69, 0x4A69, 0x4A69, 0x4A69, 0x4A69, 0x4A69, 0x4A69,
    0x0861, 0x0861, 0x630C, 0x2965, 0x2965, 0x2965, 0x2965, 0x2965, 0x2965, 0x2965, 0x2965, 0x2965,
    0x2965, 0x2965, 0x2965, 0x2965, 0x2965, 0x2965, 0x2965, 0x2965, 0x2965, 0x2965, 0x2965, 0x2965,
    0x2965, 0x2965, 0x2965, 0x2965, 0x2965, 0x2965, 0x2965, 0x2965, 0x2965, 0x2965, 0x2965, 0x2965,
    0x2965, 0x2965, 0x2965, 0x2965, 0x2965, 0x2965, 0x2965, 0x2965, 0x2965, 0x2965, 0x2965, 0x2965,
    0x2965, 0x2965, 0x2965, 0x2965, 0x2965, 0x2965, 0x2965, 0x2965, 0x2965, 0x2965, 0x2965, 0x2965,
    0x2965, 0x2965, 0x2965, 0x2965, 0x2965, 0x2965, 0x2965, 0x2965, 0x2965, 0x2965, 0x630C, 0x0861,
    0x0861, 0x4A69, 0x4A69, 0x4A69, 0x4A69, 0x4A69, 0x4A69, 0x4A69, 0x4A69, 0x4A69, 0x4A69, 0x4A69,
    0x4A69, 0x4A69, 0x4A69, 0x4A69, 0x4A69, 0x4A69, 0x4A69, 0x4A69, 0xEDC0, 0xEDC0, 0xEDC0, 0xEDC0,
    0xEDC0, 0xEDC0, 0xEDC0, 0xEDC0, 0x4A69, 0x4A69, 0x4A69, 0x4A69, 0x4A69, 0x4A69, 0x4A69, 0x4A69,
    0x4A69, 0x4A69, 0x4A69, 0x4A69, 0x4A69, 0x4A69, 0x4A69, 0x4A69, 0x4A69, 0x4A69, 0x4A69, 0x4A69,
    0x0861, 0x0861, 0x630C, 0x2965, 0x2965, 0x2965, 0x2965, 0x2965, 0x2965, 0x2965, 0x2965, 0x2965,
    0x2965, 0x2965, 0x2965, 0x2965, 0x2965, 0x2965, 0x2965, 0x2965, 0x2965, 0x2965, 0x2965, 0x2965,
    0x2965, 0x2965, 0x2965, 0x2965, 0x2965, 0x2965, 0x2965, 0x2965, 0x2965, 0x2965, 0x2965, 0x2965,
    0x2965, 0x2965, 0x2965, 0x2965, 0x2965, 0x2965, 0x2965, 0x2965, 0x2965, 0x2965, 0x2965, 0x2965,
    0x2965, 0x2965, 0x2965, 0x2965, 0x2965, 0x2965, 0x2965, 0x2965, 0x2965, 0x2965, 0x2965, 0x2965,
    0x2965, 0x2965, 0x2965, 0x2965, 0x2965, 0x2965, 0x2965, 0x2965, 0x2965, 0x2965, 0x630C, 0x0861,
    0x0861, 0x4A69, 0x4A69, 0x4A69, 0x4A69, 0x4A69, 0x4A69, 0x4A69, 0x4A69, 0x4A69, 0x4A69, 0x4A69,
    0x4A69, 0x4A69, 0x4A69, 0x4A69, 0x4A69, 0x4A69, 0x4A69, 0x4A69, 0xEDC0, 0xEDC0, 0xEDC0, 0xEDC0,
    0xEDC0, 0xEDC0, 0xEDC0, 0xEDC0, 0x4A69, 0x4A69, 0x4A69, 0x4A69, 0x4A69, 0x4A69, 0x4A69, 0x4A69,
    0x4A69, 0x4A69, 0x4A69, 0x4A69, 0x4A69, 0x4A69, 0x4A69, 0x4A69, 0x4A69, 0x4A69, 0x4A69, 0x4A69,
    0x0861, 0x0861, 0x630C, 0x2965, 0x2965, 0x2965, 0x2965, 0x2965, 0x2965, 0x2965, 0x2965, 0x2965,
    0x2965, 0x2965, 0x2965, 0x2965, 0x2965, 0x2965, 0x2965, 0x2965, 0x2965, 0x2965, 0x2965, 0x2965,
    0x2965, 0x2965, 0x2965, 0x2965, 0x2965, 0x2965, 0x2965, 0x2965, 0x2965, 0x2965, 0x2965, 0x2965,
    0x2965, 0x2965, 0x2965, 0x2965, 0x2965, 0x2965, 0x2965, 0x2965, 0x2965, 0x2965, 0x2965, 0x2965,
    0x2965, 0x2965, 0x2965, 0x2965, 0x2965, 0x2965, 0x2965, 0x2965, 0x2965, 0x2965, 0x2965, 0x2965,
    0x2965, 0x2965, 0x2965, 0x2965, 0x2965, 0x2965, 0x2965, 0x2965, 0x2965, 0x2965, 0x630C, 0x0861,
    0x0861, 0x4A69, 0x4A69, 0x4A69, 0x4A69, 0x4A69, 0x4A69, 0x4A69, 0x4A69, 0x4A69, 0x4A69, 0x4A69,
    0x4A69, 0x4A69, 0x4A69, 0x4A69, 0x4A69, 0x4A69, 0x4A69, 0x4A69, 0xEDC0, 0xEDC0, 0xEDC0, 0xEDC0,
    0xEDC0, 0xEDC0, 0xEDC0, 0xEDC0, 0x4A69, 0x4A69, 0x4A69, 0x4A69, 0x4A69, 0x4A69, 0x4A69, 0x4A69,
    0x4A69, 0x4A69, 0x4A69, 0x4A69, 0x4A69, 0x4A69, 0x4A69, 0x4A69, 0x4A69, 0x4A69, 0x4A69, 0x4A69,
    0x0861, 0x0861, 0x630C, 0x2965, 0x2965, 0x2965, 0x2965, 0x2965, 0x2965, 0x2965, 0x2965, 0x2965,
    0x2965, 0x2965, 0x2965, 0x2965, 0x2965, 0x2965, 0x2965, 0x2965, 0x2965, 0x2965, 0x2965, 0x2965,
    0x2965, 0x2965, 0x2965, 0x2965, 0x2965, 0x2965, 0x2965, 0x2965, 0x2965, 0x2965, 0x2965, 0x2965,
    0x2965, 0x2965, 0x2965, 0x2965, 0x2965, 0x2965, 0x2965, 0x2965, 0x2965, 0x2965, 0x2965, 0x2965,
    0x2965, 0x2965, 0x2965, 0x2965, 0x2965, 0x2965, 0x2965, 0x2965, 0x2965, 0x2965, 0x2965, 0x2965,
    0x2965, 0x2965, 0x2965, 0x2965, 0x2965, 0x2965, 0x2965, 0x2965, 0x2965, 0x2965, 0x630C, 0x0861,
    0x0861, 0x4A69, 0x4A69, 0x4A69, 0x4A69, 0x4A69, 0x4A69, 0x4A69, 0x4A69, 0x4A69, 0x4A69, 0x4A69,
    0x4A69, 0x4A69, 0x4A69, 0x4A69, 0x4A69, 0x4A69, 0x4A69, 0x4A69, 0xEDC0, 0xEDC0, 0xEDC0, 0xEDC0,
    0xEDC0, 0xEDC0, 0xEDC0, 0xEDC0, 0x4A69, 0x4A69, 0x4A69, 0x4A69, 0x4A69, 0x4A69, 0x4A69, 0x4A69,
    0x4A69, 0x4A69, 0x4A69, 0x4A69, 0x4A69, 0x4A69, 0x4A69, 0x4A69, 0x4A69, 0x4A69, 0x4A69, 0x4A69,
    0x0861, 0x0861, 0x630C, 0x2965, 0x2965, 0x2965, 0x2965, 0x2965, 0x2965, 0x2965, 0x2965, 0x2965,
    0x2965, 0x2965, 0x2965, 0x2965, 0x2965, 0x2965, 0x2965, 0x2965, 0x2965, 0x2965, 0x2965, 0x2965,
    0x2965, 0x2965, 0x2965, 0x2965, 0x2965, 0x2965, 0x2965, 0x2965, 0x2965, 0x2965, 0x2965, 0x2965,
    0x2965, 0x2965, 0x2965, 0x2965, 0x2965, 0x2965, 0x2965, 0x2965, 0x2965, 0x2965, 0x2965, 0x2965,
    0x2965, 0x2965, 0x2965, 0x2965, 0x2965, 0x2965, 0x2965, 0x2965, 0x2965, 0x2965, 0x2965, 0x2965,
    0x2965, 0x2965, 0x2965, 0x2965, 0x2965, 0x2965, 0x2965, 0x2965, 0x2965, 0x2965, 0x630C, 0x0861,
    0x0861, 0x4A69, 0x4A69, 0x4A69, 0x4A69, 0x4A69, 0x4A69, 0x4A69, 0x4A69, 0x4A69, 0x4A69, 0x4A69,
    0x4A69, 0x4A69, 0x4A69, 0x4A69, 0x4A69, 0x4A69, 0x4A69, 0x4A69, 0xEDC0, 0xEDC0, 0xEDC0, 0xEDC0,
    0xEDC0, 0xEDC0, 0xEDC0, 0xEDC0, 0x4A69, 0x4A69, 0x4A69, 0x4A69, 0x4A69, 0x4A69, 0x4A69, 0x4A69,
    0x4A69, 0x4A69, 0x4A69, 0x4A69, 0x4A69, 0x4A69, 0x4A69, 0x4A69, 0x4A69, 0x4A69, 0x4A69, 0x4A69,
    0x0861, 0x0861, 0x630C, 0x2965, 0x2965, 0x2965, 0x2965, 0x2965, 0x2965, 0x2965, 0x2965, 0x2965,
    0x2965, 0x2965, 0x2965, 0x2965, 0x2965, 0x2965, 0x2965, 0x2965, 0x2965, 0x2965, 0x2965, 0x2965,
    0x2965, 0x2965, 0x2965, 0x2965, 0x2965, 0x2965, 0x2965, 0x2965, 0x2965, 0x2965, 0x2965, 0x2965,
    0x2965, 0x2965, 0x2965, 0x2965, 0x2965, 0x2965, 0x2965, 0x2965, 0x2965, 0x2965, 0x2965, 0x2965,
    0x2965, 0x2965, 0x2965, 0x2965, 0x2965, 0x2965, 0x2965, 0x2965, 0x2965, 0x2965, 0x2965, 0x2965,
    0x2965, 0x2965, 0x2965, 0x2965, 0x2965, 0x2965, 0x2965, 0x2965, 0x2965, 0x2965, 0x630C, 0x0861,
    0x0861, 0x4A69, 0x4A69, 0x4A69, 0x4A69, 0x4A69, 0x4A69, 0x4A69, 0x4A69, 0x4A69, 0x4A69, 0x4A69,
    0x4A69, 0x4A69, 0x4A69, 0x4A69, 0x4A69, 0x4A69, 0x4A69, 0x4A69, 0xEDC0, 0xEDC0, 0xEDC0, 0xEDC0,
    0xEDC0, 0xEDC0, 0xEDC0, 0xEDC0, 0x4A69, 0x4A69, 0x4A69, 0x4A69, 0x4A69, 0x4A69, 0x4A69, 0x4A69,
    0x4A69, 0x4A69, 0x4A69, 0x4A69, 0x4A69, 0x4A69, 0x4A69, 0x4A69, 0x4A69, 0x4A69, 0x4A69, 0x4A69,
    0x0861, 0x0861, 0x0861, 0x2965, 0x2965, 0x2965, 0x2965, 0x2965, 0x2965, 0x2965, 0x2965, 0x2965,
    0x2965, 0x2965, 0x2965, 0x2965, 0x2965, 0x2965, 0x2965, 0x2965, 0x2965, 0x2965, 0x2965, 0x2965,
    0x2965, 0x2965, 0x2965, 0x2965, 0x2965, 0x2965, 0x2965, 0x2965, 0x2965, 0x2965, 0x2965, 0x2965,
    0x2965, 0x2965, 0x2965, 0x2965, 0x2965, 0x2965, 0x2965, 0x2965, 0x2965, 0x2965, 0x2965, 0x2965,
    0x2965, 0x2965, 0x2965, 0x2965, 0x2965, 0x2965, 0x2965, 0x2965, 0x2965, 0x2965, 0x2965, 0x2965,
    0x2965, 0x2965, 0x2965, 0x2965, 0x2965, 0x2965, 0x2965, 0x2965, 0x2965, 0x2965, 0x0861, 0x0861,
    0x0861, 0x4A69, 0x4A69, 0x4A69, 0x4A69, 0x4A69, 0x4A69, 0x4A69, 0x4A69, 0x4A69, 0x4A69, 0x4A69,
    0x4A69, 0x4A69, 0x4A69, 0x4A69, 0x4A69, 0x4A69, 0x4A69, 0x4A69, 0xEDC0, 0xEDC0, 0xEDC0, 0xEDC0,
    0xEDC0, 0xEDC0, 0xEDC0, 0xEDC0, 0x4A69, 0x4A69, 0x4A69, 0x4A69, 0x4A69, 0x4A69, 0x4A69, 0x4A69,
    0x4A69, 0x4A69, 0x4A69, 0x4A69, 0x4A69, 0x4A69, 0x4A69, 0x4A69, 0x4A69, 0x4A69, 0x4A69, 0x4A69,
    0x4A69, 0x0861, 0x0861, 0x2965, 0x2965, 0x2965, 0x2965, 0x2965, 0x2965, 0x2965, 0x2965, 0x2965,
    0x2965, 0x2965, 0x2965, 0x2965, 0x2965, 0x2965, 0x2965, 0x2965, 0x2965, 0x2965, 0x2965, 0x2965,
    0x2965, 0x2965, 0x2965, 0x2965, 0x2965, 0x2965, 0x2965, 0x2965, 0x2965, 0x2965, 0x2965, 0x2965,
    0x2965, 0x2965, 0x2965, 0x2965, 0x2965, 0x2965, 0x2965, 0x2965, 0x2965, 0x2965, 0x2965, 0x2965,
    0x2965, 0x2965, 0x2965, 0x2965, 0x2965, 0x2965, 0x2965, 0x2965, 0x2965, 0x2965, 0x2965, 0x2965,
    0x2965, 0x2965, 0x2965, 0x2965, 0x2965, 0x2965, 0x2965, 0x2965, 0x2965, 0x2965, 0x0861, 0x0861,
    0x4A69, 0x4A69, 0x4A69, 0x4A69, 0x4A69, 0x4A69, 0x4A69, 0x4A69, 0x4A69, 0x4A69, 0x4A69, 0x4A69,
    0x4A69, 0x4A69, 0x4A69, 0x4A69, 0x4A69, 0x4A69, 0x4A69, 0x4A69, 0xEDC0, 0xEDC0, 0xEDC0, 0xEDC0,
    0xEDC0, 0xEDC0, 0xEDC0, 0xEDC0, 0x4A69, 0x4A69, 0x4A69, 0x4A69, 0x4A69, 0x4A69, 0x4A69, 0x4A69,
    0x4A69, 0x4A69, 0x4A69, 0x4A69, 0x4A69, 0x4A69, 0x4A69, 0x4A69, 0x4A69, 0x4A69, 0x4A69, 0x4A69,
    0x4A69, 0x0861, 0x0861, 0x2965, 0x2965, 0x2965, 0x2965, 0x2965, 0x2965, 0x2965, 0x2965, 0x2965,
    0x2965, 0x2965, 0x2965, 0x2965, 0x2965, 0x2965, 0x2965, 0x2965, 0x2965, 0x2965, 0x2965, 0x2965,
    0x2965, 0x2965, 0x2965, 0x2965, 0x2965, 0x2965, 0x2965, 0x2965, 0x2965, 0x2965, 0x2965, 0x2965,
    0x2965, 0x2965, 0x2965, 0x2965, 0x2965, 0x2965, 0x2965, 0x2965, 0x2965, 0x2965, 0x2965, 0x2965,
    0x2965, 0x2965, 0x2965, 0x2965, 0x2965, 0x2965, 0x2965, 0x2965, 0x2965, 0x2965, 0x2965, 0x2965,
    0x2965, 0x2965, 0x2965, 0x2965, 0x2965, 0x2965, 0x2965, 0x2965, 0x2965, 0x2965, 0x0861, 0x0861,
    0x4A69, 0x4A69, 0x4A69, 0x4A69, 0x4A69, 0x4A69, 0x4A69, 0x4A69, 0x4A69, 0x4A69, 0x4A69, 0x4A69,
    0x4A69, 0x4A69, 0x4A69, 0x4A69, 0x4A69, 0x4A69, 0x4A69, 0x4A69, 0xEDC0, 0xEDC0, 0xEDC0, 0xEDC0,
    0xEDC0, 0xEDC0, 0xEDC0, 0xEDC0, 0x4A69, 0x4A69, 0x4A69, 0x4A69, 0x4A69, 0x4A69, 0x4A69, 0x4A69,
    0x4A69, 0x4A69, 0x4A69, 0x4A69, 0x4A69, 0x4A69, 0x4A69, 0x4A69, 0x4A69, 0x4A69, 0x4A69, 0x4A69,
    0x4A69, 0x4A69, 0x0861, 0x0861, 0x2965, 0x2965, 0x2965, 0x2965, 0x2965, 0x2965, 0x2965, 0x2965,
    0x2965, 0x2965, 0x2965, 0x2965, 0x2965, 0x2965, 0x2965, 0x2965, 0x2965, 0x2965, 0x2965, 0x2965,
    0x2965, 0x2965, 0x2965, 0x2965, 0x2965, 0x2965, 0x2965, 0x2965, 0x2965, 0x2965, 0x2965, 0x2965,
    0x2965, 0x2965, 0x2965, 0x2965, 0x2965, 0x2965, 0x2965, 0x2965, 0x2965, 0x2965, 0x2965, 0x2965,
    0x2965, 0x2965, 0x2965, 0x2965, 0x2965, 0x2965, 0x2965, 0x2965, 0x2965, 0x2965, 0x2965, 0x2965,
    0x2965, 0x2965, 0x2965, 0x2965, 0x2965, 0x2965, 0x2965, 0x2965, 0x2965, 0x0861, 0x0861, 0x4A69,
    0x4A69, 0x4A69, 0x4A69, 0x4A69, 0x4A69, 0x4A69, 0x4A69, 0x4A69, 0x4A69, 0x4A69, 0x4A69, 0x4A69,
    0x4A69, 0x4A69, 0x4A69, 0x4A69, 0x4A69, 0x4A69, 0x4A69, 0x4A69, 0xEDC0, 0xEDC0, 0xEDC0, 0xEDC0,
    0xEDC0, 0xEDC0, 0xEDC0, 0xEDC0, 0x4A69, 0x4A69, 0x4A69, 0x4A69, 0x4A69, 0x4A69, 0x4A69, 0x4A69,
    0x4A69, 0x4A69, 0x4A69, 0x4A69, 0x4A69, 0x4A69, 0x4A69, 0x4A69, 0x4A69, 0x4A69, 0x4A69, 0x4A69,
    0x4A69, 0x4A69, 0x4A69, 0x0861, 0x0861, 0x2965, 0x2965, 0x2965, 0x2965, 0x2965, 0x2965, 0x2965,
    0x2965, 0x2965, 0x2965, 0x2965, 0x2965, 0x2965, 0x2965, 0x2965, 0x2965, 0x2965, 0x2965, 0x2965,
    0x2965, 0x2965, 0x2965, 0x2965, 0x2965, 0x2965, 0x2965, 0x2965, 0x2965, 0x2965, 0x2965, 0x2965,
    0x2965, 0x2965, 0x2965, 0x2965, 0x2965, 0x2965, 0x2965, 0x2965, 0x2965, 0x2965, 0x2965, 0x2965,
    0x2965, 0x2965, 0x2965, 0x2965, 0x2965, 0x2965, 0x2965, 0x2965, 0x2965, 0x2965, 0x2965, 0x2965,
    0x2965, 0x2965, 0x2965, 0x2965, 0x2965, 0x2965, 0x2965, 0x2965, 0x0861, 0x0861, 0x4A69, 0x4A69,
    0x4A69, 0x4A69, 0x4A69, 0x4A69, 0x4A69, 0x4A69, 0x4A69, 0x4A69, 0x4A69, 0x4A69, 0x4A69, 0x4A69,
    0x4A69, 0x4A69, 0x4A69, 0x4A69, 0x4A69, 0x4A69, 0x4A69, 0x4A69, 0xEDC0, 0xEDC0, 0xEDC0, 0xEDC0,
    0xEDC0, 0xEDC0, 0xEDC0, 0xEDC0, 0x4A69, 0x4A69, 0x4A69, 0x4A69, 0x4A69, 0x4A69, 0x4A69, 0x4A69,
    0x4A69, 0x4A69, 0x4A69, 0x4A69, 0x4A69, 0x4A69, 0x4A69, 0x4A69, 0x4A69, 0x4A69, 0x4A69, 0x4A69,
    0x4A69, 0x4A69, 0x4A69, 0x4A69, 0x0861, 0x0861, 0x0861, 0x0861, 0x630C, 0x630C, 0x630C, 0x630C,
    0x630C, 0x630C, 0x630C, 0x630C, 0x630C, 0x630C, 0x630C, 0x630C, 0x630C, 0x630C, 0x630C, 0x630C,
    0x630C, 0x630C, 0x630C, 0x630C, 0x630C, 0x630C, 0x630C, 0x630C, 0x630C, 0x630C, 0x630C, 0x630C,
    0x630C, 0x630C, 0x630C, 0x630C, 0x630C, 0x630C, 0x630C, 0x630C, 0x630C, 0x630C, 0x630C, 0x630C,
    0x630C, 0x630C, 0x630C, 0x630C, 0x630C, 0x630C, 0x630C, 0x630C, 0x630C, 0x630C, 0x630C, 0x630C,
    0x630C, 0x630C, 0x630C, 0x630C, 0x630C, 0x0861, 0x0861, 0x0861, 0x0861, 0x4A69, 0x4A69, 0x4A69,
    0x4A69, 0x4A69, 0x4A69, 0x4A69, 0x4A69, 0x4A69, 0x4A69, 0x4A69, 0x4A69, 0x4A69, 0x4A69, 0x4A69,
    0x4A69, 0x4A69, 0x4A69, 0x4A69, 0x4A69, 0x4A69, 0x4A69, 0x4A69, 0xEDC0, 0xEDC0, 0xEDC0, 0xEDC0,
    0xEDC0, 0xEDC0, 0xEDC0, 0xEDC0, 0x4A69, 0x4A69, 0x4A69, 0x4A69, 0x4A69, 0x4A69, 0x4A69, 0x4A69,
    0x4A69, 0x4A69, 0x4A69, 0x4A69, 0x4A69, 0x4A69, 0x4A69, 0x4A69, 0x4A69, 0x4A69, 0x4A69, 0x4A69,
    0x4A69, 0x4A69, 0x4A69, 0x4A69, 0x4A69, 0x0861, 0x0861, 0x0861, 0x0861, 0x0861, 0x0861, 0x0861,
    0x0861, 0x0861, 0x0861, 0x0861, 0x0861, 0x0861, 0x0861, 0x0861, 0x0861, 0x0861, 0x0861, 0x0861,
    0x0861, 0x0861, 0x0861, 0x0861, 0x0861, 0x0861, 0x0861, 0x0861, 0x0861, 0x0861, 0x0861, 0x0861,
    0x0861, 0x0861, 0x0861, 0x0861, 0x0861, 0x0861, 0x0861, 0x0861, 0x0861, 0x0861, 0x0861, 0x0861,
    0x0861, 0x0861, 0x0861, 0x0861, 0x0861, 0x0861, 0x0861, 0x0861, 0x0861, 0x0861, 0x0861, 0x0861,
    0x0861, 0x0861, 0x0861, 0x0861, 0x0861, 0x0861, 0x0861, 0x0861, 0x4A69, 0x4A69, 0x4A69, 0x4A69,
    0x4A69, 0x4A69, 0x4A69, 0x4A69, 0x4A69, 0x4A69, 0x4A69, 0x4A69, 0x4A69, 0x4A69, 0x4A69, 0x4A69,
    0x4A69, 0x4A69, 0x4A69, 0x4A69, 0x4A69, 0x4A69, 0x4A69, 0x4A69, 0xEDC0, 0xEDC0, 0xEDC0, 0xEDC0,
    0xEDC0, 0xEDC0, 0xEDC0, 0xEDC0, 0x4A69, 0x4A69, 0x4A69, 0x4A69, 0x4A69, 0x4A69, 0x4A69, 0x4A69,
    0x4A69, 0x4A69, 0x4A69, 0x4A69, 0x4A69, 0x4A69, 0x4A69, 0x4A69, 0x4A69, 0x4A69, 0x4A69, 0x4A69,
    0x4A69, 0x4A69, 0x4A69, 0x4A69, 0x4A69, 0x4A69, 0x4A69, 0x0861, 0x0861, 0x0861, 0x0861, 0x0861,
    0x0861, 0x0861, 0x0861, 0x0861, 0x0861, 0x0861, 0x0861, 0x0861, 0x0861, 0x0861, 0x0861, 0x0861,
    0x0861, 0x0861, 0x0861, 0x0861, 0x0861, 0x0861, 0x0861, 0x0861, 0x0861, 0x0861, 0x0861, 0x0861,
    0x0861, 0x0861, 0x0861, 0x0861, 0x0861, 0x0861, 0x0861, 0x0861, 0x0861, 0x0861, 0x0861, 0x0861,
    0x0861, 0x0861, 0x0861, 0x0861, 0x0861, 0x0861, 0x0861, 0x0861, 0x0861, 0x0861, 0x0861, 0x0861,
    0x0861, 0x0861, 0x0861, 0x0861, 0x0861, 0x0861, 0x4A69, 0x4A69, 0x4A69, 0x4A69, 0x4A69, 0x4A69,
    0x4A69, 0x4A69, 0x4A69, 0x4A69, 0x4A69, 0x4A69, 0x4A69, 0x4A69, 0x4A69, 0x4A69, 0x4A69, 0x4A69,
    0x4A69, 0x4A69, 0x4A69, 0x4A69, 0x4A69, 0x4A69, 0x4A69, 0x4A69, 0xEDC0, 0xEDC0, 0xEDC0, 0xEDC0,
    0xEDC0, 0xEDC0, 0xEDC0, 0xEDC0, 0x4A69, 0x4A69, 0x4A69, 0x4A69, 0x4A69, 0x4A69, 0x4A69, 0x4A69,
    0x4A69, 0x4A69, 0x4A69, 0x4A69, 0x4A69, 0x4A69, 0x4A69, 0x4A69, 0x4A69, 0x4A69, 0x4A69, 0x4A69,
    0x4A69, 0x4A69, 0x4A69, 0x4A69, 0x4A69, 0x4A69, 0x4A69, 0x4A69, 0x4A69, 0x4A69, 0x4A69, 0x4A69,
    0x4A69, 0x4A69, 0x4A69, 0x4A69, 0x4A69, 0x4A69, 0x4A69, 0x4A69, 0x4A69, 0x4A69, 0x4A69, 0x4A69,
    0x4A69, 0x4A69, 0x4A69, 0x4A69, 0x4A69, 0x4A69, 0x4A69, 0x4A69, 0x4A69, 0x4A69, 0x4A69, 0x4A69,
    0x4A69, 0x4A69, 0x4A69, 0x4A69, 0x4A69, 0x4A69, 0x4A69, 0x4A69, 0x4A69, 0x4A69, 0x4A69, 0x4A69,
    0x4A69, 0x4A69, 0x4A69, 0x4A69, 0x4A69, 0x4A69, 0x4A69, 0x4A69, 0x4A69, 0x4A69, 0x4A69, 0x4A69,
    0x4A69, 0x4A69, 0x4A69, 0x4A69, 0x4A69, 0x4A69, 0x4A69, 0x4A69, 0x4A69, 0x4A69, 0x4A69, 0x4A69,
    0x4A69, 0x4A69, 0x4A69, 0x4A69, 0x4A69, 0x4A69, 0x4A69, 0x4A69, 0x4A69, 0x4A69, 0x4A69, 0x4A69,
    0x4A69, 0x4A69, 0x4A69, 0x4A69, 0x4A69, 0x4A69, 0x4A69, 0x4A69, 0xEDC0, 0xEDC0, 0xEDC0, 0xEDC0,
    0xEDC0, 0xEDC0, 0xEDC0, 0xEDC0, 0x4A69, 0x4A69, 0x4A69, 0x4A69, 0x4A69, 0x4A69, 0x4A69, 0x4A69,
    0x4A69, 0x4A69, 0x4A69, 0x4A69, 0x4A69, 0x4A69, 0x4A69, 0x4A69, 0x4A69, 0x4A69, 0x4A69, 0x4A69,
    0x4A69, 0x4A69, 0x4A69, 0x4A69, 0x4A69, 0x4A69, 0x4A69, 0x4A69, 0x4A69, 0x4A69, 0x4A69, 0x4A69,
    0x4A69, 0x4A69, 0x4A69, 0x4A69, 0x4A69, 0x4A69, 0x4A69, 0x4A69, 0x4A69, 0x4A69, 0x4A69, 0x4A69,
    0x4A69, 0x4A69, 0x4A69, 0x4A69, 0x4A69, 0x4A69, 0x4A69, 0x4A69, 0x4A69, 0x4A69, 0x4A69, 0x4A69,
    0x4A69, 0x4A69, 0x4A69, 0x4A69, 0x4A69, 0x4A69, 0x4A69, 0x4A69, 0x4A69, 0x4A69, 0x4A69, 0x4A69,
    0x4A69, 0x4A69, 0x4A69, 0x4A69, 0x4A69, 0x4A69, 0x4A69, 0x4A69, 0x4A69, 0x4A69, 0x4A69, 0x4A69,
    0x4A69, 0x4A69, 0x4A69, 0x4A69, 0x4A69, 0x4A69, 0x4A69, 0x4A69, 0x4A69, 0x4A69, 0x4A69, 0x4A69,
    0x4A69, 0x4A69, 0x4A69, 0x4A69, 0x4A69, 0x4A69, 0x4A69, 0x4A69, 0x4A69, 0x4A69, 0x4A69, 0x4A69,
    0x4A69, 0x4A69, 0x4A69, 0x4A69, 0x4A69, 0x4A69, 0x4A69, 0x4A69, 0xEDC0, 0xEDC0, 0xEDC0, 0xEDC0,
    0xEDC0, 0xEDC0, 0xEDC0, 0xEDC0, 0x4A69, 0x4A69, 0x4A69, 0x4A69, 0x4A69, 0x4A69, 0x4A69, 0x4A69,
    0x4A69, 0x4A69, 0x4A69, 0x4A69, 0x4A69, 0x4A69, 0x4A69, 0x4A69, 0x4A69, 0x4A69, 0x4A69, 0x4A69,
    0x4A69, 0x4A69, 0x4A69, 0x4A69, 0x4A69, 0x4A69, 0x4A69, 0x4A69, 0x4A69, 0x4A69, 0x4A69, 0x4A69,
    0x4A69, 0x4A69, 0x4A69, 0x4A69, 0x4A69, 0x4A69, 0x4A69, 0x4A69, 0x4A69, 0x4A69, 0x4A69, 0x4A69,
    0x4A69, 0x4A69, 0x4A69, 0x4A69, 0x4A69, 0x4A69, 0x4A69, 0x4A69, 0x4A69, 0x4A69, 0x4A69, 0x4A69,
    0x4A69, 0x4A69, 0x4A69, 0x4A69, 0x4A69, 0x4A69, 0x4A69, 0x4A69, 0x4A69, 0x4A69, 0x4A69, 0x4A69,
    0x4A69, 0x4A69, 0x4A69, 0x4A69, 0x4A69, 0x4A69, 0x4A69, 0x4A69, 0x4A69, 0x4A69, 0x4A69, 0x4A69,
    0x4A69, 0x4A69, 0x4A69, 0x4A69, 0x4A69, 0x4A69, 0x4A69, 0x4A69, 0x4A69, 0x4A69, 0x4A69, 0x4A69,
    0x4A69, 0x4A69, 0x4A69, 0x4A69, 0x4A69, 0x4A69, 0x4A69, 0x4A69, 0x4A69, 0x4A69, 0x4A69, 0x4A69,
    0x4A69, 0x4A69, 0x4A69, 0x4A69, 0x4A69, 0x4A69, 0x4A69, 0x4A69, 0xEDC0, 0xEDC0, 0xEDC0, 0xEDC0,
    0xEDC0, 0xEDC0, 0xEDC0, 0xEDC0, 0x4A69, 0x4A69, 0x4A69, 0x4A69, 0x4A69, 0x4A69, 0x4A69, 0x4A69,
    0x4A69, 0x4A69, 0x4A69, 0x4A69, 0x4A69, 0x4A69, 0x4A69, 0x4A69, 0x4A69, 0x4A69, 0x4A69, 0x4A69,
    0x4A69, 0x4A69, 0x4A69, 0x4A69, 0x4A69, 0x4A69, 0x4A69, 0x4A69, 0x4A69, 0x4A69, 0x4A69, 0x4A69,
    0x4A69, 0x4A69, 0x4A69, 0x4A69, 0x4A69, 0x4A69, 0x4A69, 0x4A69, 0x4A69, 0x4A69, 0x4A69, 0x4A69,
    0x4A69, 0x4A69, 0x4A69, 0x4A69, 0x4A69, 0x4A69, 0x4A69, 0x4A69, 0x4A69, 0x4A69, 0x4A69, 0x4A69,
    0x4A69, 0x4A69, 0x4A69, 0x4A69, 0x4A69, 0x4A69, 0x4A69, 0x4A69, 0x4A69, 0x4A69, 0x4A69, 0x4A69,
    0x4A69, 0x4A69, 0x4A69, 0x4A69, 0x4A69, 0x4A69, 0x4A69, 0x4A69, 0x4A69, 0x4A69, 0x4A69, 0x4A69,
    0x4A69, 0x4A69, 0x4A69, 0x4A69, 0x4A69, 0x4A69, 0x4A69, 0x4A69, 0x4A69, 0x4A69, 0x4A69, 0x4A69,
    0x4A69, 0x4A69, 0x4A69, 0x4A69, 0x4A69, 0x4A69, 0x4A69, 0x4A69, 0x4A69, 0x4A69, 0x4A69, 0x4A69,
    0x4A69, 0x4A69, 0x4A69, 0x4A69, 0x4A69, 0x4A69, 0x4A69, 0x4A69, 0xEDC0, 0xEDC0, 0xEDC0, 0xEDC0,
    0xEDC0, 0xEDC0, 0xEDC0, 0xEDC0, 0x4A69, 0x4A69, 0x4A69, 0x4A69, 0x4A69, 0x4A69, 0x4A69, 0x4A69,
    0x4A69, 0x4A69, 0x4A69, 0x4A69, 0x4A69, 0x4A69, 0x4A69, 0x4A69, 0x4A69, 0x4A69, 0x4A69, 0x4A69,
    0x4A69, 0x4A69, 0x4A69, 0x4A69, 0x4A69, 0x4A69, 0x4A69, 0x4A69, 0x4A69, 0x4A69, 0x4A69, 0x4A69,
    0x4A69, 0x4A69, 0x4A69, 0x4A69, 0x4A69, 0x4A69, 0x4A69, 0x4A69, 0x4A69, 0x4A69, 0x4A69, 0x4A69,
    0x4A69, 0x4A69, 0x4A69, 0x4A69, 0x4A69, 0x4A69, 0x4A69, 0x4A69, 0x4A69, 0x4A69, 0x4A69, 0x4A69,
    0x4A69, 0x4A69, 0x4A69, 0x4A69, 0x4A69, 0x4A69, 0x4A69, 0x4A69, 0x4A69, 0x4A69, 0x4A69, 0x4A69,
    0x4A69, 0x4A69, 0x4A69, 0x4A69, 0x4A69, 0x4A69, 0x4A69, 0x4A69, 0x4A69, 0x4A69, 0x4A69, 0x4A69,
    0x4A69, 0x4A69, 0x4A69, 0x4A69, 0x4A69, 0x4A69, 0x4A69, 0x4A69, 0x4A69, 0x4A69, 0x4A69, 0x4A69,
    0x4A69, 0x4A69, 0x4A69, 0x4A69, 0x4A69, 0x4A69, 0x4A69, 0x4A69, 0x4A69, 0x4A69, 0x4A69, 0x4A69,
    0x4A69, 0x4A69, 0x4A69, 0x4A69, 0x4A69, 0x4A69, 0x4A69, 0x4A69, 0xEDC0, 0xEDC0, 0xEDC0, 0xEDC0,
    0xEDC0, 0xEDC0, 0xEDC0, 0xEDC0, 0x4A69, 0x4A69, 0x4A69, 0x4A69, 0x4A69, 0x4A69, 0x4A69, 0x4A69,
    0x4A69, 0x4A69, 0x4A69, 0x4A69, 0x4A69, 0x4A69, 0x4A69, 0x4A69, 0x4A69, 0x4A69, 0x4A69, 0x4A69,
    0x4A69, 0x4A69, 0x4A69, 0x4A69, 0x4A69, 0x4A69, 0x4A69, 0x4A69, 0x4A69, 0x4A69, 0x4A69, 0x4A69,
    0x4A69, 0x4A69, 0x4A69, 0x4A69, 0x4A69, 0x4A69, 0x4A69, 0x4A69, 0x4A69, 0x4A69, 0x4A69, 0x4A69,
    0x4A69, 0x4A69, 0x4A69, 0x4A69, 0x4A69, 0x4A69, 0x4A69, 0x4A69, 0x4A69, 0x4A69, 0x4A69, 0x4A69,
    0x4A69, 0x4A69, 0x4A69, 0x4A69, 0x4A69, 0x4A69, 0x4A69, 0x4A69, 0x4A69, 0x4A69, 0x4A69, 0x4A69,
    0x4A69, 0x4A69, 0x4A69, 0x4A69, 0x4A69, 0x4A69, 0x4A69, 0x4A69, 0x4A69, 0x4A69, 0x4A69, 0x4A69,
    0x4A69, 0x4A69, 0x4A69, 0x4A69, 0x4A69, 0x4A69, 0x4A69, 0x4A69, 0x4A69, 0x4A69, 0x4A69, 0x4A69,
    0x4A69, 0x4A69, 0x4A69, 0x4A69, 0x4A69, 0x4A69, 0x4A69, 0x4A69, 0x4A69, 0x4A69, 0x4A69, 0x4A69,
    0x4A69, 0x4A69, 0x4A69, 0x4A69, 0x4A69, 0x4A69, 0x4A69, 0x4A69, 0xEDC0, 0xEDC0, 0xEDC0, 0xEDC0,
    0xEDC0, 0xEDC0, 0xEDC0, 0xEDC0, 0x4A69, 0x4A69, 0x4A69, 0x4A69, 0x4A69, 0x4A69, 0x4A69, 0x4A69,
    0x4A69, 0x4A69, 0x4A69, 0x4A69, 0x4A69, 0x4A69, 0x4A69, 0x4A69, 0x4A69, 0x4A69, 0x4A69, 0x4A69,
    0x4A69, 0x4A69, 0x4A69, 0x4A69, 0x4A69, 0x4A69, 0x4A69, 0x4A69, 0x4A69, 0x4A69, 0x4A69, 0x4A69,
    0x4A69, 0x4A69, 0x4A69, 0x4A69, 0x4A69, 0x4A69, 0x4A69, 0x4A69, 0x4A69, 0x4A69, 0x4A69, 0x4A69,
    0x4A69, 0x4A69, 0x4A69, 0x4A69, 0x4A69, 0x4A69, 0x4A69, 0x4A69, 0x4A69, 0x4A69, 0x4A69, 0x4A69,
    0x4A69, 0x4A69, 0x4A69, 0x4A69, 0x4A69, 0x4A69, 0x4A69, 0x4A69, 0x4A69, 0x4A69, 0x4A69, 0x4A69,
    0x4A69, 0x4A69, 0x4A69, 0x4A69, 0x4A69, 0x4A69, 0x4A69, 0x4A69, 0x4A69, 0x4A69, 0x4A69, 0x4A69,
    0x4A69, 0x4A69, 0x4A69, 0x4A69, 0x4A69, 0x4A69, 0x4A69, 0x4A69, 0x4A69, 0x4A69, 0x4A69, 0x4A69,
    0x4A69, 0x4A69, 0x4A69, 0x4A69, 0x4A69, 0x4A69, 0x4A69, 0x4A69, 0x4A69, 0x4A69, 0x4A69, 0x4A69,
    0x4A69, 0x4A69, 0x4A69, 0x4A69, 0x4A69, 0x4A69, 0x4A69, 0x4A69, 0xEDC0, 0xEDC0, 0xEDC0, 0xEDC0,
    0xEDC0, 0xEDC0, 0xEDC0, 0xEDC0, 0x4A69, 0x4A69, 0x4A69, 0x4A69, 0x4A69, 0x4A69, 0x4A69, 0x4A69,
    0x4A69, 0x4A69, 0x4A69, 0x4A69, 0x4A69, 0x4A69, 0x4A69, 0x4A69, 0x4A69, 0x4A69, 0x4A69, 0x4A69,
    0x4A69, 0x4A69, 0x4A69, 0x4A69, 0x4A69, 0x4A69, 0x4A69, 0x4A69, 0x4A69, 0x4A69, 0x4A69, 0x4A69,
    0x4A69, 0x4A69, 0x4A69, 0x4A69, 0x4A69, 0x4A69, 0x4A69, 0x4A69, 0x4A69, 0x4A69, 0x4A69, 0x4A69,
    0x4A69, 0x4A69, 0x4A69, 0x4A69, 0x4A69, 0x4A69, 0x4A69, 0x4A69, 0x4A69, 0x4A69, 0x4A69, 0x4A69,
    0x4A69, 0x4A69, 0x4A69, 0x4A69, 0x4A69, 0x4A69, 0x4A69, 0x4A69, 0x4A69, 0x4A69, 0x4A69, 0x4A69,
    0x4A69, 0x4A69, 0x4A69, 0x4A69, 0x4A69, 0x4A69, 0x4A69, 0x4A69, 0x4A69, 0x4A69, 0x4A69, 0x4A69,
    0x4A69, 0x4A69, 0x4A69, 0x4A69, 0x4A69, 0x4A69, 0x4A69, 0x4A69, 0x4A69, 0x4A69, 0x4A69, 0x4A69,
    0x4A69, 0x4A69, 0x4A69, 0x4A69, 0x4A69, 0x4A69, 0x4A69, 0x4A69, 0x4A69, 0x4A69, 0x4A69, 0x4A69,
    0x4A69, 0x4A69, 0x4A69, 0x4A69, 0x4A69, 0x4A69, 0x4A69, 0x4A69, 0xEDC0, 0xEDC0, 0xEDC0, 0xEDC0,
    0xEDC0, 0xEDC0, 0xEDC0, 0xEDC0, 0x4A69, 0x4A69, 0x4A69, 0x4A69, 0x4A69, 0x4A69, 0x4A69, 0x4A69,
    0x4A69, 0x4A69, 0x4A69, 0x4A69, 0x4A69, 0x4A69, 0x4A69, 0x4A69, 0x4A69, 0x4A69, 0x4A69, 0x4A69,
    0x4A69, 0x4A69, 0x4A69, 0x4A69, 0x4A69, 0x4A69, 0x4A69, 0x4A69, 0x4A69, 0x4A69, 0x4A69, 0x4A69,
    0x4A69, 0x4A69, 0x4A69, 0x4A69, 0x4A69, 0x4A69, 0x4A69, 0x4A69, 0x4A69, 0x4A69, 0x4A69, 0x4A69,
    0x4A69, 0x4A69, 0x4A69, 0x4A69, 0x4A69, 0x4A69, 0x4A69, 0x4A69, 0x4A69, 0x4A69, 0x4A69, 0x4A69,
    0x4A69, 0x4A69, 0x4A69, 0x4A69, 0x4A69, 0x4A69, 0x4A69, 0x4A69, 0x4A69, 0x4A69, 0x4A69, 0x4A69,
    0x4A69, 0x4A69, 0x4A69, 0x4A69, 0x4A69, 0x4A69, 0x4A69, 0x4A69, 0x4A69, 0x4A69, 0x4A69, 0x4A69,
    0x4A69, 0x4A69, 0x4A69, 0x4A69, 0x4A69, 0x4A69, 0x4A69, 0x4A69, 0x4A69, 0x4A69, 0x4A69, 0x4A69,
    0x4A69, 0x4A69, 0x4A69, 0x4A69, 0x4A69, 0x4A69, 0x4A69, 0x4A69, 0x4A69, 0x4A69, 0x4A69, 0x4A69,
    0x4A69, 0x4A69, 0x4A69, 0x4A69, 0x4A69, 0x4A69, 0x4A69, 0x4A69, 0xEDC0, 0xEDC0, 0xEDC0, 0xEDC0,
    0xEDC0, 0xEDC0, 0xEDC0, 0xEDC0, 0x4A69, 0x4A69, 0x4A69, 0x4A69, 0x4A69, 0x4A69, 0x4A69, 0x4A69,
    0x4A69, 0x4A69, 0x4A69, 0x4A69, 0x4A69, 0x4A69, 0x4A69, 0x4A69, 0x4A69, 0x4A69, 0x4A69, 0x4A69,
    0x4A69, 0x4A69, 0x4A69, 0x4A69, 0x4A69, 0x4A69, 0x4A69, 0x4A69, 0x4A69, 0x4A69, 0x4A69, 0x4A69,
    0x4A69, 0x4A69, 0x4A69, 0x4A69, 0x4A69, 0x4A69, 0x4A69, 0x4A69, 0x4A69, 0x4A69, 0x4A69, 0x4A69,
    0x4A69, 0x4A69, 0x4A69, 0x4A69, 0x4A69, 0x4A69, 0x4A69, 0x4A69, 0x4A69, 0x4A69, 0x4A69, 0x4A69,
    0x4A69, 0x4A69, 0x4A69, 0x4A69, 0x4A69, 0x4A69, 0x4A69, 0x4A69, 0x4A69, 0x4A69, 0x4A69, 0x4A69,
    0x4A69, 0x4A69, 0x4A69, 0x4A69, 0x4A69, 0x4A69, 0x4A69, 0x4A69, 0x4A69, 0x4A69, 0x4A69, 0x4A69,
    0x4A69, 0x4A69, 0x4A69, 0x4A69, 0x4A69, 0x4A69, 0x4A69, 0x4A69, 0x4A69, 0x4A69, 0x4A69, 0x4A69,
    0x4A69, 0x4A69, 0x4A69, 0x4A69, 0x4A69, 0x4A69, 0x4A69, 0x4A69, 0x4A69, 0x4A69, 0x4A69, 0x4A69,
    0x4A69, 0x4A69, 0x4A69, 0x4A69, 0x4A69, 0x4A69, 0x4A69, 0x4A69, 0xEDC0, 0xEDC0, 0xEDC0, 0xEDC0,
    0xEDC0, 0xEDC0, 0xEDC0, 0xEDC0, 0x4A69, 0x4A69, 0x4A69, 0x4A69, 0x4A69, 0x4A69, 0x4A69, 0x4A69,
    0x4A69, 0x4A69, 0x4A69, 0x4A69, 0x4A69, 0x4A69, 0x4A69, 0x4A69, 0x4A69, 0x4A69, 0x4A69, 0x4A69,
    0x4A69, 0x4A69, 0x4A69, 0x4A69, 0x4A69, 0x4A69, 0x4A69, 0x4A69, 0x4A69, 0x4A69, 0x4A69, 0x4A69,
    0x4A69, 0x4A69, 0x4A69, 0x4A69, 0x4A69, 0x4A69, 0x4A69, 0x4A69, 0x4A69, 0x4A69, 0x4A69, 0x4A69,
    0x4A69, 0x4A69, 0x4A69, 0x4A69, 0x4A69, 0x4A69, 0x4A69, 0x4A69, 0x4A69, 0x4A69, 0x4A69, 0x4A69,
    0x4A69, 0x4A69, 0x4A69, 0x4A69, 0x4A69, 0x4A69, 0x4A69, 0x4A69, 0x4A69, 0x4A69, 0x4A69, 0x4A69,
    0x4A69, 0x4A69, 0x4A69, 0x4A69, 0x4A69, 0x4A69, 0x4A69, 0x4A69, 0x4A69, 0x4A69, 0x4A69, 0x4A69,
    0x4A69, 0x4A69, 0x4A69, 0x4A69, 0x4A69, 0x4A69, 0x4A69, 0x4A69, 0x4A69, 0x4A69, 0x4A69, 0x4A69,
    0x4A69, 0x4A69, 0x4A69, 0x4A69, 0x4A69, 0x4A69, 0x4A69, 0x4A69, 0x4A69, 0x4A69, 0x4A69, 0x4A69,
    0x4A69, 0x4A69, 0x4A69, 0x4A69, 0x4A69, 0x4A69, 0x4A69, 0x4A69, 0xEDC0, 0xEDC0, 0xEDC0, 0xEDC0,
    0xEDC0, 0xEDC0, 0xEDC0, 0xEDC0, 0x4A69, 0x4A69, 0x4A69, 0x4A69, 0x4A69, 0x4A69, 0x4A69, 0x4A69,
    0x4A69, 0x4A69, 0x4A69, 0x4A69, 0x4A69, 0x4A69, 0x4A69, 0x4A69, 0x4A69, 0x4A69, 0x4A69, 0x4A69,
    0x4A69, 0x4A69, 0x4A69, 0x4A69, 0x4A69, 0x4A69, 0x4A69, 0x4A69, 0x4A69, 0x4A69, 0x4A69, 0x4A69,
    0x4A69, 0x4A69, 0x4A69, 0x4A69, 0x4A69, 0x4A69, 0x4A69, 0x4A69, 0x4A69, 0x4A69, 0x4A69, 0x4A69,
    0x4A69, 0x4A69, 0x4A69, 0x4A69, 0x4A69, 0x4A69, 0x4A69, 0x4A69, 0x4A69, 0x4A69, 0x4A69, 0x4A69,
    0x4A69, 0x4A69, 0x4A69, 0x4A69, 0x4A69, 0x4A69, 0x4A69, 0x4A69, 0x4A69, 0x4A69, 0x4A69, 0x4A69,
    0x4A69, 0x4A69, 0x4A69, 0x4A69, 0x4A69, 0x4A69, 0x4A69, 0x4A69, 0x4A69, 0x4A69, 0x4A69, 0x4A69,
    0x4A69, 0x4A69, 0x4A69, 0x4A69, 0x4A69, 0x4A69, 0x4A69, 0x4A69, 0x4A69, 0x4A69, 0x4A69, 0x4A69,
    0x4A69, 0x4A69, 0x4A69, 0x4A69, 0x4A69, 0x4A69, 0x4A69, 0x4A69, 0x4A69, 0x4A69, 0x4A69, 0x4A69,
    0x4A69, 0x4A69, 0x4A69, 0x4A69, 0x4A69, 0x4A69, 0x4A69, 0x4A69, 0xEDC0, 0xEDC0, 0xEDC0, 0xEDC0,
    0xEDC0, 0xEDC0, 0xEDC0, 0xEDC0, 0x4A69, 0x4A69, 0x4A69, 0x4A69, 0x4A69, 0x4A69, 0x4A69, 0x4A69,
    0x4A69, 0x4A69, 0x4A69, 0x4A69, 0x4A69, 0x4A69, 0x4A69, 0x4A69, 0x4A69, 0x4A69, 0x4A69, 0x4A69,
    0x4A69, 0x4A69, 0x4A69, 0x4A69, 0x4A69, 0x4A69, 0x4A69, 0x4A69, 0x4A69, 0x4A69, 0x4A69, 0x4A69,
    0x4A69, 0x4A69, 0x4A69, 0x4A69, 0x4A69, 0x4A69, 0x4A69, 0x4A69, 0x4A69, 0x4A69, 0x4A69, 0x4A69,
    0x4A69, 0x4A69, 0x4A69, 0x4A69, 0x4A69, 0x4A69, 0x4A69, 0x4A69, 0x4A69, 0x4A69, 0x4A69, 0x4A69,
    0x4A69, 0x4A69, 0x4A69, 0x4A69, 0x4A69, 0x4A69, 0x4A69, 0x4A69, 0x4A69, 0x4A69, 0x4A69, 0x4A69,
    0x4A69, 0x4A69, 0x4A69, 0x4A69, 0x4A69, 0x4A69, 0x4A69, 0x4A69, 0x4A69, 0x4A69, 0x4A69, 0x4A69,
    0x4A69, 0x4A69, 0x4A69, 0x4A69, 0x4A69, 0x4A69, 0x4A69, 0x4A69, 0x4A69, 0x4A69, 0x4A69, 0x4A69,
    0x4A69, 0x4A69, 0x4A69, 0x4A69, 0x4A69, 0x4A69, 0x4A69, 0x4A69, 0x4A69, 0x4A69, 0x4A69, 0x4A69,
    0x4A69, 0x4A69, 0x4A69, 0x4A69, 0x4A69, 0x4A69, 0x4A69, 0x4A69, 0xEDC0, 0xEDC0, 0xEDC0, 0xEDC0,
    0xEDC0, 0xEDC0, 0xEDC0, 0xEDC0, 0x4A69, 0x4A69, 0x4A69, 0x4A69, 0x4A69, 0x4A69, 0x4A69, 0x4A69,
    0x4A69, 0x4A69, 0x4A69, 0x4A69, 0x4A69, 0x4A69, 0x4A69, 0x4A69, 0x4A69, 0x4A69, 0x4A69, 0x4A69,
    0x4A69, 0x4A69, 0x4A69, 0x4A69, 0x4A69, 0x4A69, 0x4A69, 0x4A69, 0x4A69, 0x4A69, 0x4A69, 0x4A69,
    0x4A69, 0x4A69, 0x4A69, 0x4A69, 0x4A69, 0x4A69, 0x4A69, 0x4A69, 0x4A69, 0x4A69, 0x4A69, 0x4A69,
    0x4A69, 0x4A69, 0x4A69, 0x4A69, 0x4A69, 0x4A69, 0x4A69, 0x4A69, 0x4A69, 0x4A69, 0x4A69, 0x4A69,
    0x4A69, 0x4A69, 0x4A69, 0x4A69, 0x4A69, 0x4A69, 0x4A69, 0x4A69, 0x4A69, 0x4A69, 0x4A69, 0x4A69,
    0x4A69, 0x4A69, 0x4A69, 0x4A69, 0x4A69, 0x4A69, 0x4A69, 0x4A69, 0x4A69, 0x4A69, 0x4A69, 0x4A69,
    0x4A69, 0x4A69, 0x4A69, 0x4A69, 0x4A69, 0x4A69, 0x4A69, 0x4A69, 0x4A69, 0x4A69, 0x4A69, 0x4A69,
    0x4A69, 0x4A69, 0x4A69, 0x4A69, 0x4A69, 0x4A69, 0x4A69, 0x4A69, 0x4A69, 0x4A69, 0x4A69, 0x4A69,
    0x4A69, 0x4A69, 0x4A69, 0x4A69, 0x4A69, 0x4A69, 0x4A69, 0x4A69, 0xEDC0, 0xEDC0, 0xEDC0, 0xEDC0,
    0xEDC0, 0xEDC0, 0xEDC0, 0xEDC0, 0x4A69, 0x4A69, 0x4A69, 0x4A69, 0x4A69, 0x4A69, 0x4A69, 0x4A69,
    0x4A69, 0x4A69, 0x4A69, 0x4A69, 0x4A69, 0x4A69, 0x4A69, 0x4A69, 0x4A69, 0x4A69, 0x4A69, 0x4A69,
    0x4A69, 0x4A69, 0x4A69, 0x4A69, 0x4A69, 0x4A69, 0x4A69, 0x4A69, 0x4A69, 0x4A69, 0x4A69, 0x4A69,
    0x4A69, 0x4A69, 0x4A69, 0x4A69, 0x4A69, 0x4A69, 0x4A69, 0x4A69, 0x4A69, 0x4A69, 0x4A69, 0x4A69,
    0x4A69, 0x4A69, 0x4A69, 0x4A69, 0x4A69, 0x4A69, 0x4A69, 0x4A69, 0x4A69, 0x4A69, 0x4A69, 0x4A69,
    0x4A69, 0x4A69, 0x4A69, 0x4A69, 0x4A69, 0x4A69, 0x4A69, 0x4A69, 0x4A69, 0x4A69, 0x4A69, 0x4A69,
    0x4A69, 0x4A69, 0x4A69, 0x4A69, 0x4A69, 0x4A69, 0x4A69, 0x4A69, 0x4A69, 0x4A69, 0x4A69, 0x4A69,
    0x4A69, 0x4A69, 0x4A69, 0x4A69, 0x4A69, 0x4A69, 0x4A69, 0x4A69, 0x4A69, 0x4A69, 0x4A69, 0x4A69,
    0x4A69, 0x4A69, 0x4A69, 0x4A69, 0x4A69, 0x4A69, 0x4A69, 0x4A69, 0x4A69, 0x4A69, 0x4A69, 0x4A69,
    0x4A69, 0x4A69, 0x4A69, 0x4A69, 0x4A69, 0x4A69, 0x4A69, 0x4A69, 0xEDC0, 0xEDC0, 0xEDC0, 0xEDC0,
    0xEDC0, 0xEDC0, 0xEDC0, 0xEDC0, 0x4A69, 0x4A69, 0x4A69, 0x4A69, 0x4A69, 0x4A69, 0x4A69, 0x4A69,
    0x4A69, 0x4A69, 0x4A69, 0x4A69, 0x4A69, 0x4A69, 0x4A69, 0x4A69, 0x4A69, 0x4A69, 0x4A69, 0x4A69,
    0x4A69, 0x4A69, 0x8386, 0xEDC0, 0x7327, 0x4A69, 0x4A69, 0x7B66, 0xEDC0, 0x7347, 0x8BA5, 0xD521,
    0xE5A0, 0xDD80, 0xB4A3, 0x5AA8, 0x4A69, 0x7347, 0xEDC0, 0xEDC0, 0xEDC0, 0xE5A0, 0xCD21, 0x7B66,
    0x4A69, 0x4A69, 0x4A69, 0x4A69, 0x4A69, 0x4A69, 0x4A69, 0x4A69, 0x4A69, 0x4A69, 0x4A69, 0x4A69,
    0x4A69, 0x4A69, 0x7347, 0xEDC0, 0xEDC0, 0xEDC0, 0xE580, 0xBCC2, 0x62C8, 0x7347, 0xEDC0, 0x7B86,
    0x7347, 0xEDC0, 0x7B86, 0x4A69, 0x4A69, 0x4A69, 0x4A69, 0x7347, 0xEDC0, 0xEDC0, 0xEDC0, 0xE5A0,
    0xCD21, 0x7B66, 0x4A69, 0x4A69, 0x5AA8, 0xB483, 0xDD80, 0xE5A0, 0xCD21, 0x83A6, 0x4A69, 0x4A69,
    0x83A6, 0xEDC0, 0x7B66, 0x4A69, 0x5289, 0xD561, 0xBCC2, 0x4A69, 0x4A69, 0x4A69, 0x4A69, 0x4A69,
    0x4A69, 0x4A69, 0x4A69, 0x4A69, 0x4A69, 0x4A69, 0x4A69, 0x4A69, 0xEDC0, 0xEDC0, 0xEDC0, 0xEDC0,
    0xEDC0, 0xEDC0, 0xEDC0, 0xEDC0, 0x4A69, 0x4A69, 0x4A69, 0x4A69, 0x4A69, 0x4A69, 0x4A69, 0x4A69,
    0x4A69, 0x4A69, 0x4A69, 0x4A69, 0x4A69, 0x4A69, 0x4A69, 0x4A69, 0x4A69, 0x4A69, 0x4A69, 0x4A69,
    0x4A69, 0x4A69, 0x8386, 0xEDC0, 0x7327, 0x4A69, 0x4A69, 0x7B66, 0xEDC0, 0x8BA5, 0xEDC0, 0xA444,
    0x62E8, 0x7B86, 0xDD80, 0x93E5, 0x4A69, 0x7347, 0xEDC0, 0x93E5, 0x62E7, 0x6B27, 0xCD21, 0xDD80,
    0x4A69, 0x4A69, 0x4A69, 0x4A69, 0x4A69, 0x4A69, 0x4A69, 0x4A69, 0x4A69, 0x4A69, 0x4A69, 0x4A69,
    0x4A69, 0x4A69, 0x7347, 0xEDC0, 0x9C04, 0x7327, 0x8386, 0xDD80, 0xC4E2, 0x7347, 0xEDC0, 0x7B86,
    0x7347, 0xEDC0, 0x7B86, 0x4A69, 0x4A69, 0x4A69, 0x4A69, 0x7347, 0xEDC0, 0x93E5, 0x62E7, 0x6B27,
    0xCD21, 0xDD80, 0x4A69, 0x4A69, 0xCD01, 0xDD80, 0x8BC5, 0x7B66, 0xB4A3, 0xEDC0, 0x8BA5, 0x4A69,
    0x4A69, 0xBCE2, 0xD541, 0x5269, 0xA424, 0xE5A0, 0x62C8, 0x4A69, 0x4A69, 0x4A69, 0x4A69, 0x4A69,
    0x4A69, 0x4A69, 0x4A69, 0x4A69, 0x4A69, 0x4A69, 0x4A69, 0x4A69, 0xEDC0, 0xEDC0, 0xEDC0, 0xEDC0,
    0xEDC0, 0xEDC0, 0xEDC0, 0xEDC0, 0x4A69, 0x4A69, 0x4A69, 0x4A69, 0x4A69, 0x4A69, 0x4A69, 0x4A69,
    0x4A69, 0x4A69, 0x4A69, 0x4A69, 0x4A69, 0x4A69, 0x4A69, 0x4A69, 0x4A69, 0x4A69, 0x4A69, 0x4A69,
    0x4A69, 0x4A69, 0x8386, 0xEDC0, 0x7327, 0x4A69, 0x4A69, 0x7B66, 0xEDC0, 0x93E5, 0xEDC0, 0x93E5,
    0x4A69, 0x4A69, 0x4A69, 0x4A69, 0x4A69, 0x7347, 0xEDC0, 0x7B86, 0x4A69, 0x5289, 0xC4E2, 0xD541,
    0x4A69, 0x4A69, 0x4A69, 0x4A69, 0x4A69, 0x4A69, 0x4A69, 0x4A69, 0x4A69, 0x4A69, 0x4A69, 0x4A69,
    0x4A69, 0x4A69, 0x7347, 0xEDC0, 0x7B86, 0x4A69, 0x4A69, 0xB4A3, 0xDD80, 0x7347, 0xEDC0, 0x7B86,
    0x7347, 0xEDC0, 0x7B86, 0x4A69, 0x4A69, 0x4A69, 0x4A69, 0x7347, 0xEDC0, 0x7B86, 0x4A69, 0x5289,
    0xC4E2, 0xD541, 0x4A69, 0x7B66, 0xEDC0, 0x8386, 0x4A69, 0x4A69, 0x4A69, 0xCD21, 0xD541, 0x4A69,
    0x4A69, 0x62C8, 0xE5A0, 0xAC63, 0xE5A0, 0x9C04, 0x4A69, 0x4A69, 0x4A69, 0x4A69, 0x4A69, 0x4A69,
    0x4A69, 0x4A69, 0x4A69, 0x4A69, 0x4A69, 0x4A69, 0x4A69, 0x4A69, 0xEDC0, 0xEDC0, 0xEDC0, 0xEDC0,
    0xEDC0, 0xEDC0, 0xEDC0, 0xEDC0, 0x4A69, 0x4A69, 0x4A69, 0x4A69, 0x4A69, 0x4A69, 0x4A69, 0x4A69,
    0x4A69, 0x4A69, 0x4A69, 0x4A69, 0x4A69, 0x4A69, 0x4A69, 0x4A69, 0x4A69, 0x4A69, 0x4A69, 0x4A69,
    0x4A69, 0x4A69, 0x8386, 0xEDC0, 0x7327, 0x4A69, 0x4A69, 0x7B66, 0xEDC0, 0x7B46, 0xCD01, 0xEDC0,
    0xD561, 0xB483, 0x7B66, 0x4A69, 0x4A69, 0x7347, 0xEDC0, 0xEDC0, 0xEDC0, 0xEDC0, 0xDD80, 0x7346,
    0x4A69, 0x4A69, 0x4A69, 0x4A69, 0x4A69, 0x4A69, 0x4A69, 0x4A69, 0x4A69, 0x4A69, 0x4A69, 0x4A69,
    0x4A69, 0x4A69, 0x7347, 0xEDC0, 0x93E5, 0x6B27, 0x7B86, 0xDD80, 0xBCC2, 0x7347, 0xEDC0, 0x7B86,
    0x7347, 0xEDC0, 0x7B86, 0x4A69, 0x4A69, 0x4A69, 0x4A69, 0x7347, 0xEDC0, 0xEDC0, 0xEDC0, 0xEDC0,
    0xDD80, 0x7346, 0x4A69, 0x9405, 0xEDC0, 0x5AA8, 0x4A69, 0x4A69, 0x4A69, 0xA444, 0xEDC0, 0x5289,
    0x4A69, 0x4A69, 0x9C04, 0xEDC0, 0xD561, 0x5269, 0x4A69, 0x4A69, 0x4A69, 0x4A69, 0x4A69, 0x4A69,
    0x4A69, 0x4A69, 0x4A69, 0x4A69, 0x4A69, 0x4A69, 0x4A69, 0x4A69, 0xEDC0, 0xEDC0, 0xEDC0, 0xEDC0,
    0xEDC0, 0xEDC0, 0xEDC0, 0xEDC0, 0x4A69, 0x4A69, 0x4A69, 0x4A69, 0x4A69, 0x4A69, 0x4A69, 0x4A69,
    0x4A69, 0x4A69, 0x4A69, 0x4A69, 0x4A69, 0x4A69, 0x4A69, 0x4A69, 0x4A69, 0x4A69, 0x4A69, 0x4A69,
    0x4A69, 0x4A69, 0x8386, 0xEDC0, 0x7327, 0x4A69, 0x4A69, 0x7B66, 0xEDC0, 0x7347, 0x4A69, 0x7B46,
    0xA424, 0xCD21, 0xEDC0, 0x9C24, 0x4A69, 0x7347, 0xEDC0, 0x93E5, 0x62E7, 0x6B07, 0xAC63, 0xE5A0,
    0x62E8, 0x4A69, 0x4A69, 0x4A69, 0x4A69, 0x4A69, 0x4A69, 0x4A69, 0x4A69, 0x4A69, 0x4A69, 0x4A69,
    0x4A69, 0x4A69, 0x7347, 0xEDC0, 0xEDC0, 0xEDC0, 0xE5A0, 0xBCC2, 0x5AC8, 0x7347, 0xEDC0, 0x7B86,
    0x7347, 0xEDC0, 0x7B86, 0x4A69, 0x4A69, 0x4A69, 0x4A69, 0x7347, 0xEDC0, 0x93E5, 0x62E7, 0x6B07,
    0xAC63, 0xE5A0, 0x62E8, 0x9C04, 0xEDC0, 0x5AC8, 0x4A69, 0x4A69, 0x4A69, 0xA444, 0xEDC0, 0x5289,
    0x4A69, 0x4A69, 0xBCC2, 0xE5A0, 0xE5A0, 0x62E8, 0x4A69, 0x4A69, 0x4A69, 0x4A69, 0x4A69, 0x4A69,
    0x4A69, 0x4A69, 0x4A69, 0x4A69, 0x4A69, 0x4A69, 0x4A69, 0x4A69, 0xEDC0, 0xEDC0, 0xEDC0, 0xEDC0,
    0xEDC0, 0xEDC0, 0xEDC0, 0xEDC0, 0x4A69, 0x4A69, 0x4A69, 0x4A69, 0x4A69, 0x4A69, 0x4A69, 0x4A69,
    0x4A69, 0x4A69, 0x4A69, 0x4A69, 0x4A69, 0x4A69, 0x4A69, 0x4A69, 0x4A69, 0x4A69, 0x4A69, 0x4A69,
    0x4A69, 0x4A69, 0x7347, 0xEDC0, 0x8386, 0x4A69, 0x4A69, 0x93C5, 0xEDC0, 0x62E8, 0x4A69, 0x4A69,
    0x4A69, 0x4A69, 0xC4E2, 0xD541, 0x4A69, 0x7347, 0xEDC0, 0x7B86, 0x4A69, 0x4A69, 0x6AE7, 0xEDC0,
    0x8BA5, 0x4A69, 0x4A69, 0x4A69, 0x4A69, 0x4A69, 0x4A69, 0x4A69, 0x4A69, 0x4A69, 0x4A69, 0x4A69,
    0x4A69, 0x4A69, 0x7347, 0xEDC0, 0x7B86, 0x4A69, 0x4A69, 0x4A69, 0x4A69, 0x7347, 0xEDC0, 0x7B86,
    0x7347, 0xEDC0, 0x7B86, 0x4A69, 0x4A69, 0x4A69, 0x4A69, 0x7347, 0xEDC0, 0x7B86, 0x4A69, 0x4A69,
    0x6AE7, 0xEDC0, 0x8BA5, 0x7B66, 0xEDC0, 0x8BA5, 0x4A69, 0x4A69, 0x4A69, 0xCD21, 0xCD21, 0x4A69,
    0x4A69, 0x8386, 0xEDC0, 0x7B66, 0xD541, 0xBCE2, 0x4A69, 0x4A69, 0x4A69, 0x4A69, 0x4A69, 0x4A69,
    0x4A69, 0x4A69, 0x4A69, 0x4A69, 0x4A69, 0x4A69, 0x4A69, 0x4A69, 0xEDC0, 0xEDC0, 0xEDC0, 0xEDC0,
    0xEDC0, 0xEDC0, 0xEDC0, 0xEDC0, 0x4A69, 0x4A69, 0x4A69, 0x4A69, 0x4A69, 0x4A69, 0x4A69, 0x4A69,
    0x4A69, 0x4A69, 0x4A69, 0x4A69, 0x4A69, 0x4A69, 0x4A69, 0x4A69, 0x4A69, 0x4A69, 0x4A69, 0x4A69,
    0x4A69, 0x4A69, 0x5289, 0xDD60, 0xD541, 0x7B66, 0x8386, 0xDD60, 0xCD01, 0x8BC5, 0xDD80, 0x8BC5,
    0x6B07, 0x7B66, 0xDD60, 0xBCA2, 0x4A69, 0x7347, 0xEDC0, 0x93E5, 0x62E7, 0x6B07, 0xAC63, 0xEDC0,
    0x6B27, 0x4A69, 0x4A69, 0x4A69, 0x4A69, 0x4A69, 0x4A69, 0x4A69, 0x4A69, 0x4A69, 0x4A69, 0x4A69,
    0x4A69, 0x4A69, 0x7347, 0xEDC0, 0x7B86, 0x4A69, 0x4A69, 0x4A69, 0x4A69, 0x7347, 0xEDC0, 0x7B86,
    0x7347, 0xEDC0, 0x93E5, 0x6B27, 0x6B27, 0x6B27, 0x5AA8, 0x7347, 0xEDC0, 0x93E5, 0x62E7, 0x6B07,
    0xAC63, 0xEDC0, 0x6B27, 0x4A69, 0xCD21, 0xDD80, 0x93C5, 0x7B66, 0xB4A3, 0xEDC0, 0x8386, 0x4A69,
    0x5288, 0xDD60, 0xB4A3, 0x4A69, 0x7B66, 0xEDC0, 0x8386, 0x4A69, 0x4A69, 0x4A69, 0x4A69, 0x4A69,
    0x4A69, 0x4A69, 0x4A69, 0x4A69, 0x4A69, 0x4A69, 0x4A69, 0x4A69, 0xEDC0, 0xEDC0, 0xEDC0, 0xEDC0,
    0xEDC0, 0xEDC0, 0xEDC0, 0xEDC0, 0x4A69, 0x4A69, 0x4A69, 0x4A69, 0x4A69, 0x4A69, 0x4A69, 0x4A69,
    0x4A69, 0x4A69, 0x4A69, 0x4A69, 0x4A69, 0x4A69, 0x4A69, 0x4A69, 0x4A69, 0x4A69, 0x4A69, 0x4A69,
    0x4A69, 0x4A69, 0x4A69, 0x6B07, 0xC4E2, 0xDD80, 0xDD60, 0xB4A3, 0x5AC8, 0x5289, 0xA444, 0xD561,
    0xE5A0, 0xDD60, 0xB483, 0x5AA8, 0x4A69, 0x7347, 0xEDC0, 0xEDC0, 0xEDC0, 0xE5A0, 0xD541, 0x8BC5,
    0x4A69, 0x4A69, 0x4A69, 0x4A69, 0x4A69, 0x4A69, 0x4A69, 0x4A69, 0x4A69, 0x4A69, 0x4A69, 0x4A69,
    0x4A69, 0x4A69, 0x7347, 0xEDC0, 0x7B86, 0x4A69, 0x4A69, 0x4A69, 0x4A69, 0x7347, 0xEDC0, 0x7B86,
    0x7347, 0xEDC0, 0xEDC0, 0xEDC0, 0xEDC0, 0xEDC0, 0x83A5, 0x7347, 0xEDC0, 0xEDC0, 0xEDC0, 0xE5A0,
    0xD541, 0x8BC5, 0x4A69, 0x4A69, 0x5AA8, 0xAC83, 0xDD80, 0xE5A0, 0xCD01, 0x8386, 0x4A69, 0x4A69,
    0xAC63, 0xE580, 0x5AC8, 0x4A69, 0x4A69, 0xBCC2, 0xD561, 0x5289, 0x4A69, 0x4A69, 0x4A69, 0x4A69,
    0x4A69, 0x4A69, 0x4A69, 0x4A69, 0x4A69, 0x4A69, 0x4A69, 0x4A69, 0xEDC0, 0xEDC0, 0xEDC0, 0xEDC0,
    0xEDC0, 0xEDC0, 0xEDC0, 0xEDC0, 0x4A69, 0x4A69, 0x4A69, 0x4A69, 0x4A69, 0x4A69, 0x4A69, 0x4A69,
    0x4A69, 0x4A69, 0x4A69, 0x4A69, 0x4A69, 0x4A69, 0x4A69, 0x4A69, 0x4A69, 0x4A69, 0x4A69, 0x4A69,
    0x4A69, 0x4A69, 0x4A69, 0x4A69, 0x4A69, 0x4A69, 0x4A69, 0x4A69, 0x4A69, 0x4A69, 0x4A69, 0x4A69,
    0x4A69, 0x4A69, 0x4A69, 0x4A69, 0x4A69, 0x4A69, 0x4A69, 0x4A69, 0x4A69, 0x4A69, 0x4A69, 0x4A69,
    0x4A69, 0x4A69, 0x4A69, 0x4A69, 0x4A69, 0x4A69, 0x4A69, 0x4A69, 0x4A69, 0x4A69, 0x4A69, 0x4A69,
    0x4A69, 0x4A69, 0x4A69, 0x4A69, 0x4A69, 0x4A69, 0x4A69, 0x4A69, 0x4A69, 0x4A69, 0x4A69, 0x4A69,
    0x4A69, 0x4A69, 0x4A69, 0x4A69, 0x4A69, 0x4A69, 0x4A69, 0x4A69, 0x4A69, 0x4A69, 0x4A69, 0x4A69,
    0x4A69, 0x4A69, 0x4A69, 0x4A69, 0x4A69, 0x4A69, 0x4A69, 0x4A69, 0x4A69, 0x4A69, 0x4A69, 0x4A69,
    0x4A69, 0x4A69, 0x4A69, 0x4A69, 0x4A69, 0x4A69, 0x4A69, 0x4A69, 0x4A69, 0x4A69, 0x4A69, 0x4A69,
    0x4A69, 0x4A69, 0x4A69, 0x4A69, 0x4A69, 0x4A69, 0x4A69, 0x4A69, 0xEDC0, 0xEDC0, 0xEDC0, 0xEDC0,
    0xEDC0, 0xEDC0, 0xEDC0, 0xEDC0, 0x4A69, 0x4A69, 0x4A69, 0x4A69, 0x4A69, 0x4A69, 0x4A69, 0x4A69,
    0x4A69, 0x4A69, 0x4A69, 0x4A69, 0x4A69, 0x4A69, 0x4A69, 0x4A69, 0x4A69, 0x4A69, 0x4A69, 0x4A69,
    0x4A69, 0x4A69, 0x4A69, 0x4A69, 0x4A69, 0x4A69, 0x4A69, 0x4A69, 0x4A69, 0x4A69, 0x4A69, 0x4A69,
    0x4A69, 0x4A69, 0x4A69, 0x4A69, 0x4A69, 0x4A69, 0x4A69, 0x4A69, 0x4A69, 0x4A69, 0x4A69, 0x4A69,
    0x4A69, 0x4A69, 0x4A69, 0x4A69, 0x4A69, 0x4A69, 0x4A69, 0x4A69, 0x4A69, 0x4A69, 0x4A69, 0x4A69,
    0x4A69, 0x4A69, 0x4A69, 0x4A69, 0x4A69, 0x4A69, 0x4A69, 0x4A69, 0x4A69, 0x4A69, 0x4A69, 0x4A69,
    0x4A69, 0x4A69, 0x4A69, 0x4A69, 0x4A69, 0x4A69, 0x4A69, 0x4A69, 0x4A69, 0x4A69, 0x4A69, 0x4A69,
    0x4A69, 0x4A69, 0x4A69, 0x4A69, 0x4A69, 0x4A69, 0x4A69, 0x4A69, 0x4A69, 0x4A69, 0x4A69, 0x4A69,
    0x4A69, 0x4A69, 0x4A69, 0x4A69, 0x4A69, 0x4A69, 0x4A69, 0x4A69, 0x4A69, 0x4A69, 0x4A69, 0x4A69,
    0x4A69, 0x4A69, 0x4A69, 0x4A69, 0x4A69, 0x4A69, 0x4A69, 0x4A69, 0xEDC0, 0xEDC0, 0xEDC0, 0xEDC0,
    0xEDC0, 0xEDC0, 0xEDC0, 0xEDC0, 0x4A69, 0x4A69, 0x4A69, 0x4A69, 0x4A69, 0x4A69, 0x4A69, 0x4A69,
    0x4A69, 0x4A69, 0x4A69, 0x4A69, 0x4A69, 0x4A69, 0x4A69, 0x4A69, 0x4A69, 0x4A69, 0x4A69, 0x4A69,
    0x4A69, 0x4A69, 0x4A69, 0x4A69, 0x4A69, 0x4A69, 0x4A69, 0x4A69, 0x4A69, 0x4A69, 0x4A69, 0x4A69,
    0x4A69, 0x4A69, 0x4A69, 0x4A69, 0x4A69, 0x4A69, 0x4A69, 0x4A69, 0x4A69, 0x4A69, 0x4A69, 0x4A69,
    0x4A69, 0x4A69, 0x4A69, 0x4A69, 0x4A69, 0x4A69, 0x4A69, 0x4A69, 0x4A69, 0x4A69, 0x4A69, 0x4A69,
    0x4A69, 0x4A69, 0x4A69, 0x4A69, 0x4A69, 0x4A69, 0x4A69, 0x4A69, 0x4A69, 0x4A69, 0x4A69, 0x4A69,
    0x4A69, 0x4A69, 0x4A69, 0x4A69, 0x4A69, 0x4A69, 0x4A69, 0x4A69, 0x4A69, 0x4A69, 0x4A69, 0x4A69,
    0x4A69, 0x4A69, 0x4A69, 0x4A69, 0x4A69, 0x4A69, 0x4A69, 0x4A69, 0x4A69, 0x4A69, 0x4A69, 0x4A69,
    0x4A69, 0x4A69, 0x4A69, 0x4A69, 0x4A69, 0x4A69, 0x4A69, 0x4A69, 0x4A69, 0x4A69, 0x4A69, 0x4A69,
    0x4A69, 0x4A69, 0x4A69, 0x4A69, 0x4A69, 0x4A69, 0x4A69, 0x4A69, 0xEDC0, 0xEDC0, 0xEDC0, 0xEDC0,
    0xEDC0, 0xEDC0, 0xEDC0, 0xEDC0, 0x4A69, 0x4A69, 0x4A69, 0x4A69, 0x4A69, 0x4A69, 0x4A69, 0x4A69,
    0x4A69, 0x4A69, 0x4A69, 0x4A69, 0x4A69, 0x4A69, 0x4A69, 0x4A69, 0x4A69, 0x4A69, 0x4A69, 0x4A69,
    0x4A69, 0x4A69, 0x4A69, 0x4A69, 0x4A69, 0x4A69, 0x4A69, 0x4A69, 0x4A69, 0x4A69, 0x4A69, 0x4A69,
    0x4A69, 0x4A69, 0x4A69, 0x4A69, 0x4A69, 0x4A69, 0x4A69, 0x4A69, 0x4A69, 0x4A69, 0x4A69, 0x4A69,
    0x4A69, 0x4A69, 0x4A69, 0x4A69, 0x4A69, 0x4A69, 0x4A69, 0x4A69, 0x4A69, 0x4A69, 0x4A69, 0x4A69,
    0x4A69, 0x4A69, 0x4A69, 0x4A69, 0x4A69, 0x4A69, 0x4A69, 0x4A69, 0x4A69, 0x4A69, 0x4A69, 0x4A69,
    0x4A69, 0x4A69, 0x4A69, 0x4A69, 0x4A69, 0x4A69, 0x4A69, 0x4A69, 0x4A69, 0x4A69, 0x4A69, 0x4A69,
    0x4A69, 0x4A69, 0x4A69, 0x4A69, 0x4A69, 0x4A69, 0x4A69, 0x4A69, 0x4A69, 0x4A69, 0x4A69, 0x4A69,
    0x4A69, 0x4A69, 0x4A69, 0x4A69, 0x4A69, 0x4A69, 0x4A69, 0x4A69, 0x4A69, 0x4A69, 0x4A69, 0x4A69,
    0x4A69, 0x4A69, 0x4A69, 0x4A69, 0x4A69, 0x4A69, 0x4A69, 0x4A69, 0xEDC0, 0xEDC0, 0xEDC0, 0xEDC0,
    0xEDC0, 0xEDC0, 0xEDC0, 0xEDC0, 0x4A69, 0x4A69, 0x4A69, 0x4A69, 0x4A69, 0x4A69, 0x4A69, 0x4A69,
    0x4A69, 0x4A69, 0x4A69, 0x4A69, 0x4A69, 0x4A69, 0x4A69, 0x4A69, 0x4A69, 0x4A69, 0x4A69, 0x4A69,
    0x4A69, 0x4A69, 0x4A69, 0x4A69, 0x4A69, 0x4A69, 0x4A69, 0x4A69, 0x4A69, 0x4A69, 0x4A69, 0x4A69,
    0x4A69, 0x4A69, 0x4A69, 0x4A69, 0x4A69, 0x4A69, 0x4A69, 0x4A69, 0x4A69, 0x4A69, 0x4A69, 0x4A69,
    0x4A69, 0x4A69, 0x4A69, 0x4A69, 0x4A69, 0x4A69, 0x4A69, 0x4A69, 0x4A69, 0x4A69, 0x4A69, 0x4A69,
    0x4A69, 0x4A69, 0x4A69, 0x4A69, 0x4A69, 0x4A69, 0x4A69, 0x4A69, 0x4A69, 0x4A69, 0x4A69, 0x4A69,
    0x4A69, 0x4A69, 0x4A69, 0x4A69, 0x4A69, 0x4A69, 0x4A69, 0x4A69, 0x4A69, 0x4A69, 0x4A69, 0x4A69,
    0x4A69, 0x4A69, 0x4A69, 0x4A69, 0x4A69, 0x4A69, 0x4A69, 0x4A69, 0x4A69, 0x4A69, 0x4A69, 0x4A69,
    0x4A69, 0x4A69, 0x4A69, 0x4A69, 0x4A69, 0x4A69, 0x4A69, 0x4A69, 0x4A69, 0x4A69, 0x4A69, 0x4A69,
    0x4A69, 0x4A69, 0x4A69, 0x4A69, 0x4A69, 0x4A69, 0x4A69, 0x4A69, 0xEDC0, 0xEDC0, 0xEDC0, 0xEDC0,
    0xEDC0, 0xEDC0, 0xEDC0, 0xEDC0, 0x4A69, 0x4A69, 0x4A69, 0x4A69, 0x4A69, 0x4A69, 0x4A69, 0x4A69,
    0x4A69, 0x4A69, 0x4A69, 0x4A69, 0x4A69, 0x4A69, 0x4A69, 0x4A69, 0x4A69, 0x4A69, 0x4A69, 0x4A69,
    0x4A69, 0x4A69, 0x4A69, 0x4A69, 0x4A69, 0x4A69, 0x4A69, 0x4A69, 0x4A69, 0x4A69, 0x4A69, 0x4A69,
    0x4A69, 0x4A69, 0x4A69, 0x4A69, 0x4A69, 0x4A69, 0x4A69, 0x4A69, 0x4A69, 0x4A69, 0x4A69, 0x4A69,
    0x4A69, 0x4A69, 0x4A69, 0x4A69, 0x4A69, 0x4A69, 0x4A69, 0x4A69, 0x4A69, 0x4A69, 0x4A69, 0x4A69,
    0x4A69, 0x4A69, 0x4A69, 0x4A69, 0x4A69, 0x4A69, 0x4A69, 0x4A69, 0x4A69, 0x4A69, 0x4A69, 0x4A69,
    0x4A69, 0x4A69, 0x4A69, 0x4A69, 0x4A69, 0x4A69, 0x4A69, 0x4A69, 0x4A69, 0x4A69, 0x4A69, 0x4A69,
    0x4A69, 0x4A69, 0x4A69, 0x4A69, 0x4A69, 0x4A69, 0x4A69, 0x4A69, 0x4A69, 0x4A69, 0x4A69, 0x4A69,
    0x4A69, 0x4A69, 0x4A69, 0x4A69, 0x4A69, 0x4A69, 0x4A69, 0x4A69, 0x4A69, 0x4A69, 0x4A69, 0x4A69,
    0x4A69, 0x4A69, 0x4A69, 0x4A69, 0x4A69, 0x4A69, 0x4A69, 0x4A69, 0xEDC0, 0xEDC0, 0xEDC0, 0xEDC0,
    0xEDC0, 0xEDC0, 0xEDC0, 0xEDC0, 0x4A69, 0x4A69, 0x4A69, 0x4A69, 0x4A69, 0x4A69, 0x4A69, 0x4A69,
    0x4A69, 0x4A69, 0x4A69, 0x4A69, 0x4A69, 0x4A69, 0x4A69, 0x4A69, 0x4A69, 0x4A69, 0x4A69, 0x4A69,
    0x4A69, 0x4A69, 0x4A69, 0x4A69, 0x4A69, 0x4A69, 0x4A69, 0x4A69, 0x4A69, 0x4A69, 0x4A69, 0x4A69,
    0x4A69, 0x4A69, 0x4A69, 0x4A69, 0x4A69, 0x4A69, 0x4A69, 0x4A69, 0x4A69, 0x4A69, 0x4A69, 0x4A69,
    0x4A69, 0x4A69, 0x4A69, 0x4A69, 0x4A69, 0x4A69, 0x4A69, 0x4A69, 0x4A69, 0x4A69, 0x4A69, 0x4A69,
    0x4A69, 0x4A69, 0x4A69, 0x4A69, 0x4A69, 0x4A69, 0x4A69, 0x4A69, 0x4A69, 0x4A69, 0x4A69, 0x4A69,
    0x4A69, 0x4A69, 0x4A69, 0x4A69, 0x4A69, 0x4A69, 0x4A69, 0x4A69, 0x4A69, 0x4A69, 0x4A69, 0x4A69,
    0x4A69, 0x4A69, 0x4A69, 0x4A69, 0x4A69, 0x4A69, 0x4A69, 0x4A69, 0x4A69, 0x4A69, 0x4A69, 0x4A69,
    0x4A69, 0x4A69, 0x4A69, 0x4A69, 0x4A69, 0x4A69, 0x4A69, 0x4A69, 0x4A69, 0x4A69, 0x4A69, 0x4A69,
    0x4A69, 0x4A69, 0x4A69, 0x4A69, 0x4A69, 0x4A69, 0x4A69, 0x4A69, 0xEDC0, 0xEDC0, 0xEDC0, 0xEDC0,
    0xEDC0, 0xEDC0, 0xEDC0, 0xEDC0, 0x4A69, 0x4A69, 0x4A69, 0x4A69, 0x4A69, 0x4A69, 0x4A69, 0x4A69,
    0x4A69, 0x4A69, 0x4A69, 0x4A69, 0x4A69, 0x4A69, 0x4A69, 0x4A69, 0x4A69, 0x4A69, 0x4A69, 0x4A69,
    0x4A69, 0x4A69, 0x4A69, 0x4A69, 0x4A69, 0x4A69, 0x4A69, 0x4A69, 0x4A69, 0x4A69, 0x4A69, 0x4A69,
    0x4A69, 0x4A69, 0x4A69, 0x4A69, 0x4A69, 0x4A69, 0x4A69, 0x4A69, 0x4A69, 0x4A69, 0x4A69, 0x4A69,
    0x4A69, 0x4A69, 0x4A69, 0x4A69, 0x4A69, 0x4A69, 0x4A69, 0x4A69, 0x4A69, 0x4A69, 0x4A69, 0x4A69,
    0x4A69, 0x4A69, 0x4A69, 0x4A69, 0x4A69, 0x4A69, 0x4A69, 0x4A69, 0x4A69, 0x4A69, 0x4A69, 0x4A69,
    0x4A69, 0x4A69, 0x4A69, 0x4A69, 0x4A69, 0x4A69, 0x4A69, 0x4A69, 0x4A69, 0x4A69, 0x4A69, 0x4A69,
    0x4A69, 0x4A69, 0x4A69, 0x4A69, 0x4A69, 0x4A69, 0x4A69, 0x4A69, 0x4A69, 0x4A69, 0x4A69, 0x4A69,
    0x4A69, 0x4A69, 0x4A69, 0x4A69, 0x4A69, 0x4A69, 0x4A69, 0x4A69, 0x4A69, 0x4A69, 0x4A69, 0x4A69,
    0x4A69, 0x4A69, 0x4A69, 0x4A69, 0x4A69, 0x4A69, 0x4A69, 0x4A69, 0xEDC0, 0xEDC0, 0xEDC0, 0xEDC0,
    0xEDC0, 0xEDC0, 0xEDC0, 0xEDC0, 0x4A69, 0x4A69, 0x4A69, 0x4A69, 0x4A69, 0x4A69, 0x4A69, 0x4A69,
    0x4A69, 0x4A69, 0x4A69, 0x4A69, 0x4A69, 0x4A69, 0x4A69, 0x4A69, 0x4A69, 0x4A69, 0x4A69, 0x4A69,
    0x4A69, 0x4A69, 0x4A69, 0x4A69, 0x4A69, 0x4A69, 0x4A69, 0x4A69, 0x4A69, 0x4A69, 0x0861, 0x0861,
    0x0861, 0x0861, 0x0861, 0x0861, 0x0861, 0x4A69, 0x4A69, 0x4A69, 0x4A69, 0x4A69, 0x4A69, 0x4A69,
    0x4A69, 0x4A69, 0x4A69, 0x4A69, 0x4A69, 0x4A69, 0x4A69, 0x4A69, 0x4A69, 0x4A69, 0x4A69, 0x4A69,
    0x4A69, 0x4A69, 0x4A69, 0x4A69, 0x4A69, 0x4A69, 0x4A69, 0x4A69, 0x4A69, 0x4A69, 0x4A69, 0x4A69,
    0x4A69, 0x4A69, 0x4A69, 0x4A69, 0x4A69, 0x4A69, 0x4A69, 0x4A69, 0x0861, 0x0861, 0x0861, 0x0861,
    0x0861, 0x0861, 0x0861, 0x4A69, 0x4A69, 0x4A69, 0x4A69, 0x4A69, 0x4A69, 0x4A69, 0x4A69, 0x4A69,
    0x4A69, 0x4A69, 0x4A69, 0x4A69, 0x4A69, 0x4A69, 0x4A69, 0x4A69, 0x4A69, 0x4A69, 0x4A69, 0x4A69,
    0x4A69, 0x4A69, 0x4A69, 0x4A69, 0x4A69, 0x4A69, 0x4A69, 0x4A69, 0xEDC0, 0xEDC0, 0xEDC0, 0xEDC0,
    0xEDC0, 0xEDC0, 0xEDC0, 0xEDC0, 0x4A69, 0x4A69, 0x4A69, 0x4A69, 0x4A69, 0x4A69, 0x4A69, 0x4A69,
    0x4A69, 0x4A69, 0x4A69, 0x4A69, 0x4A69, 0x4A69, 0x4A69, 0x4A69, 0x4A69, 0x4A69, 0x4A69, 0x4A69,
    0x4A69, 0x4A69, 0x4A69, 0x4A69, 0x4A69, 0x4A69, 0x4A69, 0x4A69, 0x0861, 0x0861, 0x0861, 0x0861,
    0x0861, 0x0861, 0x0861, 0x0861, 0x0861, 0x0861, 0x0861, 0x4A69, 0x4A69, 0x4A69, 0x4A69, 0x4A69,
    0x4A69, 0x4A69, 0x4A69, 0x4A69, 0x4A69, 0x4A69, 0x4A69, 0x4A69, 0x4A69, 0x4A69, 0x4A69, 0x4A69,
    0x4A69, 0x4A69, 0x4A69, 0x4A69, 0x4A69, 0x4A69, 0x4A69, 0x4A69, 0x4A69, 0x4A69, 0x4A69, 0x4A69,
    0x4A69, 0x4A69, 0x4A69, 0x4A69, 0x4A69, 0x4A69, 0x0861, 0x0861, 0x0861, 0x0861, 0x0861, 0x0861,
    0x0861, 0x0861, 0x0861, 0x0861, 0x0861, 0x4A69, 0x4A69, 0x4A69, 0x4A69, 0x4A69, 0x4A69, 0x4A69,
    0x4A69, 0x4A69, 0x4A69, 0x4A69, 0x4A69, 0x4A69, 0x4A69, 0x4A69, 0x4A69, 0x4A69, 0x4A69, 0x4A69,
    0x4A69, 0x4A69, 0x4A69, 0x4A69, 0x4A69, 0x4A69, 0x4A69, 0x4A69, 0xEDC0, 0xEDC0, 0xEDC0, 0xEDC0,
    0xEDC0, 0xEDC0, 0xEDC0, 0xEDC0, 0x4A69, 0x4A69, 0x4A69, 0x4A69, 0x4A69, 0x4A69, 0x4A69, 0x4A69,
    0x4A69, 0x4A69, 0x4A69, 0x4A69, 0x4A69, 0x4A69, 0x4A69, 0x4A69, 0x4A69, 0x4A69, 0x4A69, 0x4A69,
    0x4A69, 0x4A69, 0x4A69, 0x4A69, 0x4A69, 0x4A69, 0x0861, 0x0861, 0x0861, 0x0861, 0x0000, 0x0000,
    0x0000, 0x0000, 0x0000, 0x0000, 0x0000, 0x0861, 0x0861, 0x0861, 0x0861, 0x4A69, 0x4A69, 0x4A69,
    0x4A69, 0x4A69, 0x4A69, 0x4A69, 0x4A69, 0x4A69, 0x4A69, 0x4A69, 0x4A69, 0x4A69, 0x4A69, 0x4A69,
    0x4A69, 0x4A69, 0x4A69, 0x4A69, 0x4A69, 0x4A69, 0x4A69, 0x4A69, 0x4A69, 0x4A69, 0x4A69, 0x4A69,
    0x4A69, 0x4A69, 0x4A69, 0x4A69, 0x0861, 0x0861, 0x0861, 0x0861, 0x0000, 0x0000, 0x0000, 0x0000,
    0x0000, 0x0000, 0x0000, 0x0861, 0x0861, 0x0861, 0x0861, 0x4A69, 0x4A69, 0x4A69, 0x4A69, 0x4A69,
    0x4A69, 0x4A69, 0x4A69, 0x4A69, 0x4A69, 0x4A69, 0x4A69, 0x4A69, 0x4A69, 0x4A69, 0x4A69, 0x4A69,
    0x4A69, 0x4A69, 0x4A69, 0x4A69, 0x4A69, 0x4A69, 0x4A69, 0x4A69, 0xEDC0, 0xEDC0, 0xEDC0, 0xEDC0,
    0xEDC0, 0xEDC0, 0xEDC0, 0xEDC0, 0x4A69, 0x4A69, 0x4A69, 0x4A69, 0x4A69, 0x4A69, 0x4A69, 0x4A69,
    0x4A69, 0x4A69, 0x4A69, 0x4A69, 0x4A69, 0x4A69, 0x4A69, 0x4A69, 0x4A69, 0x4A69, 0x4A69, 0x4A69,
    0x4A69, 0x4A69, 0x4A69, 0x4A69, 0x4A69, 0x0861, 0x0861, 0x0861, 0x0000, 0x0000, 0x0000, 0x0000,
    0x0000, 0x0000, 0x0000, 0x0000, 0x0000, 0x0000, 0x0000, 0x0861, 0x0861, 0x0861, 0x4A69, 0x4A69,
    0x4A69, 0x4A69, 0x4A69, 0x4A69, 0x4A69, 0x4A69, 0x4A69, 0x4A69, 0x4A69, 0x4A69, 0x4A69, 0x4A69,
    0x4A69, 0x4A69, 0x4A69, 0x4A69, 0x4A69, 0x4A69, 0x4A69, 0x4A69, 0x4A69, 0x4A69, 0x4A69, 0x4A69,
    0x4A69, 0x4A69, 0x4A69, 0x0861, 0x0861, 0x0861, 0x0000, 0x0000, 0x0000, 0x0000, 0x0000, 0x0000,
    0x0000, 0x0000, 0x0000, 0x0000, 0x0000, 0x0861, 0x0861, 0x0861, 0x4A69, 0x4A69, 0x4A69, 0x4A69,
    0x4A69, 0x4A69, 0x4A69, 0x4A69, 0x4A69, 0x4A69, 0x4A69, 0x4A69, 0x4A69, 0x4A69, 0x4A69, 0x4A69,
    0x4A69, 0x4A69, 0x4A69, 0x4A69, 0x4A69, 0x4A69, 0x4A69, 0x4A69, 0xEDC0, 0xEDC0, 0xEDC0, 0xEDC0,
    0xEDC0, 0xEDC0, 0xEDC0, 0xEDC0, 0x4A69, 0x4A69, 0x4A69, 0x4A69, 0x4A69, 0x4A69, 0x4A69, 0x4A69,
    0x4A69, 0x4A69, 0x4A69, 0x4A69, 0x4A69, 0x4A69, 0x4A69, 0x4A69, 0x4A69, 0x4A69, 0x4A69, 0x4A69,
    0x4A69, 0x4A69, 0x4A69, 0x4A69, 0x0861, 0x0861, 0x0861, 0x0000, 0x0000, 0x0000, 0x0000, 0x0000,
    0x0000, 0x0000, 0x0000, 0x0000, 0x0000, 0x0000, 0x0000, 0x0000, 0x0861, 0x0861, 0x0861, 0x4A69,
    0x4A69, 0x4A69, 0x4A69, 0x4A69, 0x4A69, 0x4A69, 0x4A69, 0x4A69, 0x4A69, 0x4A69, 0x4A69, 0x4A69,
    0x4A69, 0x4A69, 0x4A69, 0x4A69, 0x4A69, 0x4A69, 0x4A69, 0x4A69, 0x4A69, 0x4A69, 0x4A69, 0x4A69,
    0x4A69, 0x4A69, 0x0861, 0x0861, 0x0861, 0x0000, 0x0000, 0x0000, 0x0000, 0x0000, 0x0000, 0x0000,
    0x0000, 0x0000, 0x0000, 0x0000, 0x0000, 0x0000, 0x0861, 0x0861, 0x0861, 0x4A69, 0x4A69, 0x4A69,
    0x4A69, 0x4A69, 0x4A69, 0x4A69, 0x4A69, 0x4A69, 0x4A69, 0x4A69, 0x4A69, 0x4A69, 0x4A69, 0x4A69,
    0x4A69, 0x4A69, 0x4A69, 0x4A69, 0x4A69, 0x4A69, 0x4A69, 0x4A69, 0xEDC0, 0xEDC0, 0xEDC0, 0xEDC0,
    0xEDC0, 0xEDC0, 0xEDC0, 0xEDC0, 0x4A69, 0x4A69, 0x4A69, 0x4A69, 0x4A69, 0x4A69, 0x4A69, 0x4A69,
    0x4A69, 0x4A69, 0x4A69, 0x4A69, 0x4A69, 0x4A69, 0x4A69, 0x4A69, 0x4A69, 0x4A69, 0x4A69, 0x4A69,
    0x4A69, 0x4A69, 0x4A69, 0x0861, 0x0861, 0x0861, 0x0000, 0x0000, 0x0000, 0x0000, 0x0000, 0x0000,
    0x0000, 0x0000, 0x0000, 0x0000, 0x0000, 0x0000, 0x0000, 0x0000, 0x0000, 0x0861, 0x0861, 0x0861,
    0x4A69, 0x4A69, 0x4A69, 0x4A69, 0x4A69, 0x4A69, 0x4A69, 0x4A69, 0x4A69, 0x4A69, 0x4A69, 0x4A69,
    0x4A69, 0x4A69, 0x4A69, 0x4A69, 0x4A69, 0x4A69, 0x4A69, 0x4A69, 0x4A69, 0x4A69, 0x4A69, 0x4A69,
    0x4A69, 0x0861, 0x0861, 0x0861, 0x0000, 0x0000, 0x0000, 0x0000, 0x0000, 0x0000, 0x0000, 0x0000,
    0x0000, 0x0000, 0x0000, 0x0000, 0x0000, 0x0000, 0x0000, 0x0861, 0x0861, 0x0861, 0x4A69, 0x4A69,
    0x4A69, 0x4A69, 0x4A69, 0x4A69, 0x4A69, 0x4A69, 0x4A69, 0x4A69, 0x4A69, 0x4A69, 0x4A69, 0x4A69,
    0x4A69, 0x4A69, 0x4A69, 0x4A69, 0x4A69, 0x4A69, 0x4A69, 0x4A69, 0xEDC0, 0xEDC0, 0xEDC0, 0xEDC0,
    0xEDC0, 0xEDC0, 0xEDC0, 0xEDC0, 0x4A69, 0x4A69, 0x4A69, 0x4A69, 0x4A69, 0x4A69, 0x4A69, 0x4A69,
    0x4A69, 0x4A69, 0x4A69, 0x4A69, 0x4A69, 0x4A69, 0x4A69, 0x4A69, 0x4A69, 0x4A69, 0x4A69, 0x4A69,
    0x4A69, 0x4A69, 0x4A69, 0x0861, 0x0861, 0x0000, 0x0000, 0x0000, 0x0000, 0x0000, 0x0000, 0x0000,
    0x0000, 0x0000, 0x0000, 0x0000, 0x0000, 0x0000, 0x0000, 0x0000, 0x0000, 0x0000, 0x0861, 0x0861,
    0x4A69, 0x4A69, 0x4A69, 0x4A69, 0x4A69, 0x4A69, 0x4A69, 0x4A69, 0x4A69, 0x4A69, 0x4A69, 0x4A69,
    0x4A69, 0x4A69, 0x4A69, 0x4A69, 0x4A69, 0x4A69, 0x4A69, 0x4A69, 0x4A69, 0x4A69, 0x4A69, 0x4A69,
    0x4A69, 0x0861, 0x0861, 0x0000, 0x0000, 0x0000, 0x0000, 0x0000, 0x0000, 0x0000, 0x0000, 0x0000,
    0x0000, 0x0000, 0x0000, 0x0000, 0x0000, 0x0000, 0x0000, 0x0000, 0x0861, 0x0861, 0x4A69, 0x4A69,
    0x4A69, 0x4A69, 0x4A69, 0x4A69, 0x4A69, 0x4A69, 0x4A69, 0x4A69, 0x4A69, 0x4A69, 0x4A69, 0x4A69,
    0x4A69, 0x4A69, 0x4A69, 0x4A69, 0x4A69, 0x4A69, 0x4A69, 0x4A69, 0xEDC0, 0xEDC0, 0xEDC0, 0xEDC0,
    0xEDC0, 0xEDC0, 0xEDC0, 0xEDC0, 0x4A69, 0x4A69, 0x4A69, 0x4A69, 0x4A69, 0x4A69, 0x4A69, 0x4A69,
    0x4A69, 0x4A69, 0x4A69, 0x4A69, 0x4A69, 0x4A69, 0x4A69, 0x4A69, 0x4A69, 0x4A69, 0x4A69, 0x4A69,
    0x4A69, 0x4A69, 0x0861, 0x0861, 0x0000, 0x0000, 0x0000, 0x0000, 0x0000, 0x0000, 0x0000, 0x0000,
    0x0000, 0x0000, 0x0000, 0x0000, 0x0000, 0x0000, 0x0000, 0x0000, 0x0000, 0x0000, 0x0000, 0x0861,
    0x0861, 0x4A69, 0x4A69, 0x4A69, 0x4A69, 0x4A69, 0x4A69, 0x4A69, 0x4A69, 0x4A69, 0x4A69, 0x4A69,
    0x4A69, 0x4A69, 0x4A69, 0x4A69, 0x4A69, 0x4A69, 0x4A69, 0x4A69, 0x4A69, 0x4A69, 0x4A69, 0x4A69,
    0x0861, 0x0861, 0x0000, 0x0000, 0x0000, 0x0000, 0x0000, 0x0000, 0x0000, 0x0000, 0x0000, 0x0000,
    0x0000, 0x0000, 0x0000, 0x0000, 0x0000, 0x0000, 0x0000, 0x0000, 0x0000, 0x0861, 0x0861, 0x4A69,
    0x4A69, 0x4A69, 0x4A69, 0x4A69, 0x4A69, 0x4A69, 0x4A69, 0x4A69, 0x4A69, 0x4A69, 0x4A69, 0x4A69,
    0x4A69, 0x4A69, 0x4A69, 0x4A69, 0x4A69, 0x4A69, 0x4A69, 0x4A69, 0xEDC0, 0xEDC0, 0xEDC0, 0xEDC0,
    0xEDC0, 0xEDC0, 0xEDC0, 0xEDC0, 0x4A69, 0x4A69, 0x4A69, 0x4A69, 0x4A69, 0x4A69, 0x4A69, 0x4A69,
    0x4A69, 0x4A69, 0x4A69, 0x4A69, 0x4A69, 0x4A69, 0x4A69, 0x4A69, 0x4A69, 0x4A69, 0x4A69, 0x4A69,
    0x4A69, 0x4A69, 0x0861, 0x0861, 0x0000, 0x0000, 0x0000, 0x0000, 0x0000, 0x0000, 0x0000, 0x0000,
    0x0000, 0x0000, 0x0000, 0x0000, 0x0000, 0x0000, 0x0000, 0x0000, 0x0000, 0x0000, 0x0000, 0x0861,
    0x0861, 0x4A69, 0x4A69, 0x4A69, 0x4A69, 0x4A69, 0x4A69, 0x4A69, 0x4A69, 0x4A69, 0x4A69, 0x4A69,
    0x4A69, 0x4A69, 0x4A69, 0x4A69, 0x4A69, 0x4A69, 0x4A69, 0x4A69, 0x4A69, 0x4A69, 0x4A69, 0x4A69,
    0x0861, 0x0861, 0x0000, 0x0000, 0x0000, 0x0000, 0x0000, 0x0000, 0x0000, 0x0000, 0x0000, 0x0000,
    0x0000, 0x0000, 0x0000, 0x0000, 0x0000, 0x0000, 0x0000, 0x0000, 0x0000, 0x0861, 0x0861, 0x4A69,
    0x4A69, 0x4A69, 0x4A69, 0x4A69, 0x4A69, 0x4A69, 0x4A69, 0x4A69, 0x4A69, 0x4A69, 0x4A69, 0x4A69,
    0x4A69, 0x4A69, 0x4A69, 0x4A69, 0x4A69, 0x4A69, 0x4A69, 0x4A69, 0xEDC0, 0xEDC0, 0xEDC0, 0xEDC0,
    0xEDC0, 0xEDC0, 0xEDC0, 0xEDC0, 0x4A69, 0x4A69, 0x4A69, 0x4A69, 0x4A69, 0x4A69, 0x4A69, 0x4A69,
    0x4A69, 0x4A69, 0x4A69, 0x4A69, 0x4A69, 0x4A69, 0x4A69, 0x4A69, 0x4A69, 0x4A69, 0x4A69, 0x4A69,
    0x4A69, 0x0861, 0x0861, 0x0000, 0x0000, 0x0000, 0x0000, 0x0000, 0x0000, 0x0000, 0x0000, 0x0000,
    0x0000, 0x0000, 0x0000, 0x0000, 0x0000, 0x0000, 0x0000, 0x0000, 0x0000, 0x0000, 0x0000, 0x0000,
    0x0861, 0x0861, 0x4A69, 0x4A69, 0x4A69, 0x4A69, 0x4A69, 0x4A69, 0x4A69, 0x4A69, 0x4A69, 0x4A69,
    0x4A69, 0x4A69, 0x4A69, 0x4A69, 0x4A69, 0x4A69, 0x4A69, 0x4A69, 0x4A69, 0x4A69, 0x4A69, 0x0861,
    0x0861, 0x0000, 0x0000, 0x0000, 0x0000, 0x0000, 0x0000, 0x0000, 0x0000, 0x0000, 0x0000, 0x0000,
    0x0000, 0x0000, 0x0000, 0x0000, 0x0000, 0x0000, 0x0000, 0x0000, 0x0000, 0x0000, 0x0861, 0x0861,
    0x4A69, 0x4A69, 0x4A69, 0x4A69, 0x4A69, 0x4A69, 0x4A69, 0x4A69, 0x4A69, 0x4A69, 0x4A69, 0x4A69,
    0x4A69, 0x4A69, 0x4A69, 0x4A69, 0x4A69, 0x4A69, 0x4A69, 0x4A69, 0xEDC0, 0xEDC0, 0xEDC0, 0xEDC0,
    0xEDC0, 0xEDC0, 0xEDC0, 0xEDC0, 0x4A69, 0x4A69, 0x4A69, 0x4A69, 0x4A69, 0x4A69, 0x4A69, 0x4A69,
    0x4A69, 0x4A69, 0x4A69, 0x4A69, 0x4A69, 0x4A69, 0x4A69, 0x4A69, 0x4A69, 0x4A69, 0x4A69, 0x4A69,
    0x4A69, 0x0861, 0x0861, 0x0000, 0x0000, 0x0000, 0x0000, 0x0000, 0x0000, 0x0000, 0x0000, 0x0000,
    0x0000, 0x0000, 0x0000, 0x0000, 0x0000, 0x0000, 0x0000, 0x0000, 0x0000, 0x0000, 0x0000, 0x0000,
    0x0861, 0x0861, 0x4A69, 0x4A69, 0x4A69, 0x4A69, 0x4A69, 0x4A69, 0x4A69, 0x4A69, 0x4A69, 0x4A69,
    0x4A69, 0x4A69, 0x4A69, 0x4A69, 0x4A69, 0x4A69, 0x4A69, 0x4A69, 0x4A69, 0x4A69, 0x4A69, 0x0861,
    0x0861, 0x0000, 0x0000, 0x0000, 0x0000, 0x0000, 0x0000, 0x0000, 0x0000, 0x0000, 0x0000, 0x0000,
    0x0000, 0x0000, 0x0000, 0x0000, 0x0000, 0x0000, 0x0000, 0x0000, 0x0000, 0x0000, 0x0861, 0x0861,
    0x4A69, 0x4A69, 0x4A69, 0x4A69, 0x4A69, 0x4A69, 0x4A69, 0x4A69, 0x4A69, 0x4A69, 0x4A69, 0x4A69,
    0x4A69, 0x4A69, 0x4A69, 0x4A69, 0x4A69, 0x4A69, 0x4A69, 0x4A69, 0xEDC0, 0xEDC0, 0xEDC0, 0xEDC0,
    0xEDC0, 0xEDC0, 0xEDC0, 0xEDC0, 0x4A69, 0x4A69, 0x4A69, 0x4A69, 0x4A69, 0x4A69, 0x4A69, 0x4A69,
    0x4A69, 0x4A69, 0x4A69, 0x4A69, 0x4A69, 0x4A69, 0x4A69, 0x4A69, 0x4A69, 0x4A69, 0x4A69, 0x4A69,
    0x4A69, 0x0861, 0x0861, 0x0000, 0x0000, 0x0000, 0x0000, 0x0000, 0x0000, 0x0000, 0x0000, 0x0000,
    0x0000, 0x0000, 0x0000, 0x0000, 0x0000, 0x0000, 0x0000, 0x0000, 0x0000, 0x0000, 0x0000, 0x0000,
    0x0861, 0x0861, 0x4A69, 0x4A69, 0x4A69, 0x4A69, 0x4A69, 0x4A69, 0x4A69, 0x4A69, 0x4A69, 0x4A69,
    0x4A69, 0x4A69, 0x4A69, 0x4A69, 0x4A69, 0x4A69, 0x4A69, 0x4A69, 0x4A69, 0x4A69, 0x4A69, 0x0861,
    0x0861, 0x0000, 0x0000, 0x0000, 0x0000, 0x0000, 0x0000, 0x0000, 0x0000, 0x0000, 0x0000, 0x0000,
    0x0000, 0x0000, 0x0000, 0x0000, 0x0000, 0x0000, 0x0000, 0x0000, 0x0000, 0x0000, 0x0861, 0x0861,
    0x4A69, 0x4A69, 0x4A69, 0x4A69, 0x4A69, 0x4A69, 0x4A69, 0x4A69, 0x4A69, 0x4A69, 0x4A69, 0x4A69,
    0x4A69, 0x4A69, 0x4A69, 0x4A69, 0x4A69, 0x4A69, 0x4A69, 0x4A69, 0xEDC0, 0xEDC0, 0xEDC0, 0xEDC0,
    0xEDC0, 0xEDC0, 0xEDC0, 0xEDC0, 0x4A69, 0x4A69, 0x4A69, 0x4A69, 0x4A69, 0x4A69, 0x4A69, 0x4A69,
    0x4A69, 0x4A69, 0x4A69, 0x4A69, 0x4A69, 0x4A69, 0x4A69, 0x4A69, 0x4A69, 0x4A69, 0x4A69, 0x4A69,
    0x4A69, 0x0861, 0x0861, 0x0000, 0x0000, 0x0000, 0x0000, 0x0000, 0x0000, 0x0000, 0x0000, 0x0000,
    0x0000, 0x0000, 0x0000, 0x0000, 0x0000, 0x0000, 0x0000, 0x0000, 0x0000, 0x0000, 0x0000, 0x0000,
    0x0861, 0x0861, 0x4A69, 0x4A69, 0x4A69, 0x4A69, 0x4A69, 0x4A69, 0x4A69, 0x4A69, 0x4A69, 0x4A69,
    0x4A69, 0x4A69, 0x4A69, 0x4A69, 0x4A69, 0x4A69, 0x4A69, 0x4A69, 0x4A69, 0x4A69, 0x4A69, 0x0861,
    0x0861, 0x0000, 0x0000, 0x0000, 0x0000, 0x0000, 0x0000, 0x0000, 0x0000, 0x0000, 0x0000, 0x0000,
    0x0000, 0x0000, 0x0000, 0x0000, 0x0000, 0x0000, 0x0000, 0x0000, 0x0000, 0x0000, 0x0861, 0x0861,
    0x4A69, 0x4A69, 0x4A69, 0x4A69, 0x4A69, 0x4A69, 0x4A69, 0x4A69, 0x4A69, 0x4A69, 0x4A69, 0x4A69,
    0x4A69, 0x4A69, 0x4A69, 0x4A69, 0x4A69, 0x4A69, 0x4A69, 0x4A69, 0xEDC0, 0xEDC0, 0xEDC0, 0xEDC0,
    0xEDC0, 0xEDC0, 0xEDC0, 0xEDC0, 0x4A69, 0x4A69, 0x4A69, 0x4A69, 0x4A69, 0x4A69, 0x4A69, 0x4A69,
    0x4A69, 0x4A69, 0x4A69, 0x4A69, 0x4A69, 0x4A69, 0x4A69, 0x4A69, 0x4A69, 0x4A69, 0x4A69, 0x4A69,
    0x4A69, 0x0861, 0x0861, 0x0000, 0x0000, 0x0000, 0x0000, 0x0000, 0x0000, 0x0000, 0x0000, 0x0000,
    0x0000, 0x0000, 0x0000, 0x0000, 0x0000, 0x0000, 0x0000, 0x0000, 0x0000, 0x0000, 0x0000, 0x0000,
    0x0861, 0x0861, 0x4A69, 0x4A69, 0x4A69, 0x4A69, 0x4A69, 0x4A69, 0x4A69, 0x4A69, 0x4A69, 0x4A69,
    0x4A69, 0x4A69, 0x4A69, 0x4A69, 0x4A69, 0x4A69, 0x4A69, 0x4A69, 0x4A69, 0x4A69, 0x4A69, 0x0861,
    0x0861, 0x0000, 0x0000, 0x0000, 0x0000, 0x0000, 0x0000, 0x0000, 0x0000, 0x0000, 0x0000, 0x0000,
    0x0000, 0x0000, 0x0000, 0x0000, 0x0000, 0x0000, 0x0000, 0x0000, 0x0000, 0x0000, 0x0861, 0x0861,
    0x4A69, 0x4A69, 0x4A69, 0x4A69, 0x4A69, 0x4A69, 0x4A69, 0x4A69, 0x4A69, 0x4A69, 0x4A69, 0x4A69,
    0x4A69, 0x4A69, 0x4A69, 0x4A69, 0x4A69, 0x4A69, 0x4A69, 0x4A69, 0xEDC0, 0xEDC0, 0xEDC0, 0xEDC0,
    0xEDC0, 0xEDC0, 0xEDC0, 0xEDC0, 0x4A69, 0x4A69, 0x4A69, 0x4A69, 0x4A69, 0x4A69, 0x4A69, 0x4A69,
    0x4A69, 0x4A69, 0x4A69, 0x4A69, 0x4A69, 0x4A69, 0x4A69, 0x4A69, 0x4A69, 0x4A69, 0x4A69, 0x4A69,
    0x4A69, 0x0861, 0x0861, 0x0000, 0x0000, 0x0000, 0x0000, 0x0000, 0x0000, 0x0000, 0x0000, 0x0000,
    0x0000, 0x0000, 0x0000, 0x0000, 0x0000, 0x0000, 0x0000, 0x0000, 0x0000, 0x0000, 0x0000, 0x0000,
    0x0861, 0x0861, 0x4A69, 0x4A69, 0x4A69, 0x4A69, 0x4A69, 0x4A69, 0x4A69, 0x4A69, 0x4A69, 0x4A69,
    0x4A69, 0x4A69, 0x4A69, 0x4A69, 0x4A69, 0x4A69, 0x4A69, 0x4A69, 0x4A69, 0x4A69, 0x4A69, 0x0861,
    0x0861, 0x0000, 0x0000, 0x0000, 0x0000, 0x0000, 0x0000, 0x0000, 0x0000, 0x0000, 0x0000, 0x0000,
    0x0000, 0x0000, 0x0000, 0x0000, 0x0000, 0x0000, 0x0000, 0x0000, 0x0000, 0x0000, 0x0861, 0x0861,
    0x4A69, 0x4A69, 0x4A69, 0x4A69, 0x4A69, 0x4A69, 0x4A69, 0x4A69, 0x4A69, 0x4A69, 0x4A69, 0x4A69,
    0x4A69, 0x4A69, 0x4A69, 0x4A69, 0x4A69, 0x4A69, 0x4A69, 0x4A69, 0xEDC0, 0xEDC0, 0xEDC0, 0xEDC0,
    0xEDC0, 0xEDC0, 0xEDC0, 0xEDC0, 0x4A69, 0x4A69, 0x4A69, 0x4A69, 0x4A69, 0x4A69, 0x4A69, 0x4A69,
    0x4A69, 0x4A69, 0x4A69, 0x4A69, 0x4A69, 0x4A69, 0x4A69, 0x4A69, 0x4A69, 0x4A69, 0x4A69, 0x4A69,
    0x4A69, 0x0861, 0x0861, 0x0000, 0x0000, 0x0000, 0x0000, 0x0000, 0x0000, 0x0000, 0x0000, 0x0000,
    0x0000, 0x0000, 0x0000, 0x0000, 0x0000, 0x0000, 0x0000, 0x0000, 0x0000, 0x0000, 0x0000, 0x0000,
    0x0861, 0x0861, 0x4A69, 0x4A69, 0x4A69, 0x4A69, 0x4A69, 0x4A69, 0x4A69, 0x4A69, 0x4A69, 0x4A69,
    0x4A69, 0x4A69, 0x4A69, 0x4A69, 0x4A69, 0x4A69, 0x4A69, 0x4A69, 0x4A69, 0x4A69, 0x4A69, 0x0861,
    0x0861, 0x0000, 0x0000, 0x0000, 0x0000, 0x0000, 0x0000, 0x0000, 0x0000, 0x0000, 0x0000, 0x0000,
    0x0000, 0x0000, 0x0000, 0x0000, 0x0000, 0x0000, 0x0000, 0x0000, 0x0000, 0x0000, 0x0861, 0x0861,
    0x4A69, 0x4A69, 0x4A69, 0x4A69, 0x4A69, 0x4A69, 0x4A69, 0x4A69, 0x4A69, 0x4A69, 0x4A69, 0x4A69,
    0x4A69, 0x4A69, 0x4A69, 0x4A69, 0x4A69, 0x4A69, 0x4A69, 0x4A69, 0xEDC0, 0xEDC0, 0xEDC0, 0xEDC0,
    0xEDC0, 0xEDC0, 0xEDC0, 0xEDC0, 0x4A69, 0x4A69, 0x4A69, 0x4A69, 0x4A69, 0x4A69, 0x4A69, 0x4A69,
    0x4A69, 0x4A69, 0x4A69, 0x4A69, 0x4A69, 0x4A69, 0x4A69, 0x4A69, 0x4A69, 0x4A69, 0x4A69, 0x4A69,
    0x4A69, 0x4A69, 0x0861, 0x0861, 0x0000, 0x0000, 0x0000, 0x0000, 0x0000, 0x0000, 0x0000, 0x0000,
    0x0000, 0x0000, 0x0000, 0x0000, 0x0000, 0x0000, 0x0000, 0x0000, 0x0000, 0x0000, 0x0000, 0x0861,
    0x0861, 0x4A69, 0x4A69, 0x4A69, 0x4A69, 0x4A69, 0x4A69, 0x4A69, 0x4A69, 0x4A69, 0x4A69, 0x4A69,
    0x4A69, 0x4A69, 0x4A69, 0x4A69, 0x4A69, 0x4A69, 0x4A69, 0x4A69, 0x4A69, 0x4A69, 0x4A69, 0x4A69,
    0x0861, 0x0861, 0x0000, 0x0000, 0x0000, 0x0000, 0x0000, 0x0000, 0x0000, 0x0000, 0x0000, 0x0000,
    0x0000, 0x0000, 0x0000, 0x0000, 0x0000, 0x0000, 0x0000, 0x0000, 0x0000, 0x0861, 0x0861, 0x4A69,
    0x4A69, 0x4A69, 0x4A69, 0x4A69, 0x4A69, 0x4A69, 0x4A69, 0x4A69, 0x4A69, 0x4A69, 0x4A69, 0x4A69,
    0x4A69, 0x4A69, 0x4A69, 0x4A69, 0x4A69, 0x4A69, 0x4A69, 0x4A69, 0xEDC0, 0xEDC0, 0xEDC0, 0xEDC0,
    0xEDC0, 0xEDC0, 0xEDC0, 0xEDC0, 0x4A69, 0x4A69, 0x4A69, 0x4A69, 0x4A69, 0x4A69, 0x4A69, 0x4A69,
    0x4A69, 0x4A69, 0x4A69, 0x4A69, 0x4A69, 0x4A69, 0x4A69, 0x4A69, 0x4A69, 0x4A69, 0x4A69, 0x4A69,
    0x4A69, 0x4A69, 0x0861, 0x0861, 0x0000, 0x0000, 0x0000, 0x0000, 0x0000, 0x0000, 0x0000, 0x0000,
    0x0000, 0x0000, 0x0000, 0x0000, 0x0000, 0x0000, 0x0000, 0x0000, 0x0000, 0x0000, 0x0000, 0x0861,
    0x0861, 0x4A69, 0x4A69, 0x4A69, 0x4A69, 0x4A69, 0x4A69, 0x4A69, 0x4A69, 0x4A69, 0x4A69, 0x4A69,
    0x4A69, 0x4A69, 0x4A69, 0x4A69, 0x4A69, 0x4A69, 0x4A69, 0x4A69, 0x4A69, 0x4A69, 0x4A69, 0x4A69,
    0x0861, 0x0861, 0x0000, 0x0000, 0x0000, 0x0000, 0x0000, 0x0000, 0x0000, 0x0000, 0x0000, 0x0000,
    0x0000, 0x0000, 0x0000, 0x0000, 0x0000, 0x0000, 0x0000, 0x0000, 0x0000, 0x0861, 0x0861, 0x4A69,
    0x4A69, 0x4A69, 0x4A69, 0x4A69, 0x4A69, 0x4A69, 0x4A69, 0x4A69, 0x4A69, 0x4A69, 0x4A69, 0x4A69,
    0x4A69, 0x4A69, 0x4A69, 0x4A69, 0x4A69, 0x4A69, 0x4A69, 0x4A69, 0xEDC0, 0xEDC0, 0xEDC0, 0xEDC0,
    0xEDC0, 0xEDC0, 0xEDC0, 0xEDC0, 0x4A69, 0x4A69, 0x4A69, 0x4A69, 0x4A69, 0x4A69, 0x4A69, 0x4A69,
    0x4A69, 0x4A69, 0x4A69, 0x4A69, 0x4A69, 0x4A69, 0x4A69, 0x4A69, 0x4A69, 0x4A69, 0x4A69, 0x4A69,
    0x4A69, 0x4A69, 0x4A69, 0x0861, 0x0861, 0x0000, 0x0000, 0x0000, 0x0000, 0x0000, 0x0000, 0x0000,
    0x0000, 0x0000, 0x0000, 0x0000, 0x0000, 0x0000, 0x0000, 0x0000, 0x0000, 0x0000, 0x0861, 0x0861,
    0x4A69, 0x4A69, 0x4A69, 0x4A69, 0x4A69, 0x4A69, 0x4A69, 0x4A69, 0x4A69, 0x4A69, 0x4A69, 0x4A69,
    0x4A69, 0x4A69, 0x4A69, 0x4A69, 0x4A69, 0x4A69, 0x4A69, 0x4A69, 0x4A69, 0x4A69, 0x4A69, 0x4A69,
    0x4A69, 0x0861, 0x0861, 0x0000, 0x0000, 0x0000, 0x0000, 0x0000, 0x0000, 0x0000, 0x0000, 0x0000,
    0x0000, 0x0000, 0x0000, 0x0000, 0x0000, 0x0000, 0x0000, 0x0000, 0x0861, 0x0861, 0x4A69, 0x4A69,
    0x4A69, 0x4A69, 0x4A69, 0x4A69, 0x4A69, 0x4A69, 0x4A69, 0x4A69, 0x4A69, 0x4A69, 0x4A69, 0x4A69,
    0x4A69, 0x4A69, 0x4A69, 0x4A69, 0x4A69, 0x4A69, 0x4A69, 0x4A69, 0xEDC0, 0xEDC0, 0xEDC0, 0xEDC0,
    0xEDC0, 0xEDC0, 0xEDC0, 0xEDC0, 0x4A69, 0x4A69, 0x4A69, 0x4A69, 0x4A69, 0x4A69, 0x4A69, 0x4A69,
    0x4A69, 0x4A69, 0x4A69, 0x4A69, 0x4A69, 0x4A69, 0x4A69, 0x4A69, 0x4A69, 0x4A69, 0x4A69, 0x4A69,
    0x4A69, 0x4A69, 0x4A69, 0x0861, 0x0861, 0x0861, 0x0000, 0x0000, 0x0000, 0x0000, 0x0000, 0x0000,
    0x0000, 0x0000, 0x0000, 0x0000, 0x0000, 0x0000, 0x0000, 0x0000, 0x0000, 0x0861, 0x0861, 0x0861,
    0x4A69, 0x4A69, 0x4A69, 0x4A69, 0x4A69, 0x4A69, 0x4A69, 0x4A69, 0x4A69, 0x4A69, 0x4A69, 0x4A69,
    0x4A69, 0x4A69, 0x4A69, 0x4A69, 0x4A69, 0x4A69, 0x4A69, 0x4A69, 0x4A69, 0x4A69, 0x4A69, 0x4A69,
    0x4A69, 0x0861, 0x0861, 0x0861, 0x0000, 0x0000, 0x0000, 0x0000, 0x0000, 0x0000, 0x0000, 0x0000,
    0x0000, 0x0000, 0x0000, 0x0000, 0x0000, 0x0000, 0x0000, 0x0861, 0x0861, 0x0861, 0x4A69, 0x4A69,
    0x4A69, 0x4A69, 0x4A69, 0x4A69, 0x4A69, 0x4A69, 0x4A69, 0x4A69, 0x4A69, 0x4A69, 0x4A69, 0x4A69,
    0x4A69, 0x4A69, 0x4A69, 0x4A69, 0x4A69, 0x4A69, 0x4A69, 0x4A69, 0xEDC0, 0xEDC0, 0xEDC0, 0xEDC0,
    0xEDC0, 0xEDC0, 0xEDC0, 0xEDC0, 0x4A69, 0x4A69, 0x4A69, 0x4A69, 0x4A69, 0x4A69, 0x4A69, 0x4A69,
    0x4A69, 0x4A69, 0x4A69, 0x4A69, 0x4A69, 0x4A69, 0x4A69, 0x4A69, 0x4A69, 0x4A69, 0x4A69, 0x4A69,
    0x4A69, 0x4A69, 0x4A69, 0x4A69, 0x0861, 0x0861, 0x0861, 0x0000, 0x0000, 0x0000, 0x0000, 0x0000,
    0x0000, 0x0000, 0x0000, 0x0000, 0x0000, 0x0000, 0x0000, 0x0000, 0x0861, 0x0861, 0x0861, 0x4A69,
    0x4A69, 0x4A69, 0x4A69, 0x4A69, 0x4A69, 0x4A69, 0x4A69, 0x4A69, 0x4A69, 0x4A69, 0x4A69, 0x4A69,
    0x4A69, 0x4A69, 0x4A69, 0x4A69, 0x4A69, 0x4A69, 0x4A69, 0x4A69, 0x4A69, 0x4A69, 0x4A69, 0x4A69,
    0x4A69, 0x4A69, 0x0861, 0x0861, 0x0861, 0x0000, 0x0000, 0x0000, 0x0000, 0x0000, 0x0000, 0x0000,
    0x0000, 0x0000, 0x0000, 0x0000, 0x0000, 0x0000, 0x0861, 0x0861, 0x0861, 0x4A69, 0x4A69, 0x4A69,
    0x4A69, 0x4A69, 0x4A69, 0x4A69, 0x4A69, 0x4A69, 0x4A69, 0x4A69, 0x4A69, 0x4A69, 0x4A69, 0x4A69,
    0x4A69, 0x4A69, 0x4A69, 0x4A69, 0x4A69, 0x4A69, 0x4A69, 0x4A69, 0xEDC0, 0xEDC0, 0xEDC0, 0xEDC0,
    0xEDC0, 0xEDC0, 0xEDC0, 0xEDC0, 0x4A69, 0x4A69, 0x4A69, 0x4A69, 0x4A69, 0x4A69, 0x4A69, 0x4A69,
    0x4A69, 0x4A69, 0x4A69, 0x4A69, 0x4A69, 0x4A69, 0x4A69, 0x4A69, 0x4A69, 0x4A69, 0x4A69, 0x4A69,
    0x4A69, 0x4A69, 0x4A69, 0x4A69, 0x4A69, 0x0861, 0x0861, 0x0861, 0x0000, 0x0000, 0x0000, 0x0000,
    0x0000, 0x0000, 0x0000, 0x0000, 0x0000, 0x0000, 0x0000, 0x0861, 0x0861, 0x0861, 0x4A69, 0x4A69,
    0x4A69, 0x4A69, 0x4A69, 0x4A69, 0x4A69, 0x4A69, 0x4A69, 0x4A69, 0x4A69, 0x4A69, 0x4A69, 0x4A69,
    0x4A69, 0x4A69, 0x4A69, 0x4A69, 0x4A69, 0x4A69, 0x4A69, 0x4A69, 0x4A69, 0x4A69, 0x4A69, 0x4A69,
    0x4A69, 0x4A69, 0x4A69, 0x0861, 0x0861, 0x0861, 0x0000, 0x0000, 0x0000, 0x0000, 0x0000, 0x0000,
    0x0000, 0x0000, 0x0000, 0x0000, 0x0000, 0x0861, 0x0861, 0x0861, 0x4A69, 0x4A69, 0x4A69, 0x4A69,
    0x4A69, 0x4A69, 0x4A69, 0x4A69, 0x4A69, 0x4A69, 0x4A69, 0x4A69, 0x4A69, 0x4A69, 0x4A69, 0x4A69,
    0x4A69, 0x4A69, 0x4A69, 0x4A69, 0x4A69, 0x4A69, 0x4A69, 0x4A69, 0xEDC0, 0xEDC0, 0xEDC0, 0xEDC0,
    0xEDC0, 0xEDC0, 0xEDC0, 0xEDC0, 0x4A69, 0x4A69, 0x4A69, 0x4A69, 0x4A69, 0x4A69, 0x4A69, 0x4A69,
    0x4A69, 0x4A69, 0x4A69, 0x4A69, 0x4A69, 0x4A69, 0x4A69, 0x4A69, 0x4A69, 0x4A69, 0x4A69, 0x4A69,
    0x4A69, 0x4A69, 0x4A69, 0x4A69, 0x4A69, 0x4A69, 0x0861, 0x0861, 0x0861, 0x0861, 0x0000, 0x0000,
    0x0000, 0x0000, 0x0000, 0x0000, 0x0000, 0x0861, 0x0861, 0x0861, 0x0861, 0x4A69, 0x4A69, 0x4A69,
    0x4A69, 0x4A69, 0x4A69, 0x4A69, 0x4A69, 0x4A69, 0x4A69, 0x4A69, 0x4A69, 0x4A69, 0x4A69, 0x4A69,
    0x4A69, 0x4A69, 0x4A69, 0x4A69, 0x4A69, 0x4A69, 0x4A69, 0x4A69, 0x4A69, 0x4A69, 0x4A69, 0x4A69,
    0x4A69, 0x4A69, 0x4A69, 0x4A69, 0x0861, 0x0861, 0x0861, 0x0861, 0x0000, 0x0000, 0x0000, 0x0000,
    0x0000, 0x0000, 0x0000, 0x0861, 0x0861, 0x0861, 0x0861, 0x4A69, 0x4A69, 0x4A69, 0x4A69, 0x4A69,
    0x4A69, 0x4A69, 0x4A69, 0x4A69, 0x4A69, 0x4A69, 0x4A69, 0x4A69, 0x4A69, 0x4A69, 0x4A69, 0x4A69,
    0x4A69, 0x4A69, 0x4A69, 0x4A69, 0x4A69, 0x4A69, 0x4A69, 0x4A69, 0xEDC0, 0xEDC0, 0xEDC0, 0xEDC0,
    0xEDC0, 0xEDC0, 0xEDC0, 0xEDC0, 0x4A69, 0x4A69, 0x4A69, 0x4A69, 0x4A69, 0x4A69, 0x4A69, 0x4A69,
    0x4A69, 0x4A69, 0x4A69, 0x4A69, 0x4A69, 0x4A69, 0x4A69, 0x4A69, 0x4A69, 0x4A69, 0x4A69, 0x4A69,
    0x4A69, 0x4A69, 0x4A69, 0x4A69, 0x4A69, 0x4A69, 0x4A69, 0x4A69, 0x0861, 0x0861, 0x0861, 0x0861,
    0x0861, 0x0861, 0x0861, 0x0861, 0x0861, 0x0861, 0x0861, 0x4A69, 0x4A69, 0x4A69, 0x4A69, 0x4A69,
    0x4A69, 0x4A69, 0x4A69, 0x4A69, 0x4A69, 0x4A69, 0x4A69, 0x4A69, 0x4A69, 0x4A69, 0x4A69, 0x4A69,
    0x4A69, 0x4A69, 0x4A69, 0x4A69, 0x4A69, 0x4A69, 0x4A69, 0x4A69, 0x4A69, 0x4A69, 0x4A69, 0x4A69,
    0x4A69, 0x4A69, 0x4A69, 0x4A69, 0x4A69, 0x4A69, 0x0861, 0x0861, 0x0861, 0x0861, 0x0861, 0x0861,
    0x0861, 0x0861, 0x0861, 0x0861, 0x0861, 0x4A69, 0x4A69, 0x4A69, 0x4A69, 0x4A69, 0x4A69, 0x4A69,
    0x4A69, 0x4A69, 0x4A69, 0x4A69, 0x4A69, 0x4A69, 0x4A69, 0x4A69, 0x4A69, 0x4A69, 0x4A69, 0x4A69,
    0x4A69, 0x4A69, 0x4A69, 0x4A69, 0x4A69, 0x4A69, 0x4A69, 0x4A69, 0xEDC0, 0xEDC0, 0xEDC0, 0xEDC0,
    0xEDC0, 0xEDC0, 0xEDC0, 0xEDC0, 0x4A69, 0x4A69, 0x4A69, 0x4A69, 0x4A69, 0x4A69, 0x4A69, 0x4A69,
    0x4A69, 0x4A69, 0x4A69, 0x4A69, 0x4A69, 0x4A69, 0x4A69, 0x4A69, 0x4A69, 0x4A69, 0x4A69, 0x4A69,
    0x4A69, 0x4A69, 0x4A69, 0x4A69, 0x4A69, 0x4A69, 0x4A69, 0x4A69, 0x4A69, 0x4A69, 0x0861, 0x0861,
    0x0861, 0x0861, 0x0861, 0x0861, 0x0861, 0x4A69, 0x4A69, 0x4A69, 0x4A69, 0x4A69, 0x4A69, 0x4A69,
    0x4A69, 0x4A69, 0x4A69, 0x4A69, 0x4A69, 0x4A69, 0x4A69, 0x4A69, 0x4A69, 0x4A69, 0x4A69, 0x4A69,
    0x4A69, 0x4A69, 0x4A69, 0x4A69, 0x4A69, 0x4A69, 0x4A69, 0x4A69, 0x4A69, 0x4A69, 0x4A69, 0x4A69,
    0x4A69, 0x4A69, 0x4A69, 0x4A69, 0x4A69, 0x4A69, 0x4A69, 0x4A69, 0x0861, 0x0861, 0x0861, 0x0861,
    0x0861, 0x0861, 0x0861, 0x4A69, 0x4A69, 0x4A69, 0x4A69, 0x4A69, 0x4A69, 0x4A69, 0x4A69, 0x4A69,
    0x4A69, 0x4A69, 0x4A69, 0x4A69, 0x4A69, 0x4A69, 0x4A69, 0x4A69, 0x4A69, 0x4A69, 0x4A69, 0x4A69,
    0x4A69, 0x4A69, 0x4A69, 0x4A69, 0x4A69, 0x4A69, 0x4A69, 0x4A69, 0xEDC0, 0xEDC0, 0xEDC0, 0xEDC0,
    0xEDC0, 0xEDC0, 0xEDC0, 0xEDC0, 0x4A69, 0x4A69, 0x4A69, 0x4A69, 0x4A69, 0x4A69, 0x4A69, 0x4A69,
    0x4A69, 0x4A69, 0x4A69, 0x4A69, 0x4A69, 0x4A69, 0x4A69, 0x4A69, 0x4A69, 0x4A69, 0x4A69, 0x4A69,
    0x4A69, 0x4A69, 0x4A69, 0x4A69, 0x4A69, 0x4A69, 0x4A69, 0x4A69, 0x4A69, 0x4A69, 0x4A69, 0x4A69,
    0x4A69, 0x4A69, 0x4A69, 0x4A69, 0x4A69, 0x4A69, 0x4A69, 0x4A69, 0x4A69, 0x4A69, 0x4A69, 0x4A69,
    0x4A69, 0x4A69, 0x4A69, 0x4A69, 0x4A69, 0x4A69, 0x4A69, 0x4A69, 0x4A69, 0x4A69, 0x4A69, 0x4A69,
    0x4A69, 0x4A69, 0x4A69, 0x4A69, 0x4A69, 0x4A69, 0x4A69, 0x4A69, 0x4A69, 0x4A69, 0x4A69, 0x4A69,
    0x4A69, 0x4A69, 0x4A69, 0x4A69, 0x4A69, 0x4A69, 0x4A69, 0x4A69, 0x4A69, 0x4A69, 0x4A69, 0x4A69,
    0x4A69, 0x4A69, 0x4A69, 0x4A69, 0x4A69, 0x4A69, 0x4A69, 0x4A69, 0x4A69, 0x4A69, 0x4A69, 0x4A69,
    0x4A69, 0x4A69, 0x4A69, 0x4A69, 0x4A69, 0x4A69, 0x4A69, 0x4A69, 0x4A69, 0x4A69, 0x4A69, 0x4A69,
    0x4A69, 0x4A69, 0x4A69, 0x4A69, 0x4A69, 0x4A69, 0x4A69, 0x4A69, 0xEDC0, 0xEDC0, 0xEDC0, 0xEDC0,
    0xEDC0, 0xEDC0, 0xEDC0, 0xEDC0, 0x4A69, 0x4A69, 0x4A69, 0x4A69, 0x4A69, 0x4A69, 0x4A69, 0x4A69,
    0x4A69, 0x4A69, 0x4A69, 0x4A69, 0x4A69, 0x4A69, 0x4A69, 0x4A69, 0x4A69, 0x4A69, 0x4A69, 0x4A69,
    0x4A69, 0x4A69, 0x4A69, 0x4A69, 0x4A69, 0x4A69, 0x4A69, 0x4A69, 0x4A69, 0x4A69, 0x4A69, 0x4A69,
    0x4A69, 0x4A69, 0x4A69, 0x4A69, 0x4A69, 0x4A69, 0x4A69, 0x4A69, 0x4A69, 0x4A69, 0x4A69, 0x4A69,
    0x4A69, 0x4A69, 0x4A69, 0x4A69, 0x4A69, 0x4A69, 0x4A69, 0x4A69, 0x4A69, 0x4A69, 0x4A69, 0x4A69,
    0x4A69, 0x4A69, 0x4A69, 0x4A69, 0x4A69, 0x4A69, 0x4A69, 0x4A69, 0x4A69, 0x4A69, 0x4A69, 0x4A69,
    0x4A69, 0x4A69, 0x4A69, 0x4A69, 0x4A69, 0x4A69, 0x4A69, 0x4A69, 0x4A69, 0x4A69, 0x4A69, 0x4A69,
    0x4A69, 0x4A69, 0x4A69, 0x4A69, 0x4A69, 0x4A69, 0x4A69, 0x4A69, 0x4A69, 0x4A69, 0x4A69, 0x4A69,
    0x4A69, 0x4A69, 0x4A69, 0x4A69, 0x4A69, 0x4A69, 0x4A69, 0x4A69, 0x4A69, 0x4A69, 0x4A69, 0x4A69,
    0x4A69, 0x4A69, 0x4A69, 0x4A69, 0x4A69, 0x4A69, 0x4A69, 0x4A69, 0xEDC0, 0xEDC0, 0xEDC0, 0xEDC0,
    0xEDC0, 0xEDC0, 0xEDC0, 0xEDC0, 0x4A69, 0x4A69, 0x4A69, 0x4A69, 0x4A69, 0x4A69, 0x4A69, 0x4A69,
    0x4A69, 0x4A69, 0x4A69, 0x4A69, 0x4A69, 0x4A69, 0x4A69, 0x4A69, 0x4A69, 0x4A69, 0x4A69, 0x4A69,
    0x4A69, 0x4A69, 0x4A69, 0x4A69, 0x4A69, 0x4A69, 0x4A69, 0x4A69, 0x4A69, 0x4A69, 0x4A69, 0x4A69,
    0x4A69, 0x4A69, 0x4A69, 0x4A69, 0x4A69, 0x4A69, 0x4A69, 0x4A69, 0x4A69, 0x4A69, 0x4A69, 0x4A69,
    0x4A69, 0x4A69, 0x4A69, 0x4A69, 0x4A69, 0x4A69, 0x4A69, 0x4A69, 0x4A69, 0x4A69, 0x4A69, 0x4A69,
    0x4A69, 0x4A69, 0x4A69, 0x4A69, 0x4A69, 0x4A69, 0x4A69, 0x4A69, 0x4A69, 0x4A69, 0x4A69, 0x4A69,
    0x4A69, 0x4A69, 0x4A69, 0x4A69, 0x4A69, 0x4A69, 0x4A69, 0x4A69, 0x4A69, 0x4A69, 0x4A69, 0x4A69,
    0x4A69, 0x4A69, 0x4A69, 0x4A69, 0x4A69, 0x4A69, 0x4A69, 0x4A69, 0x4A69, 0x4A69, 0x4A69, 0x4A69,
    0x4A69, 0x4A69, 0x4A69, 0x4A69, 0x4A69, 0x4A69, 0x4A69, 0x4A69, 0x4A69, 0x4A69, 0x4A69, 0x4A69,
    0x4A69, 0x4A69, 0x4A69, 0x4A69, 0x4A69, 0x4A69, 0x4A69, 0x4A69, 0xEDC0, 0xEDC0, 0xEDC0, 0xEDC0,
    0xEDC0, 0xEDC0, 0xEDC0, 0xEDC0, 0x4A69, 0x4A69, 0x4A69, 0x4A69, 0x4A69, 0x4A69, 0x4A69, 0x4A69,
    0x4A69, 0x4A69, 0x4A69, 0x4A69, 0x4A69, 0x4A69, 0x4A69, 0x4A69, 0x4A69, 0x4A69, 0x4A69, 0x4A69,
    0x4A69, 0x4A69, 0x4A69, 0x4A69, 0x4A69, 0x4A69, 0x4A69, 0x4A69, 0x4A69, 0x4A69, 0x4A69, 0x4A69,
    0x4A69, 0x4A69, 0x4A69, 0x4A69, 0x4A69, 0x4A69, 0x4A69, 0x4A69, 0x4A69, 0x4A69, 0x4A69, 0x4A69,
    0x4A69, 0x4A69, 0x4A69, 0x4A69, 0x4A69, 0x4A69, 0x4A69, 0x4A69, 0x4A69, 0x4A69, 0x4A69, 0x4A69,
    0x4A69, 0x4A69, 0x4A69, 0x4A69, 0x4A69, 0x4A69, 0x4A69, 0x4A69, 0x4A69, 0x4A69, 0x4A69, 0x4A69,
    0x4A69, 0x4A69, 0x4A69, 0x4A69, 0x4A69, 0x4A69, 0x4A69, 0x4A69, 0x4A69, 0x4A69, 0x4A69, 0x4A69,
    0x4A69, 0x4A69, 0x4A69, 0x4A69, 0x4A69, 0x4A69, 0x4A69, 0x4A69, 0x4A69, 0x4A69, 0x4A69, 0x4A69,
    0x4A69, 0x4A69, 0x4A69, 0x4A69, 0x4A69, 0x4A69, 0x4A69, 0x4A69, 0x4A69, 0x4A69, 0x4A69, 0x4A69,
    0x4A69, 0x4A69, 0x4A69, 0x4A69, 0x4A69, 0x4A69, 0x4A69, 0x4A69, 0xEDC0, 0xEDC0, 0xEDC0, 0xEDC0,
    0xEDC0, 0xEDC0, 0xEDC0, 0xEDC0, 0x4A69, 0x4A69, 0x4A69, 0x4A69, 0x4A69, 0x4A69, 0x4A69, 0x4A69,
    0x4A69, 0x4A69, 0x4A69, 0x4A69, 0x4A69, 0x4A69, 0x4A69, 0x4A69, 0x4A69, 0x4A69, 0x4A69, 0x4A69,
    0x4A69, 0x4A69, 0x4A69, 0x4A69, 0x4A69, 0x4A69, 0x4A69, 0x4A69, 0x4A69, 0x4A69, 0x4A69, 0x4A69,
    0x4A69, 0x4A69, 0x4A69, 0x4A69, 0x4A69, 0x4A69, 0x4A69, 0x4A69, 0x4A69, 0x4A69, 0x4A69, 0x4A69,
    0x4A69, 0x4A69, 0x4A69, 0x4A69, 0x4A69, 0x4A69, 0x4A69, 0x4A69, 0x4A69, 0x4A69, 0x4A69, 0x4A69,
    0x4A69, 0x4A69, 0x4A69, 0x4A69, 0x4A69, 0x4A69, 0x4A69, 0x4A69, 0x4A69, 0x4A69, 0x4A69, 0x4A69,
    0x4A69, 0x4A69, 0x4A69, 0x4A69, 0x4A69, 0x4A69, 0x4A69, 0x4A69, 0x4A69, 0x4A69, 0x4A69, 0x4A69,
    0x4A69, 0x4A69, 0x4A69, 0x4A69, 0x4A69, 0x4A69, 0x4A69, 0x4A69, 0x4A69, 0x4A69, 0x4A69, 0x4A69,
    0x4A69, 0x4A69, 0x4A69, 0x4A69, 0x4A69, 0x4A69, 0x4A69, 0x4A69, 0x4A69, 0x4A69, 0x4A69, 0x4A69,
    0x4A69, 0x4A69, 0x4A69, 0x4A69, 0x4A69, 0x4A69, 0x4A69, 0x4A69, 0xEDC0, 0xEDC0, 0xEDC0, 0xEDC0,
    0xEDC0, 0xEDC0, 0xEDC0, 0xEDC0, 0x4A69, 0x4A69, 0x4A69, 0x4A69, 0x4A69, 0x4A69, 0x4A69, 0x4A69,
    0x4A69, 0x4A69, 0x4A69, 0x4A69, 0x4A69, 0x4A69, 0x4A69, 0x4A69, 0x4A69, 0x4A69, 0x4A69, 0x4A69,
    0x4A69, 0x4A69, 0x4A69, 0x4A69, 0x4A69, 0x4A69, 0x4A69, 0x4A69, 0x4A69, 0x4A69, 0x4A69, 0x4A69,
    0x4A69, 0x4A69, 0x4A69, 0x4A69, 0x4A69, 0x4A69, 0x4A69, 0x4A69, 0x4A69, 0x4A69, 0x4A69, 0x4A69,
    0x4A69, 0x4A69, 0x4A69, 0x4A69, 0x4A69, 0x4A69, 0x4A69, 0x4A69, 0x4A69, 0x4A69, 0x4A69, 0x4A69,
    0x4A69, 0x4A69, 0x4A69, 0x4A69, 0x4A69, 0x4A69, 0x4A69, 0x4A69, 0x4A69, 0x4A69, 0x4A69, 0x4A69,
    0x4A69, 0x4A69, 0x4A69, 0x4A69, 0x4A69, 0x4A69, 0x4A69, 0x4A69, 0x4A69, 0x4A69, 0x4A69, 0x4A69,
    0x4A69, 0x4A69, 0x4A69, 0x4A69, 0x4A69, 0x4A69, 0x4A69, 0x4A69, 0x4A69, 0x4A69, 0x4A69, 0x4A69,
    0x4A69, 0x4A69, 0x4A69, 0x4A69, 0x4A69, 0x4A69, 0x4A69, 0x4A69, 0x4A69, 0x4A69, 0x4A69, 0x4A69,
    0x4A69, 0x4A69, 0x4A69, 0x4A69, 0x4A69, 0x4A69, 0x4A69, 0x4A69, 0xEDC0, 0xEDC0, 0xEDC0, 0xEDC0,
    0xEDC0, 0xEDC0, 0xEDC0, 0xEDC0, 0x4A69, 0x4A69, 0x4A69, 0x4A69, 0x4A69, 0x4A69, 0x4A69, 0x4A69,
    0x4A69, 0x4A69, 0x4A69, 0x4A69, 0x4A69, 0x4A69, 0x4A69, 0x4A69, 0x4A69, 0x4A69, 0x4A69, 0x4A69,
    0x4A69, 0x4A69, 0x4A69, 0x4A69, 0x4A69, 0x4A69, 0x4A69, 0x4A69, 0x4A69, 0x4A69, 0x4A69, 0x4A69,
    0x4A69, 0x4A69, 0x4A69, 0x4A69, 0x4A69, 0x4A69, 0x4A69, 0x4A69, 0x4A69, 0x4A69, 0x4A69, 0x4A69,
    0x4A69, 0x4A69, 0x4A69, 0x4A69, 0x4A69, 0x4A69, 0x4A69, 0x4A69, 0x4A69, 0x4A69, 0x4A69, 0x4A69,
    0x4A69, 0x4A69, 0x4A69, 0x4A69, 0x4A69, 0x4A69, 0x4A69, 0x4A69, 0x4A69, 0x4A69, 0x4A69, 0x4A69,
    0x4A69, 0x4A69, 0x4A69, 0x4A69, 0x4A69, 0x4A69, 0x4A69, 0x4A69, 0x4A69, 0x4A69, 0x4A69, 0x4A69,
    0x4A69, 0x4A69, 0x4A69, 0x4A69, 0x4A69, 0x4A69, 0x4A69, 0x4A69, 0x4A69, 0x4A69, 0x4A69, 0x4A69,
    0x4A69, 0x4A69, 0x4A69, 0x4A69, 0x4A69, 0x4A69, 0x4A69, 0x4A69, 0x4A69, 0x4A69, 0x4A69, 0x4A69,
    0x4A69, 0x4A69, 0x4A69, 0x4A69, 0x4A69, 0x4A69, 0x4A69, 0x4A69, 0xEDC0, 0xEDC0, 0xEDC0, 0xEDC0,
    0xEDC0, 0xEDC0, 0xEDC0, 0xEDC0, 0x4A69, 0x4A69, 0x4A69, 0x4A69, 0x4A69, 0x4A69, 0x4A69, 0x4A69,
    0x4A69, 0x4A69, 0x4A69, 0x4A69, 0x4A69, 0x4A69, 0x4A69, 0x4A69, 0x4A69, 0x4A69, 0x4A69, 0x4A69,
    0x4A69, 0x4A69, 0x4A69, 0x4A69, 0x4A69, 0x4A69, 0x4A69, 0x4A69, 0x4A69, 0x4A69, 0x4A69, 0x4A69,
    0x4A69, 0x4A69, 0x4A69, 0x4A69, 0x4A69, 0x4A69, 0x4A69, 0x4A69, 0x4A69, 0x4A69, 0x4A69, 0x4A69,
    0x4A69, 0x4A69, 0x4A69, 0x4A69, 0x4A69, 0x4A69, 0x4A69, 0x4A69, 0x4A69, 0x4A69, 0x4A69, 0x4A69,
    0x4A69, 0x4A69, 0x4A69, 0x4A69, 0x4A69, 0x4A69, 0x4A69, 0x4A69, 0x4A69, 0x4A69, 0x4A69, 0x4A69,
    0x4A69, 0x4A69, 0x4A69, 0x4A69, 0x4A69, 0x4A69, 0x4A69, 0x4A69, 0x4A69, 0x4A69, 0x4A69, 0x4A69,
    0x4A69, 0x4A69, 0x4A69, 0x4A69, 0x4A69, 0x4A69, 0x4A69, 0x4A69, 0x4A69, 0x4A69, 0x4A69, 0x4A69,
    0x4A69, 0x4A69, 0x4A69, 0x4A69, 0x4A69, 0x4A69, 0x4A69, 0x4A69, 0x4A69, 0x4A69, 0x4A69, 0x4A69,
    0x4A69, 0x4A69, 0x4A69, 0x4A69, 0x4A69, 0x4A69, 0x4A69, 0x4A69, 0xEDC0, 0xEDC0, 0xEDC0, 0xEDC0,
    0xEDC0, 0xEDC0, 0xEDC0, 0xEDC0, 0x4A69, 0x4A69, 0x4A69, 0x4A69, 0x4A69, 0x4A69, 0x4A69, 0x4A69,
    0x4A69, 0x4A69, 0x4A69, 0x4A69, 0x4A69, 0x4A69, 0x4A69, 0x4A69, 0x4A69, 0x4A69, 0x4A69, 0x4A69,
    0x4A69, 0x4A69, 0x4A69, 0x4A69, 0x4A69, 0x4A69, 0x4A69, 0x4A69, 0x4A69, 0x4A69, 0x4A69, 0x4A69,
    0x4A69, 0x4A69, 0x4A69, 0x4A69, 0x4A69, 0x4A69, 0x4A69, 0x4A69, 0x4A69, 0x4A69, 0x4A69, 0x4A69,
    0x4A69, 0x4A69, 0x4A69, 0x4A69, 0x4A69, 0x4A69, 0x4A69, 0x4A69, 0x4A69, 0x4A69, 0x4A69, 0x4A69,
    0x4A69, 0x4A69, 0x4A69, 0x4A69, 0x4A69, 0x4A69, 0x4A69, 0x4A69, 0x4A69, 0x4A69, 0x4A69, 0x4A69,
    0x4A69, 0x4A69, 0x4A69, 0x4A69, 0x4A69, 0x4A69, 0x4A69, 0x4A69, 0x4A69, 0x4A69, 0x4A69, 0x4A69,
    0x4A69, 0x4A69, 0x4A69, 0x4A69, 0x4A69, 0x4A69, 0x4A69, 0x4A69, 0x4A69, 0x4A69, 0x4A69, 0x4A69,
    0x4A69, 0x4A69, 0x4A69, 0x4A69, 0x4A69, 0x4A69, 0x4A69, 0x4A69, 0x4A69, 0x4A69, 0x4A69, 0x4A69,
    0x4A69, 0x4A69, 0x4A69, 0x4A69, 0x4A69, 0x4A69, 0x4A69, 0x4A69, 0xEDC0, 0xEDC0, 0xEDC0, 0xEDC0,
    0xEDC0, 0xEDC0, 0xEDC0, 0xEDC0, 0x4A69, 0x4A69, 0x4A69, 0x4A69, 0x4A69, 0x4A69, 0x4A69, 0x4A69,
    0x4A69, 0x4A69, 0x4A69, 0x4A69, 0x4A69, 0x4A69, 0x4A69, 0x4A69, 0x4A69, 0x4A69, 0x4A69, 0x4A69,
    0x4A69, 0x4A69, 0x4A69, 0x4A69, 0x4A69, 0x4A69, 0x4A69, 0x4A69, 0x4A69, 0x4A69, 0x4A69, 0x4A69,
    0x4A69, 0x4A69, 0x4A69, 0x4A69, 0x4A69, 0x4A69, 0x4A69, 0x4A69, 0x4A69, 0x4A69, 0x4A69, 0x4A69,
    0x4A69, 0x4A69, 0x4A69, 0x4A69, 0x4A69, 0x4A69, 0x4A69, 0x4A69, 0x4A69, 0x4A69, 0x4A69, 0x4A69,
    0x4A69, 0x4A69, 0x4A69, 0x4A69, 0x4A69, 0x4A69, 0x4A69, 0x4A69, 0x4A69, 0x4A69, 0x4A69, 0x4A69,
    0x4A69, 0x4A69, 0x4A69, 0x4A69, 0x4A69, 0x4A69, 0x4A69, 0x4A69, 0x4A69, 0x4A69, 0x4A69, 0x4A69,
    0x4A69, 0x4A69, 0x4A69, 0x4A69, 0x4A69, 0x4A69, 0x4A69, 0x4A69, 0x4A69, 0x4A69, 0x4A69, 0x4A69,
    0x4A69, 0x4A69, 0x4A69, 0x4A69, 0x4A69, 0x4A69, 0x4A69, 0x4A69, 0x4A69, 0x4A69, 0x4A69, 0x4A69,
    0x4A69, 0x4A69, 0x4A69, 0x4A69, 0x4A69, 0x4A69, 0x4A69, 0x4A69, 0xEDC0, 0xEDC0, 0xEDC0, 0xEDC0,
    0xEDC0, 0xEDC0, 0xEDC0, 0xEDC0, 0xEDC0, 0x4A69, 0x4A69, 0x4A69, 0x4A69, 0x4A69, 0x4A69, 0x4A69,
    0x4A69, 0x4A69, 0x4A69, 0x4A69, 0x4A69, 0x4A69, 0x4A69, 0x4A69, 0x4A69, 0x4A69, 0x4A69, 0x4A69,
    0x4A69, 0x4A69, 0x4A69, 0x4A69, 0x4A69, 0x4A69, 0x4A69, 0x4A69, 0x4A69, 0x4A69, 0x4A69, 0x4A69,
    0x4A69, 0x4A69, 0x4A69, 0x4A69, 0x4A69, 0x4A69, 0x4A69, 0x4A69, 0x4A69, 0x4A69, 0x4A69, 0x4A69,
    0x4A69, 0x4A69, 0x4A69, 0x4A69, 0x4A69, 0x4A69, 0x4A69, 0x4A69, 0x4A69, 0x4A69, 0x4A69, 0x4A69,
    0x4A69, 0x4A69, 0x4A69, 0x4A69, 0x4A69, 0x4A69, 0x4A69, 0x4A69, 0x4A69, 0x4A69, 0x4A69, 0x4A69,
    0x4A69, 0x4A69, 0x4A69, 0x4A69, 0x4A69, 0x4A69, 0x4A69, 0x4A69, 0x4A69, 0x4A69, 0x4A69, 0x4A69,
    0x4A69, 0x4A69, 0x4A69, 0x4A69, 0x4A69, 0x4A69, 0x4A69, 0x4A69, 0x4A69, 0x4A69, 0x4A69, 0x4A69,
    0x4A69, 0x4A69, 0x4A69, 0x4A69, 0x4A69, 0x4A69, 0x4A69, 0x4A69, 0x4A69, 0x4A69, 0x4A69, 0x4A69,
    0x4A69, 0x4A69, 0x4A69, 0x4A69, 0x4A69, 0x4A69, 0x4A69, 0xEDC0, 0xEDC0, 0xEDC0, 0xEDC0, 0xEDC0,
    0xEDC0, 0xEDC0, 0xEDC0, 0xEDC0, 0xEDC0, 0xEDC0, 0xEDC0, 0xEDC0, 0xEDC0, 0xEDC0, 0xEDC0, 0xEDC0,
    0xEDC0, 0xEDC0, 0xEDC0, 0xEDC0, 0xEDC0, 0xEDC0, 0xEDC0, 0xEDC0, 0xEDC0, 0xEDC0, 0xEDC0, 0xEDC0,
    0xEDC0, 0xEDC0, 0xEDC0, 0xEDC0, 0xEDC0, 0xEDC0, 0xEDC0, 0xEDC0, 0xEDC0, 0xEDC0, 0xEDC0, 0xEDC0,
    0xEDC0, 0xEDC0, 0xEDC0, 0xEDC0, 0xEDC0, 0xEDC0, 0xEDC0, 0xEDC0, 0xEDC0, 0xEDC0, 0xEDC0, 0xEDC0,
    0xEDC0, 0xEDC0, 0xEDC0, 0xEDC0, 0xEDC0, 0xEDC0, 0xEDC0, 0xEDC0, 0xEDC0, 0xEDC0, 0xEDC0, 0xEDC0,
    0xEDC0, 0xEDC0, 0xEDC0, 0xEDC0, 0xEDC0, 0xEDC0, 0xEDC0, 0xEDC0, 0xEDC0, 0xEDC0, 0xEDC0, 0xEDC0,
    0xEDC0, 0xEDC0, 0xEDC0, 0xEDC0, 0xEDC0, 0xEDC0, 0xEDC0, 0xEDC0, 0xEDC0, 0xEDC0, 0xEDC0, 0xEDC0,
    0xEDC0, 0xEDC0, 0xEDC0, 0xEDC0, 0xEDC0, 0xEDC0, 0xEDC0, 0xEDC0, 0xEDC0, 0xEDC0, 0xEDC0, 0xEDC0,
    0xEDC0, 0xEDC0, 0xEDC0, 0xEDC0, 0xEDC0, 0xEDC0, 0xEDC0, 0xEDC0, 0xEDC0, 0xEDC0, 0xEDC0, 0xEDC0,
    0xEDC0, 0xEDC0, 0xEDC0, 0xEDC0, 0xEDC0, 0xEDC0, 0xEDC0, 0xEDC0, 0xEDC0, 0xEDC0, 0xEDC0, 0xEDC0,
    0xEDC0, 0xEDC0, 0xEDC0, 0xEDC0, 0xEDC0, 0xEDC0, 0xEDC0, 0xEDC0, 0xEDC0, 0xEDC0, 0xEDC0, 0xEDC0,
    0xEDC0, 0xEDC0, 0xEDC0, 0xEDC0, 0xEDC0, 0xEDC0, 0xEDC0, 0xEDC0, 0xEDC0, 0xEDC0, 0xEDC0, 0xEDC0,
    0xEDC0, 0xEDC0, 0xEDC0, 0xEDC0, 0xEDC0, 0xEDC0, 0xEDC0, 0xEDC0, 0xEDC0, 0xEDC0, 0xEDC0, 0xEDC0,
    0xEDC0, 0xEDC0, 0xEDC0, 0xEDC0, 0xEDC0, 0xEDC0, 0xEDC0, 0xEDC0, 0xEDC0, 0xEDC0, 0xEDC0, 0xEDC0,
    0xEDC0, 0xEDC0, 0xEDC0, 0xEDC0, 0xEDC0, 0xEDC0, 0xEDC0, 0xEDC0, 0xEDC0, 0xEDC0, 0xEDC0, 0xEDC0,
    0xEDC0, 0xEDC0, 0xEDC0, 0xEDC0, 0xEDC0, 0xEDC0, 0xEDC0, 0xEDC0, 0xEDC0, 0xEDC0, 0xEDC0, 0xEDC0,
    0xEDC0, 0xEDC0, 0xEDC0, 0xEDC0, 0xEDC0, 0xEDC0, 0xEDC0, 0xEDC0, 0xEDC0, 0xEDC0, 0xEDC0, 0xEDC0,
    0xEDC0, 0xEDC0, 0xEDC0, 0xEDC0, 0xEDC0, 0xEDC0, 0xEDC0, 0xEDC0, 0xEDC0, 0xEDC0, 0xEDC0, 0xEDC0,
    0xEDC0, 0xEDC0, 0xEDC0, 0xEDC0, 0xEDC0, 0xEDC0, 0xEDC0, 0xEDC0, 0xEDC0, 0xEDC0, 0xEDC0, 0xEDC0,
    0xEDC0, 0xEDC0, 0xEDC0, 0xEDC0, 0xEDC0, 0xEDC0, 0xEDC0, 0xEDC0, 0xEDC0, 0xEDC0, 0xEDC0, 0xEDC0,
    0x4A69, 0xEDC0, 0xEDC0, 0xEDC0, 0xEDC0, 0xEDC0, 0xEDC0, 0xEDC0, 0xEDC0, 0xEDC0, 0xEDC0, 0xEDC0,
    0xEDC0, 0xEDC0, 0xEDC0, 0xEDC0, 0xEDC0, 0xEDC0, 0xEDC0, 0xEDC0, 0xEDC0, 0xEDC0, 0xEDC0, 0xEDC0,
    0xEDC0, 0xEDC0, 0xEDC0, 0xEDC0, 0xEDC0, 0xEDC0, 0xEDC0, 0xEDC0, 0xEDC0, 0xEDC0, 0xEDC0, 0xEDC0,
    0xEDC0, 0xEDC0, 0xEDC0, 0xEDC0, 0xEDC0, 0xEDC0, 0xEDC0, 0xEDC0, 0xEDC0, 0xEDC0, 0xEDC0, 0xEDC0,
    0xEDC0, 0xEDC0, 0xEDC0, 0xEDC0, 0xEDC0, 0xEDC0, 0xEDC0, 0xEDC0, 0xEDC0, 0xEDC0, 0xEDC0, 0xEDC0,
    0xEDC0, 0xEDC0, 0xEDC0, 0xEDC0, 0xEDC0, 0xEDC0, 0xEDC0, 0xEDC0, 0xEDC0, 0xEDC0, 0xEDC0, 0xEDC0,
    0xEDC0, 0xEDC0, 0xEDC0, 0xEDC0, 0xEDC0, 0xEDC0, 0xEDC0, 0xEDC0, 0xEDC0, 0xEDC0, 0xEDC0, 0xEDC0,
    0xEDC0, 0xEDC0, 0xEDC0, 0xEDC0, 0xEDC0, 0xEDC0, 0xEDC0, 0xEDC0, 0xEDC0, 0xEDC0, 0xEDC0, 0xEDC0,
    0xEDC0, 0xEDC0, 0xEDC0, 0xEDC0, 0xEDC0, 0xEDC0, 0xEDC0, 0xEDC0, 0xEDC0, 0xEDC0, 0xEDC0, 0xEDC0,
    0xEDC0, 0xEDC0, 0xEDC0, 0xEDC0, 0xEDC0, 0xEDC0, 0xEDC0, 0xEDC0, 0xEDC0, 0xEDC0, 0xEDC0, 0x4A69,
    0x4A69, 0x4A69, 0xEDC0, 0xEDC0, 0xEDC0, 0xEDC0, 0xEDC0, 0xEDC0, 0xEDC0, 0xEDC0, 0xEDC0, 0xEDC0,
    0xEDC0, 0xEDC0, 0xEDC0, 0xEDC0, 0xEDC0, 0xEDC0, 0xEDC0, 0xEDC0, 0xEDC0, 0xEDC0, 0xEDC0, 0xEDC0,
    0xEDC0, 0xEDC0, 0xEDC0, 0xEDC0, 0xEDC0, 0xEDC0, 0xEDC0, 0xEDC0, 0xEDC0, 0xEDC0, 0xEDC0, 0xEDC0,
    0xEDC0, 0xEDC0, 0xEDC0, 0xEDC0, 0xEDC0, 0xEDC0, 0xEDC0, 0xEDC0, 0xEDC0, 0xEDC0, 0xEDC0, 0xEDC0,
    0xEDC0, 0xEDC0, 0xEDC0, 0xEDC0, 0xEDC0, 0xEDC0, 0xEDC0, 0xEDC0, 0xEDC0, 0xEDC0, 0xEDC0, 0xEDC0,
    0xEDC0, 0xEDC0, 0xEDC0, 0xEDC0, 0xEDC0, 0xEDC0, 0xEDC0, 0xEDC0, 0xEDC0, 0xEDC0, 0xEDC0, 0xEDC0,
    0xEDC0, 0xEDC0, 0xEDC0, 0xEDC0, 0xEDC0, 0xEDC0, 0xEDC0, 0xEDC0, 0xEDC0, 0xEDC0, 0xEDC0, 0xEDC0,
    0xEDC0, 0xEDC0, 0xEDC0, 0xEDC0, 0xEDC0, 0xEDC0, 0xEDC0, 0xEDC0, 0xEDC0, 0xEDC0, 0xEDC0, 0xEDC0,
    0xEDC0, 0xEDC0, 0xEDC0, 0xEDC0, 0xEDC0, 0xEDC0, 0xEDC0, 0xEDC0, 0xEDC0, 0xEDC0, 0xEDC0, 0xEDC0,
    0xEDC0, 0xEDC0, 0xEDC0, 0xEDC0, 0xEDC0, 0xEDC0, 0xEDC0, 0xEDC0, 0xEDC0, 0xEDC0, 0x4A69, 0x4A69,
};
