// Generated by scripts/hp41_charset.py from resources/fonts/41charset_x.ttf at size 40 -- do not edit.
// The HP-41's characters by HP-41 code (0..127), see the script's KMAP.
#include "glyph_font.h"

namespace hipi {

static const std::uint8_t kCharTableFont_data[] = {
    // HP-41 code 0 (font 134)
    0x00,0x00,0x00,0x6F,0xFF,0xFF,0xFF,0xFF,0xFF,0xFF,0xFF,0xFE,0x20,0x00,0x00,0x00,0x00,0x00,0x00,0x00,0x00,0x09,0xFF,0xFF,
    0xFF,0xFF,0xFF,0xFF,0xFF,0xD2,0x00,0x00,0x00,0x00,0x00,0x00,0x00,0x00,0x00,0x00,0xCF,0xFF,0xFF,0xFF,0xFF,0xFF,0xB4,0x00,
    0x00,0x00,0x00,0x00,0x00,0x00,0x00,0x00,0x00,0x00,0x00,0x00,0x00,0x00,0x00,0x00,0x00,0x00,0x00,0x00,0x00,0x00,0x00,0x00,
    0x00,0x00,0x00,0x00,0x00,0x00,0x00,0x00,0x00,0x00,0x00,0x00,0x00,0x00,0x00,0x00,0x00,0x00,0x00,0x00,0x00,0x00,0x00,0x00,
    0x00,0x00,0x00,0x00,0x00,0x00,0x00,0x00,0x00,0x00,0x00,0x00,0x00,0x00,0x00,0x00,0x00,0x00,0x00,0x00,0x00,0x00,0x00,0x00,
    0x00,0x00,0x00,0x00,0x00,0x00,0x00,0x00,0x00,0x00,0x00,0x00,0x00,0x00,0x00,0x00,0x00,0x00,0x00,0x00,0x00,0x00,0x00,0x00,
    0x00,0x00,0x00,0x00,0x00,0x00,0x00,0x00,0x00,0x00,0x00,0x00,0x00,0x00,0x00,0x00,0x00,0x00,0x00,0x00,0x00,0x00,0x00,0x00,
    0x00,0x00,0x00,0x00,0x00,0x00,0x00,0x00,0x00,0x00,0x00,0x00,0x00,0x00,0x00,0x00,0x00,0x00,0x00,0x00,0x00,0x00,0x00,0x00,
    0x00,0x00,0x00,0x00,0x00,0x00,0x00,0x00,0x00,0x00,0x00,0x00,0x00,0x00,0x00,0x00,0x00,0x00,0x00,0x00,0x00,0x00,0x00,0x00,
    0x00,0x00,0x00,0x00,0x00,0x00,0x00,0x00,0x00,0x00,0x00,0x00,0x00,0x00,0x00,0x00,0x00,0x00,0x00,0x00,0x00,0x00,0x00,0x00,
    0x00,0x00,0x00,0x00,0x00,0x00,0x00,0x00,0x00,0x00,0x00,0x00,0x00,0x00,0x00,0x00,0x00,0x00,0x00,0x00,0x00,0x00,0x00,0x00,
    0x00,0x00,0x00,0x00,0x00,0x00,0x00,0x00,0x00,0x00,0x00,0x00,0x00,0x00,0x00,0x00,0x00,0x00,0x00,0x00,0x00,0x00,0x00,0x00,
    0x00,0x00,0x00,0x00,0x00,0x00,0x00,0x00,0x00,0x00,0x00,0x00,0x00,0x00,0x00,0x00,0x00,0x00,0x00,0x00,0x00,0x00,0x00,0x00,
    0x00,0x00,0x00,0x00,0x00,0x00,0x00,0x00,0x00,0x00,0x00,0x00,0x00,0x00,0x00,0x00,0x00,0x00,0x00,0x00,0x00,0x00,0x00,0x00,
    0x00,0x00,0x00,0x00,0x00,0x00,0x00,0x00,0x00,0x00,0x00,0x00,0x00,0x00,0x00,0x00,0x00,0x00,0x00,0x00,0x00,0x00,0x00,0x00,
    0x00,0x00,0x00,0x00,0x00,0x00,0x00,0x00,0x00,0x00,0x00,0x00,0x00,0x00,0x00,0x00,0x00,0x00,0x00,0x00,0x00,0x00,0x00,0x00,
    0x00,0x00,0x00,0x00,0x00,0x00,0x00,0x00,0x00,0x00,0x00,0x00,0x00,0x00,0x00,0x00,0x00,0x00,0x00,0x00,0x00,0x00,0x00,0x00,
    0x00,0x00,0x00,0x00,0x00,0x00,0x00,0x00,0x00,0x00,0x00,0x00,0x00,0x00,0x00,0x00,0x00,0x00,0x00,0x00,0x00,0x00,0x00,0x00,
    0x00,0x00,0x00,0x00,0x00,0x00,0x00,0x00,0x00,0x00,0x00,0x00,0x00,0x00,0x00,0x00,0x00,0x00,0x00,0x00,0x00,0x00,0x00,0x00,
    0x00,0x00,0x00,0x00,0x00,0x00,0x00,0x00,0x00,0x00,0x00,0x00,0x00,0x00,0x00,0x00,0x00,0x00,0x00,0x00,0x00,0x00,0x00,0x00,
    0x00,0x00,0x00,0x00,0x00,0x00,0x00,0x00,0x00,0x00,0x00,0x00,0x00,0x00,0x00,0x00,0x00,0x00,0x00,0x00,0x00,0x00,0x00,0x00,
    0x00,0x00,0x00,0x00,0x00,0x00,0x00,0x00,0x00,0x00,0x00,0x00,0x00,0x00,0x00,0x00,0x00,0x00,0x00,0x00,0x00,0x00,0x00,0x00,
    0x00,0x00,0x00,0x00,0x00,0x00,0x00,0x00,0x00,0x00,0x00,0x00,0x00,0x00,0x00,0x00,0x00,0x00,0x00,0x00,0x00,0x00,0x00,0x00,
    0x00,0x00,0x00,0x00,0x00,0x00,0x00,0x00,0x00,0x00,0x00,0x00,0x00,0x00,0x00,0x00,0x00,0x00,0x00,0x00,0x00,0x00,0x00,0x00,
    0x00,0x00,0x00,0x00,0x00,0x00,0x00,0x00,0x00,0x00,0x00,0x00,0x00,0x00,0x00,0x00,0x00,0x00,0x00,0x00,0x00,0x00,0x00,0x00,
    0x00,0x00,0x00,0x00,0x00,0x00,0x00,0x00,0x00,0x00,0x00,0x00,0x00,0x00,0x00,0x00,0x00,0x00,0x00,0x00,0x00,0x00,0x00,0x00,
    0x00,0x00,0x00,0x00,0x00,0x00,
    // HP-41 code 1 (font 139)
    0x00,0x00,0x00,0x6F,0xFF,0xFF,0xFF,0xFF,0xFF,0xFF,0xFF,0xFE,0x20,0x00,0x00,0x00,0x00,0x00,0x00,0x00,0x00,0x09,0xFF,0xFF,
    0xFF,0xFF,0xFF,0xFF,0xFF,0xD2,0x00,0x00,0x00,0x00,0x00,0x00,0x00,0x00,0x00,0x00,0xCF,0xFF,0xFF,0xFF,0xFF,0xFF,0xB4,0x00,
    0x00,0x00,0x00,0x00,0x00,0x00,0x00,0x00,0x00,0x00,0x00,0x00,0x00,0x00,0x00,0x00,0x00,0x00,0x00,0x00,0x00,0x00,0x00,0x00,
    0x00,0x00,0x00,0x00,0x00,0x00,0x8F,0xFF,0xC0,0x00,0x00,0x00,0x00,0x00,0x00,0x00,0x00,0x00,0x00,0x00,0x00,0x00,0x00,0x00,
    0x9F,0xFF,0xB0,0x00,0x00,0x00,0x00,0x00,0x00,0x00,0x00,0x00,0x00,0x00,0x00,0x00,0x00,0x00,0xAF,0xFF,0x90,0x00,0x00,0x00,
    0x00,0x00,0x00,0x00,0x00,0x00,0x00,0x00,0x00,0x00,0x00,0x00,0x8F,0xFF,0x40,0x00,0x00,0x00,0x00,0x00,0x00,0x00,0x00,0x00,
    0x00,0x00,0x00,0x00,0x00,0x00,0x5F,0xFE,0x00,0x00,0x00,0x00,0x00,0x00,0x00,0x00,0x00,0x00,0x00,0x00,0x00,0x00,0x00,0x00,
    0x2F,0xF9,0x00,0x00,0x00,0x00,0x00,0x00,0x00,0x00,0x00,0x00,0x00,0x00,0x00,0x00,0x00,0x00,0x0F,0xF4,0x00,0x00,0x00,0x00,
    0x00,0x00,0x00,0x00,0x00,0x00,0x00,0x00,0x00,0x00,0x00,0x00,0x0D,0xE0,0x00,0x00,0x00,0x00,0x00,0x00,0x00,0x00,0x00,0x00,
    0x00,0x00,0x00,0x00,0x00,0x00,0x0B,0xA0,0x00,0x00,0x00,0x00,0x00,0x00,0x00,0x00,0x00,0x00,0x00,0x00,0x00,0x00,0x00,0x00,
    0x08,0x40,0x00,0x00,0x00,0x00,0x00,0x00,0x00,0x00,0x00,0x00,0x00,0x00,0x00,0xBF,0xFF,0xE3,0x05,0x00,0xAF,0xFF,0xC0,0x00,
    0x00,0x00,0x00,0x00,0x00,0x00,0x00,0x00,0x06,0xFF,0xFF,0xFF,0x70,0x2D,0xFF,0xFF,0xF9,0x00,0x00,0x00,0x00,0x00,0x00,0x00,
    0x00,0x00,0x04,0xFF,0xFF,0xFF,0x50,0x2C,0xFF,0xFF,0xF9,0x00,0x00,0x00,0x00,0x00,0x00,0x00,0x00,0x00,0x00,0x9F,0xFF,0xE4,
    0x70,0x75,0xAF,0xFF,0xC0,0x00,0x00,0x00,0x00,0x00,0x00,0x00,0x00,0x00,0x00,0x00,0x00,0x2D,0x60,0x5F,0x70,0x00,0x00,0x00,
    0x00,0x00,0x00,0x00,0x00,0x00,0x00,0x00,0x00,0x00,0x04,0xEF,0x10,0x1F,0xFA,0x00,0x00,0x00,0x00,0x00,0x00,0x00,0x00,0x00,
    0x00,0x00,0x00,0x00,0x6F,0xFB,0x00,0x0E,0xFF,0x30,0x00,0x00,0x00,0x00,0x00,0x00,0x00,0x00,0x00,0x00,0x00,0x03,0xFF,0xF5,
    0x00,0x0B,0xFF,0xB0,0x00,0x00,0x00,0x00,0x00,0x00,0x00,0x00,0x00,0x00,0x00,0x09,0xFF,0xF0,0x00,0x07,0xFF,0xF2,0x00,0x00,
    0x00,0x00,0x00,0x00,0x00,0x00,0x00,0x00,0x00,0x0E,0xFF,0xA0,0x00,0x04,0xFF,0xF6,0x00,0x00,0x00,0x00,0x00,0x00,0x00,0x00,
    0x00,0x00,0x00,0x5F,0xFF,0x40,0x00,0x00,0xDF,0xF8,0x00,0x00,0x00,0x00,0x00,0x00,0x00,0x00,0x00,0x00,0x00,0xBF,0xFD,0x00,
    0x00,0x00,0x6F,0xFA,0x00,0x00,0x00,0x00,0x00,0x00,0x00,0x00,0x00,0x00,0x01,0xFF,0xD1,0x00,0x00,0x00,0x0E,0xFD,0x00,0x00,
    0x00,0x00,0x00,0x00,0x00,0x00,0x00,0x00,0x07,0xFD,0x10,0x00,0x00,0x00,0x05,0xFF,0x00,0x00,0x00,0x00,0x00,0x00,0x00,0x00,
    0x00,0x00,0x0C,0x70,0x00,0x00,0x00,0x00,0x00,0x2C,0x10,0x00,0x00,0x00,0x00,0x00,0x00,0x00,0x00,0x00,0x01,0x00,0x00,0x00,
    0x00,0x00,0x00,0x00,0x00,0x00,0x00,0x00,0x00,0x00,0x00,0x00,0x00,0x00,0x00,0x00,0x00,0x00,0x00,0x00,0x00,0x00,0x00,0x00,
    0x00,0x00,0x00,0x00,0x00,0x00,0x00,0x00,0x00,0x00,0x00,0x00,0x00,0x00,0x00,0x00,0x00,0x00,0x00,0x00,0x00,0x00,0x00,0x00,
    0x00,0x00,0x00,0x00,0x00,0x00,0x00,0x00,0x00,0x00,0x00,0x00,0x00,0x00,0x00,0x00,0x00,0x00,0x00,0x00,0x00,0x00,0x00,0x00,
    0x00,0x00,0x00,0x00,0x00,0x00,0x00,0x00,0x00,0x00,0x00,0x00,0x00,0x00,0x00,0x00,0x00,0x00,0x00,0x00,0x00,0x00,0x00,0x00,
    0x00,0x00,0x00,0x00,0x00,0x00,
    // HP-41 code 2 (font 56+42+43)
    0x00,0x00,0x10,0x6F,0xFF,0xFF,0xFF,0xFF,0xFF,0xFF,0xFF,0xFE,0x20,0x00,0x00,0x00,0x00,0x00,0x00,0x00,0x93,0x09,0xFF,0xFF,
    0xFF,0xFF,0xFF,0xFF,0xFF,0xD2,0x24,0x00,0x00,0x00,0x00,0x00,0x00,0x00,0xBE,0x12,0xCF,0xFF,0xFF,0xFF,0xFF,0xFF,0xB4,0x22,
    0xE4,0x00,0x00,0x00,0x00,0x00,0x00,0x00,0xCF,0x7A,0x70,0x00,0x00,0x00,0x00,0x00,0x6E,0x1B,0xF3,0x00,0x00,0x00,0x00,0x00,
    0x00,0x00,0xDF,0x88,0xFB,0x00,0x8F,0xFF,0xC0,0x0B,0xFB,0x1F,0xF2,0x00,0x00,0x00,0x00,0x00,0x00,0x00,0xFF,0xA6,0xFF,0x50,
    0x9F,0xFF,0xB0,0xBF,0xF5,0x6F,0xF0,0x00,0x00,0x00,0x00,0x00,0x00,0x00,0xFF,0xB4,0xFF,0xD0,0xAF,0xFF,0x99,0xFF,0xE0,0xBF,
    0xF0,0x00,0x00,0x00,0x00,0x00,0x00,0x01,0xFF,0xC2,0xFF,0xF4,0x8F,0xFF,0x4F,0xFF,0x91,0xFF,0xE0,0x00,0x00,0x00,0x00,0x00,
    0x00,0x03,0xFF,0xD0,0xFF,0xFA,0x5F,0xFE,0x5F,0xFF,0x25,0xFF,0xC0,0x00,0x00,0x00,0x00,0x00,0x00,0x04,0xFF,0xE0,0xCF,0xFE,
    0x2F,0xF9,0xBF,0xFC,0x0A,0xFF,0xB0,0x00,0x00,0x00,0x00,0x00,0x00,0x05,0xFF,0xF0,0x5F,0xFF,0x2F,0xF5,0xFF,0xF5,0x0D,0xFF,
    0xA0,0x00,0x00,0x00,0x00,0x00,0x00,0x07,0xFF,0xF0,0x0D,0xFF,0x5D,0xE6,0xFF,0x60,0x0E,0xFF,0x80,0x00,0x00,0x00,0x00,0x00,
    0x00,0x08,0xFF,0xF1,0x05,0xFF,0x8B,0xAB,0xF4,0x00,0x0F,0xFF,0x70,0x00,0x00,0x00,0x00,0x00,0x00,0x09,0xFF,0x80,0x00,0x3D,
    0xB8,0x6E,0x30,0x00,0x09,0xFF,0x60,0x00,0x00,0x00,0x00,0x00,0x00,0x05,0xE8,0xBF,0xFF,0xE5,0xA5,0x43,0xAF,0xFF,0xC0,0xCE,
    0x30,0x00,0x00,0x00,0x00,0x00,0x00,0x00,0x06,0xFF,0xFF,0xFF,0x70,0x2D,0xFF,0xFF,0xF9,0x00,0x00,0x00,0x00,0x00,0x00,0x00,
    0x00,0x00,0x14,0xFF,0xFF,0xFF,0x50,0x2C,0xFF,0xFF,0xF9,0x00,0x00,0x00,0x00,0x00,0x00,0x00,0x00,0x0A,0xF3,0x9F,0xFF,0xE4,
    0x76,0x75,0xAF,0xFF,0xC3,0xEA,0x00,0x00,0x00,0x00,0x00,0x00,0x00,0x0F,0xFE,0x10,0x00,0x2D,0x6D,0x5F,0x70,0x00,0x2E,0xFF,
    0x00,0x00,0x00,0x00,0x00,0x00,0x00,0x1F,0xFF,0x60,0x04,0xEF,0x5F,0x3F,0xFA,0x00,0xBF,0xFE,0x00,0x00,0x00,0x00,0x00,0x00,
    0x00,0x3F,0xFF,0x50,0x6F,0xFB,0x9F,0x4E,0xFF,0x30,0xAF,0xFD,0x00,0x00,0x00,0x00,0x00,0x00,0x00,0x4F,0xFF,0x43,0xFF,0xF5,
    0xEF,0x7B,0xFF,0xB0,0x9F,0xFB,0x00,0x00,0x00,0x00,0x00,0x00,0x00,0x5F,0xFF,0x19,0xFF,0xF4,0xFF,0x97,0xFF,0xF2,0x8F,0xFA,
    0x00,0x00,0x00,0x00,0x00,0x00,0x00,0x6F,0xFC,0x0E,0xFF,0xA8,0xFF,0xC4,0xFF,0xF6,0x7F,0xF9,0x00,0x00,0x00,0x00,0x00,0x00,
    0x00,0x8F,0xF7,0x5F,0xFF,0x4E,0xFF,0xF0,0xDF,0xF8,0x5F,0xF8,0x00,0x00,0x00,0x00,0x00,0x00,0x00,0x9F,0xF2,0xBF,0xFD,0x3F,
    0xFF,0xF1,0x6F,0xFA,0x4F,0xF6,0x00,0x00,0x00,0x00,0x00,0x00,0x00,0xAF,0xD1,0xFF,0xD1,0x4F,0xFF,0xF0,0x0E,0xFD,0x3F,0xF5,
    0x00,0x00,0x00,0x00,0x00,0x00,0x00,0xCF,0x77,0xFD,0x10,0x5F,0xFF,0xE0,0x05,0xFF,0x2F,0xF4,0x00,0x00,0x00,0x00,0x00,0x00,
    0x00,0xDF,0x2C,0x70,0x00,0x00,0x00,0x00,0x00,0x2C,0x1F,0xF2,0x00,0x00,0x00,0x00,0x00,0x00,0x00,0xE8,0x01,0x8E,0xFF,0xFF,
    0xFF,0xFF,0xFF,0xF3,0x0A,0xF1,0x00,0x00,0x00,0x00,0x00,0x00,0x00,0x80,0x9F,0xFF,0xFF,0xFF,0xFF,0xFF,0xFF,0xFE,0x10,0xC0,
    0x00,0x00,0x00,0x00,0x00,0x00,0x00,0x0A,0xFF,0xFF,0xFF,0xFF,0xFF,0xFF,0xFF,0xFF,0xC0,0x10,0x00,0x00,0x00,0x00,0x00,0x00,
    0x00,0x00,0x00,0x00,0x00,0x00,0x00,0x00,0x00,0x00,0x00,0x00,0x00,0x00,0x00,0x00,0x00,0x00,0x00,0x00,0x00,0x00,0x00,0x00,
    0x00,0x00,0x00,0x00,0x00,0x00,0x00,0x00,0x00,0x00,0x00,0x00,0x00,0x00,0x00,0x00,0x00,0x00,0x00,0x00,0x00,0x00,0x00,0x00,
    0x00,0x00,0x00,0x00,0x00,0x00,
    // HP-41 code 3 (font 56+42+43)
    0x00,0x00,0x10,0x6F,0xFF,0xFF,0xFF,0xFF,0xFF,0xFF,0xFF,0xFE,0x20,0x00,0x00,0x00,0x00,0x00,0x00,0x00,0x93,0x09,0xFF,0xFF,
    0xFF,0xFF,0xFF,0xFF,0xFF,0xD2,0x24,0x00,0x00,0x00,0x00,0x00,0x00,0x00,0xBE,0x12,0xCF,0xFF,0xFF,0xFF,0xFF,0xFF,0xB4,0x22,
    0xE4,0x00,0x00,0x00,0x00,0x00,0x00,0x00,0xCF,0x7A,0x70,0x00,0x00,0x00,0x00,0x00,0x6E,0x1B,0xF3,0x00,0x00,0x00,0x00,0x00,
    0x00,0x00,0xDF,0x88,0xFB,0x00,0x8F,0xFF,0xC0,0x0B,0xFB,0x1F,0xF2,0x00,0x00,0x00,0x00,0x00,0x00,0x00,0xFF,0xA6,0xFF,0x50,
    0x9F,0xFF,0xB0,0xBF,0xF5,0x6F,0xF0,0x00,0x00,0x00,0x00,0x00,0x00,0x00,0xFF,0xB4,0xFF,0xD0,0xAF,0xFF,0x99,0xFF,0xE0,0xBF,
    0xF0,0x00,0x00,0x00,0x00,0x00,0x00,0x01,0xFF,0xC2,0xFF,0xF4,0x8F,0xFF,0x4F,0xFF,0x91,0xFF,0xE0,0x00,0x00,0x00,0x00,0x00,
    0x00,0x03,0xFF,0xD0,0xFF,0xFA,0x5F,0xFE,0x5F,0xFF,0x25,0xFF,0xC0,0x00,0x00,0x00,0x00,0x00,0x00,0x04,0xFF,0xE0,0xCF,0xFE,
    0x2F,0xF9,0xBF,0xFC,0x0A,0xFF,0xB0,0x00,0x00,0x00,0x00,0x00,0x00,0x05,0xFF,0xF0,0x5F,0xFF,0x2F,0xF5,0xFF,0xF5,0x0D,0xFF,
    0xA0,0x00,0x00,0x00,0x00,0x00,0x00,0x07,0xFF,0xF0,0x0D,0xFF,0x5D,0xE6,0xFF,0x60,0x0E,0xFF,0x80,0x00,0x00,0x00,0x00,0x00,
    0x00,0x08,0xFF,0xF1,0x05,0xFF,0x8B,0xAB,0xF4,0x00,0x0F,0xFF,0x70,0x00,0x00,0x00,0x00,0x00,0x00,0x09,0xFF,0x80,0x00,0x3D,
    0xB8,0x6E,0x30,0x00,0x09,0xFF,0x60,0x00,0x00,0x00,0x00,0x00,0x00,0x05,0xE8,0xBF,0xFF,0xE5,0xA5,0x43,0xAF,0xFF,0xC0,0xCE,
    0x30,0x00,0x00,0x00,0x00,0x00,0x00,0x00,0x06,0xFF,0xFF,0xFF,0x70,0x2D,0xFF,0xFF,0xF9,0x00,0x00,0x00,0x00,0x00,0x00,0x00,
    0x00,0x00,0x14,0xFF,0xFF,0xFF,0x50,0x2C,0xFF,0xFF,0xF9,0x00,0x00,0x00,0x00,0x00,0x00,0x00,0x00,0x0A,0xF3,0x9F,0xFF,0xE4,
    0x76,0x75,0xAF,0xFF,0xC3,0xEA,0x00,0x00,0x00,0x00,0x00,0x00,0x00,0x0F,0xFE,0x10,0x00,0x2D,0x6D,0x5F,0x70,0x00,0x2E,0xFF,
    0x00,0x00,0x00,0x00,0x00,0x00,0x00,0x1F,0xFF,0x60,0x04,0xEF,0x5F,0x3F,0xFA,0x00,0xBF,0xFE,0x00,0x00,0x00,0x00,0x00,0x00,
    0x00,0x3F,0xFF,0x50,0x6F,0xFB,0x9F,0x4E,0xFF,0x30,0xAF,0xFD,0x00,0x00,0x00,0x00,0x00,0x00,0x00,0x4F,0xFF,0x43,0xFF,0xF5,
    0xEF,0x7B,0xFF,0xB0,0x9F,0xFB,0x00,0x00,0x00,0x00,0x00,0x00,0x00,0x5F,0xFF,0x19,0xFF,0xF4,0xFF,0x97,0xFF,0xF2,0x8F,0xFA,
    0x00,0x00,0x00,0x00,0x00,0x00,0x00,0x6F,0xFC,0x0E,0xFF,0xA8,0xFF,0xC4,0xFF,0xF6,0x7F,0xF9,0x00,0x00,0x00,0x00,0x00,0x00,
    0x00,0x8F,0xF7,0x5F,0xFF,0x4E,0xFF,0xF0,0xDF,0xF8,0x5F,0xF8,0x00,0x00,0x00,0x00,0x00,0x00,0x00,0x9F,0xF2,0xBF,0xFD,0x3F,
    0xFF,0xF1,0x6F,0xFA,0x4F,0xF6,0x00,0x00,0x00,0x00,0x00,0x00,0x00,0xAF,0xD1,0xFF,0xD1,0x4F,0xFF,0xF0,0x0E,0xFD,0x3F,0xF5,
    0x00,0x00,0x00,0x00,0x00,0x00,0x00,0xCF,0x77,0xFD,0x10,0x5F,0xFF,0xE0,0x05,0xFF,0x2F,0xF4,0x00,0x00,0x00,0x00,0x00,0x00,
    0x00,0xDF,0x2C,0x70,0x00,0x00,0x00,0x00,0x00,0x2C,0x1F,0xF2,0x00,0x00,0x00,0x00,0x00,0x00,0x00,0xE8,0x01,0x8E,0xFF,0xFF,
    0xFF,0xFF,0xFF,0xF3,0x0A,0xF1,0x00,0x00,0x00,0x00,0x00,0x00,0x00,0x80,0x9F,0xFF,0xFF,0xFF,0xFF,0xFF,0xFF,0xFE,0x10,0xC0,
    0x00,0x00,0x00,0x00,0x00,0x00,0x00,0x0A,0xFF,0xFF,0xFF,0xFF,0xFF,0xFF,0xFF,0xFF,0xC0,0x10,0x00,0x00,0x00,0x00,0x00,0x00,
    0x00,0x00,0x00,0x00,0x00,0x00,0x00,0x00,0x00,0x00,0x00,0x00,0x00,0x00,0x00,0x00,0x00,0x00,0x00,0x00,0x00,0x00,0x00,0x00,
    0x00,0x00,0x00,0x00,0x00,0x00,0x00,0x00,0x00,0x00,0x00,0x00,0x00,0x00,0x00,0x00,0x00,0x00,0x00,0x00,0x00,0x00,0x00,0x00,
    0x00,0x00,0x00,0x00,0x00,0x00,
    // HP-41 code 4 (font 137)
    0x00,0x00,0x00,0x6F,0xFF,0xFF,0xFF,0xFF,0xFF,0xFF,0xFF,0xFE,0x20,0x00,0x00,0x00,0x00,0x00,0x00,0x00,0x00,0x09,0xFF,0xFF,
    0xFF,0xFF,0xFF,0xFF,0xFF,0xD2,0x00,0x00,0x00,0x00,0x00,0x00,0x00,0x00,0x00,0x00,0xCF,0xFF,0xFF,0xFF,0xFF,0xFF,0xB4,0x00,
    0x00,0x00,0x00,0x00,0x00,0x00,0x00,0x00,0x00,0x00,0x00,0x00,0x00,0x00,0x00,0x00,0x00,0x00,0x00,0x00,0x00,0x00,0x00,0x00,
    0x00,0x00,0x00,0x00,0x00,0x00,0x8F,0xFF,0xC0,0x00,0x00,0x00,0x00,0x00,0x00,0x00,0x00,0x00,0x00,0x00,0x00,0x00,0x00,0x00,
    0x9F,0xFF,0xB0,0x00,0x00,0x00,0x00,0x00,0x00,0x00,0x00,0x00,0x00,0x00,0x00,0x00,0x00,0x00,0xAF,0xFF,0x90,0x00,0x00,0x00,
    0x00,0x00,0x00,0x00,0x00,0x00,0x00,0x00,0x00,0x00,0x00,0x00,0x8F,0xFF,0x40,0x00,0x00,0x00,0x00,0x00,0x00,0x00,0x00,0x00,
    0x00,0x00,0x00,0x00,0x00,0x00,0x5F,0xFE,0x00,0x00,0x00,0x00,0x00,0x00,0x00,0x00,0x00,0x00,0x00,0x00,0x00,0x00,0x00,0x00,
    0x3F,0xFA,0x00,0x00,0x00,0x00,0x00,0x00,0x00,0x00,0x00,0x00,0x00,0x00,0x00,0x00,0x00,0x00,0x0F,0xF4,0x00,0x00,0x00,0x00,
    0x00,0x00,0x00,0x00,0x00,0x00,0x00,0x00,0x00,0x00,0x00,0x00,0x0D,0xF0,0x00,0x00,0x00,0x00,0x00,0x00,0x00,0x00,0x00,0x00,
    0x00,0x00,0x00,0x00,0x00,0x00,0x0B,0xA0,0x00,0x00,0x00,0x00,0x00,0x00,0x00,0x00,0x00,0x00,0x00,0x00,0x00,0x00,0x00,0x00,
    0x08,0x50,0x00,0x00,0x00,0x00,0x00,0x00,0x00,0x00,0x00,0x00,0x00,0x00,0x00,0x00,0x00,0x00,0x05,0x00,0x00,0x00,0x00,0x00,
    0x00,0x00,0x00,0x00,0x00,0x00,0x00,0x00,0x00,0x00,0x00,0x00,0x00,0x00,0x00,0x00,0x00,0x00,0x00,0x00,0x00,0x00,0x00,0x00,
    0x00,0x00,0x00,0x00,0x00,0x00,0x00,0x00,0x00,0x00,0x00,0x00,0x00,0x00,0x00,0x00,0x00,0x00,0x00,0x00,0x00,0x00,0x00,0x01,
    0x80,0x74,0x00,0x00,0x00,0x00,0x00,0x00,0x00,0x00,0x00,0x00,0x00,0x00,0x00,0x00,0x00,0x2E,0x60,0x4F,0x80,0x00,0x00,0x00,
    0x00,0x00,0x00,0x00,0x00,0x00,0x00,0x00,0x00,0x00,0x04,0xFF,0x00,0x1F,0xFB,0x00,0x00,0x00,0x00,0x00,0x00,0x00,0x00,0x00,
    0x00,0x00,0x00,0x00,0x7F,0xFA,0x00,0x0E,0xFF,0x40,0x00,0x00,0x00,0x00,0x00,0x00,0x00,0x00,0x00,0x00,0x00,0x03,0xFF,0xF5,
    0x00,0x0B,0xFF,0xB0,0x00,0x00,0x00,0x00,0x00,0x00,0x00,0x00,0x00,0x00,0x00,0x09,0xFF,0xF0,0x00,0x07,0xFF,0xF2,0x00,0x00,
    0x00,0x00,0x00,0x00,0x00,0x00,0x00,0x00,0x00,0x0F,0xFF,0xA0,0x00,0x04,0xFF,0xF6,0x00,0x00,0x00,0x00,0x00,0x00,0x00,0x00,
    0x00,0x00,0x00,0x5F,0xFF,0x40,0x00,0x00,0xDF,0xF8,0x00,0x00,0x00,0x00,0x00,0x00,0x00,0x00,0x00,0x00,0x00,0xBF,0xFD,0x00,
    0x00,0x00,0x6F,0xFB,0x00,0x00,0x00,0x00,0x00,0x00,0x00,0x00,0x00,0x00,0x01,0xFF,0xC1,0x00,0x00,0x00,0x0E,0xFD,0x00,0x00,
    0x00,0x00,0x00,0x00,0x00,0x00,0x00,0x00,0x07,0xFC,0x10,0x00,0x00,0x00,0x05,0xFF,0x00,0x00,0x00,0x00,0x00,0x00,0x00,0x00,
    0x00,0x00,0x0C,0x60,0x00,0x00,0x00,0x00,0x00,0x2C,0x10,0x00,0x00,0x00,0x00,0x00,0x00,0x00,0x00,0x00,0x01,0x00,0x00,0x00,
    0x00,0x00,0x00,0x00,0x00,0x00,0x00,0x00,0x00,0x00,0x00,0x00,0x00,0x00,0x00,0x00,0x00,0x00,0x00,0x00,0x00,0x00,0x00,0x00,
    0x00,0x00,0x00,0x00,0x00,0x00,0x00,0x00,0x00,0x00,0x00,0x00,0x00,0x00,0x00,0x00,0x00,0x00,0x00,0x00,0x00,0x00,0x00,0x00,
    0x00,0x00,0x00,0x00,0x00,0x00,0x00,0x00,0x00,0x00,0x00,0x00,0x00,0x00,0x00,0x00,0x00,0x00,0x00,0x00,0x00,0x00,0x00,0x00,
    0x00,0x00,0x00,0x00,0x00,0x00,0x00,0x00,0x00,0x00,0x00,0x00,0x00,0x00,0x00,0x00,0x00,0x00,0x00,0x00,0x00,0x00,0x00,0x00,
    0x00,0x00,0x00,0x00,0x00,0x00,
    // HP-41 code 5 (font 138)
    0x00,0x00,0x00,0x6F,0xFF,0xFF,0xFF,0xFF,0xFF,0xFF,0xFF,0xFE,0x20,0x00,0x00,0x00,0x00,0x00,0x00,0x00,0x00,0x09,0xFF,0xFF,
    0xFF,0xFF,0xFF,0xFF,0xFF,0xD2,0x00,0x00,0x00,0x00,0x00,0x00,0x00,0x00,0x00,0x00,0xCF,0xFF,0xFF,0xFF,0xFF,0xFF,0xB4,0x00,
    0x00,0x00,0x00,0x00,0x00,0x00,0x00,0x00,0x00,0x00,0x00,0x00,0x00,0x00,0x00,0x00,0x00,0x00,0x00,0x00,0x00,0x00,0x00,0x00,
    0x00,0x00,0x00,0x00,0x00,0x00,0x8F,0xFF,0xC0,0x00,0x00,0x00,0x00,0x00,0x00,0x00,0x00,0x00,0x00,0x00,0x00,0x00,0x00,0x00,
    0x9F,0xFF,0xB0,0x00,0x00,0x00,0x00,0x00,0x00,0x00,0x00,0x00,0x00,0x00,0x00,0x00,0x00,0x00,0xAF,0xFF,0x90,0x00,0x00,0x00,
    0x00,0x00,0x00,0x00,0x00,0x00,0x00,0x00,0x00,0x00,0x00,0x00,0x8F,0xFF,0x40,0x00,0x00,0x00,0x00,0x00,0x00,0x00,0x00,0x00,
    0x00,0x00,0x00,0x00,0x00,0x00,0x5F,0xFE,0x00,0x00,0x00,0x00,0x00,0x00,0x00,0x00,0x00,0x00,0x00,0x00,0x00,0x00,0x00,0x00,
    0x2F,0xF9,0x00,0x00,0x00,0x00,0x00,0x00,0x00,0x00,0x00,0x00,0x00,0x00,0x00,0x00,0x00,0x00,0x0F,0xF4,0x00,0x00,0x00,0x00,
    0x00,0x00,0x00,0x00,0x00,0x00,0x00,0x00,0x00,0x00,0x00,0x00,0x0D,0xE0,0x00,0x00,0x00,0x00,0x00,0x00,0x00,0x00,0x00,0x00,
    0x00,0x00,0x00,0x00,0x00,0x00,0x0B,0xA0,0x00,0x00,0x00,0x00,0x00,0x00,0x00,0x00,0x00,0x00,0x00,0x00,0x00,0x00,0x00,0x00,
    0x08,0x40,0x00,0x00,0x00,0x00,0x00,0x00,0x00,0x00,0x00,0x00,0x00,0x00,0x00,0xBF,0xFF,0xE3,0x05,0x00,0x00,0x00,0x00,0x00,
    0x00,0x00,0x00,0x00,0x00,0x00,0x00,0x00,0x06,0xFF,0xFF,0xFF,0x70,0x00,0x00,0x00,0x00,0x00,0x00,0x00,0x00,0x00,0x00,0x00,
    0x00,0x00,0x04,0xFF,0xFF,0xFF,0x50,0x00,0x00,0x00,0x00,0x00,0x00,0x00,0x00,0x00,0x00,0x00,0x00,0x00,0x00,0x9F,0xFF,0xE4,
    0x70,0x74,0x00,0x00,0x00,0x00,0x00,0x00,0x00,0x00,0x00,0x00,0x00,0x00,0x00,0x00,0x00,0x2D,0x60,0x5F,0x70,0x00,0x00,0x00,
    0x00,0x00,0x00,0x00,0x00,0x00,0x00,0x00,0x00,0x00,0x04,0xEF,0x10,0x1F,0xFA,0x00,0x00,0x00,0x00,0x00,0x00,0x00,0x00,0x00,
    0x00,0x00,0x00,0x00,0x6F,0xFB,0x00,0x0E,0xFF,0x30,0x00,0x00,0x00,0x00,0x00,0x00,0x00,0x00,0x00,0x00,0x00,0x03,0xFF,0xF5,
    0x00,0x0B,0xFF,0xB0,0x00,0x00,0x00,0x00,0x00,0x00,0x00,0x00,0x00,0x00,0x00,0x09,0xFF,0xF0,0x00,0x07,0xFF,0xF2,0x00,0x00,
    0x00,0x00,0x00,0x00,0x00,0x00,0x00,0x00,0x00,0x0E,0xFF,0xA0,0x00,0x04,0xFF,0xF6,0x00,0x00,0x00,0x00,0x00,0x00,0x00,0x00,
    0x00,0x00,0x00,0x5F,0xFF,0x40,0x00,0x00,0xDF,0xF8,0x00,0x00,0x00,0x00,0x00,0x00,0x00,0x00,0x00,0x00,0x00,0xBF,0xFD,0x00,
    0x00,0x00,0x6F,0xFA,0x00,0x00,0x00,0x00,0x00,0x00,0x00,0x00,0x00,0x00,0x01,0xFF,0xD1,0x00,0x00,0x00,0x0E,0xFD,0x00,0x00,
    0x00,0x00,0x00,0x00,0x00,0x00,0x00,0x00,0x07,0xFD,0x10,0x00,0x00,0x00,0x05,0xFF,0x00,0x00,0x00,0x00,0x00,0x00,0x00,0x00,
    0x00,0x00,0x0C,0x70,0x00,0x00,0x00,0x00,0x00,0x2C,0x10,0x00,0x00,0x00,0x00,0x00,0x00,0x00,0x00,0x00,0x01,0x00,0x00,0x00,
    0x00,0x00,0x00,0x00,0x00,0x00,0x00,0x00,0x00,0x00,0x00,0x00,0x00,0x00,0x00,0x00,0x00,0x00,0x00,0x00,0x00,0x00,0x00,0x00,
    0x00,0x00,0x00,0x00,0x00,0x00,0x00,0x00,0x00,0x00,0x00,0x00,0x00,0x00,0x00,0x00,0x00,0x00,0x00,0x00,0x00,0x00,0x00,0x00,
    0x00,0x00,0x00,0x00,0x00,0x00,0x00,0x00,0x00,0x00,0x00,0x00,0x00,0x00,0x00,0x00,0x00,0x00,0x00,0x00,0x00,0x00,0x00,0x00,
    0x00,0x00,0x00,0x00,0x00,0x00,0x00,0x00,0x00,0x00,0x00,0x00,0x00,0x00,0x00,0x00,0x00,0x00,0x00,0x00,0x00,0x00,0x00,0x00,
    0x00,0x00,0x00,0x00,0x00,0x00,
    // HP-41 code 6 (font 136)
    0x00,0x00,0x00,0x6F,0xFF,0xFF,0xFF,0xFF,0xFF,0xFF,0xFF,0xFE,0x20,0x00,0x00,0x00,0x00,0x00,0x00,0x00,0x00,0x09,0xFF,0xFF,
    0xFF,0xFF,0xFF,0xFF,0xFF,0xD2,0x00,0x00,0x00,0x00,0x00,0x00,0x00,0x00,0x00,0x00,0xCF,0xFF,0xFF,0xFF,0xFF,0xFF,0xB4,0x00,
    0x00,0x00,0x00,0x00,0x00,0x00,0x00,0x00,0x00,0x00,0x00,0x00,0x00,0x00,0x00,0x00,0x00,0x00,0x00,0x00,0x00,0x00,0x00,0x00,
    0x00,0x00,0x00,0x00,0x00,0x00,0x8F,0xFF,0xC0,0x00,0x00,0x00,0x00,0x00,0x00,0x00,0x00,0x00,0x00,0x00,0x00,0x00,0x00,0x00,
    0x9F,0xFF,0xB0,0x00,0x00,0x00,0x00,0x00,0x00,0x00,0x00,0x00,0x00,0x00,0x00,0x00,0x00,0x00,0xAF,0xFF,0x90,0x00,0x00,0x00,
    0x00,0x00,0x00,0x00,0x00,0x00,0x00,0x00,0x00,0x00,0x00,0x00,0x8F,0xFF,0x40,0x00,0x00,0x00,0x00,0x00,0x00,0x00,0x00,0x00,
    0x00,0x00,0x00,0x00,0x00,0x00,0x5F,0xFE,0x00,0x00,0x00,0x00,0x00,0x00,0x00,0x00,0x00,0x00,0x00,0x00,0x00,0x00,0x00,0x00,
    0x3F,0xFA,0x00,0x00,0x00,0x00,0x00,0x00,0x00,0x00,0x00,0x00,0x00,0x00,0x00,0x00,0x00,0x00,0x0F,0xF4,0x00,0x00,0x00,0x00,
    0x00,0x00,0x00,0x00,0x00,0x00,0x00,0x00,0x00,0x00,0x00,0x00,0x0D,0xF0,0x00,0x00,0x00,0x00,0x00,0x00,0x00,0x00,0x00,0x00,
    0x00,0x00,0x00,0x00,0x00,0x00,0x0B,0xA0,0x00,0x00,0x00,0x00,0x00,0x00,0x00,0x00,0x00,0x00,0x00,0x00,0x00,0x00,0x00,0x00,
    0x08,0x50,0x00,0x00,0x00,0x00,0x00,0x00,0x00,0x00,0x00,0x00,0x00,0x00,0x00,0x00,0x00,0x00,0x05,0x00,0x00,0x00,0x00,0x00,
    0x00,0x00,0x00,0x00,0x00,0x00,0x00,0x00,0x00,0x00,0x00,0x00,0x00,0x00,0x00,0x00,0x00,0x00,0x00,0x00,0x00,0x00,0x00,0x00,
    0x00,0x00,0x00,0x00,0x00,0x00,0x00,0x00,0x00,0x00,0x00,0x00,0x00,0x00,0x00,0x00,0x00,0x00,0x00,0x00,0x00,0x00,0x00,0x01,
    0x80,0x00,0x00,0x00,0x00,0x00,0x00,0x00,0x00,0x00,0x00,0x00,0x00,0x00,0x00,0x00,0x00,0x2E,0x60,0x00,0x00,0x00,0x00,0x00,
    0x00,0x00,0x00,0x00,0x00,0x00,0x00,0x00,0x00,0x00,0x04,0xFF,0x00,0x00,0x00,0x00,0x00,0x00,0x00,0x00,0x00,0x00,0x00,0x00,
    0x00,0x00,0x00,0x00,0x7F,0xFA,0x00,0x00,0x00,0x00,0x00,0x00,0x00,0x00,0x00,0x00,0x00,0x00,0x00,0x00,0x00,0x03,0xFF,0xF5,
    0x00,0x00,0x00,0x00,0x00,0x00,0x00,0x00,0x00,0x00,0x00,0x00,0x00,0x00,0x00,0x09,0xFF,0xF0,0x00,0x00,0x00,0x00,0x00,0x00,
    0x00,0x00,0x00,0x00,0x00,0x00,0x00,0x00,0x00,0x0F,0xFF,0xA0,0x00,0x00,0x00,0x00,0x00,0x00,0x00,0x00,0x00,0x00,0x00,0x00,
    0x00,0x00,0x00,0x5F,0xFF,0x40,0x00,0x00,0x00,0x00,0x00,0x00,0x00,0x00,0x00,0x00,0x00,0x00,0x00,0x00,0x00,0xBF,0xFD,0x00,
    0x00,0x00,0x00,0x00,0x00,0x00,0x00,0x00,0x00,0x00,0x00,0x00,0x00,0x00,0x01,0xFF,0xC1,0x00,0x00,0x00,0x00,0x00,0x00,0x00,
    0x00,0x00,0x00,0x00,0x00,0x00,0x00,0x00,0x07,0xFC,0x10,0x00,0x00,0x00,0x00,0x00,0x00,0x00,0x00,0x00,0x00,0x00,0x00,0x00,
    0x00,0x00,0x0C,0x60,0x00,0x00,0x00,0x00,0x00,0x00,0x00,0x00,0x00,0x00,0x00,0x00,0x00,0x00,0x00,0x00,0x01,0x00,0x00,0x00,
    0x00,0x00,0x00,0x00,0x00,0x00,0x00,0x00,0x00,0x00,0x00,0x00,0x00,0x00,0x00,0x00,0x00,0x00,0x00,0x00,0x00,0x00,0x00,0x00,
    0x00,0x00,0x00,0x00,0x00,0x00,0x00,0x00,0x00,0x00,0x00,0x00,0x00,0x00,0x00,0x00,0x00,0x00,0x00,0x00,0x00,0x00,0x00,0x00,
    0x00,0x00,0x00,0x00,0x00,0x00,0x00,0x00,0x00,0x00,0x00,0x00,0x00,0x00,0x00,0x00,0x00,0x00,0x00,0x00,0x00,0x00,0x00,0x00,
    0x00,0x00,0x00,0x00,0x00,0x00,0x00,0x00,0x00,0x00,0x00,0x00,0x00,0x00,0x00,0x00,0x00,0x00,0x00,0x00,0x00,0x00,0x00,0x00,
    0x00,0x00,0x00,0x00,0x00,0x00,
    // HP-41 code 7 (font 56+42+43)
    0x00,0x00,0x10,0x6F,0xFF,0xFF,0xFF,0xFF,0xFF,0xFF,0xFF,0xFE,0x20,0x00,0x00,0x00,0x00,0x00,0x00,0x00,0x93,0x09,0xFF,0xFF,
    0xFF,0xFF,0xFF,0xFF,0xFF,0xD2,0x24,0x00,0x00,0x00,0x00,0x00,0x00,0x00,0xBE,0x12,0xCF,0xFF,0xFF,0xFF,0xFF,0xFF,0xB4,0x22,
    0xE4,0x00,0x00,0x00,0x00,0x00,0x00,0x00,0xCF,0x7A,0x70,0x00,0x00,0x00,0x00,0x00,0x6E,0x1B,0xF3,0x00,0x00,0x00,0x00,0x00,
    0x00,0x00,0xDF,0x88,0xFB,0x00,0x8F,0xFF,0xC0,0x0B,0xFB,0x1F,0xF2,0x00,0x00,0x00,0x00,0x00,0x00,0x00,0xFF,0xA6,0xFF,0x50,
    0x9F,0xFF,0xB0,0xBF,0xF5,0x6F,0xF0,0x00,0x00,0x00,0x00,0x00,0x00,0x00,0xFF,0xB4,0xFF,0xD0,0xAF,0xFF,0x99,0xFF,0xE0,0xBF,
    0xF0,0x00,0x00,0x00,0x00,0x00,0x00,0x01,0xFF,0xC2,0xFF,0xF4,0x8F,0xFF,0x4F,0xFF,0x91,0xFF,0xE0,0x00,0x00,0x00,0x00,0x00,
    0x00,0x03,0xFF,0xD0,0xFF,0xFA,0x5F,0xFE,0x5F,0xFF,0x25,0xFF,0xC0,0x00,0x00,0x00,0x00,0x00,0x00,0x04,0xFF,0xE0,0xCF,0xFE,
    0x2F,0xF9,0xBF,0xFC,0x0A,0xFF,0xB0,0x00,0x00,0x00,0x00,0x00,0x00,0x05,0xFF,0xF0,0x5F,0xFF,0x2F,0xF5,0xFF,0xF5,0x0D,0xFF,
    0xA0,0x00,0x00,0x00,0x00,0x00,0x00,0x07,0xFF,0xF0,0x0D,0xFF,0x5D,0xE6,0xFF,0x60,0x0E,0xFF,0x80,0x00,0x00,0x00,0x00,0x00,
    0x00,0x08,0xFF,0xF1,0x05,0xFF,0x8B,0xAB,0xF4,0x00,0x0F,0xFF,0x70,0x00,0x00,0x00,0x00,0x00,0x00,0x09,0xFF,0x80,0x00,0x3D,
    0xB8,0x6E,0x30,0x00,0x09,0xFF,0x60,0x00,0x00,0x00,0x00,0x00,0x00,0x05,0xE8,0xBF,0xFF,0xE5,0xA5,0x43,0xAF,0xFF,0xC0,0xCE,
    0x30,0x00,0x00,0x00,0x00,0x00,0x00,0x00,0x06,0xFF,0xFF,0xFF,0x70,0x2D,0xFF,0xFF,0xF9,0x00,0x00,0x00,0x00,0x00,0x00,0x00,
    0x00,0x00,0x14,0xFF,0xFF,0xFF,0x50,0x2C,0xFF,0xFF,0xF9,0x00,0x00,0x00,0x00,0x00,0x00,0x00,0x00,0x0A,0xF3,0x9F,0xFF,0xE4,
    0x76,0x75,0xAF,0xFF,0xC3,0xEA,0x00,0x00,0x00,0x00,0x00,0x00,0x00,0x0F,0xFE,0x10,0x00,0x2D,0x6D,0x5F,0x70,0x00,0x2E,0xFF,
    0x00,0x00,0x00,0x00,0x00,0x00,0x00,0x1F,0xFF,0x60,0x04,0xEF,0x5F,0x3F,0xFA,0x00,0xBF,0xFE,0x00,0x00,0x00,0x00,0x00,0x00,
    0x00,0x3F,0xFF,0x50,0x6F,0xFB,0x9F,0x4E,0xFF,0x30,0xAF,0xFD,0x00,0x00,0x00,0x00,0x00,0x00,0x00,0x4F,0xFF,0x43,0xFF,0xF5,
    0xEF,0x7B,0xFF,0xB0,0x9F,0xFB,0x00,0x00,0x00,0x00,0x00,0x00,0x00,0x5F,0xFF,0x19,0xFF,0xF4,0xFF,0x97,0xFF,0xF2,0x8F,0xFA,
    0x00,0x00,0x00,0x00,0x00,0x00,0x00,0x6F,0xFC,0x0E,0xFF,0xA8,0xFF,0xC4,0xFF,0xF6,0x7F,0xF9,0x00,0x00,0x00,0x00,0x00,0x00,
    0x00,0x8F,0xF7,0x5F,0xFF,0x4E,0xFF,0xF0,0xDF,0xF8,0x5F,0xF8,0x00,0x00,0x00,0x00,0x00,0x00,0x00,0x9F,0xF2,0xBF,0xFD,0x3F,
    0xFF,0xF1,0x6F,0xFA,0x4F,0xF6,0x00,0x00,0x00,0x00,0x00,0x00,0x00,0xAF,0xD1,0xFF,0xD1,0x4F,0xFF,0xF0,0x0E,0xFD,0x3F,0xF5,
    0x00,0x00,0x00,0x00,0x00,0x00,0x00,0xCF,0x77,0xFD,0x10,0x5F,0xFF,0xE0,0x05,0xFF,0x2F,0xF4,0x00,0x00,0x00,0x00,0x00,0x00,
    0x00,0xDF,0x2C,0x70,0x00,0x00,0x00,0x00,0x00,0x2C,0x1F,0xF2,0x00,0x00,0x00,0x00,0x00,0x00,0x00,0xE8,0x01,0x8E,0xFF,0xFF,
    0xFF,0xFF,0xFF,0xF3,0x0A,0xF1,0x00,0x00,0x00,0x00,0x00,0x00,0x00,0x80,0x9F,0xFF,0xFF,0xFF,0xFF,0xFF,0xFF,0xFE,0x10,0xC0,
    0x00,0x00,0x00,0x00,0x00,0x00,0x00,0x0A,0xFF,0xFF,0xFF,0xFF,0xFF,0xFF,0xFF,0xFF,0xC0,0x10,0x00,0x00,0x00,0x00,0x00,0x00,
    0x00,0x00,0x00,0x00,0x00,0x00,0x00,0x00,0x00,0x00,0x00,0x00,0x00,0x00,0x00,0x00,0x00,0x00,0x00,0x00,0x00,0x00,0x00,0x00,
    0x00,0x00,0x00,0x00,0x00,0x00,0x00,0x00,0x00,0x00,0x00,0x00,0x00,0x00,0x00,0x00,0x00,0x00,0x00,0x00,0x00,0x00,0x00,0x00,
    0x00,0x00,0x00,0x00,0x00,0x00,
    // HP-41 code 8 (font 56+42+43)
    0x00,0x00,0x10,0x6F,0xFF,0xFF,0xFF,0xFF,0xFF,0xFF,0xFF,0xFE,0x20,0x00,0x00,0x00,0x00,0x00,0x00,0x00,0x93,0x09,0xFF,0xFF,
    0xFF,0xFF,0xFF,0xFF,0xFF,0xD2,0x24,0x00,0x00,0x00,0x00,0x00,0x00,0x00,0xBE,0x12,0xCF,0xFF,0xFF,0xFF,0xFF,0xFF,0xB4,0x22,
    0xE4,0x00,0x00,0x00,0x00,0x00,0x00,0x00,0xCF,0x7A,0x70,0x00,0x00,0x00,0x00,0x00,0x6E,0x1B,0xF3,0x00,0x00,0x00,0x00,0x00,
    0x00,0x00,0xDF,0x88,0xFB,0x00,0x8F,0xFF,0xC0,0x0B,0xFB,0x1F,0xF2,0x00,0x00,0x00,0x00,0x00,0x00,0x00,0xFF,0xA6,0xFF,0x50,
    0x9F,0xFF,0xB0,0xBF,0xF5,0x6F,0xF0,0x00,0x00,0x00,0x00,0x00,0x00,0x00,0xFF,0xB4,0xFF,0xD0,0xAF,0xFF,0x99,0xFF,0xE0,0xBF,
    0xF0,0x00,0x00,0x00,0x00,0x00,0x00,0x01,0xFF,0xC2,0xFF,0xF4,0x8F,0xFF,0x4F,0xFF,0x91,0xFF,0xE0,0x00,0x00,0x00,0x00,0x00,
    0x00,0x03,0xFF,0xD0,0xFF,0xFA,0x5F,0xFE,0x5F,0xFF,0x25,0xFF,0xC0,0x00,0x00,0x00,0x00,0x00,0x00,0x04,0xFF,0xE0,0xCF,0xFE,
    0x2F,0xF9,0xBF,0xFC,0x0A,0xFF,0xB0,0x00,0x00,0x00,0x00,0x00,0x00,0x05,0xFF,0xF0,0x5F,0xFF,0x2F,0xF5,0xFF,0xF5,0x0D,0xFF,
    0xA0,0x00,0x00,0x00,0x00,0x00,0x00,0x07,0xFF,0xF0,0x0D,0xFF,0x5D,0xE6,0xFF,0x60,0x0E,0xFF,0x80,0x00,0x00,0x00,0x00,0x00,
    0x00,0x08,0xFF,0xF1,0x05,0xFF,0x8B,0xAB,0xF4,0x00,0x0F,0xFF,0x70,0x00,0x00,0x00,0x00,0x00,0x00,0x09,0xFF,0x80,0x00,0x3D,
    0xB8,0x6E,0x30,0x00,0x09,0xFF,0x60,0x00,0x00,0x00,0x00,0x00,0x00,0x05,0xE8,0xBF,0xFF,0xE5,0xA5,0x43,0xAF,0xFF,0xC0,0xCE,
    0x30,0x00,0x00,0x00,0x00,0x00,0x00,0x00,0x06,0xFF,0xFF,0xFF,0x70,0x2D,0xFF,0xFF,0xF9,0x00,0x00,0x00,0x00,0x00,0x00,0x00,
    0x00,0x00,0x14,0xFF,0xFF,0xFF,0x50,0x2C,0xFF,0xFF,0xF9,0x00,0x00,0x00,0x00,0x00,0x00,0x00,0x00,0x0A,0xF3,0x9F,0xFF,0xE4,
    0x76,0x75,0xAF,0xFF,0xC3,0xEA,0x00,0x00,0x00,0x00,0x00,0x00,0x00,0x0F,0xFE,0x10,0x00,0x2D,0x6D,0x5F,0x70,0x00,0x2E,0xFF,
    0x00,0x00,0x00,0x00,0x00,0x00,0x00,0x1F,0xFF,0x60,0x04,0xEF,0x5F,0x3F,0xFA,0x00,0xBF,0xFE,0x00,0x00,0x00,0x00,0x00,0x00,
    0x00,0x3F,0xFF,0x50,0x6F,0xFB,0x9F,0x4E,0xFF,0x30,0xAF,0xFD,0x00,0x00,0x00,0x00,0x00,0x00,0x00,0x4F,0xFF,0x43,0xFF,0xF5,
    0xEF,0x7B,0xFF,0xB0,0x9F,0xFB,0x00,0x00,0x00,0x00,0x00,0x00,0x00,0x5F,0xFF,0x19,0xFF,0xF4,0xFF,0x97,0xFF,0xF2,0x8F,0xFA,
    0x00,0x00,0x00,0x00,0x00,0x00,0x00,0x6F,0xFC,0x0E,0xFF,0xA8,0xFF,0xC4,0xFF,0xF6,0x7F,0xF9,0x00,0x00,0x00,0x00,0x00,0x00,
    0x00,0x8F,0xF7,0x5F,0xFF,0x4E,0xFF,0xF0,0xDF,0xF8,0x5F,0xF8,0x00,0x00,0x00,0x00,0x00,0x00,0x00,0x9F,0xF2,0xBF,0xFD,0x3F,
    0xFF,0xF1,0x6F,0xFA,0x4F,0xF6,0x00,0x00,0x00,0x00,0x00,0x00,0x00,0xAF,0xD1,0xFF,0xD1,0x4F,0xFF,0xF0,0x0E,0xFD,0x3F,0xF5,
    0x00,0x00,0x00,0x00,0x00,0x00,0x00,0xCF,0x77,0xFD,0x10,0x5F,0xFF,0xE0,0x05,0xFF,0x2F,0xF4,0x00,0x00,0x00,0x00,0x00,0x00,
    0x00,0xDF,0x2C,0x70,0x00,0x00,0x00,0x00,0x00,0x2C,0x1F,0xF2,0x00,0x00,0x00,0x00,0x00,0x00,0x00,0xE8,0x01,0x8E,0xFF,0xFF,
    0xFF,0xFF,0xFF,0xF3,0x0A,0xF1,0x00,0x00,0x00,0x00,0x00,0x00,0x00,0x80,0x9F,0xFF,0xFF,0xFF,0xFF,0xFF,0xFF,0xFE,0x10,0xC0,
    0x00,0x00,0x00,0x00,0x00,0x00,0x00,0x0A,0xFF,0xFF,0xFF,0xFF,0xFF,0xFF,0xFF,0xFF,0xC0,0x10,0x00,0x00,0x00,0x00,0x00,0x00,
    0x00,0x00,0x00,0x00,0x00,0x00,0x00,0x00,0x00,0x00,0x00,0x00,0x00,0x00,0x00,0x00,0x00,0x00,0x00,0x00,0x00,0x00,0x00,0x00,
    0x00,0x00,0x00,0x00,0x00,0x00,0x00,0x00,0x00,0x00,0x00,0x00,0x00,0x00,0x00,0x00,0x00,0x00,0x00,0x00,0x00,0x00,0x00,0x00,
    0x00,0x00,0x00,0x00,0x00,0x00,
    // HP-41 code 9 (font 56+42+43)
    0x00,0x00,0x10,0x6F,0xFF,0xFF,0xFF,0xFF,0xFF,0xFF,0xFF,0xFE,0x20,0x00,0x00,0x00,0x00,0x00,0x00,0x00,0x93,0x09,0xFF,0xFF,
    0xFF,0xFF,0xFF,0xFF,0xFF,0xD2,0x24,0x00,0x00,0x00,0x00,0x00,0x00,0x00,0xBE,0x12,0xCF,0xFF,0xFF,0xFF,0xFF,0xFF,0xB4,0x22,
    0xE4,0x00,0x00,0x00,0x00,0x00,0x00,0x00,0xCF,0x7A,0x70,0x00,0x00,0x00,0x00,0x00,0x6E,0x1B,0xF3,0x00,0x00,0x00,0x00,0x00,
    0x00,0x00,0xDF,0x88,0xFB,0x00,0x8F,0xFF,0xC0,0x0B,0xFB,0x1F,0xF2,0x00,0x00,0x00,0x00,0x00,0x00,0x00,0xFF,0xA6,0xFF,0x50,
    0x9F,0xFF,0xB0,0xBF,0xF5,0x6F,0xF0,0x00,0x00,0x00,0x00,0x00,0x00,0x00,0xFF,0xB4,0xFF,0xD0,0xAF,0xFF,0x99,0xFF,0xE0,0xBF,
    0xF0,0x00,0x00,0x00,0x00,0x00,0x00,0x01,0xFF,0xC2,0xFF,0xF4,0x8F,0xFF,0x4F,0xFF,0x91,0xFF,0xE0,0x00,0x00,0x00,0x00,0x00,
    0x00,0x03,0xFF,0xD0,0xFF,0xFA,0x5F,0xFE,0x5F,0xFF,0x25,0xFF,0xC0,0x00,0x00,0x00,0x00,0x00,0x00,0x04,0xFF,0xE0,0xCF,0xFE,
    0x2F,0xF9,0xBF,0xFC,0x0A,0xFF,0xB0,0x00,0x00,0x00,0x00,0x00,0x00,0x05,0xFF,0xF0,0x5F,0xFF,0x2F,0xF5,0xFF,0xF5,0x0D,0xFF,
    0xA0,0x00,0x00,0x00,0x00,0x00,0x00,0x07,0xFF,0xF0,0x0D,0xFF,0x5D,0xE6,0xFF,0x60,0x0E,0xFF,0x80,0x00,0x00,0x00,0x00,0x00,
    0x00,0x08,0xFF,0xF1,0x05,0xFF,0x8B,0xAB,0xF4,0x00,0x0F,0xFF,0x70,0x00,0x00,0x00,0x00,0x00,0x00,0x09,0xFF,0x80,0x00,0x3D,
    0xB8,0x6E,0x30,0x00,0x09,0xFF,0x60,0x00,0x00,0x00,0x00,0x00,0x00,0x05,0xE8,0xBF,0xFF,0xE5,0xA5,0x43,0xAF,0xFF,0xC0,0xCE,
    0x30,0x00,0x00,0x00,0x00,0x00,0x00,0x00,0x06,0xFF,0xFF,0xFF,0x70,0x2D,0xFF,0xFF,0xF9,0x00,0x00,0x00,0x00,0x00,0x00,0x00,
    0x00,0x00,0x14,0xFF,0xFF,0xFF,0x50,0x2C,0xFF,0xFF,0xF9,0x00,0x00,0x00,0x00,0x00,0x00,0x00,0x00,0x0A,0xF3,0x9F,0xFF,0xE4,
    0x76,0x75,0xAF,0xFF,0xC3,0xEA,0x00,0x00,0x00,0x00,0x00,0x00,0x00,0x0F,0xFE,0x10,0x00,0x2D,0x6D,0x5F,0x70,0x00,0x2E,0xFF,
    0x00,0x00,0x00,0x00,0x00,0x00,0x00,0x1F,0xFF,0x60,0x04,0xEF,0x5F,0x3F,0xFA,0x00,0xBF,0xFE,0x00,0x00,0x00,0x00,0x00,0x00,
    0x00,0x3F,0xFF,0x50,0x6F,0xFB,0x9F,0x4E,0xFF,0x30,0xAF,0xFD,0x00,0x00,0x00,0x00,0x00,0x00,0x00,0x4F,0xFF,0x43,0xFF,0xF5,
    0xEF,0x7B,0xFF,0xB0,0x9F,0xFB,0x00,0x00,0x00,0x00,0x00,0x00,0x00,0x5F,0xFF,0x19,0xFF,0xF4,0xFF,0x97,0xFF,0xF2,0x8F,0xFA,
    0x00,0x00,0x00,0x00,0x00,0x00,0x00,0x6F,0xFC,0x0E,0xFF,0xA8,0xFF,0xC4,0xFF,0xF6,0x7F,0xF9,0x00,0x00,0x00,0x00,0x00,0x00,
    0x00,0x8F,0xF7,0x5F,0xFF,0x4E,0xFF,0xF0,0xDF,0xF8,0x5F,0xF8,0x00,0x00,0x00,0x00,0x00,0x00,0x00,0x9F,0xF2,0xBF,0xFD,0x3F,
    0xFF,0xF1,0x6F,0xFA,0x4F,0xF6,0x00,0x00,0x00,0x00,0x00,0x00,0x00,0xAF,0xD1,0xFF,0xD1,0x4F,0xFF,0xF0,0x0E,0xFD,0x3F,0xF5,
    0x00,0x00,0x00,0x00,0x00,0x00,0x00,0xCF,0x77,0xFD,0x10,0x5F,0xFF,0xE0,0x05,0xFF,0x2F,0xF4,0x00,0x00,0x00,0x00,0x00,0x00,
    0x00,0xDF,0x2C,0x70,0x00,0x00,0x00,0x00,0x00,0x2C,0x1F,0xF2,0x00,0x00,0x00,0x00,0x00,0x00,0x00,0xE8,0x01,0x8E,0xFF,0xFF,
    0xFF,0xFF,0xFF,0xF3,0x0A,0xF1,0x00,0x00,0x00,0x00,0x00,0x00,0x00,0x80,0x9F,0xFF,0xFF,0xFF,0xFF,0xFF,0xFF,0xFE,0x10,0xC0,
    0x00,0x00,0x00,0x00,0x00,0x00,0x00,0x0A,0xFF,0xFF,0xFF,0xFF,0xFF,0xFF,0xFF,0xFF,0xC0,0x10,0x00,0x00,0x00,0x00,0x00,0x00,
    0x00,0x00,0x00,0x00,0x00,0x00,0x00,0x00,0x00,0x00,0x00,0x00,0x00,0x00,0x00,0x00,0x00,0x00,0x00,0x00,0x00,0x00,0x00,0x00,
    0x00,0x00,0x00,0x00,0x00,0x00,0x00,0x00,0x00,0x00,0x00,0x00,0x00,0x00,0x00,0x00,0x00,0x00,0x00,0x00,0x00,0x00,0x00,0x00,
    0x00,0x00,0x00,0x00,0x00,0x00,
    // HP-41 code 10 (font 56+42+43)
    0x00,0x00,0x10,0x6F,0xFF,0xFF,0xFF,0xFF,0xFF,0xFF,0xFF,0xFE,0x20,0x00,0x00,0x00,0x00,0x00,0x00,0x00,0x93,0x09,0xFF,0xFF,
    0xFF,0xFF,0xFF,0xFF,0xFF,0xD2,0x24,0x00,0x00,0x00,0x00,0x00,0x00,0x00,0xBE,0x12,0xCF,0xFF,0xFF,0xFF,0xFF,0xFF,0xB4,0x22,
    0xE4,0x00,0x00,0x00,0x00,0x00,0x00,0x00,0xCF,0x7A,0x70,0x00,0x00,0x00,0x00,0x00,0x6E,0x1B,0xF3,0x00,0x00,0x00,0x00,0x00,
    0x00,0x00,0xDF,0x88,0xFB,0x00,0x8F,0xFF,0xC0,0x0B,0xFB,0x1F,0xF2,0x00,0x00,0x00,0x00,0x00,0x00,0x00,0xFF,0xA6,0xFF,0x50,
    0x9F,0xFF,0xB0,0xBF,0xF5,0x6F,0xF0,0x00,0x00,0x00,0x00,0x00,0x00,0x00,0xFF,0xB4,0xFF,0xD0,0xAF,0xFF,0x99,0xFF,0xE0,0xBF,
    0xF0,0x00,0x00,0x00,0x00,0x00,0x00,0x01,0xFF,0xC2,0xFF,0xF4,0x8F,0xFF,0x4F,0xFF,0x91,0xFF,0xE0,0x00,0x00,0x00,0x00,0x00,
    0x00,0x03,0xFF,0xD0,0xFF,0xFA,0x5F,0xFE,0x5F,0xFF,0x25,0xFF,0xC0,0x00,0x00,0x00,0x00,0x00,0x00,0x04,0xFF,0xE0,0xCF,0xFE,
    0x2F,0xF9,0xBF,0xFC,0x0A,0xFF,0xB0,0x00,0x00,0x00,0x00,0x00,0x00,0x05,0xFF,0xF0,0x5F,0xFF,0x2F,0xF5,0xFF,0xF5,0x0D,0xFF,
    0xA0,0x00,0x00,0x00,0x00,0x00,0x00,0x07,0xFF,0xF0,0x0D,0xFF,0x5D,0xE6,0xFF,0x60,0x0E,0xFF,0x80,0x00,0x00,0x00,0x00,0x00,
    0x00,0x08,0xFF,0xF1,0x05,0xFF,0x8B,0xAB,0xF4,0x00,0x0F,0xFF,0x70,0x00,0x00,0x00,0x00,0x00,0x00,0x09,0xFF,0x80,0x00,0x3D,
    0xB8,0x6E,0x30,0x00,0x09,0xFF,0x60,0x00,0x00,0x00,0x00,0x00,0x00,0x05,0xE8,0xBF,0xFF,0xE5,0xA5,0x43,0xAF,0xFF,0xC0,0xCE,
    0x30,0x00,0x00,0x00,0x00,0x00,0x00,0x00,0x06,0xFF,0xFF,0xFF,0x70,0x2D,0xFF,0xFF,0xF9,0x00,0x00,0x00,0x00,0x00,0x00,0x00,
    0x00,0x00,0x14,0xFF,0xFF,0xFF,0x50,0x2C,0xFF,0xFF,0xF9,0x00,0x00,0x00,0x00,0x00,0x00,0x00,0x00,0x0A,0xF3,0x9F,0xFF,0xE4,
    0x76,0x75,0xAF,0xFF,0xC3,0xEA,0x00,0x00,0x00,0x00,0x00,0x00,0x00,0x0F,0xFE,0x10,0x00,0x2D,0x6D,0x5F,0x70,0x00,0x2E,0xFF,
    0x00,0x00,0x00,0x00,0x00,0x00,0x00,0x1F,0xFF,0x60,0x04,0xEF,0x5F,0x3F,0xFA,0x00,0xBF,0xFE,0x00,0x00,0x00,0x00,0x00,0x00,
    0x00,0x3F,0xFF,0x50,0x6F,0xFB,0x9F,0x4E,0xFF,0x30,0xAF,0xFD,0x00,0x00,0x00,0x00,0x00,0x00,0x00,0x4F,0xFF,0x43,0xFF,0xF5,
    0xEF,0x7B,0xFF,0xB0,0x9F,0xFB,0x00,0x00,0x00,0x00,0x00,0x00,0x00,0x5F,0xFF,0x19,0xFF,0xF4,0xFF,0x97,0xFF,0xF2,0x8F,0xFA,
    0x00,0x00,0x00,0x00,0x00,0x00,0x00,0x6F,0xFC,0x0E,0xFF,0xA8,0xFF,0xC4,0xFF,0xF6,0x7F,0xF9,0x00,0x00,0x00,0x00,0x00,0x00,
    0x00,0x8F,0xF7,0x5F,0xFF,0x4E,0xFF,0xF0,0xDF,0xF8,0x5F,0xF8,0x00,0x00,0x00,0x00,0x00,0x00,0x00,0x9F,0xF2,0xBF,0xFD,0x3F,
    0xFF,0xF1,0x6F,0xFA,0x4F,0xF6,0x00,0x00,0x00,0x00,0x00,0x00,0x00,0xAF,0xD1,0xFF,0xD1,0x4F,0xFF,0xF0,0x0E,0xFD,0x3F,0xF5,
    0x00,0x00,0x00,0x00,0x00,0x00,0x00,0xCF,0x77,0xFD,0x10,0x5F,0xFF,0xE0,0x05,0xFF,0x2F,0xF4,0x00,0x00,0x00,0x00,0x00,0x00,
    0x00,0xDF,0x2C,0x70,0x00,0x00,0x00,0x00,0x00,0x2C,0x1F,0xF2,0x00,0x00,0x00,0x00,0x00,0x00,0x00,0xE8,0x01,0x8E,0xFF,0xFF,
    0xFF,0xFF,0xFF,0xF3,0x0A,0xF1,0x00,0x00,0x00,0x00,0x00,0x00,0x00,0x80,0x9F,0xFF,0xFF,0xFF,0xFF,0xFF,0xFF,0xFE,0x10,0xC0,
    0x00,0x00,0x00,0x00,0x00,0x00,0x00,0x0A,0xFF,0xFF,0xFF,0xFF,0xFF,0xFF,0xFF,0xFF,0xC0,0x10,0x00,0x00,0x00,0x00,0x00,0x00,
    0x00,0x00,0x00,0x00,0x00,0x00,0x00,0x00,0x00,0x00,0x00,0x00,0x00,0x00,0x00,0x00,0x00,0x00,0x00,0x00,0x00,0x00,0x00,0x00,
    0x00,0x00,0x00,0x00,0x00,0x00,0x00,0x00,0x00,0x00,0x00,0x00,0x00,0x00,0x00,0x00,0x00,0x00,0x00,0x00,0x00,0x00,0x00,0x00,
    0x00,0x00,0x00,0x00,0x00,0x00,
    // HP-41 code 11 (font 56+42+43)
    0x00,0x00,0x10,0x6F,0xFF,0xFF,0xFF,0xFF,0xFF,0xFF,0xFF,0xFE,0x20,0x00,0x00,0x00,0x00,0x00,0x00,0x00,0x93,0x09,0xFF,0xFF,
    0xFF,0xFF,0xFF,0xFF,0xFF,0xD2,0x24,0x00,0x00,0x00,0x00,0x00,0x00,0x00,0xBE,0x12,0xCF,0xFF,0xFF,0xFF,0xFF,0xFF,0xB4,0x22,
    0xE4,0x00,0x00,0x00,0x00,0x00,0x00,0x00,0xCF,0x7A,0x70,0x00,0x00,0x00,0x00,0x00,0x6E,0x1B,0xF3,0x00,0x00,0x00,0x00,0x00,
    0x00,0x00,0xDF,0x88,0xFB,0x00,0x8F,0xFF,0xC0,0x0B,0xFB,0x1F,0xF2,0x00,0x00,0x00,0x00,0x00,0x00,0x00,0xFF,0xA6,0xFF,0x50,
    0x9F,0xFF,0xB0,0xBF,0xF5,0x6F,0xF0,0x00,0x00,0x00,0x00,0x00,0x00,0x00,0xFF,0xB4,0xFF,0xD0,0xAF,0xFF,0x99,0xFF,0xE0,0xBF,
    0xF0,0x00,0x00,0x00,0x00,0x00,0x00,0x01,0xFF,0xC2,0xFF,0xF4,0x8F,0xFF,0x4F,0xFF,0x91,0xFF,0xE0,0x00,0x00,0x00,0x00,0x00,
    0x00,0x03,0xFF,0xD0,0xFF,0xFA,0x5F,0xFE,0x5F,0xFF,0x25,0xFF,0xC0,0x00,0x00,0x00,0x00,0x00,0x00,0x04,0xFF,0xE0,0xCF,0xFE,
    0x2F,0xF9,0xBF,0xFC,0x0A,0xFF,0xB0,0x00,0x00,0x00,0x00,0x00,0x00,0x05,0xFF,0xF0,0x5F,0xFF,0x2F,0xF5,0xFF,0xF5,0x0D,0xFF,
    0xA0,0x00,0x00,0x00,0x00,0x00,0x00,0x07,0xFF,0xF0,0x0D,0xFF,0x5D,0xE6,0xFF,0x60,0x0E,0xFF,0x80,0x00,0x00,0x00,0x00,0x00,
    0x00,0x08,0xFF,0xF1,0x05,0xFF,0x8B,0xAB,0xF4,0x00,0x0F,0xFF,0x70,0x00,0x00,0x00,0x00,0x00,0x00,0x09,0xFF,0x80,0x00,0x3D,
    0xB8,0x6E,0x30,0x00,0x09,0xFF,0x60,0x00,0x00,0x00,0x00,0x00,0x00,0x05,0xE8,0xBF,0xFF,0xE5,0xA5,0x43,0xAF,0xFF,0xC0,0xCE,
    0x30,0x00,0x00,0x00,0x00,0x00,0x00,0x00,0x06,0xFF,0xFF,0xFF,0x70,0x2D,0xFF,0xFF,0xF9,0x00,0x00,0x00,0x00,0x00,0x00,0x00,
    0x00,0x00,0x14,0xFF,0xFF,0xFF,0x50,0x2C,0xFF,0xFF,0xF9,0x00,0x00,0x00,0x00,0x00,0x00,0x00,0x00,0x0A,0xF3,0x9F,0xFF,0xE4,
    0x76,0x75,0xAF,0xFF,0xC3,0xEA,0x00,0x00,0x00,0x00,0x00,0x00,0x00,0x0F,0xFE,0x10,0x00,0x2D,0x6D,0x5F,0x70,0x00,0x2E,0xFF,
    0x00,0x00,0x00,0x00,0x00,0x00,0x00,0x1F,0xFF,0x60,0x04,0xEF,0x5F,0x3F,0xFA,0x00,0xBF,0xFE,0x00,0x00,0x00,0x00,0x00,0x00,
    0x00,0x3F,0xFF,0x50,0x6F,0xFB,0x9F,0x4E,0xFF,0x30,0xAF,0xFD,0x00,0x00,0x00,0x00,0x00,0x00,0x00,0x4F,0xFF,0x43,0xFF,0xF5,
    0xEF,0x7B,0xFF,0xB0,0x9F,0xFB,0x00,0x00,0x00,0x00,0x00,0x00,0x00,0x5F,0xFF,0x19,0xFF,0xF4,0xFF,0x97,0xFF,0xF2,0x8F,0xFA,
    0x00,0x00,0x00,0x00,0x00,0x00,0x00,0x6F,0xFC,0x0E,0xFF,0xA8,0xFF,0xC4,0xFF,0xF6,0x7F,0xF9,0x00,0x00,0x00,0x00,0x00,0x00,
    0x00,0x8F,0xF7,0x5F,0xFF,0x4E,0xFF,0xF0,0xDF,0xF8,0x5F,0xF8,0x00,0x00,0x00,0x00,0x00,0x00,0x00,0x9F,0xF2,0xBF,0xFD,0x3F,
    0xFF,0xF1,0x6F,0xFA,0x4F,0xF6,0x00,0x00,0x00,0x00,0x00,0x00,0x00,0xAF,0xD1,0xFF,0xD1,0x4F,0xFF,0xF0,0x0E,0xFD,0x3F,0xF5,
    0x00,0x00,0x00,0x00,0x00,0x00,0x00,0xCF,0x77,0xFD,0x10,0x5F,0xFF,0xE0,0x05,0xFF,0x2F,0xF4,0x00,0x00,0x00,0x00,0x00,0x00,
    0x00,0xDF,0x2C,0x70,0x00,0x00,0x00,0x00,0x00,0x2C,0x1F,0xF2,0x00,0x00,0x00,0x00,0x00,0x00,0x00,0xE8,0x01,0x8E,0xFF,0xFF,
    0xFF,0xFF,0xFF,0xF3,0x0A,0xF1,0x00,0x00,0x00,0x00,0x00,0x00,0x00,0x80,0x9F,0xFF,0xFF,0xFF,0xFF,0xFF,0xFF,0xFE,0x10,0xC0,
    0x00,0x00,0x00,0x00,0x00,0x00,0x00,0x0A,0xFF,0xFF,0xFF,0xFF,0xFF,0xFF,0xFF,0xFF,0xC0,0x10,0x00,0x00,0x00,0x00,0x00,0x00,
    0x00,0x00,0x00,0x00,0x00,0x00,0x00,0x00,0x00,0x00,0x00,0x00,0x00,0x00,0x00,0x00,0x00,0x00,0x00,0x00,0x00,0x00,0x00,0x00,
    0x00,0x00,0x00,0x00,0x00,0x00,0x00,0x00,0x00,0x00,0x00,0x00,0x00,0x00,0x00,0x00,0x00,0x00,0x00,0x00,0x00,0x00,0x00,0x00,
    0x00,0x00,0x00,0x00,0x00,0x00,
    // HP-41 code 12 (font 140)
    0x00,0x00,0x00,0x00,0x00,0x00,0x00,0x00,0x00,0x00,0x00,0x00,0x00,0x00,0x00,0x00,0x00,0x00,0x00,0x00,0x00,0x00,0x00,0x00,
    0x00,0x00,0x00,0x00,0x00,0x00,0x35,0x00,0x00,0x00,0x00,0x00,0x00,0x00,0x00,0x00,0x00,0x00,0x00,0x00,0x00,0x00,0x00,0x03,
    0xE4,0x00,0x00,0x00,0x00,0x00,0x00,0x00,0x00,0x00,0x00,0x00,0x00,0x00,0x00,0x00,0x00,0x0B,0xF3,0x00,0x00,0x00,0x00,0x00,
    0x00,0x00,0x00,0x00,0x00,0x00,0x8F,0xFF,0xC0,0x00,0x00,0x1F,0xF2,0x00,0x00,0x00,0x00,0x00,0x00,0x00,0x00,0x00,0x00,0x00,
    0x9F,0xFF,0xB0,0x00,0x00,0x6F,0xF0,0x00,0x00,0x00,0x00,0x00,0x00,0x00,0x00,0x00,0x00,0x00,0xAF,0xFF,0x90,0x00,0x00,0xBF,
    0xF0,0x00,0x00,0x00,0x00,0x00,0x00,0x00,0x00,0x00,0x00,0x00,0x8F,0xFF,0x50,0x00,0x01,0xFF,0xE0,0x00,0x00,0x00,0x00,0x00,
    0x00,0x00,0x00,0x00,0x00,0x00,0x6F,0xFF,0x00,0x00,0x05,0xFF,0xC0,0x00,0x00,0x00,0x00,0x00,0x00,0x00,0x00,0x00,0x00,0x00,
    0x3F,0xFB,0x00,0x00,0x0B,0xFF,0xB0,0x00,0x00,0x00,0x00,0x00,0x00,0x00,0x00,0x00,0x00,0x00,0x1F,0xF6,0x00,0x00,0x0D,0xFF,
    0xA0,0x00,0x00,0x00,0x00,0x00,0x00,0x00,0x00,0x00,0x00,0x00,0x0E,0xF1,0x00,0x00,0x0E,0xFF,0x80,0x00,0x00,0x00,0x00,0x00,
    0x00,0x00,0x00,0x00,0x00,0x00,0x0C,0xC0,0x00,0x00,0x0F,0xFF,0x70,0x00,0x00,0x00,0x00,0x00,0x00,0x00,0x00,0x00,0x00,0x00,
    0x09,0x70,0x00,0x00,0x09,0xFF,0x60,0x00,0x00,0x00,0x00,0x00,0x00,0x00,0x00,0x00,0x00,0x00,0x07,0x20,0x00,0x00,0x00,0xBE,
    0x30,0x00,0x00,0x00,0x00,0x00,0x00,0x00,0x00,0x00,0x00,0x00,0x03,0x02,0xBF,0xFF,0xD1,0x00,0x00,0x00,0x00,0x00,0x00,0x00,
    0x00,0x00,0x00,0x00,0x00,0x00,0x00,0x3F,0xFF,0xFF,0xFC,0x00,0x00,0x00,0x00,0x00,0x00,0x00,0x00,0x00,0x00,0x00,0x00,0x00,
    0x40,0x02,0xCF,0xFF,0xD1,0x00,0x00,0x00,0x00,0x00,0x00,0x00,0x00,0x00,0x00,0x00,0x00,0x09,0x80,0x00,0x00,0x00,0x00,0x00,
    0x00,0x00,0x00,0x00,0x00,0x00,0x00,0x00,0x00,0x00,0x00,0xBF,0x20,0x00,0x00,0x00,0x00,0x00,0x00,0x00,0x00,0x00,0x00,0x00,
    0x00,0x00,0x00,0x00,0x2D,0xFD,0x00,0x00,0x00,0x00,0x00,0x00,0x00,0x00,0x00,0x00,0x00,0x00,0x00,0x00,0x00,0x01,0xEF,0xF7,
    0x00,0x00,0x00,0x00,0x00,0x00,0x00,0x00,0x00,0x00,0x00,0x00,0x00,0x00,0x00,0x07,0xFF,0xF2,0x00,0x00,0x00,0x00,0x00,0x00,
    0x00,0x00,0x00,0x00,0x00,0x00,0x00,0x00,0x00,0x0D,0xFF,0xC0,0x00,0x00,0x00,0x00,0x00,0x00,0x00,0x00,0x00,0x00,0x00,0x00,
    0x00,0x00,0x00,0x3F,0xFF,0x60,0x00,0x00,0x00,0x00,0x00,0x00,0x00,0x00,0x00,0x00,0x00,0x00,0x00,0x00,0x00,0x9F,0xFF,0x10,
    0x00,0x00,0x00,0x00,0x00,0x00,0x00,0x00,0x00,0x00,0x00,0x00,0x00,0x00,0x00,0xEF,0xF4,0x00,0x00,0x00,0x00,0x00,0x00,0x00,
    0x00,0x00,0x00,0x00,0x00,0x00,0x00,0x00,0x05,0xFF,0x40,0x00,0x00,0x00,0x00,0x00,0x00,0x00,0x00,0x00,0x00,0x00,0x00,0x00,
    0x00,0x00,0x0B,0xC3,0x00,0x00,0x00,0x00,0x00,0x00,0x00,0x00,0x00,0x00,0x00,0x00,0x00,0x00,0x00,0x00,0x05,0x00,0x00,0x00,
    0x00,0x00,0x00,0x00,0x00,0x00,0x00,0x00,0x00,0x00,0x00,0x00,0x00,0x00,0x00,0x00,0x00,0x00,0x00,0x00,0x00,0x00,0x00,0x00,
    0x00,0x00,0x00,0x00,0x00,0x00,0x00,0x00,0x00,0x00,0x00,0x00,0x00,0x00,0x00,0x00,0x00,0x00,0x00,0x00,0x00,0x00,0x00,0x00,
    0x00,0x00,0x00,0x00,0x00,0x00,0x00,0x00,0x00,0x00,0x00,0x00,0x00,0x00,0x00,0x00,0x00,0x00,0x00,0x00,0x00,0x00,0x00,0x00,
    0x00,0x00,0x00,0x00,0x00,0x00,0x00,0x00,0x00,0x00,0x00,0x00,0x00,0x00,0x00,0x00,0x00,0x00,0x00,0x00,0x00,0x00,0x00,0x00,
    0x00,0x00,0x00,0x00,0x00,0x00,
    // HP-41 code 13 (font 159)
    0x00,0x00,0x00,0x00,0x00,0x00,0x00,0x00,0x00,0x00,0x00,0x00,0x00,0x00,0x00,0x00,0x00,0x00,0x00,0x00,0x00,0x00,0x00,0x00,
    0x00,0x00,0x00,0x00,0x00,0x00,0x00,0x00,0x00,0x00,0x00,0x00,0x00,0x00,0x00,0x00,0x00,0x00,0x00,0x00,0x00,0x00,0x00,0x10,
    0x00,0x00,0x00,0x00,0x00,0x00,0x00,0x00,0x00,0x00,0x00,0x00,0x00,0x00,0x00,0x00,0x3C,0x20,0x00,0x00,0x00,0x00,0x00,0x00,
    0x00,0x00,0x00,0x00,0x00,0x00,0x00,0x00,0x00,0x08,0xFC,0x00,0x00,0x00,0x00,0x00,0x00,0x00,0x00,0x00,0x00,0x00,0x00,0x00,
    0x00,0x00,0x00,0x8F,0xF6,0x00,0x00,0x00,0x00,0x00,0x00,0x00,0x00,0x00,0x00,0x00,0x00,0x00,0x00,0x00,0x07,0xFF,0xF1,0x00,
    0x00,0x00,0x00,0x00,0x00,0x00,0x00,0x00,0x00,0x00,0x00,0x00,0x00,0x00,0x0E,0xFF,0xA0,0x00,0x00,0x00,0x00,0x00,0x00,0x00,
    0x00,0x00,0x00,0x00,0x00,0x00,0x00,0x00,0x4F,0xFF,0x40,0x00,0x00,0x00,0x00,0x00,0x00,0x00,0x00,0x00,0x00,0x00,0x00,0x00,
    0x00,0x00,0x9F,0xFE,0x00,0x00,0x00,0x00,0x00,0x00,0x00,0x00,0x00,0x00,0x00,0x00,0x00,0x00,0x00,0x00,0xEF,0xF7,0x00,0x00,
    0x00,0x00,0x00,0x00,0x00,0x00,0x00,0x00,0x00,0x00,0x00,0x00,0x00,0x04,0xFF,0x90,0x00,0x00,0x00,0x00,0x00,0x00,0x00,0x00,
    0x00,0x00,0x00,0x00,0x00,0x00,0x00,0x0A,0xF7,0x00,0x00,0x00,0x00,0x00,0x00,0x00,0x00,0x00,0x00,0x00,0x00,0x00,0x00,0x00,
    0x00,0x0E,0x50,0x00,0x00,0x00,0x00,0x00,0x00,0x00,0x00,0x00,0x00,0x00,0x00,0x00,0x00,0x00,0x00,0x44,0x00,0x00,0x00,0x00,
    0x00,0x00,0x00,0x00,0x00,0x00,0x00,0x00,0x00,0x00,0x00,0x00,0x00,0x00,0x00,0x00,0x00,0x00,0x00,0x00,0x00,0x00,0x00,0x00,
    0x00,0x00,0x00,0x00,0x00,0x00,0x00,0x00,0x00,0x00,0x00,0x00,0x00,0x00,0x00,0x00,0x00,0x00,0x00,0x00,0x00,0x00,0x00,0x01,
    0x86,0x00,0x00,0x00,0x00,0x00,0x00,0x00,0x00,0x00,0x00,0x00,0x00,0x00,0x00,0x00,0x00,0x3E,0x5E,0x00,0x00,0x00,0x00,0x00,
    0x00,0x00,0x00,0x00,0x00,0x00,0x00,0x00,0x00,0x00,0x05,0xFF,0x4F,0x20,0x00,0x00,0x00,0x00,0x00,0x00,0x00,0x00,0x00,0x00,
    0x00,0x00,0x00,0x00,0x8F,0xFA,0x9F,0x40,0x00,0x00,0x00,0x00,0x00,0x00,0x00,0x00,0x00,0x00,0x00,0x00,0x00,0x04,0xFF,0xF5,
    0xEF,0x70,0x00,0x00,0x00,0x00,0x00,0x00,0x00,0x00,0x00,0x00,0x00,0x00,0x00,0x0A,0xFF,0xF4,0xFF,0x90,0x00,0x00,0x00,0x00,
    0x00,0x00,0x00,0x00,0x00,0x00,0x00,0x00,0x00,0x0F,0xFF,0x99,0xFF,0xC0,0x00,0x00,0x00,0x00,0x00,0x00,0x00,0x00,0x00,0x00,
    0x00,0x00,0x00,0x6F,0xFF,0x4E,0xFF,0xF0,0x00,0x00,0x00,0x00,0x00,0x00,0x00,0x00,0x00,0x00,0x00,0x00,0x00,0xBF,0xFC,0x3F,
    0xFF,0xF1,0x00,0x00,0x00,0x00,0x00,0x00,0x00,0x00,0x00,0x00,0x00,0x00,0x01,0xFF,0xC0,0x5F,0xFF,0xF0,0x00,0x00,0x00,0x00,
    0x00,0x00,0x00,0x00,0x00,0x00,0x00,0x00,0x07,0xFB,0x00,0x5F,0xFF,0xE0,0x00,0x00,0x00,0x00,0x00,0x00,0x00,0x00,0x00,0x00,
    0x00,0x00,0x0B,0x50,0x00,0x00,0x00,0x00,0x00,0x00,0x00,0x00,0x00,0x00,0x00,0x00,0x00,0x00,0x00,0x00,0x02,0x8E,0xFF,0xFF,
    0xFF,0xFF,0xFF,0xF3,0x00,0x00,0x00,0x00,0x00,0x00,0x00,0x00,0x00,0x00,0x9F,0xFF,0xFF,0xFF,0xFF,0xFF,0xFF,0xFE,0x10,0x00,
    0x00,0x00,0x00,0x00,0x00,0x00,0x00,0x0A,0xFF,0xFF,0xFF,0xFF,0xFF,0xFF,0xFF,0xFF,0xC0,0x00,0x00,0x00,0x00,0x00,0x00,0x00,
    0x00,0x00,0x00,0x00,0x00,0x00,0x00,0x00,0x00,0x00,0x00,0x00,0x00,0x00,0x00,0x00,0x00,0x00,0x00,0x00,0x00,0x00,0x00,0x00,
    0x00,0x00,0x00,0x00,0x00,0x00,0x00,0x00,0x00,0x00,0x00,0x00,0x00,0x00,0x00,0x00,0x00,0x00,0x00,0x00,0x00,0x00,0x00,0x00,
    0x00,0x00,0x00,0x00,0x00,0x00,
    // HP-41 code 14 (font 56+42+43)
    0x00,0x00,0x10,0x6F,0xFF,0xFF,0xFF,0xFF,0xFF,0xFF,0xFF,0xFE,0x20,0x00,0x00,0x00,0x00,0x00,0x00,0x00,0x93,0x09,0xFF,0xFF,
    0xFF,0xFF,0xFF,0xFF,0xFF,0xD2,0x24,0x00,0x00,0x00,0x00,0x00,0x00,0x00,0xBE,0x12,0xCF,0xFF,0xFF,0xFF,0xFF,0xFF,0xB4,0x22,
    0xE4,0x00,0x00,0x00,0x00,0x00,0x00,0x00,0xCF,0x7A,0x70,0x00,0x00,0x00,0x00,0x00,0x6E,0x1B,0xF3,0x00,0x00,0x00,0x00,0x00,
    0x00,0x00,0xDF,0x88,0xFB,0x00,0x8F,0xFF,0xC0,0x0B,0xFB,0x1F,0xF2,0x00,0x00,0x00,0x00,0x00,0x00,0x00,0xFF,0xA6,0xFF,0x50,
    0x9F,0xFF,0xB0,0xBF,0xF5,0x6F,0xF0,0x00,0x00,0x00,0x00,0x00,0x00,0x00,0xFF,0xB4,0xFF,0xD0,0xAF,0xFF,0x99,0xFF,0xE0,0xBF,
    0xF0,0x00,0x00,0x00,0x00,0x00,0x00,0x01,0xFF,0xC2,0xFF,0xF4,0x8F,0xFF,0x4F,0xFF,0x91,0xFF,0xE0,0x00,0x00,0x00,0x00,0x00,
    0x00,0x03,0xFF,0xD0,0xFF,0xFA,0x5F,0xFE,0x5F,0xFF,0x25,0xFF,0xC0,0x00,0x00,0x00,0x00,0x00,0x00,0x04,0xFF,0xE0,0xCF,0xFE,
    0x2F,0xF9,0xBF,0xFC,0x0A,0xFF,0xB0,0x00,0x00,0x00,0x00,0x00,0x00,0x05,0xFF,0xF0,0x5F,0xFF,0x2F,0xF5,0xFF,0xF5,0x0D,0xFF,
    0xA0,0x00,0x00,0x00,0x00,0x00,0x00,0x07,0xFF,0xF0,0x0D,0xFF,0x5D,0xE6,0xFF,0x60,0x0E,0xFF,0x80,0x00,0x00,0x00,0x00,0x00,
    0x00,0x08,0xFF,0xF1,0x05,0xFF,0x8B,0xAB,0xF4,0x00,0x0F,0xFF,0x70,0x00,0x00,0x00,0x00,0x00,0x00,0x09,0xFF,0x80,0x00,0x3D,
    0xB8,0x6E,0x30,0x00,0x09,0xFF,0x60,0x00,0x00,0x00,0x00,0x00,0x00,0x05,0xE8,0xBF,0xFF,0xE5,0xA5,0x43,0xAF,0xFF,0xC0,0xCE,
    0x30,0x00,0x00,0x00,0x00,0x00,0x00,0x00,0x06,0xFF,0xFF,0xFF,0x70,0x2D,0xFF,0xFF,0xF9,0x00,0x00,0x00,0x00,0x00,0x00,0x00,
    0x00,0x00,0x14,0xFF,0xFF,0xFF,0x50,0x2C,0xFF,0xFF,0xF9,0x00,0x00,0x00,0x00,0x00,0x00,0x00,0x00,0x0A,0xF3,0x9F,0xFF,0xE4,
    0x76,0x75,0xAF,0xFF,0xC3,0xEA,0x00,0x00,0x00,0x00,0x00,0x00,0x00,0x0F,0xFE,0x10,0x00,0x2D,0x6D,0x5F,0x70,0x00,0x2E,0xFF,
    0x00,0x00,0x00,0x00,0x00,0x00,0x00,0x1F,0xFF,0x60,0x04,0xEF,0x5F,0x3F,0xFA,0x00,0xBF,0xFE,0x00,0x00,0x00,0x00,0x00,0x00,
    0x00,0x3F,0xFF,0x50,0x6F,0xFB,0x9F,0x4E,0xFF,0x30,0xAF,0xFD,0x00,0x00,0x00,0x00,0x00,0x00,0x00,0x4F,0xFF,0x43,0xFF,0xF5,
    0xEF,0x7B,0xFF,0xB0,0x9F,0xFB,0x00,0x00,0x00,0x00,0x00,0x00,0x00,0x5F,0xFF,0x19,0xFF,0xF4,0xFF,0x97,0xFF,0xF2,0x8F,0xFA,
    0x00,0x00,0x00,0x00,0x00,0x00,0x00,0x6F,0xFC,0x0E,0xFF,0xA8,0xFF,0xC4,0xFF,0xF6,0x7F,0xF9,0x00,0x00,0x00,0x00,0x00,0x00,
    0x00,0x8F,0xF7,0x5F,0xFF,0x4E,0xFF,0xF0,0xDF,0xF8,0x5F,0xF8,0x00,0x00,0x00,0x00,0x00,0x00,0x00,0x9F,0xF2,0xBF,0xFD,0x3F,
    0xFF,0xF1,0x6F,0xFA,0x4F,0xF6,0x00,0x00,0x00,0x00,0x00,0x00,0x00,0xAF,0xD1,0xFF,0xD1,0x4F,0xFF,0xF0,0x0E,0xFD,0x3F,0xF5,
    0x00,0x00,0x00,0x00,0x00,0x00,0x00,0xCF,0x77,0xFD,0x10,0x5F,0xFF,0xE0,0x05,0xFF,0x2F,0xF4,0x00,0x00,0x00,0x00,0x00,0x00,
    0x00,0xDF,0x2C,0x70,0x00,0x00,0x00,0x00,0x00,0x2C,0x1F,0xF2,0x00,0x00,0x00,0x00,0x00,0x00,0x00,0xE8,0x01,0x8E,0xFF,0xFF,
    0xFF,0xFF,0xFF,0xF3,0x0A,0xF1,0x00,0x00,0x00,0x00,0x00,0x00,0x00,0x80,0x9F,0xFF,0xFF,0xFF,0xFF,0xFF,0xFF,0xFE,0x10,0xC0,
    0x00,0x00,0x00,0x00,0x00,0x00,0x00,0x0A,0xFF,0xFF,0xFF,0xFF,0xFF,0xFF,0xFF,0xFF,0xC0,0x10,0x00,0x00,0x00,0x00,0x00,0x00,
    0x00,0x00,0x00,0x00,0x00,0x00,0x00,0x00,0x00,0x00,0x00,0x00,0x00,0x00,0x00,0x00,0x00,0x00,0x00,0x00,0x00,0x00,0x00,0x00,
    0x00,0x00,0x00,0x00,0x00,0x00,0x00,0x00,0x00,0x00,0x00,0x00,0x00,0x00,0x00,0x00,0x00,0x00,0x00,0x00,0x00,0x00,0x00,0x00,
    0x00,0x00,0x00,0x00,0x00,0x00,
    // HP-41 code 15 (font 56+42+43)
    0x00,0x00,0x10,0x6F,0xFF,0xFF,0xFF,0xFF,0xFF,0xFF,0xFF,0xFE,0x20,0x00,0x00,0x00,0x00,0x00,0x00,0x00,0x93,0x09,0xFF,0xFF,
    0xFF,0xFF,0xFF,0xFF,0xFF,0xD2,0x24,0x00,0x00,0x00,0x00,0x00,0x00,0x00,0xBE,0x12,0xCF,0xFF,0xFF,0xFF,0xFF,0xFF,0xB4,0x22,
    0xE4,0x00,0x00,0x00,0x00,0x00,0x00,0x00,0xCF,0x7A,0x70,0x00,0x00,0x00,0x00,0x00,0x6E,0x1B,0xF3,0x00,0x00,0x00,0x00,0x00,
    0x00,0x00,0xDF,0x88,0xFB,0x00,0x8F,0xFF,0xC0,0x0B,0xFB,0x1F,0xF2,0x00,0x00,0x00,0x00,0x00,0x00,0x00,0xFF,0xA6,0xFF,0x50,
    0x9F,0xFF,0xB0,0xBF,0xF5,0x6F,0xF0,0x00,0x00,0x00,0x00,0x00,0x00,0x00,0xFF,0xB4,0xFF,0xD0,0xAF,0xFF,0x99,0xFF,0xE0,0xBF,
    0xF0,0x00,0x00,0x00,0x00,0x00,0x00,0x01,0xFF,0xC2,0xFF,0xF4,0x8F,0xFF,0x4F,0xFF,0x91,0xFF,0xE0,0x00,0x00,0x00,0x00,0x00,
    0x00,0x03,0xFF,0xD0,0xFF,0xFA,0x5F,0xFE,0x5F,0xFF,0x25,0xFF,0xC0,0x00,0x00,0x00,0x00,0x00,0x00,0x04,0xFF,0xE0,0xCF,0xFE,
    0x2F,0xF9,0xBF,0xFC,0x0A,0xFF,0xB0,0x00,0x00,0x00,0x00,0x00,0x00,0x05,0xFF,0xF0,0x5F,0xFF,0x2F,0xF5,0xFF,0xF5,0x0D,0xFF,
    0xA0,0x00,0x00,0x00,0x00,0x00,0x00,0x07,0xFF,0xF0,0x0D,0xFF,0x5D,0xE6,0xFF,0x60,0x0E,0xFF,0x80,0x00,0x00,0x00,0x00,0x00,
    0x00,0x08,0xFF,0xF1,0x05,0xFF,0x8B,0xAB,0xF4,0x00,0x0F,0xFF,0x70,0x00,0x00,0x00,0x00,0x00,0x00,0x09,0xFF,0x80,0x00,0x3D,
    0xB8,0x6E,0x30,0x00,0x09,0xFF,0x60,0x00,0x00,0x00,0x00,0x00,0x00,0x05,0xE8,0xBF,0xFF,0xE5,0xA5,0x43,0xAF,0xFF,0xC0,0xCE,
    0x30,0x00,0x00,0x00,0x00,0x00,0x00,0x00,0x06,0xFF,0xFF,0xFF,0x70,0x2D,0xFF,0xFF,0xF9,0x00,0x00,0x00,0x00,0x00,0x00,0x00,
    0x00,0x00,0x14,0xFF,0xFF,0xFF,0x50,0x2C,0xFF,0xFF,0xF9,0x00,0x00,0x00,0x00,0x00,0x00,0x00,0x00,0x0A,0xF3,0x9F,0xFF,0xE4,
    0x76,0x75,0xAF,0xFF,0xC3,0xEA,0x00,0x00,0x00,0x00,0x00,0x00,0x00,0x0F,0xFE,0x10,0x00,0x2D,0x6D,0x5F,0x70,0x00,0x2E,0xFF,
    0x00,0x00,0x00,0x00,0x00,0x00,0x00,0x1F,0xFF,0x60,0x04,0xEF,0x5F,0x3F,0xFA,0x00,0xBF,0xFE,0x00,0x00,0x00,0x00,0x00,0x00,
    0x00,0x3F,0xFF,0x50,0x6F,0xFB,0x9F,0x4E,0xFF,0x30,0xAF,0xFD,0x00,0x00,0x00,0x00,0x00,0x00,0x00,0x4F,0xFF,0x43,0xFF,0xF5,
    0xEF,0x7B,0xFF,0xB0,0x9F,0xFB,0x00,0x00,0x00,0x00,0x00,0x00,0x00,0x5F,0xFF,0x19,0xFF,0xF4,0xFF,0x97,0xFF,0xF2,0x8F,0xFA,
    0x00,0x00,0x00,0x00,0x00,0x00,0x00,0x6F,0xFC,0x0E,0xFF,0xA8,0xFF,0xC4,0xFF,0xF6,0x7F,0xF9,0x00,0x00,0x00,0x00,0x00,0x00,
    0x00,0x8F,0xF7,0x5F,0xFF,0x4E,0xFF,0xF0,0xDF,0xF8,0x5F,0xF8,0x00,0x00,0x00,0x00,0x00,0x00,0x00,0x9F,0xF2,0xBF,0xFD,0x3F,
    0xFF,0xF1,0x6F,0xFA,0x4F,0xF6,0x00,0x00,0x00,0x00,0x00,0x00,0x00,0xAF,0xD1,0xFF,0xD1,0x4F,0xFF,0xF0,0x0E,0xFD,0x3F,0xF5,
    0x00,0x00,0x00,0x00,0x00,0x00,0x00,0xCF,0x77,0xFD,0x10,0x5F,0xFF,0xE0,0x05,0xFF,0x2F,0xF4,0x00,0x00,0x00,0x00,0x00,0x00,
    0x00,0xDF,0x2C,0x70,0x00,0x00,0x00,0x00,0x00,0x2C,0x1F,0xF2,0x00,0x00,0x00,0x00,0x00,0x00,0x00,0xE8,0x01,0x8E,0xFF,0xFF,
    0xFF,0xFF,0xFF,0xF3,0x0A,0xF1,0x00,0x00,0x00,0x00,0x00,0x00,0x00,0x80,0x9F,0xFF,0xFF,0xFF,0xFF,0xFF,0xFF,0xFE,0x10,0xC0,
    0x00,0x00,0x00,0x00,0x00,0x00,0x00,0x0A,0xFF,0xFF,0xFF,0xFF,0xFF,0xFF,0xFF,0xFF,0xC0,0x10,0x00,0x00,0x00,0x00,0x00,0x00,
    0x00,0x00,0x00,0x00,0x00,0x00,0x00,0x00,0x00,0x00,0x00,0x00,0x00,0x00,0x00,0x00,0x00,0x00,0x00,0x00,0x00,0x00,0x00,0x00,
    0x00,0x00,0x00,0x00,0x00,0x00,0x00,0x00,0x00,0x00,0x00,0x00,0x00,0x00,0x00,0x00,0x00,0x00,0x00,0x00,0x00,0x00,0x00,0x00,
    0x00,0x00,0x00,0x00,0x00,0x00,
    // HP-41 code 16 (font 56+42+43)
    0x00,0x00,0x10,0x6F,0xFF,0xFF,0xFF,0xFF,0xFF,0xFF,0xFF,0xFE,0x20,0x00,0x00,0x00,0x00,0x00,0x00,0x00,0x93,0x09,0xFF,0xFF,
    0xFF,0xFF,0xFF,0xFF,0xFF,0xD2,0x24,0x00,0x00,0x00,0x00,0x00,0x00,0x00,0xBE,0x12,0xCF,0xFF,0xFF,0xFF,0xFF,0xFF,0xB4,0x22,
    0xE4,0x00,0x00,0x00,0x00,0x00,0x00,0x00,0xCF,0x7A,0x70,0x00,0x00,0x00,0x00,0x00,0x6E,0x1B,0xF3,0x00,0x00,0x00,0x00,0x00,
    0x00,0x00,0xDF,0x88,0xFB,0x00,0x8F,0xFF,0xC0,0x0B,0xFB,0x1F,0xF2,0x00,0x00,0x00,0x00,0x00,0x00,0x00,0xFF,0xA6,0xFF,0x50,
    0x9F,0xFF,0xB0,0xBF,0xF5,0x6F,0xF0,0x00,0x00,0x00,0x00,0x00,0x00,0x00,0xFF,0xB4,0xFF,0xD0,0xAF,0xFF,0x99,0xFF,0xE0,0xBF,
    0xF0,0x00,0x00,0x00,0x00,0x00,0x00,0x01,0xFF,0xC2,0xFF,0xF4,0x8F,0xFF,0x4F,0xFF,0x91,0xFF,0xE0,0x00,0x00,0x00,0x00,0x00,
    0x00,0x03,0xFF,0xD0,0xFF,0xFA,0x5F,0xFE,0x5F,0xFF,0x25,0xFF,0xC0,0x00,0x00,0x00,0x00,0x00,0x00,0x04,0xFF,0xE0,0xCF,0xFE,
    0x2F,0xF9,0xBF,0xFC,0x0A,0xFF,0xB0,0x00,0x00,0x00,0x00,0x00,0x00,0x05,0xFF,0xF0,0x5F,0xFF,0x2F,0xF5,0xFF,0xF5,0x0D,0xFF,
    0xA0,0x00,0x00,0x00,0x00,0x00,0x00,0x07,0xFF,0xF0,0x0D,0xFF,0x5D,0xE6,0xFF,0x60,0x0E,0xFF,0x80,0x00,0x00,0x00,0x00,0x00,
    0x00,0x08,0xFF,0xF1,0x05,0xFF,0x8B,0xAB,0xF4,0x00,0x0F,0xFF,0x70,0x00,0x00,0x00,0x00,0x00,0x00,0x09,0xFF,0x80,0x00,0x3D,
    0xB8,0x6E,0x30,0x00,0x09,0xFF,0x60,0x00,0x00,0x00,0x00,0x00,0x00,0x05,0xE8,0xBF,0xFF,0xE5,0xA5,0x43,0xAF,0xFF,0xC0,0xCE,
    0x30,0x00,0x00,0x00,0x00,0x00,0x00,0x00,0x06,0xFF,0xFF,0xFF,0x70,0x2D,0xFF,0xFF,0xF9,0x00,0x00,0x00,0x00,0x00,0x00,0x00,
    0x00,0x00,0x14,0xFF,0xFF,0xFF,0x50,0x2C,0xFF,0xFF,0xF9,0x00,0x00,0x00,0x00,0x00,0x00,0x00,0x00,0x0A,0xF3,0x9F,0xFF,0xE4,
    0x76,0x75,0xAF,0xFF,0xC3,0xEA,0x00,0x00,0x00,0x00,0x00,0x00,0x00,0x0F,0xFE,0x10,0x00,0x2D,0x6D,0x5F,0x70,0x00,0x2E,0xFF,
    0x00,0x00,0x00,0x00,0x00,0x00,0x00,0x1F,0xFF,0x60,0x04,0xEF,0x5F,0x3F,0xFA,0x00,0xBF,0xFE,0x00,0x00,0x00,0x00,0x00,0x00,
    0x00,0x3F,0xFF,0x50,0x6F,0xFB,0x9F,0x4E,0xFF,0x30,0xAF,0xFD,0x00,0x00,0x00,0x00,0x00,0x00,0x00,0x4F,0xFF,0x43,0xFF,0xF5,
    0xEF,0x7B,0xFF,0xB0,0x9F,0xFB,0x00,0x00,0x00,0x00,0x00,0x00,0x00,0x5F,0xFF,0x19,0xFF,0xF4,0xFF,0x97,0xFF,0xF2,0x8F,0xFA,
    0x00,0x00,0x00,0x00,0x00,0x00,0x00,0x6F,0xFC,0x0E,0xFF,0xA8,0xFF,0xC4,0xFF,0xF6,0x7F,0xF9,0x00,0x00,0x00,0x00,0x00,0x00,
    0x00,0x8F,0xF7,0x5F,0xFF,0x4E,0xFF,0xF0,0xDF,0xF8,0x5F,0xF8,0x00,0x00,0x00,0x00,0x00,0x00,0x00,0x9F,0xF2,0xBF,0xFD,0x3F,
    0xFF,0xF1,0x6F,0xFA,0x4F,0xF6,0x00,0x00,0x00,0x00,0x00,0x00,0x00,0xAF,0xD1,0xFF,0xD1,0x4F,0xFF,0xF0,0x0E,0xFD,0x3F,0xF5,
    0x00,0x00,0x00,0x00,0x00,0x00,0x00,0xCF,0x77,0xFD,0x10,0x5F,0xFF,0xE0,0x05,0xFF,0x2F,0xF4,0x00,0x00,0x00,0x00,0x00,0x00,
    0x00,0xDF,0x2C,0x70,0x00,0x00,0x00,0x00,0x00,0x2C,0x1F,0xF2,0x00,0x00,0x00,0x00,0x00,0x00,0x00,0xE8,0x01,0x8E,0xFF,0xFF,
    0xFF,0xFF,0xFF,0xF3,0x0A,0xF1,0x00,0x00,0x00,0x00,0x00,0x00,0x00,0x80,0x9F,0xFF,0xFF,0xFF,0xFF,0xFF,0xFF,0xFE,0x10,0xC0,
    0x00,0x00,0x00,0x00,0x00,0x00,0x00,0x0A,0xFF,0xFF,0xFF,0xFF,0xFF,0xFF,0xFF,0xFF,0xC0,0x10,0x00,0x00,0x00,0x00,0x00,0x00,
    0x00,0x00,0x00,0x00,0x00,0x00,0x00,0x00,0x00,0x00,0x00,0x00,0x00,0x00,0x00,0x00,0x00,0x00,0x00,0x00,0x00,0x00,0x00,0x00,
    0x00,0x00,0x00,0x00,0x00,0x00,0x00,0x00,0x00,0x00,0x00,0x00,0x00,0x00,0x00,0x00,0x00,0x00,0x00,0x00,0x00,0x00,0x00,0x00,
    0x00,0x00,0x00,0x00,0x00,0x00,
    // HP-41 code 17 (font 56+42+43)
    0x00,0x00,0x10,0x6F,0xFF,0xFF,0xFF,0xFF,0xFF,0xFF,0xFF,0xFE,0x20,0x00,0x00,0x00,0x00,0x00,0x00,0x00,0x93,0x09,0xFF,0xFF,
    0xFF,0xFF,0xFF,0xFF,0xFF,0xD2,0x24,0x00,0x00,0x00,0x00,0x00,0x00,0x00,0xBE,0x12,0xCF,0xFF,0xFF,0xFF,0xFF,0xFF,0xB4,0x22,
    0xE4,0x00,0x00,0x00,0x00,0x00,0x00,0x00,0xCF,0x7A,0x70,0x00,0x00,0x00,0x00,0x00,0x6E,0x1B,0xF3,0x00,0x00,0x00,0x00,0x00,
    0x00,0x00,0xDF,0x88,0xFB,0x00,0x8F,0xFF,0xC0,0x0B,0xFB,0x1F,0xF2,0x00,0x00,0x00,0x00,0x00,0x00,0x00,0xFF,0xA6,0xFF,0x50,
    0x9F,0xFF,0xB0,0xBF,0xF5,0x6F,0xF0,0x00,0x00,0x00,0x00,0x00,0x00,0x00,0xFF,0xB4,0xFF,0xD0,0xAF,0xFF,0x99,0xFF,0xE0,0xBF,
    0xF0,0x00,0x00,0x00,0x00,0x00,0x00,0x01,0xFF,0xC2,0xFF,0xF4,0x8F,0xFF,0x4F,0xFF,0x91,0xFF,0xE0,0x00,0x00,0x00,0x00,0x00,
    0x00,0x03,0xFF,0xD0,0xFF,0xFA,0x5F,0xFE,0x5F,0xFF,0x25,0xFF,0xC0,0x00,0x00,0x00,0x00,0x00,0x00,0x04,0xFF,0xE0,0xCF,0xFE,
    0x2F,0xF9,0xBF,0xFC,0x0A,0xFF,0xB0,0x00,0x00,0x00,0x00,0x00,0x00,0x05,0xFF,0xF0,0x5F,0xFF,0x2F,0xF5,0xFF,0xF5,0x0D,0xFF,
    0xA0,0x00,0x00,0x00,0x00,0x00,0x00,0x07,0xFF,0xF0,0x0D,0xFF,0x5D,0xE6,0xFF,0x60,0x0E,0xFF,0x80,0x00,0x00,0x00,0x00,0x00,
    0x00,0x08,0xFF,0xF1,0x05,0xFF,0x8B,0xAB,0xF4,0x00,0x0F,0xFF,0x70,0x00,0x00,0x00,0x00,0x00,0x00,0x09,0xFF,0x80,0x00,0x3D,
    0xB8,0x6E,0x30,0x00,0x09,0xFF,0x60,0x00,0x00,0x00,0x00,0x00,0x00,0x05,0xE8,0xBF,0xFF,0xE5,0xA5,0x43,0xAF,0xFF,0xC0,0xCE,
    0x30,0x00,0x00,0x00,0x00,0x00,0x00,0x00,0x06,0xFF,0xFF,0xFF,0x70,0x2D,0xFF,0xFF,0xF9,0x00,0x00,0x00,0x00,0x00,0x00,0x00,
    0x00,0x00,0x14,0xFF,0xFF,0xFF,0x50,0x2C,0xFF,0xFF,0xF9,0x00,0x00,0x00,0x00,0x00,0x00,0x00,0x00,0x0A,0xF3,0x9F,0xFF,0xE4,
    0x76,0x75,0xAF,0xFF,0xC3,0xEA,0x00,0x00,0x00,0x00,0x00,0x00,0x00,0x0F,0xFE,0x10,0x00,0x2D,0x6D,0x5F,0x70,0x00,0x2E,0xFF,
    0x00,0x00,0x00,0x00,0x00,0x00,0x00,0x1F,0xFF,0x60,0x04,0xEF,0x5F,0x3F,0xFA,0x00,0xBF,0xFE,0x00,0x00,0x00,0x00,0x00,0x00,
    0x00,0x3F,0xFF,0x50,0x6F,0xFB,0x9F,0x4E,0xFF,0x30,0xAF,0xFD,0x00,0x00,0x00,0x00,0x00,0x00,0x00,0x4F,0xFF,0x43,0xFF,0xF5,
    0xEF,0x7B,0xFF,0xB0,0x9F,0xFB,0x00,0x00,0x00,0x00,0x00,0x00,0x00,0x5F,0xFF,0x19,0xFF,0xF4,0xFF,0x97,0xFF,0xF2,0x8F,0xFA,
    0x00,0x00,0x00,0x00,0x00,0x00,0x00,0x6F,0xFC,0x0E,0xFF,0xA8,0xFF,0xC4,0xFF,0xF6,0x7F,0xF9,0x00,0x00,0x00,0x00,0x00,0x00,
    0x00,0x8F,0xF7,0x5F,0xFF,0x4E,0xFF,0xF0,0xDF,0xF8,0x5F,0xF8,0x00,0x00,0x00,0x00,0x00,0x00,0x00,0x9F,0xF2,0xBF,0xFD,0x3F,
    0xFF,0xF1,0x6F,0xFA,0x4F,0xF6,0x00,0x00,0x00,0x00,0x00,0x00,0x00,0xAF,0xD1,0xFF,0xD1,0x4F,0xFF,0xF0,0x0E,0xFD,0x3F,0xF5,
    0x00,0x00,0x00,0x00,0x00,0x00,0x00,0xCF,0x77,0xFD,0x10,0x5F,0xFF,0xE0,0x05,0xFF,0x2F,0xF4,0x00,0x00,0x00,0x00,0x00,0x00,
    0x00,0xDF,0x2C,0x70,0x00,0x00,0x00,0x00,0x00,0x2C,0x1F,0xF2,0x00,0x00,0x00,0x00,0x00,0x00,0x00,0xE8,0x01,0x8E,0xFF,0xFF,
    0xFF,0xFF,0xFF,0xF3,0x0A,0xF1,0x00,0x00,0x00,0x00,0x00,0x00,0x00,0x80,0x9F,0xFF,0xFF,0xFF,0xFF,0xFF,0xFF,0xFE,0x10,0xC0,
    0x00,0x00,0x00,0x00,0x00,0x00,0x00,0x0A,0xFF,0xFF,0xFF,0xFF,0xFF,0xFF,0xFF,0xFF,0xC0,0x10,0x00,0x00,0x00,0x00,0x00,0x00,
    0x00,0x00,0x00,0x00,0x00,0x00,0x00,0x00,0x00,0x00,0x00,0x00,0x00,0x00,0x00,0x00,0x00,0x00,0x00,0x00,0x00,0x00,0x00,0x00,
    0x00,0x00,0x00,0x00,0x00,0x00,0x00,0x00,0x00,0x00,0x00,0x00,0x00,0x00,0x00,0x00,0x00,0x00,0x00,0x00,0x00,0x00,0x00,0x00,
    0x00,0x00,0x00,0x00,0x00,0x00,
    // HP-41 code 18 (font 56+42+43)
    0x00,0x00,0x10,0x6F,0xFF,0xFF,0xFF,0xFF,0xFF,0xFF,0xFF,0xFE,0x20,0x00,0x00,0x00,0x00,0x00,0x00,0x00,0x93,0x09,0xFF,0xFF,
    0xFF,0xFF,0xFF,0xFF,0xFF,0xD2,0x24,0x00,0x00,0x00,0x00,0x00,0x00,0x00,0xBE,0x12,0xCF,0xFF,0xFF,0xFF,0xFF,0xFF,0xB4,0x22,
    0xE4,0x00,0x00,0x00,0x00,0x00,0x00,0x00,0xCF,0x7A,0x70,0x00,0x00,0x00,0x00,0x00,0x6E,0x1B,0xF3,0x00,0x00,0x00,0x00,0x00,
    0x00,0x00,0xDF,0x88,0xFB,0x00,0x8F,0xFF,0xC0,0x0B,0xFB,0x1F,0xF2,0x00,0x00,0x00,0x00,0x00,0x00,0x00,0xFF,0xA6,0xFF,0x50,
    0x9F,0xFF,0xB0,0xBF,0xF5,0x6F,0xF0,0x00,0x00,0x00,0x00,0x00,0x00,0x00,0xFF,0xB4,0xFF,0xD0,0xAF,0xFF,0x99,0xFF,0xE0,0xBF,
    0xF0,0x00,0x00,0x00,0x00,0x00,0x00,0x01,0xFF,0xC2,0xFF,0xF4,0x8F,0xFF,0x4F,0xFF,0x91,0xFF,0xE0,0x00,0x00,0x00,0x00,0x00,
    0x00,0x03,0xFF,0xD0,0xFF,0xFA,0x5F,0xFE,0x5F,0xFF,0x25,0xFF,0xC0,0x00,0x00,0x00,0x00,0x00,0x00,0x04,0xFF,0xE0,0xCF,0xFE,
    0x2F,0xF9,0xBF,0xFC,0x0A,0xFF,0xB0,0x00,0x00,0x00,0x00,0x00,0x00,0x05,0xFF,0xF0,0x5F,0xFF,0x2F,0xF5,0xFF,0xF5,0x0D,0xFF,
    0xA0,0x00,0x00,0x00,0x00,0x00,0x00,0x07,0xFF,0xF0,0x0D,0xFF,0x5D,0xE6,0xFF,0x60,0x0E,0xFF,0x80,0x00,0x00,0x00,0x00,0x00,
    0x00,0x08,0xFF,0xF1,0x05,0xFF,0x8B,0xAB,0xF4,0x00,0x0F,0xFF,0x70,0x00,0x00,0x00,0x00,0x00,0x00,0x09,0xFF,0x80,0x00,0x3D,
    0xB8,0x6E,0x30,0x00,0x09,0xFF,0x60,0x00,0x00,0x00,0x00,0x00,0x00,0x05,0xE8,0xBF,0xFF,0xE5,0xA5,0x43,0xAF,0xFF,0xC0,0xCE,
    0x30,0x00,0x00,0x00,0x00,0x00,0x00,0x00,0x06,0xFF,0xFF,0xFF,0x70,0x2D,0xFF,0xFF,0xF9,0x00,0x00,0x00,0x00,0x00,0x00,0x00,
    0x00,0x00,0x14,0xFF,0xFF,0xFF,0x50,0x2C,0xFF,0xFF,0xF9,0x00,0x00,0x00,0x00,0x00,0x00,0x00,0x00,0x0A,0xF3,0x9F,0xFF,0xE4,
    0x76,0x75,0xAF,0xFF,0xC3,0xEA,0x00,0x00,0x00,0x00,0x00,0x00,0x00,0x0F,0xFE,0x10,0x00,0x2D,0x6D,0x5F,0x70,0x00,0x2E,0xFF,
    0x00,0x00,0x00,0x00,0x00,0x00,0x00,0x1F,0xFF,0x60,0x04,0xEF,0x5F,0x3F,0xFA,0x00,0xBF,0xFE,0x00,0x00,0x00,0x00,0x00,0x00,
    0x00,0x3F,0xFF,0x50,0x6F,0xFB,0x9F,0x4E,0xFF,0x30,0xAF,0xFD,0x00,0x00,0x00,0x00,0x00,0x00,0x00,0x4F,0xFF,0x43,0xFF,0xF5,
    0xEF,0x7B,0xFF,0xB0,0x9F,0xFB,0x00,0x00,0x00,0x00,0x00,0x00,0x00,0x5F,0xFF,0x19,0xFF,0xF4,0xFF,0x97,0xFF,0xF2,0x8F,0xFA,
    0x00,0x00,0x00,0x00,0x00,0x00,0x00,0x6F,0xFC,0x0E,0xFF,0xA8,0xFF,0xC4,0xFF,0xF6,0x7F,0xF9,0x00,0x00,0x00,0x00,0x00,0x00,
    0x00,0x8F,0xF7,0x5F,0xFF,0x4E,0xFF,0xF0,0xDF,0xF8,0x5F,0xF8,0x00,0x00,0x00,0x00,0x00,0x00,0x00,0x9F,0xF2,0xBF,0xFD,0x3F,
    0xFF,0xF1,0x6F,0xFA,0x4F,0xF6,0x00,0x00,0x00,0x00,0x00,0x00,0x00,0xAF,0xD1,0xFF,0xD1,0x4F,0xFF,0xF0,0x0E,0xFD,0x3F,0xF5,
    0x00,0x00,0x00,0x00,0x00,0x00,0x00,0xCF,0x77,0xFD,0x10,0x5F,0xFF,0xE0,0x05,0xFF,0x2F,0xF4,0x00,0x00,0x00,0x00,0x00,0x00,
    0x00,0xDF,0x2C,0x70,0x00,0x00,0x00,0x00,0x00,0x2C,0x1F,0xF2,0x00,0x00,0x00,0x00,0x00,0x00,0x00,0xE8,0x01,0x8E,0xFF,0xFF,
    0xFF,0xFF,0xFF,0xF3,0x0A,0xF1,0x00,0x00,0x00,0x00,0x00,0x00,0x00,0x80,0x9F,0xFF,0xFF,0xFF,0xFF,0xFF,0xFF,0xFE,0x10,0xC0,
    0x00,0x00,0x00,0x00,0x00,0x00,0x00,0x0A,0xFF,0xFF,0xFF,0xFF,0xFF,0xFF,0xFF,0xFF,0xC0,0x10,0x00,0x00,0x00,0x00,0x00,0x00,
    0x00,0x00,0x00,0x00,0x00,0x00,0x00,0x00,0x00,0x00,0x00,0x00,0x00,0x00,0x00,0x00,0x00,0x00,0x00,0x00,0x00,0x00,0x00,0x00,
    0x00,0x00,0x00,0x00,0x00,0x00,0x00,0x00,0x00,0x00,0x00,0x00,0x00,0x00,0x00,0x00,0x00,0x00,0x00,0x00,0x00,0x00,0x00,0x00,
    0x00,0x00,0x00,0x00,0x00,0x00,
    // HP-41 code 19 (font 56+42+43)
    0x00,0x00,0x10,0x6F,0xFF,0xFF,0xFF,0xFF,0xFF,0xFF,0xFF,0xFE,0x20,0x00,0x00,0x00,0x00,0x00,0x00,0x00,0x93,0x09,0xFF,0xFF,
    0xFF,0xFF,0xFF,0xFF,0xFF,0xD2,0x24,0x00,0x00,0x00,0x00,0x00,0x00,0x00,0xBE,0x12,0xCF,0xFF,0xFF,0xFF,0xFF,0xFF,0xB4,0x22,
    0xE4,0x00,0x00,0x00,0x00,0x00,0x00,0x00,0xCF,0x7A,0x70,0x00,0x00,0x00,0x00,0x00,0x6E,0x1B,0xF3,0x00,0x00,0x00,0x00,0x00,
    0x00,0x00,0xDF,0x88,0xFB,0x00,0x8F,0xFF,0xC0,0x0B,0xFB,0x1F,0xF2,0x00,0x00,0x00,0x00,0x00,0x00,0x00,0xFF,0xA6,0xFF,0x50,
    0x9F,0xFF,0xB0,0xBF,0xF5,0x6F,0xF0,0x00,0x00,0x00,0x00,0x00,0x00,0x00,0xFF,0xB4,0xFF,0xD0,0xAF,0xFF,0x99,0xFF,0xE0,0xBF,
    0xF0,0x00,0x00,0x00,0x00,0x00,0x00,0x01,0xFF,0xC2,0xFF,0xF4,0x8F,0xFF,0x4F,0xFF,0x91,0xFF,0xE0,0x00,0x00,0x00,0x00,0x00,
    0x00,0x03,0xFF,0xD0,0xFF,0xFA,0x5F,0xFE,0x5F,0xFF,0x25,0xFF,0xC0,0x00,0x00,0x00,0x00,0x00,0x00,0x04,0xFF,0xE0,0xCF,0xFE,
    0x2F,0xF9,0xBF,0xFC,0x0A,0xFF,0xB0,0x00,0x00,0x00,0x00,0x00,0x00,0x05,0xFF,0xF0,0x5F,0xFF,0x2F,0xF5,0xFF,0xF5,0x0D,0xFF,
    0xA0,0x00,0x00,0x00,0x00,0x00,0x00,0x07,0xFF,0xF0,0x0D,0xFF,0x5D,0xE6,0xFF,0x60,0x0E,0xFF,0x80,0x00,0x00,0x00,0x00,0x00,
    0x00,0x08,0xFF,0xF1,0x05,0xFF,0x8B,0xAB,0xF4,0x00,0x0F,0xFF,0x70,0x00,0x00,0x00,0x00,0x00,0x00,0x09,0xFF,0x80,0x00,0x3D,
    0xB8,0x6E,0x30,0x00,0x09,0xFF,0x60,0x00,0x00,0x00,0x00,0x00,0x00,0x05,0xE8,0xBF,0xFF,0xE5,0xA5,0x43,0xAF,0xFF,0xC0,0xCE,
    0x30,0x00,0x00,0x00,0x00,0x00,0x00,0x00,0x06,0xFF,0xFF,0xFF,0x70,0x2D,0xFF,0xFF,0xF9,0x00,0x00,0x00,0x00,0x00,0x00,0x00,
    0x00,0x00,0x14,0xFF,0xFF,0xFF,0x50,0x2C,0xFF,0xFF,0xF9,0x00,0x00,0x00,0x00,0x00,0x00,0x00,0x00,0x0A,0xF3,0x9F,0xFF,0xE4,
    0x76,0x75,0xAF,0xFF,0xC3,0xEA,0x00,0x00,0x00,0x00,0x00,0x00,0x00,0x0F,0xFE,0x10,0x00,0x2D,0x6D,0x5F,0x70,0x00,0x2E,0xFF,
    0x00,0x00,0x00,0x00,0x00,0x00,0x00,0x1F,0xFF,0x60,0x04,0xEF,0x5F,0x3F,0xFA,0x00,0xBF,0xFE,0x00,0x00,0x00,0x00,0x00,0x00,
    0x00,0x3F,0xFF,0x50,0x6F,0xFB,0x9F,0x4E,0xFF,0x30,0xAF,0xFD,0x00,0x00,0x00,0x00,0x00,0x00,0x00,0x4F,0xFF,0x43,0xFF,0xF5,
    0xEF,0x7B,0xFF,0xB0,0x9F,0xFB,0x00,0x00,0x00,0x00,0x00,0x00,0x00,0x5F,0xFF,0x19,0xFF,0xF4,0xFF,0x97,0xFF,0xF2,0x8F,0xFA,
    0x00,0x00,0x00,0x00,0x00,0x00,0x00,0x6F,0xFC,0x0E,0xFF,0xA8,0xFF,0xC4,0xFF,0xF6,0x7F,0xF9,0x00,0x00,0x00,0x00,0x00,0x00,
    0x00,0x8F,0xF7,0x5F,0xFF,0x4E,0xFF,0xF0,0xDF,0xF8,0x5F,0xF8,0x00,0x00,0x00,0x00,0x00,0x00,0x00,0x9F,0xF2,0xBF,0xFD,0x3F,
    0xFF,0xF1,0x6F,0xFA,0x4F,0xF6,0x00,0x00,0x00,0x00,0x00,0x00,0x00,0xAF,0xD1,0xFF,0xD1,0x4F,0xFF,0xF0,0x0E,0xFD,0x3F,0xF5,
    0x00,0x00,0x00,0x00,0x00,0x00,0x00,0xCF,0x77,0xFD,0x10,0x5F,0xFF,0xE0,0x05,0xFF,0x2F,0xF4,0x00,0x00,0x00,0x00,0x00,0x00,
    0x00,0xDF,0x2C,0x70,0x00,0x00,0x00,0x00,0x00,0x2C,0x1F,0xF2,0x00,0x00,0x00,0x00,0x00,0x00,0x00,0xE8,0x01,0x8E,0xFF,0xFF,
    0xFF,0xFF,0xFF,0xF3,0x0A,0xF1,0x00,0x00,0x00,0x00,0x00,0x00,0x00,0x80,0x9F,0xFF,0xFF,0xFF,0xFF,0xFF,0xFF,0xFE,0x10,0xC0,
    0x00,0x00,0x00,0x00,0x00,0x00,0x00,0x0A,0xFF,0xFF,0xFF,0xFF,0xFF,0xFF,0xFF,0xFF,0xC0,0x10,0x00,0x00,0x00,0x00,0x00,0x00,
    0x00,0x00,0x00,0x00,0x00,0x00,0x00,0x00,0x00,0x00,0x00,0x00,0x00,0x00,0x00,0x00,0x00,0x00,0x00,0x00,0x00,0x00,0x00,0x00,
    0x00,0x00,0x00,0x00,0x00,0x00,0x00,0x00,0x00,0x00,0x00,0x00,0x00,0x00,0x00,0x00,0x00,0x00,0x00,0x00,0x00,0x00,0x00,0x00,
    0x00,0x00,0x00,0x00,0x00,0x00,
    // HP-41 code 20 (font 56+42+43)
    0x00,0x00,0x10,0x6F,0xFF,0xFF,0xFF,0xFF,0xFF,0xFF,0xFF,0xFE,0x20,0x00,0x00,0x00,0x00,0x00,0x00,0x00,0x93,0x09,0xFF,0xFF,
    0xFF,0xFF,0xFF,0xFF,0xFF,0xD2,0x24,0x00,0x00,0x00,0x00,0x00,0x00,0x00,0xBE,0x12,0xCF,0xFF,0xFF,0xFF,0xFF,0xFF,0xB4,0x22,
    0xE4,0x00,0x00,0x00,0x00,0x00,0x00,0x00,0xCF,0x7A,0x70,0x00,0x00,0x00,0x00,0x00,0x6E,0x1B,0xF3,0x00,0x00,0x00,0x00,0x00,
    0x00,0x00,0xDF,0x88,0xFB,0x00,0x8F,0xFF,0xC0,0x0B,0xFB,0x1F,0xF2,0x00,0x00,0x00,0x00,0x00,0x00,0x00,0xFF,0xA6,0xFF,0x50,
    0x9F,0xFF,0xB0,0xBF,0xF5,0x6F,0xF0,0x00,0x00,0x00,0x00,0x00,0x00,0x00,0xFF,0xB4,0xFF,0xD0,0xAF,0xFF,0x99,0xFF,0xE0,0xBF,
    0xF0,0x00,0x00,0x00,0x00,0x00,0x00,0x01,0xFF,0xC2,0xFF,0xF4,0x8F,0xFF,0x4F,0xFF,0x91,0xFF,0xE0,0x00,0x00,0x00,0x00,0x00,
    0x00,0x03,0xFF,0xD0,0xFF,0xFA,0x5F,0xFE,0x5F,0xFF,0x25,0xFF,0xC0,0x00,0x00,0x00,0x00,0x00,0x00,0x04,0xFF,0xE0,0xCF,0xFE,
    0x2F,0xF9,0xBF,0xFC,0x0A,0xFF,0xB0,0x00,0x00,0x00,0x00,0x00,0x00,0x05,0xFF,0xF0,0x5F,0xFF,0x2F,0xF5,0xFF,0xF5,0x0D,0xFF,
    0xA0,0x00,0x00,0x00,0x00,0x00,0x00,0x07,0xFF,0xF0,0x0D,0xFF,0x5D,0xE6,0xFF,0x60,0x0E,0xFF,0x80,0x00,0x00,0x00,0x00,0x00,
    0x00,0x08,0xFF,0xF1,0x05,0xFF,0x8B,0xAB,0xF4,0x00,0x0F,0xFF,0x70,0x00,0x00,0x00,0x00,0x00,0x00,0x09,0xFF,0x80,0x00,0x3D,
    0xB8,0x6E,0x30,0x00,0x09,0xFF,0x60,0x00,0x00,0x00,0x00,0x00,0x00,0x05,0xE8,0xBF,0xFF,0xE5,0xA5,0x43,0xAF,0xFF,0xC0,0xCE,
    0x30,0x00,0x00,0x00,0x00,0x00,0x00,0x00,0x06,0xFF,0xFF,0xFF,0x70,0x2D,0xFF,0xFF,0xF9,0x00,0x00,0x00,0x00,0x00,0x00,0x00,
    0x00,0x00,0x14,0xFF,0xFF,0xFF,0x50,0x2C,0xFF,0xFF,0xF9,0x00,0x00,0x00,0x00,0x00,0x00,0x00,0x00,0x0A,0xF3,0x9F,0xFF,0xE4,
    0x76,0x75,0xAF,0xFF,0xC3,0xEA,0x00,0x00,0x00,0x00,0x00,0x00,0x00,0x0F,0xFE,0x10,0x00,0x2D,0x6D,0x5F,0x70,0x00,0x2E,0xFF,
    0x00,0x00,0x00,0x00,0x00,0x00,0x00,0x1F,0xFF,0x60,0x04,0xEF,0x5F,0x3F,0xFA,0x00,0xBF,0xFE,0x00,0x00,0x00,0x00,0x00,0x00,
    0x00,0x3F,0xFF,0x50,0x6F,0xFB,0x9F,0x4E,0xFF,0x30,0xAF,0xFD,0x00,0x00,0x00,0x00,0x00,0x00,0x00,0x4F,0xFF,0x43,0xFF,0xF5,
    0xEF,0x7B,0xFF,0xB0,0x9F,0xFB,0x00,0x00,0x00,0x00,0x00,0x00,0x00,0x5F,0xFF,0x19,0xFF,0xF4,0xFF,0x97,0xFF,0xF2,0x8F,0xFA,
    0x00,0x00,0x00,0x00,0x00,0x00,0x00,0x6F,0xFC,0x0E,0xFF,0xA8,0xFF,0xC4,0xFF,0xF6,0x7F,0xF9,0x00,0x00,0x00,0x00,0x00,0x00,
    0x00,0x8F,0xF7,0x5F,0xFF,0x4E,0xFF,0xF0,0xDF,0xF8,0x5F,0xF8,0x00,0x00,0x00,0x00,0x00,0x00,0x00,0x9F,0xF2,0xBF,0xFD,0x3F,
    0xFF,0xF1,0x6F,0xFA,0x4F,0xF6,0x00,0x00,0x00,0x00,0x00,0x00,0x00,0xAF,0xD1,0xFF,0xD1,0x4F,0xFF,0xF0,0x0E,0xFD,0x3F,0xF5,
    0x00,0x00,0x00,0x00,0x00,0x00,0x00,0xCF,0x77,0xFD,0x10,0x5F,0xFF,0xE0,0x05,0xFF,0x2F,0xF4,0x00,0x00,0x00,0x00,0x00,0x00,
    0x00,0xDF,0x2C,0x70,0x00,0x00,0x00,0x00,0x00,0x2C,0x1F,0xF2,0x00,0x00,0x00,0x00,0x00,0x00,0x00,0xE8,0x01,0x8E,0xFF,0xFF,
    0xFF,0xFF,0xFF,0xF3,0x0A,0xF1,0x00,0x00,0x00,0x00,0x00,0x00,0x00,0x80,0x9F,0xFF,0xFF,0xFF,0xFF,0xFF,0xFF,0xFE,0x10,0xC0,
    0x00,0x00,0x00,0x00,0x00,0x00,0x00,0x0A,0xFF,0xFF,0xFF,0xFF,0xFF,0xFF,0xFF,0xFF,0xC0,0x10,0x00,0x00,0x00,0x00,0x00,0x00,
    0x00,0x00,0x00,0x00,0x00,0x00,0x00,0x00,0x00,0x00,0x00,0x00,0x00,0x00,0x00,0x00,0x00,0x00,0x00,0x00,0x00,0x00,0x00,0x00,
    0x00,0x00,0x00,0x00,0x00,0x00,0x00,0x00,0x00,0x00,0x00,0x00,0x00,0x00,0x00,0x00,0x00,0x00,0x00,0x00,0x00,0x00,0x00,0x00,
    0x00,0x00,0x00,0x00,0x00,0x00,
    // HP-41 code 21 (font 56+42+43)
    0x00,0x00,0x10,0x6F,0xFF,0xFF,0xFF,0xFF,0xFF,0xFF,0xFF,0xFE,0x20,0x00,0x00,0x00,0x00,0x00,0x00,0x00,0x93,0x09,0xFF,0xFF,
    0xFF,0xFF,0xFF,0xFF,0xFF,0xD2,0x24,0x00,0x00,0x00,0x00,0x00,0x00,0x00,0xBE,0x12,0xCF,0xFF,0xFF,0xFF,0xFF,0xFF,0xB4,0x22,
    0xE4,0x00,0x00,0x00,0x00,0x00,0x00,0x00,0xCF,0x7A,0x70,0x00,0x00,0x00,0x00,0x00,0x6E,0x1B,0xF3,0x00,0x00,0x00,0x00,0x00,
    0x00,0x00,0xDF,0x88,0xFB,0x00,0x8F,0xFF,0xC0,0x0B,0xFB,0x1F,0xF2,0x00,0x00,0x00,0x00,0x00,0x00,0x00,0xFF,0xA6,0xFF,0x50,
    0x9F,0xFF,0xB0,0xBF,0xF5,0x6F,0xF0,0x00,0x00,0x00,0x00,0x00,0x00,0x00,0xFF,0xB4,0xFF,0xD0,0xAF,0xFF,0x99,0xFF,0xE0,0xBF,
    0xF0,0x00,0x00,0x00,0x00,0x00,0x00,0x01,0xFF,0xC2,0xFF,0xF4,0x8F,0xFF,0x4F,0xFF,0x91,0xFF,0xE0,0x00,0x00,0x00,0x00,0x00,
    0x00,0x03,0xFF,0xD0,0xFF,0xFA,0x5F,0xFE,0x5F,0xFF,0x25,0xFF,0xC0,0x00,0x00,0x00,0x00,0x00,0x00,0x04,0xFF,0xE0,0xCF,0xFE,
    0x2F,0xF9,0xBF,0xFC,0x0A,0xFF,0xB0,0x00,0x00,0x00,0x00,0x00,0x00,0x05,0xFF,0xF0,0x5F,0xFF,0x2F,0xF5,0xFF,0xF5,0x0D,0xFF,
    0xA0,0x00,0x00,0x00,0x00,0x00,0x00,0x07,0xFF,0xF0,0x0D,0xFF,0x5D,0xE6,0xFF,0x60,0x0E,0xFF,0x80,0x00,0x00,0x00,0x00,0x00,
    0x00,0x08,0xFF,0xF1,0x05,0xFF,0x8B,0xAB,0xF4,0x00,0x0F,0xFF,0x70,0x00,0x00,0x00,0x00,0x00,0x00,0x09,0xFF,0x80,0x00,0x3D,
    0xB8,0x6E,0x30,0x00,0x09,0xFF,0x60,0x00,0x00,0x00,0x00,0x00,0x00,0x05,0xE8,0xBF,0xFF,0xE5,0xA5,0x43,0xAF,0xFF,0xC0,0xCE,
    0x30,0x00,0x00,0x00,0x00,0x00,0x00,0x00,0x06,0xFF,0xFF,0xFF,0x70,0x2D,0xFF,0xFF,0xF9,0x00,0x00,0x00,0x00,0x00,0x00,0x00,
    0x00,0x00,0x14,0xFF,0xFF,0xFF,0x50,0x2C,0xFF,0xFF,0xF9,0x00,0x00,0x00,0x00,0x00,0x00,0x00,0x00,0x0A,0xF3,0x9F,0xFF,0xE4,
    0x76,0x75,0xAF,0xFF,0xC3,0xEA,0x00,0x00,0x00,0x00,0x00,0x00,0x00,0x0F,0xFE,0x10,0x00,0x2D,0x6D,0x5F,0x70,0x00,0x2E,0xFF,
    0x00,0x00,0x00,0x00,0x00,0x00,0x00,0x1F,0xFF,0x60,0x04,0xEF,0x5F,0x3F,0xFA,0x00,0xBF,0xFE,0x00,0x00,0x00,0x00,0x00,0x00,
    0x00,0x3F,0xFF,0x50,0x6F,0xFB,0x9F,0x4E,0xFF,0x30,0xAF,0xFD,0x00,0x00,0x00,0x00,0x00,0x00,0x00,0x4F,0xFF,0x43,0xFF,0xF5,
    0xEF,0x7B,0xFF,0xB0,0x9F,0xFB,0x00,0x00,0x00,0x00,0x00,0x00,0x00,0x5F,0xFF,0x19,0xFF,0xF4,0xFF,0x97,0xFF,0xF2,0x8F,0xFA,
    0x00,0x00,0x00,0x00,0x00,0x00,0x00,0x6F,0xFC,0x0E,0xFF,0xA8,0xFF,0xC4,0xFF,0xF6,0x7F,0xF9,0x00,0x00,0x00,0x00,0x00,0x00,
    0x00,0x8F,0xF7,0x5F,0xFF,0x4E,0xFF,0xF0,0xDF,0xF8,0x5F,0xF8,0x00,0x00,0x00,0x00,0x00,0x00,0x00,0x9F,0xF2,0xBF,0xFD,0x3F,
    0xFF,0xF1,0x6F,0xFA,0x4F,0xF6,0x00,0x00,0x00,0x00,0x00,0x00,0x00,0xAF,0xD1,0xFF,0xD1,0x4F,0xFF,0xF0,0x0E,0xFD,0x3F,0xF5,
    0x00,0x00,0x00,0x00,0x00,0x00,0x00,0xCF,0x77,0xFD,0x10,0x5F,0xFF,0xE0,0x05,0xFF,0x2F,0xF4,0x00,0x00,0x00,0x00,0x00,0x00,
    0x00,0xDF,0x2C,0x70,0x00,0x00,0x00,0x00,0x00,0x2C,0x1F,0xF2,0x00,0x00,0x00,0x00,0x00,0x00,0x00,0xE8,0x01,0x8E,0xFF,0xFF,
    0xFF,0xFF,0xFF,0xF3,0x0A,0xF1,0x00,0x00,0x00,0x00,0x00,0x00,0x00,0x80,0x9F,0xFF,0xFF,0xFF,0xFF,0xFF,0xFF,0xFE,0x10,0xC0,
    0x00,0x00,0x00,0x00,0x00,0x00,0x00,0x0A,0xFF,0xFF,0xFF,0xFF,0xFF,0xFF,0xFF,0xFF,0xC0,0x10,0x00,0x00,0x00,0x00,0x00,0x00,
    0x00,0x00,0x00,0x00,0x00,0x00,0x00,0x00,0x00,0x00,0x00,0x00,0x00,0x00,0x00,0x00,0x00,0x00,0x00,0x00,0x00,0x00,0x00,0x00,
    0x00,0x00,0x00,0x00,0x00,0x00,0x00,0x00,0x00,0x00,0x00,0x00,0x00,0x00,0x00,0x00,0x00,0x00,0x00,0x00,0x00,0x00,0x00,0x00,
    0x00,0x00,0x00,0x00,0x00,0x00,
    // HP-41 code 22 (font 56+42+43)
    0x00,0x00,0x10,0x6F,0xFF,0xFF,0xFF,0xFF,0xFF,0xFF,0xFF,0xFE,0x20,0x00,0x00,0x00,0x00,0x00,0x00,0x00,0x93,0x09,0xFF,0xFF,
    0xFF,0xFF,0xFF,0xFF,0xFF,0xD2,0x24,0x00,0x00,0x00,0x00,0x00,0x00,0x00,0xBE,0x12,0xCF,0xFF,0xFF,0xFF,0xFF,0xFF,0xB4,0x22,
    0xE4,0x00,0x00,0x00,0x00,0x00,0x00,0x00,0xCF,0x7A,0x70,0x00,0x00,0x00,0x00,0x00,0x6E,0x1B,0xF3,0x00,0x00,0x00,0x00,0x00,
    0x00,0x00,0xDF,0x88,0xFB,0x00,0x8F,0xFF,0xC0,0x0B,0xFB,0x1F,0xF2,0x00,0x00,0x00,0x00,0x00,0x00,0x00,0xFF,0xA6,0xFF,0x50,
    0x9F,0xFF,0xB0,0xBF,0xF5,0x6F,0xF0,0x00,0x00,0x00,0x00,0x00,0x00,0x00,0xFF,0xB4,0xFF,0xD0,0xAF,0xFF,0x99,0xFF,0xE0,0xBF,
    0xF0,0x00,0x00,0x00,0x00,0x00,0x00,0x01,0xFF,0xC2,0xFF,0xF4,0x8F,0xFF,0x4F,0xFF,0x91,0xFF,0xE0,0x00,0x00,0x00,0x00,0x00,
    0x00,0x03,0xFF,0xD0,0xFF,0xFA,0x5F,0xFE,0x5F,0xFF,0x25,0xFF,0xC0,0x00,0x00,0x00,0x00,0x00,0x00,0x04,0xFF,0xE0,0xCF,0xFE,
    0x2F,0xF9,0xBF,0xFC,0x0A,0xFF,0xB0,0x00,0x00,0x00,0x00,0x00,0x00,0x05,0xFF,0xF0,0x5F,0xFF,0x2F,0xF5,0xFF,0xF5,0x0D,0xFF,
    0xA0,0x00,0x00,0x00,0x00,0x00,0x00,0x07,0xFF,0xF0,0x0D,0xFF,0x5D,0xE6,0xFF,0x60,0x0E,0xFF,0x80,0x00,0x00,0x00,0x00,0x00,
    0x00,0x08,0xFF,0xF1,0x05,0xFF,0x8B,0xAB,0xF4,0x00,0x0F,0xFF,0x70,0x00,0x00,0x00,0x00,0x00,0x00,0x09,0xFF,0x80,0x00,0x3D,
    0xB8,0x6E,0x30,0x00,0x09,0xFF,0x60,0x00,0x00,0x00,0x00,0x00,0x00,0x05,0xE8,0xBF,0xFF,0xE5,0xA5,0x43,0xAF,0xFF,0xC0,0xCE,
    0x30,0x00,0x00,0x00,0x00,0x00,0x00,0x00,0x06,0xFF,0xFF,0xFF,0x70,0x2D,0xFF,0xFF,0xF9,0x00,0x00,0x00,0x00,0x00,0x00,0x00,
    0x00,0x00,0x14,0xFF,0xFF,0xFF,0x50,0x2C,0xFF,0xFF,0xF9,0x00,0x00,0x00,0x00,0x00,0x00,0x00,0x00,0x0A,0xF3,0x9F,0xFF,0xE4,
    0x76,0x75,0xAF,0xFF,0xC3,0xEA,0x00,0x00,0x00,0x00,0x00,0x00,0x00,0x0F,0xFE,0x10,0x00,0x2D,0x6D,0x5F,0x70,0x00,0x2E,0xFF,
    0x00,0x00,0x00,0x00,0x00,0x00,0x00,0x1F,0xFF,0x60,0x04,0xEF,0x5F,0x3F,0xFA,0x00,0xBF,0xFE,0x00,0x00,0x00,0x00,0x00,0x00,
    0x00,0x3F,0xFF,0x50,0x6F,0xFB,0x9F,0x4E,0xFF,0x30,0xAF,0xFD,0x00,0x00,0x00,0x00,0x00,0x00,0x00,0x4F,0xFF,0x43,0xFF,0xF5,
    0xEF,0x7B,0xFF,0xB0,0x9F,0xFB,0x00,0x00,0x00,0x00,0x00,0x00,0x00,0x5F,0xFF,0x19,0xFF,0xF4,0xFF,0x97,0xFF,0xF2,0x8F,0xFA,
    0x00,0x00,0x00,0x00,0x00,0x00,0x00,0x6F,0xFC,0x0E,0xFF,0xA8,0xFF,0xC4,0xFF,0xF6,0x7F,0xF9,0x00,0x00,0x00,0x00,0x00,0x00,
    0x00,0x8F,0xF7,0x5F,0xFF,0x4E,0xFF,0xF0,0xDF,0xF8,0x5F,0xF8,0x00,0x00,0x00,0x00,0x00,0x00,0x00,0x9F,0xF2,0xBF,0xFD,0x3F,
    0xFF,0xF1,0x6F,0xFA,0x4F,0xF6,0x00,0x00,0x00,0x00,0x00,0x00,0x00,0xAF,0xD1,0xFF,0xD1,0x4F,0xFF,0xF0,0x0E,0xFD,0x3F,0xF5,
    0x00,0x00,0x00,0x00,0x00,0x00,0x00,0xCF,0x77,0xFD,0x10,0x5F,0xFF,0xE0,0x05,0xFF,0x2F,0xF4,0x00,0x00,0x00,0x00,0x00,0x00,
    0x00,0xDF,0x2C,0x70,0x00,0x00,0x00,0x00,0x00,0x2C,0x1F,0xF2,0x00,0x00,0x00,0x00,0x00,0x00,0x00,0xE8,0x01,0x8E,0xFF,0xFF,
    0xFF,0xFF,0xFF,0xF3,0x0A,0xF1,0x00,0x00,0x00,0x00,0x00,0x00,0x00,0x80,0x9F,0xFF,0xFF,0xFF,0xFF,0xFF,0xFF,0xFE,0x10,0xC0,
    0x00,0x00,0x00,0x00,0x00,0x00,0x00,0x0A,0xFF,0xFF,0xFF,0xFF,0xFF,0xFF,0xFF,0xFF,0xC0,0x10,0x00,0x00,0x00,0x00,0x00,0x00,
    0x00,0x00,0x00,0x00,0x00,0x00,0x00,0x00,0x00,0x00,0x00,0x00,0x00,0x00,0x00,0x00,0x00,0x00,0x00,0x00,0x00,0x00,0x00,0x00,
    0x00,0x00,0x00,0x00,0x00,0x00,0x00,0x00,0x00,0x00,0x00,0x00,0x00,0x00,0x00,0x00,0x00,0x00,0x00,0x00,0x00,0x00,0x00,0x00,
    0x00,0x00,0x00,0x00,0x00,0x00,
    // HP-41 code 23 (font 56+42+43)
    0x00,0x00,0x10,0x6F,0xFF,0xFF,0xFF,0xFF,0xFF,0xFF,0xFF,0xFE,0x20,0x00,0x00,0x00,0x00,0x00,0x00,0x00,0x93,0x09,0xFF,0xFF,
    0xFF,0xFF,0xFF,0xFF,0xFF,0xD2,0x24,0x00,0x00,0x00,0x00,0x00,0x00,0x00,0xBE,0x12,0xCF,0xFF,0xFF,0xFF,0xFF,0xFF,0xB4,0x22,
    0xE4,0x00,0x00,0x00,0x00,0x00,0x00,0x00,0xCF,0x7A,0x70,0x00,0x00,0x00,0x00,0x00,0x6E,0x1B,0xF3,0x00,0x00,0x00,0x00,0x00,
    0x00,0x00,0xDF,0x88,0xFB,0x00,0x8F,0xFF,0xC0,0x0B,0xFB,0x1F,0xF2,0x00,0x00,0x00,0x00,0x00,0x00,0x00,0xFF,0xA6,0xFF,0x50,
    0x9F,0xFF,0xB0,0xBF,0xF5,0x6F,0xF0,0x00,0x00,0x00,0x00,0x00,0x00,0x00,0xFF,0xB4,0xFF,0xD0,0xAF,0xFF,0x99,0xFF,0xE0,0xBF,
    0xF0,0x00,0x00,0x00,0x00,0x00,0x00,0x01,0xFF,0xC2,0xFF,0xF4,0x8F,0xFF,0x4F,0xFF,0x91,0xFF,0xE0,0x00,0x00,0x00,0x00,0x00,
    0x00,0x03,0xFF,0xD0,0xFF,0xFA,0x5F,0xFE,0x5F,0xFF,0x25,0xFF,0xC0,0x00,0x00,0x00,0x00,0x00,0x00,0x04,0xFF,0xE0,0xCF,0xFE,
    0x2F,0xF9,0xBF,0xFC,0x0A,0xFF,0xB0,0x00,0x00,0x00,0x00,0x00,0x00,0x05,0xFF,0xF0,0x5F,0xFF,0x2F,0xF5,0xFF,0xF5,0x0D,0xFF,
    0xA0,0x00,0x00,0x00,0x00,0x00,0x00,0x07,0xFF,0xF0,0x0D,0xFF,0x5D,0xE6,0xFF,0x60,0x0E,0xFF,0x80,0x00,0x00,0x00,0x00,0x00,
    0x00,0x08,0xFF,0xF1,0x05,0xFF,0x8B,0xAB,0xF4,0x00,0x0F,0xFF,0x70,0x00,0x00,0x00,0x00,0x00,0x00,0x09,0xFF,0x80,0x00,0x3D,
    0xB8,0x6E,0x30,0x00,0x09,0xFF,0x60,0x00,0x00,0x00,0x00,0x00,0x00,0x05,0xE8,0xBF,0xFF,0xE5,0xA5,0x43,0xAF,0xFF,0xC0,0xCE,
    0x30,0x00,0x00,0x00,0x00,0x00,0x00,0x00,0x06,0xFF,0xFF,0xFF,0x70,0x2D,0xFF,0xFF,0xF9,0x00,0x00,0x00,0x00,0x00,0x00,0x00,
    0x00,0x00,0x14,0xFF,0xFF,0xFF,0x50,0x2C,0xFF,0xFF,0xF9,0x00,0x00,0x00,0x00,0x00,0x00,0x00,0x00,0x0A,0xF3,0x9F,0xFF,0xE4,
    0x76,0x75,0xAF,0xFF,0xC3,0xEA,0x00,0x00,0x00,0x00,0x00,0x00,0x00,0x0F,0xFE,0x10,0x00,0x2D,0x6D,0x5F,0x70,0x00,0x2E,0xFF,
    0x00,0x00,0x00,0x00,0x00,0x00,0x00,0x1F,0xFF,0x60,0x04,0xEF,0x5F,0x3F,0xFA,0x00,0xBF,0xFE,0x00,0x00,0x00,0x00,0x00,0x00,
    0x00,0x3F,0xFF,0x50,0x6F,0xFB,0x9F,0x4E,0xFF,0x30,0xAF,0xFD,0x00,0x00,0x00,0x00,0x00,0x00,0x00,0x4F,0xFF,0x43,0xFF,0xF5,
    0xEF,0x7B,0xFF,0xB0,0x9F,0xFB,0x00,0x00,0x00,0x00,0x00,0x00,0x00,0x5F,0xFF,0x19,0xFF,0xF4,0xFF,0x97,0xFF,0xF2,0x8F,0xFA,
    0x00,0x00,0x00,0x00,0x00,0x00,0x00,0x6F,0xFC,0x0E,0xFF,0xA8,0xFF,0xC4,0xFF,0xF6,0x7F,0xF9,0x00,0x00,0x00,0x00,0x00,0x00,
    0x00,0x8F,0xF7,0x5F,0xFF,0x4E,0xFF,0xF0,0xDF,0xF8,0x5F,0xF8,0x00,0x00,0x00,0x00,0x00,0x00,0x00,0x9F,0xF2,0xBF,0xFD,0x3F,
    0xFF,0xF1,0x6F,0xFA,0x4F,0xF6,0x00,0x00,0x00,0x00,0x00,0x00,0x00,0xAF,0xD1,0xFF,0xD1,0x4F,0xFF,0xF0,0x0E,0xFD,0x3F,0xF5,
    0x00,0x00,0x00,0x00,0x00,0x00,0x00,0xCF,0x77,0xFD,0x10,0x5F,0xFF,0xE0,0x05,0xFF,0x2F,0xF4,0x00,0x00,0x00,0x00,0x00,0x00,
    0x00,0xDF,0x2C,0x70,0x00,0x00,0x00,0x00,0x00,0x2C,0x1F,0xF2,0x00,0x00,0x00,0x00,0x00,0x00,0x00,0xE8,0x01,0x8E,0xFF,0xFF,
    0xFF,0xFF,0xFF,0xF3,0x0A,0xF1,0x00,0x00,0x00,0x00,0x00,0x00,0x00,0x80,0x9F,0xFF,0xFF,0xFF,0xFF,0xFF,0xFF,0xFE,0x10,0xC0,
    0x00,0x00,0x00,0x00,0x00,0x00,0x00,0x0A,0xFF,0xFF,0xFF,0xFF,0xFF,0xFF,0xFF,0xFF,0xC0,0x10,0x00,0x00,0x00,0x00,0x00,0x00,
    0x00,0x00,0x00,0x00,0x00,0x00,0x00,0x00,0x00,0x00,0x00,0x00,0x00,0x00,0x00,0x00,0x00,0x00,0x00,0x00,0x00,0x00,0x00,0x00,
    0x00,0x00,0x00,0x00,0x00,0x00,0x00,0x00,0x00,0x00,0x00,0x00,0x00,0x00,0x00,0x00,0x00,0x00,0x00,0x00,0x00,0x00,0x00,0x00,
    0x00,0x00,0x00,0x00,0x00,0x00,
    // HP-41 code 24 (font 56+42+43)
    0x00,0x00,0x10,0x6F,0xFF,0xFF,0xFF,0xFF,0xFF,0xFF,0xFF,0xFE,0x20,0x00,0x00,0x00,0x00,0x00,0x00,0x00,0x93,0x09,0xFF,0xFF,
    0xFF,0xFF,0xFF,0xFF,0xFF,0xD2,0x24,0x00,0x00,0x00,0x00,0x00,0x00,0x00,0xBE,0x12,0xCF,0xFF,0xFF,0xFF,0xFF,0xFF,0xB4,0x22,
    0xE4,0x00,0x00,0x00,0x00,0x00,0x00,0x00,0xCF,0x7A,0x70,0x00,0x00,0x00,0x00,0x00,0x6E,0x1B,0xF3,0x00,0x00,0x00,0x00,0x00,
    0x00,0x00,0xDF,0x88,0xFB,0x00,0x8F,0xFF,0xC0,0x0B,0xFB,0x1F,0xF2,0x00,0x00,0x00,0x00,0x00,0x00,0x00,0xFF,0xA6,0xFF,0x50,
    0x9F,0xFF,0xB0,0xBF,0xF5,0x6F,0xF0,0x00,0x00,0x00,0x00,0x00,0x00,0x00,0xFF,0xB4,0xFF,0xD0,0xAF,0xFF,0x99,0xFF,0xE0,0xBF,
    0xF0,0x00,0x00,0x00,0x00,0x00,0x00,0x01,0xFF,0xC2,0xFF,0xF4,0x8F,0xFF,0x4F,0xFF,0x91,0xFF,0xE0,0x00,0x00,0x00,0x00,0x00,
    0x00,0x03,0xFF,0xD0,0xFF,0xFA,0x5F,0xFE,0x5F,0xFF,0x25,0xFF,0xC0,0x00,0x00,0x00,0x00,0x00,0x00,0x04,0xFF,0xE0,0xCF,0xFE,
    0x2F,0xF9,0xBF,0xFC,0x0A,0xFF,0xB0,0x00,0x00,0x00,0x00,0x00,0x00,0x05,0xFF,0xF0,0x5F,0xFF,0x2F,0xF5,0xFF,0xF5,0x0D,0xFF,
    0xA0,0x00,0x00,0x00,0x00,0x00,0x00,0x07,0xFF,0xF0,0x0D,0xFF,0x5D,0xE6,0xFF,0x60,0x0E,0xFF,0x80,0x00,0x00,0x00,0x00,0x00,
    0x00,0x08,0xFF,0xF1,0x05,0xFF,0x8B,0xAB,0xF4,0x00,0x0F,0xFF,0x70,0x00,0x00,0x00,0x00,0x00,0x00,0x09,0xFF,0x80,0x00,0x3D,
    0xB8,0x6E,0x30,0x00,0x09,0xFF,0x60,0x00,0x00,0x00,0x00,0x00,0x00,0x05,0xE8,0xBF,0xFF,0xE5,0xA5,0x43,0xAF,0xFF,0xC0,0xCE,
    0x30,0x00,0x00,0x00,0x00,0x00,0x00,0x00,0x06,0xFF,0xFF,0xFF,0x70,0x2D,0xFF,0xFF,0xF9,0x00,0x00,0x00,0x00,0x00,0x00,0x00,
    0x00,0x00,0x14,0xFF,0xFF,0xFF,0x50,0x2C,0xFF,0xFF,0xF9,0x00,0x00,0x00,0x00,0x00,0x00,0x00,0x00,0x0A,0xF3,0x9F,0xFF,0xE4,
    0x76,0x75,0xAF,0xFF,0xC3,0xEA,0x00,0x00,0x00,0x00,0x00,0x00,0x00,0x0F,0xFE,0x10,0x00,0x2D,0x6D,0x5F,0x70,0x00,0x2E,0xFF,
    0x00,0x00,0x00,0x00,0x00,0x00,0x00,0x1F,0xFF,0x60,0x04,0xEF,0x5F,0x3F,0xFA,0x00,0xBF,0xFE,0x00,0x00,0x00,0x00,0x00,0x00,
    0x00,0x3F,0xFF,0x50,0x6F,0xFB,0x9F,0x4E,0xFF,0x30,0xAF,0xFD,0x00,0x00,0x00,0x00,0x00,0x00,0x00,0x4F,0xFF,0x43,0xFF,0xF5,
    0xEF,0x7B,0xFF,0xB0,0x9F,0xFB,0x00,0x00,0x00,0x00,0x00,0x00,0x00,0x5F,0xFF,0x19,0xFF,0xF4,0xFF,0x97,0xFF,0xF2,0x8F,0xFA,
    0x00,0x00,0x00,0x00,0x00,0x00,0x00,0x6F,0xFC,0x0E,0xFF,0xA8,0xFF,0xC4,0xFF,0xF6,0x7F,0xF9,0x00,0x00,0x00,0x00,0x00,0x00,
    0x00,0x8F,0xF7,0x5F,0xFF,0x4E,0xFF,0xF0,0xDF,0xF8,0x5F,0xF8,0x00,0x00,0x00,0x00,0x00,0x00,0x00,0x9F,0xF2,0xBF,0xFD,0x3F,
    0xFF,0xF1,0x6F,0xFA,0x4F,0xF6,0x00,0x00,0x00,0x00,0x00,0x00,0x00,0xAF,0xD1,0xFF,0xD1,0x4F,0xFF,0xF0,0x0E,0xFD,0x3F,0xF5,
    0x00,0x00,0x00,0x00,0x00,0x00,0x00,0xCF,0x77,0xFD,0x10,0x5F,0xFF,0xE0,0x05,0xFF,0x2F,0xF4,0x00,0x00,0x00,0x00,0x00,0x00,
    0x00,0xDF,0x2C,0x70,0x00,0x00,0x00,0x00,0x00,0x2C,0x1F,0xF2,0x00,0x00,0x00,0x00,0x00,0x00,0x00,0xE8,0x01,0x8E,0xFF,0xFF,
    0xFF,0xFF,0xFF,0xF3,0x0A,0xF1,0x00,0x00,0x00,0x00,0x00,0x00,0x00,0x80,0x9F,0xFF,0xFF,0xFF,0xFF,0xFF,0xFF,0xFE,0x10,0xC0,
    0x00,0x00,0x00,0x00,0x00,0x00,0x00,0x0A,0xFF,0xFF,0xFF,0xFF,0xFF,0xFF,0xFF,0xFF,0xC0,0x10,0x00,0x00,0x00,0x00,0x00,0x00,
    0x00,0x00,0x00,0x00,0x00,0x00,0x00,0x00,0x00,0x00,0x00,0x00,0x00,0x00,0x00,0x00,0x00,0x00,0x00,0x00,0x00,0x00,0x00,0x00,
    0x00,0x00,0x00,0x00,0x00,0x00,0x00,0x00,0x00,0x00,0x00,0x00,0x00,0x00,0x00,0x00,0x00,0x00,0x00,0x00,0x00,0x00,0x00,0x00,
    0x00,0x00,0x00,0x00,0x00,0x00,
    // HP-41 code 25 (font 56+42+43)
    0x00,0x00,0x10,0x6F,0xFF,0xFF,0xFF,0xFF,0xFF,0xFF,0xFF,0xFE,0x20,0x00,0x00,0x00,0x00,0x00,0x00,0x00,0x93,0x09,0xFF,0xFF,
    0xFF,0xFF,0xFF,0xFF,0xFF,0xD2,0x24,0x00,0x00,0x00,0x00,0x00,0x00,0x00,0xBE,0x12,0xCF,0xFF,0xFF,0xFF,0xFF,0xFF,0xB4,0x22,
    0xE4,0x00,0x00,0x00,0x00,0x00,0x00,0x00,0xCF,0x7A,0x70,0x00,0x00,0x00,0x00,0x00,0x6E,0x1B,0xF3,0x00,0x00,0x00,0x00,0x00,
    0x00,0x00,0xDF,0x88,0xFB,0x00,0x8F,0xFF,0xC0,0x0B,0xFB,0x1F,0xF2,0x00,0x00,0x00,0x00,0x00,0x00,0x00,0xFF,0xA6,0xFF,0x50,
    0x9F,0xFF,0xB0,0xBF,0xF5,0x6F,0xF0,0x00,0x00,0x00,0x00,0x00,0x00,0x00,0xFF,0xB4,0xFF,0xD0,0xAF,0xFF,0x99,0xFF,0xE0,0xBF,
    0xF0,0x00,0x00,0x00,0x00,0x00,0x00,0x01,0xFF,0xC2,0xFF,0xF4,0x8F,0xFF,0x4F,0xFF,0x91,0xFF,0xE0,0x00,0x00,0x00,0x00,0x00,
    0x00,0x03,0xFF,0xD0,0xFF,0xFA,0x5F,0xFE,0x5F,0xFF,0x25,0xFF,0xC0,0x00,0x00,0x00,0x00,0x00,0x00,0x04,0xFF,0xE0,0xCF,0xFE,
    0x2F,0xF9,0xBF,0xFC,0x0A,0xFF,0xB0,0x00,0x00,0x00,0x00,0x00,0x00,0x05,0xFF,0xF0,0x5F,0xFF,0x2F,0xF5,0xFF,0xF5,0x0D,0xFF,
    0xA0,0x00,0x00,0x00,0x00,0x00,0x00,0x07,0xFF,0xF0,0x0D,0xFF,0x5D,0xE6,0xFF,0x60,0x0E,0xFF,0x80,0x00,0x00,0x00,0x00,0x00,
    0x00,0x08,0xFF,0xF1,0x05,0xFF,0x8B,0xAB,0xF4,0x00,0x0F,0xFF,0x70,0x00,0x00,0x00,0x00,0x00,0x00,0x09,0xFF,0x80,0x00,0x3D,
    0xB8,0x6E,0x30,0x00,0x09,0xFF,0x60,0x00,0x00,0x00,0x00,0x00,0x00,0x05,0xE8,0xBF,0xFF,0xE5,0xA5,0x43,0xAF,0xFF,0xC0,0xCE,
    0x30,0x00,0x00,0x00,0x00,0x00,0x00,0x00,0x06,0xFF,0xFF,0xFF,0x70,0x2D,0xFF,0xFF,0xF9,0x00,0x00,0x00,0x00,0x00,0x00,0x00,
    0x00,0x00,0x14,0xFF,0xFF,0xFF,0x50,0x2C,0xFF,0xFF,0xF9,0x00,0x00,0x00,0x00,0x00,0x00,0x00,0x00,0x0A,0xF3,0x9F,0xFF,0xE4,
    0x76,0x75,0xAF,0xFF,0xC3,0xEA,0x00,0x00,0x00,0x00,0x00,0x00,0x00,0x0F,0xFE,0x10,0x00,0x2D,0x6D,0x5F,0x70,0x00,0x2E,0xFF,
    0x00,0x00,0x00,0x00,0x00,0x00,0x00,0x1F,0xFF,0x60,0x04,0xEF,0x5F,0x3F,0xFA,0x00,0xBF,0xFE,0x00,0x00,0x00,0x00,0x00,0x00,
    0x00,0x3F,0xFF,0x50,0x6F,0xFB,0x9F,0x4E,0xFF,0x30,0xAF,0xFD,0x00,0x00,0x00,0x00,0x00,0x00,0x00,0x4F,0xFF,0x43,0xFF,0xF5,
    0xEF,0x7B,0xFF,0xB0,0x9F,0xFB,0x00,0x00,0x00,0x00,0x00,0x00,0x00,0x5F,0xFF,0x19,0xFF,0xF4,0xFF,0x97,0xFF,0xF2,0x8F,0xFA,
    0x00,0x00,0x00,0x00,0x00,0x00,0x00,0x6F,0xFC,0x0E,0xFF,0xA8,0xFF,0xC4,0xFF,0xF6,0x7F,0xF9,0x00,0x00,0x00,0x00,0x00,0x00,
    0x00,0x8F,0xF7,0x5F,0xFF,0x4E,0xFF,0xF0,0xDF,0xF8,0x5F,0xF8,0x00,0x00,0x00,0x00,0x00,0x00,0x00,0x9F,0xF2,0xBF,0xFD,0x3F,
    0xFF,0xF1,0x6F,0xFA,0x4F,0xF6,0x00,0x00,0x00,0x00,0x00,0x00,0x00,0xAF,0xD1,0xFF,0xD1,0x4F,0xFF,0xF0,0x0E,0xFD,0x3F,0xF5,
    0x00,0x00,0x00,0x00,0x00,0x00,0x00,0xCF,0x77,0xFD,0x10,0x5F,0xFF,0xE0,0x05,0xFF,0x2F,0xF4,0x00,0x00,0x00,0x00,0x00,0x00,
    0x00,0xDF,0x2C,0x70,0x00,0x00,0x00,0x00,0x00,0x2C,0x1F,0xF2,0x00,0x00,0x00,0x00,0x00,0x00,0x00,0xE8,0x01,0x8E,0xFF,0xFF,
    0xFF,0xFF,0xFF,0xF3,0x0A,0xF1,0x00,0x00,0x00,0x00,0x00,0x00,0x00,0x80,0x9F,0xFF,0xFF,0xFF,0xFF,0xFF,0xFF,0xFE,0x10,0xC0,
    0x00,0x00,0x00,0x00,0x00,0x00,0x00,0x0A,0xFF,0xFF,0xFF,0xFF,0xFF,0xFF,0xFF,0xFF,0xC0,0x10,0x00,0x00,0x00,0x00,0x00,0x00,
    0x00,0x00,0x00,0x00,0x00,0x00,0x00,0x00,0x00,0x00,0x00,0x00,0x00,0x00,0x00,0x00,0x00,0x00,0x00,0x00,0x00,0x00,0x00,0x00,
    0x00,0x00,0x00,0x00,0x00,0x00,0x00,0x00,0x00,0x00,0x00,0x00,0x00,0x00,0x00,0x00,0x00,0x00,0x00,0x00,0x00,0x00,0x00,0x00,
    0x00,0x00,0x00,0x00,0x00,0x00,
    // HP-41 code 26 (font 56+42+43)
    0x00,0x00,0x10,0x6F,0xFF,0xFF,0xFF,0xFF,0xFF,0xFF,0xFF,0xFE,0x20,0x00,0x00,0x00,0x00,0x00,0x00,0x00,0x93,0x09,0xFF,0xFF,
    0xFF,0xFF,0xFF,0xFF,0xFF,0xD2,0x24,0x00,0x00,0x00,0x00,0x00,0x00,0x00,0xBE,0x12,0xCF,0xFF,0xFF,0xFF,0xFF,0xFF,0xB4,0x22,
    0xE4,0x00,0x00,0x00,0x00,0x00,0x00,0x00,0xCF,0x7A,0x70,0x00,0x00,0x00,0x00,0x00,0x6E,0x1B,0xF3,0x00,0x00,0x00,0x00,0x00,
    0x00,0x00,0xDF,0x88,0xFB,0x00,0x8F,0xFF,0xC0,0x0B,0xFB,0x1F,0xF2,0x00,0x00,0x00,0x00,0x00,0x00,0x00,0xFF,0xA6,0xFF,0x50,
    0x9F,0xFF,0xB0,0xBF,0xF5,0x6F,0xF0,0x00,0x00,0x00,0x00,0x00,0x00,0x00,0xFF,0xB4,0xFF,0xD0,0xAF,0xFF,0x99,0xFF,0xE0,0xBF,
    0xF0,0x00,0x00,0x00,0x00,0x00,0x00,0x01,0xFF,0xC2,0xFF,0xF4,0x8F,0xFF,0x4F,0xFF,0x91,0xFF,0xE0,0x00,0x00,0x00,0x00,0x00,
    0x00,0x03,0xFF,0xD0,0xFF,0xFA,0x5F,0xFE,0x5F,0xFF,0x25,0xFF,0xC0,0x00,0x00,0x00,0x00,0x00,0x00,0x04,0xFF,0xE0,0xCF,0xFE,
    0x2F,0xF9,0xBF,0xFC,0x0A,0xFF,0xB0,0x00,0x00,0x00,0x00,0x00,0x00,0x05,0xFF,0xF0,0x5F,0xFF,0x2F,0xF5,0xFF,0xF5,0x0D,0xFF,
    0xA0,0x00,0x00,0x00,0x00,0x00,0x00,0x07,0xFF,0xF0,0x0D,0xFF,0x5D,0xE6,0xFF,0x60,0x0E,0xFF,0x80,0x00,0x00,0x00,0x00,0x00,
    0x00,0x08,0xFF,0xF1,0x05,0xFF,0x8B,0xAB,0xF4,0x00,0x0F,0xFF,0x70,0x00,0x00,0x00,0x00,0x00,0x00,0x09,0xFF,0x80,0x00,0x3D,
    0xB8,0x6E,0x30,0x00,0x09,0xFF,0x60,0x00,0x00,0x00,0x00,0x00,0x00,0x05,0xE8,0xBF,0xFF,0xE5,0xA5,0x43,0xAF,0xFF,0xC0,0xCE,
    0x30,0x00,0x00,0x00,0x00,0x00,0x00,0x00,0x06,0xFF,0xFF,0xFF,0x70,0x2D,0xFF,0xFF,0xF9,0x00,0x00,0x00,0x00,0x00,0x00,0x00,
    0x00,0x00,0x14,0xFF,0xFF,0xFF,0x50,0x2C,0xFF,0xFF,0xF9,0x00,0x00,0x00,0x00,0x00,0x00,0x00,0x00,0x0A,0xF3,0x9F,0xFF,0xE4,
    0x76,0x75,0xAF,0xFF,0xC3,0xEA,0x00,0x00,0x00,0x00,0x00,0x00,0x00,0x0F,0xFE,0x10,0x00,0x2D,0x6D,0x5F,0x70,0x00,0x2E,0xFF,
    0x00,0x00,0x00,0x00,0x00,0x00,0x00,0x1F,0xFF,0x60,0x04,0xEF,0x5F,0x3F,0xFA,0x00,0xBF,0xFE,0x00,0x00,0x00,0x00,0x00,0x00,
    0x00,0x3F,0xFF,0x50,0x6F,0xFB,0x9F,0x4E,0xFF,0x30,0xAF,0xFD,0x00,0x00,0x00,0x00,0x00,0x00,0x00,0x4F,0xFF,0x43,0xFF,0xF5,
    0xEF,0x7B,0xFF,0xB0,0x9F,0xFB,0x00,0x00,0x00,0x00,0x00,0x00,0x00,0x5F,0xFF,0x19,0xFF,0xF4,0xFF,0x97,0xFF,0xF2,0x8F,0xFA,
    0x00,0x00,0x00,0x00,0x00,0x00,0x00,0x6F,0xFC,0x0E,0xFF,0xA8,0xFF,0xC4,0xFF,0xF6,0x7F,0xF9,0x00,0x00,0x00,0x00,0x00,0x00,
    0x00,0x8F,0xF7,0x5F,0xFF,0x4E,0xFF,0xF0,0xDF,0xF8,0x5F,0xF8,0x00,0x00,0x00,0x00,0x00,0x00,0x00,0x9F,0xF2,0xBF,0xFD,0x3F,
    0xFF,0xF1,0x6F,0xFA,0x4F,0xF6,0x00,0x00,0x00,0x00,0x00,0x00,0x00,0xAF,0xD1,0xFF,0xD1,0x4F,0xFF,0xF0,0x0E,0xFD,0x3F,0xF5,
    0x00,0x00,0x00,0x00,0x00,0x00,0x00,0xCF,0x77,0xFD,0x10,0x5F,0xFF,0xE0,0x05,0xFF,0x2F,0xF4,0x00,0x00,0x00,0x00,0x00,0x00,
    0x00,0xDF,0x2C,0x70,0x00,0x00,0x00,0x00,0x00,0x2C,0x1F,0xF2,0x00,0x00,0x00,0x00,0x00,0x00,0x00,0xE8,0x01,0x8E,0xFF,0xFF,
    0xFF,0xFF,0xFF,0xF3,0x0A,0xF1,0x00,0x00,0x00,0x00,0x00,0x00,0x00,0x80,0x9F,0xFF,0xFF,0xFF,0xFF,0xFF,0xFF,0xFE,0x10,0xC0,
    0x00,0x00,0x00,0x00,0x00,0x00,0x00,0x0A,0xFF,0xFF,0xFF,0xFF,0xFF,0xFF,0xFF,0xFF,0xC0,0x10,0x00,0x00,0x00,0x00,0x00,0x00,
    0x00,0x00,0x00,0x00,0x00,0x00,0x00,0x00,0x00,0x00,0x00,0x00,0x00,0x00,0x00,0x00,0x00,0x00,0x00,0x00,0x00,0x00,0x00,0x00,
    0x00,0x00,0x00,0x00,0x00,0x00,0x00,0x00,0x00,0x00,0x00,0x00,0x00,0x00,0x00,0x00,0x00,0x00,0x00,0x00,0x00,0x00,0x00,0x00,
    0x00,0x00,0x00,0x00,0x00,0x00,
    // HP-41 code 27 (font 56+42+43)
    0x00,0x00,0x10,0x6F,0xFF,0xFF,0xFF,0xFF,0xFF,0xFF,0xFF,0xFE,0x20,0x00,0x00,0x00,0x00,0x00,0x00,0x00,0x93,0x09,0xFF,0xFF,
    0xFF,0xFF,0xFF,0xFF,0xFF,0xD2,0x24,0x00,0x00,0x00,0x00,0x00,0x00,0x00,0xBE,0x12,0xCF,0xFF,0xFF,0xFF,0xFF,0xFF,0xB4,0x22,
    0xE4,0x00,0x00,0x00,0x00,0x00,0x00,0x00,0xCF,0x7A,0x70,0x00,0x00,0x00,0x00,0x00,0x6E,0x1B,0xF3,0x00,0x00,0x00,0x00,0x00,
    0x00,0x00,0xDF,0x88,0xFB,0x00,0x8F,0xFF,0xC0,0x0B,0xFB,0x1F,0xF2,0x00,0x00,0x00,0x00,0x00,0x00,0x00,0xFF,0xA6,0xFF,0x50,
    0x9F,0xFF,0xB0,0xBF,0xF5,0x6F,0xF0,0x00,0x00,0x00,0x00,0x00,0x00,0x00,0xFF,0xB4,0xFF,0xD0,0xAF,0xFF,0x99,0xFF,0xE0,0xBF,
    0xF0,0x00,0x00,0x00,0x00,0x00,0x00,0x01,0xFF,0xC2,0xFF,0xF4,0x8F,0xFF,0x4F,0xFF,0x91,0xFF,0xE0,0x00,0x00,0x00,0x00,0x00,
    0x00,0x03,0xFF,0xD0,0xFF,0xFA,0x5F,0xFE,0x5F,0xFF,0x25,0xFF,0xC0,0x00,0x00,0x00,0x00,0x00,0x00,0x04,0xFF,0xE0,0xCF,0xFE,
    0x2F,0xF9,0xBF,0xFC,0x0A,0xFF,0xB0,0x00,0x00,0x00,0x00,0x00,0x00,0x05,0xFF,0xF0,0x5F,0xFF,0x2F,0xF5,0xFF,0xF5,0x0D,0xFF,
    0xA0,0x00,0x00,0x00,0x00,0x00,0x00,0x07,0xFF,0xF0,0x0D,0xFF,0x5D,0xE6,0xFF,0x60,0x0E,0xFF,0x80,0x00,0x00,0x00,0x00,0x00,
    0x00,0x08,0xFF,0xF1,0x05,0xFF,0x8B,0xAB,0xF4,0x00,0x0F,0xFF,0x70,0x00,0x00,0x00,0x00,0x00,0x00,0x09,0xFF,0x80,0x00,0x3D,
    0xB8,0x6E,0x30,0x00,0x09,0xFF,0x60,0x00,0x00,0x00,0x00,0x00,0x00,0x05,0xE8,0xBF,0xFF,0xE5,0xA5,0x43,0xAF,0xFF,0xC0,0xCE,
    0x30,0x00,0x00,0x00,0x00,0x00,0x00,0x00,0x06,0xFF,0xFF,0xFF,0x70,0x2D,0xFF,0xFF,0xF9,0x00,0x00,0x00,0x00,0x00,0x00,0x00,
    0x00,0x00,0x14,0xFF,0xFF,0xFF,0x50,0x2C,0xFF,0xFF,0xF9,0x00,0x00,0x00,0x00,0x00,0x00,0x00,0x00,0x0A,0xF3,0x9F,0xFF,0xE4,
    0x76,0x75,0xAF,0xFF,0xC3,0xEA,0x00,0x00,0x00,0x00,0x00,0x00,0x00,0x0F,0xFE,0x10,0x00,0x2D,0x6D,0x5F,0x70,0x00,0x2E,0xFF,
    0x00,0x00,0x00,0x00,0x00,0x00,0x00,0x1F,0xFF,0x60,0x04,0xEF,0x5F,0x3F,0xFA,0x00,0xBF,0xFE,0x00,0x00,0x00,0x00,0x00,0x00,
    0x00,0x3F,0xFF,0x50,0x6F,0xFB,0x9F,0x4E,0xFF,0x30,0xAF,0xFD,0x00,0x00,0x00,0x00,0x00,0x00,0x00,0x4F,0xFF,0x43,0xFF,0xF5,
    0xEF,0x7B,0xFF,0xB0,0x9F,0xFB,0x00,0x00,0x00,0x00,0x00,0x00,0x00,0x5F,0xFF,0x19,0xFF,0xF4,0xFF,0x97,0xFF,0xF2,0x8F,0xFA,
    0x00,0x00,0x00,0x00,0x00,0x00,0x00,0x6F,0xFC,0x0E,0xFF,0xA8,0xFF,0xC4,0xFF,0xF6,0x7F,0xF9,0x00,0x00,0x00,0x00,0x00,0x00,
    0x00,0x8F,0xF7,0x5F,0xFF,0x4E,0xFF,0xF0,0xDF,0xF8,0x5F,0xF8,0x00,0x00,0x00,0x00,0x00,0x00,0x00,0x9F,0xF2,0xBF,0xFD,0x3F,
    0xFF,0xF1,0x6F,0xFA,0x4F,0xF6,0x00,0x00,0x00,0x00,0x00,0x00,0x00,0xAF,0xD1,0xFF,0xD1,0x4F,0xFF,0xF0,0x0E,0xFD,0x3F,0xF5,
    0x00,0x00,0x00,0x00,0x00,0x00,0x00,0xCF,0x77,0xFD,0x10,0x5F,0xFF,0xE0,0x05,0xFF,0x2F,0xF4,0x00,0x00,0x00,0x00,0x00,0x00,
    0x00,0xDF,0x2C,0x70,0x00,0x00,0x00,0x00,0x00,0x2C,0x1F,0xF2,0x00,0x00,0x00,0x00,0x00,0x00,0x00,0xE8,0x01,0x8E,0xFF,0xFF,
    0xFF,0xFF,0xFF,0xF3,0x0A,0xF1,0x00,0x00,0x00,0x00,0x00,0x00,0x00,0x80,0x9F,0xFF,0xFF,0xFF,0xFF,0xFF,0xFF,0xFE,0x10,0xC0,
    0x00,0x00,0x00,0x00,0x00,0x00,0x00,0x0A,0xFF,0xFF,0xFF,0xFF,0xFF,0xFF,0xFF,0xFF,0xC0,0x10,0x00,0x00,0x00,0x00,0x00,0x00,
    0x00,0x00,0x00,0x00,0x00,0x00,0x00,0x00,0x00,0x00,0x00,0x00,0x00,0x00,0x00,0x00,0x00,0x00,0x00,0x00,0x00,0x00,0x00,0x00,
    0x00,0x00,0x00,0x00,0x00,0x00,0x00,0x00,0x00,0x00,0x00,0x00,0x00,0x00,0x00,0x00,0x00,0x00,0x00,0x00,0x00,0x00,0x00,0x00,
    0x00,0x00,0x00,0x00,0x00,0x00,
    // HP-41 code 28 (font 56+42+43)
    0x00,0x00,0x10,0x6F,0xFF,0xFF,0xFF,0xFF,0xFF,0xFF,0xFF,0xFE,0x20,0x00,0x00,0x00,0x00,0x00,0x00,0x00,0x93,0x09,0xFF,0xFF,
    0xFF,0xFF,0xFF,0xFF,0xFF,0xD2,0x24,0x00,0x00,0x00,0x00,0x00,0x00,0x00,0xBE,0x12,0xCF,0xFF,0xFF,0xFF,0xFF,0xFF,0xB4,0x22,
    0xE4,0x00,0x00,0x00,0x00,0x00,0x00,0x00,0xCF,0x7A,0x70,0x00,0x00,0x00,0x00,0x00,0x6E,0x1B,0xF3,0x00,0x00,0x00,0x00,0x00,
    0x00,0x00,0xDF,0x88,0xFB,0x00,0x8F,0xFF,0xC0,0x0B,0xFB,0x1F,0xF2,0x00,0x00,0x00,0x00,0x00,0x00,0x00,0xFF,0xA6,0xFF,0x50,
    0x9F,0xFF,0xB0,0xBF,0xF5,0x6F,0xF0,0x00,0x00,0x00,0x00,0x00,0x00,0x00,0xFF,0xB4,0xFF,0xD0,0xAF,0xFF,0x99,0xFF,0xE0,0xBF,
    0xF0,0x00,0x00,0x00,0x00,0x00,0x00,0x01,0xFF,0xC2,0xFF,0xF4,0x8F,0xFF,0x4F,0xFF,0x91,0xFF,0xE0,0x00,0x00,0x00,0x00,0x00,
    0x00,0x03,0xFF,0xD0,0xFF,0xFA,0x5F,0xFE,0x5F,0xFF,0x25,0xFF,0xC0,0x00,0x00,0x00,0x00,0x00,0x00,0x04,0xFF,0xE0,0xCF,0xFE,
    0x2F,0xF9,0xBF,0xFC,0x0A,0xFF,0xB0,0x00,0x00,0x00,0x00,0x00,0x00,0x05,0xFF,0xF0,0x5F,0xFF,0x2F,0xF5,0xFF,0xF5,0x0D,0xFF,
    0xA0,0x00,0x00,0x00,0x00,0x00,0x00,0x07,0xFF,0xF0,0x0D,0xFF,0x5D,0xE6,0xFF,0x60,0x0E,0xFF,0x80,0x00,0x00,0x00,0x00,0x00,
    0x00,0x08,0xFF,0xF1,0x05,0xFF,0x8B,0xAB,0xF4,0x00,0x0F,0xFF,0x70,0x00,0x00,0x00,0x00,0x00,0x00,0x09,0xFF,0x80,0x00,0x3D,
    0xB8,0x6E,0x30,0x00,0x09,0xFF,0x60,0x00,0x00,0x00,0x00,0x00,0x00,0x05,0xE8,0xBF,0xFF,0xE5,0xA5,0x43,0xAF,0xFF,0xC0,0xCE,
    0x30,0x00,0x00,0x00,0x00,0x00,0x00,0x00,0x06,0xFF,0xFF,0xFF,0x70,0x2D,0xFF,0xFF,0xF9,0x00,0x00,0x00,0x00,0x00,0x00,0x00,
    0x00,0x00,0x14,0xFF,0xFF,0xFF,0x50,0x2C,0xFF,0xFF,0xF9,0x00,0x00,0x00,0x00,0x00,0x00,0x00,0x00,0x0A,0xF3,0x9F,0xFF,0xE4,
    0x76,0x75,0xAF,0xFF,0xC3,0xEA,0x00,0x00,0x00,0x00,0x00,0x00,0x00,0x0F,0xFE,0x10,0x00,0x2D,0x6D,0x5F,0x70,0x00,0x2E,0xFF,
    0x00,0x00,0x00,0x00,0x00,0x00,0x00,0x1F,0xFF,0x60,0x04,0xEF,0x5F,0x3F,0xFA,0x00,0xBF,0xFE,0x00,0x00,0x00,0x00,0x00,0x00,
    0x00,0x3F,0xFF,0x50,0x6F,0xFB,0x9F,0x4E,0xFF,0x30,0xAF,0xFD,0x00,0x00,0x00,0x00,0x00,0x00,0x00,0x4F,0xFF,0x43,0xFF,0xF5,
    0xEF,0x7B,0xFF,0xB0,0x9F,0xFB,0x00,0x00,0x00,0x00,0x00,0x00,0x00,0x5F,0xFF,0x19,0xFF,0xF4,0xFF,0x97,0xFF,0xF2,0x8F,0xFA,
    0x00,0x00,0x00,0x00,0x00,0x00,0x00,0x6F,0xFC,0x0E,0xFF,0xA8,0xFF,0xC4,0xFF,0xF6,0x7F,0xF9,0x00,0x00,0x00,0x00,0x00,0x00,
    0x00,0x8F,0xF7,0x5F,0xFF,0x4E,0xFF,0xF0,0xDF,0xF8,0x5F,0xF8,0x00,0x00,0x00,0x00,0x00,0x00,0x00,0x9F,0xF2,0xBF,0xFD,0x3F,
    0xFF,0xF1,0x6F,0xFA,0x4F,0xF6,0x00,0x00,0x00,0x00,0x00,0x00,0x00,0xAF,0xD1,0xFF,0xD1,0x4F,0xFF,0xF0,0x0E,0xFD,0x3F,0xF5,
    0x00,0x00,0x00,0x00,0x00,0x00,0x00,0xCF,0x77,0xFD,0x10,0x5F,0xFF,0xE0,0x05,0xFF,0x2F,0xF4,0x00,0x00,0x00,0x00,0x00,0x00,
    0x00,0xDF,0x2C,0x70,0x00,0x00,0x00,0x00,0x00,0x2C,0x1F,0xF2,0x00,0x00,0x00,0x00,0x00,0x00,0x00,0xE8,0x01,0x8E,0xFF,0xFF,
    0xFF,0xFF,0xFF,0xF3,0x0A,0xF1,0x00,0x00,0x00,0x00,0x00,0x00,0x00,0x80,0x9F,0xFF,0xFF,0xFF,0xFF,0xFF,0xFF,0xFE,0x10,0xC0,
    0x00,0x00,0x00,0x00,0x00,0x00,0x00,0x0A,0xFF,0xFF,0xFF,0xFF,0xFF,0xFF,0xFF,0xFF,0xC0,0x10,0x00,0x00,0x00,0x00,0x00,0x00,
    0x00,0x00,0x00,0x00,0x00,0x00,0x00,0x00,0x00,0x00,0x00,0x00,0x00,0x00,0x00,0x00,0x00,0x00,0x00,0x00,0x00,0x00,0x00,0x00,
    0x00,0x00,0x00,0x00,0x00,0x00,0x00,0x00,0x00,0x00,0x00,0x00,0x00,0x00,0x00,0x00,0x00,0x00,0x00,0x00,0x00,0x00,0x00,0x00,
    0x00,0x00,0x00,0x00,0x00,0x00,
    // HP-41 code 29 (font 189)
    0x00,0x00,0x00,0x00,0x00,0x00,0x00,0x00,0x00,0x00,0x00,0x00,0x00,0x00,0x00,0x00,0x00,0x00,0x00,0x00,0x00,0x00,0x00,0x00,
    0x00,0x00,0x00,0x00,0x00,0x00,0x00,0x00,0x00,0x00,0x00,0x00,0x00,0x00,0x00,0x00,0x00,0x00,0x00,0x20,0x00,0x00,0x00,0x00,
    0x00,0x00,0x00,0x00,0x00,0x00,0x00,0x00,0x00,0x00,0x6E,0x10,0x00,0x00,0x00,0x00,0x00,0x00,0x00,0x00,0x00,0x00,0x00,0x00,
    0x00,0x0A,0xFB,0x00,0x00,0x00,0x00,0x00,0x00,0x00,0x00,0x00,0x00,0x00,0x00,0x00,0x00,0xBF,0xF5,0x00,0x00,0x00,0x00,0x00,
    0x00,0x00,0x00,0x00,0x00,0x00,0x00,0x00,0x09,0xFF,0xE0,0x00,0x00,0x00,0x00,0x00,0x00,0x00,0x00,0x00,0x00,0x00,0x00,0x00,
    0x0F,0xFF,0x90,0x00,0x00,0x00,0x00,0x00,0x00,0x00,0x00,0x00,0x00,0x00,0x00,0x00,0x5F,0xFF,0x30,0x00,0x00,0x00,0x00,0x00,
    0x00,0x00,0x00,0x00,0x00,0x00,0x00,0x00,0xAF,0xFC,0x00,0x00,0x00,0x00,0x00,0x00,0x00,0x00,0x00,0x00,0x00,0x00,0x00,0x00,
    0xFF,0xF6,0x00,0x00,0x00,0x00,0x00,0x00,0x00,0x00,0x00,0x00,0x00,0x00,0x00,0x05,0xFF,0x60,0x00,0x00,0x00,0x00,0x00,0x00,
    0x00,0x00,0x00,0x00,0x00,0x00,0x00,0x0B,0xF4,0x00,0x00,0x00,0x00,0x00,0x00,0x00,0x00,0x00,0x00,0x00,0x00,0x00,0x00,0x1E,
    0x30,0x00,0x00,0x00,0x00,0x00,0x00,0x00,0x00,0x00,0x00,0xBF,0xFF,0xE3,0x00,0x43,0xAF,0xFF,0xC0,0x00,0x00,0x00,0x00,0x00,
    0x00,0x00,0x06,0xFF,0xFF,0xFF,0x70,0x2D,0xFF,0xFF,0xF9,0x00,0x00,0x00,0x00,0x00,0x00,0x00,0x04,0xFF,0xFF,0xFF,0x50,0x1C,
    0xFF,0xFF,0xF9,0x00,0x00,0x00,0x00,0x00,0x00,0x00,0x00,0x9F,0xFF,0xE4,0x70,0x00,0xAF,0xFF,0xC0,0x00,0x00,0x00,0x00,0x00,
    0x00,0x00,0x00,0x00,0x00,0x2D,0x60,0x00,0x00,0x00,0x00,0x00,0x00,0x00,0x00,0x00,0x00,0x00,0x00,0x00,0x04,0xFF,0x10,0x00,
    0x00,0x00,0x00,0x00,0x00,0x00,0x00,0x00,0x00,0x00,0x00,0x00,0x6F,0xFA,0x00,0x00,0x00,0x00,0x00,0x00,0x00,0x00,0x00,0x00,
    0x00,0x00,0x00,0x03,0xFF,0xF5,0x00,0x00,0x00,0x00,0x00,0x00,0x00,0x00,0x00,0x00,0x00,0x00,0x00,0x09,0xFF,0xF0,0x00,0x00,
    0x00,0x00,0x00,0x00,0x00,0x00,0x00,0x00,0x00,0x00,0x00,0x0F,0xFF,0xA0,0x00,0x00,0x00,0x00,0x00,0x00,0x00,0x00,0x00,0x00,
    0x00,0x00,0x00,0x5F,0xFF,0x40,0x00,0x00,0x00,0x00,0x00,0x00,0x00,0x00,0x00,0x00,0x00,0x00,0x00,0xBF,0xFC,0x00,0x00,0x00,
    0x00,0x00,0x00,0x00,0x00,0x00,0x00,0x00,0x00,0x00,0x01,0xFF,0xC0,0x00,0x00,0x00,0x00,0x00,0x00,0x00,0x00,0x00,0x00,0x00,
    0x00,0x00,0x07,0xFB,0x00,0x00,0x00,0x00,0x00,0x00,0x00,0x00,0x00,0x00,0x00,0x00,0x00,0x00,0x0B,0x50,0x00,0x00,0x00,0x00,
    0x00,0x00,0x00,0x00,0x00,0x00,0x00,0x00,0x00,0x00,0x02,0x8E,0xFF,0xFF,0xFF,0xFF,0xFF,0xF3,0x00,0x00,0x00,0x00,0x00,0x00,
    0x00,0x00,0x9F,0xFF,0xFF,0xFF,0xFF,0xFF,0xFF,0xFE,0x10,0x00,0x00,0x00,0x00,0x00,0x00,0x0A,0xFF,0xFF,0xFF,0xFF,0xFF,0xFF,
    0xFF,0xFF,0xC0,0x00,0x00,0x00,0x00,0x00,0x00,0x00,0x00,0x00,0x00,0x00,0x00,0x00,0x00,0x00,0x00,0x00,0x00,0x00,0x00,0x00,
    0x00,0x00,0x00,0x00,0x00,0x00,0x00,0x00,0x00,0x00,0x00,0x00,0x00,0x00,0x00,0x00,0x00,0x00,0x00,0x00,0x00,0x00,0x00,0x00,
    0x00,0x00,0x00,0x00,0x00,0x00,0x00,0x00,
    // HP-41 code 30 (font 56+42+43)
    0x00,0x00,0x10,0x6F,0xFF,0xFF,0xFF,0xFF,0xFF,0xFF,0xFF,0xFE,0x20,0x00,0x00,0x00,0x00,0x00,0x00,0x00,0x93,0x09,0xFF,0xFF,
    0xFF,0xFF,0xFF,0xFF,0xFF,0xD2,0x24,0x00,0x00,0x00,0x00,0x00,0x00,0x00,0xBE,0x12,0xCF,0xFF,0xFF,0xFF,0xFF,0xFF,0xB4,0x22,
    0xE4,0x00,0x00,0x00,0x00,0x00,0x00,0x00,0xCF,0x7A,0x70,0x00,0x00,0x00,0x00,0x00,0x6E,0x1B,0xF3,0x00,0x00,0x00,0x00,0x00,
    0x00,0x00,0xDF,0x88,0xFB,0x00,0x8F,0xFF,0xC0,0x0B,0xFB,0x1F,0xF2,0x00,0x00,0x00,0x00,0x00,0x00,0x00,0xFF,0xA6,0xFF,0x50,
    0x9F,0xFF,0xB0,0xBF,0xF5,0x6F,0xF0,0x00,0x00,0x00,0x00,0x00,0x00,0x00,0xFF,0xB4,0xFF,0xD0,0xAF,0xFF,0x99,0xFF,0xE0,0xBF,
    0xF0,0x00,0x00,0x00,0x00,0x00,0x00,0x01,0xFF,0xC2,0xFF,0xF4,0x8F,0xFF,0x4F,0xFF,0x91,0xFF,0xE0,0x00,0x00,0x00,0x00,0x00,
    0x00,0x03,0xFF,0xD0,0xFF,0xFA,0x5F,0xFE,0x5F,0xFF,0x25,0xFF,0xC0,0x00,0x00,0x00,0x00,0x00,0x00,0x04,0xFF,0xE0,0xCF,0xFE,
    0x2F,0xF9,0xBF,0xFC,0x0A,0xFF,0xB0,0x00,0x00,0x00,0x00,0x00,0x00,0x05,0xFF,0xF0,0x5F,0xFF,0x2F,0xF5,0xFF,0xF5,0x0D,0xFF,
    0xA0,0x00,0x00,0x00,0x00,0x00,0x00,0x07,0xFF,0xF0,0x0D,0xFF,0x5D,0xE6,0xFF,0x60,0x0E,0xFF,0x80,0x00,0x00,0x00,0x00,0x00,
    0x00,0x08,0xFF,0xF1,0x05,0xFF,0x8B,0xAB,0xF4,0x00,0x0F,0xFF,0x70,0x00,0x00,0x00,0x00,0x00,0x00,0x09,0xFF,0x80,0x00,0x3D,
    0xB8,0x6E,0x30,0x00,0x09,0xFF,0x60,0x00,0x00,0x00,0x00,0x00,0x00,0x05,0xE8,0xBF,0xFF,0xE5,0xA5,0x43,0xAF,0xFF,0xC0,0xCE,
    0x30,0x00,0x00,0x00,0x00,0x00,0x00,0x00,0x06,0xFF,0xFF,0xFF,0x70,0x2D,0xFF,0xFF,0xF9,0x00,0x00,0x00,0x00,0x00,0x00,0x00,
    0x00,0x00,0x14,0xFF,0xFF,0xFF,0x50,0x2C,0xFF,0xFF,0xF9,0x00,0x00,0x00,0x00,0x00,0x00,0x00,0x00,0x0A,0xF3,0x9F,0xFF,0xE4,
    0x76,0x75,0xAF,0xFF,0xC3,0xEA,0x00,0x00,0x00,0x00,0x00,0x00,0x00,0x0F,0xFE,0x10,0x00,0x2D,0x6D,0x5F,0x70,0x00,0x2E,0xFF,
    0x00,0x00,0x00,0x00,0x00,0x00,0x00,0x1F,0xFF,0x60,0x04,0xEF,0x5F,0x3F,0xFA,0x00,0xBF,0xFE,0x00,0x00,0x00,0x00,0x00,0x00,
    0x00,0x3F,0xFF,0x50,0x6F,0xFB,0x9F,0x4E,0xFF,0x30,0xAF,0xFD,0x00,0x00,0x00,0x00,0x00,0x00,0x00,0x4F,0xFF,0x43,0xFF,0xF5,
    0xEF,0x7B,0xFF,0xB0,0x9F,0xFB,0x00,0x00,0x00,0x00,0x00,0x00,0x00,0x5F,0xFF,0x19,0xFF,0xF4,0xFF,0x97,0xFF,0xF2,0x8F,0xFA,
    0x00,0x00,0x00,0x00,0x00,0x00,0x00,0x6F,0xFC,0x0E,0xFF,0xA8,0xFF,0xC4,0xFF,0xF6,0x7F,0xF9,0x00,0x00,0x00,0x00,0x00,0x00,
    0x00,0x8F,0xF7,0x5F,0xFF,0x4E,0xFF,0xF0,0xDF,0xF8,0x5F,0xF8,0x00,0x00,0x00,0x00,0x00,0x00,0x00,0x9F,0xF2,0xBF,0xFD,0x3F,
    0xFF,0xF1,0x6F,0xFA,0x4F,0xF6,0x00,0x00,0x00,0x00,0x00,0x00,0x00,0xAF,0xD1,0xFF,0xD1,0x4F,0xFF,0xF0,0x0E,0xFD,0x3F,0xF5,
    0x00,0x00,0x00,0x00,0x00,0x00,0x00,0xCF,0x77,0xFD,0x10,0x5F,0xFF,0xE0,0x05,0xFF,0x2F,0xF4,0x00,0x00,0x00,0x00,0x00,0x00,
    0x00,0xDF,0x2C,0x70,0x00,0x00,0x00,0x00,0x00,0x2C,0x1F,0xF2,0x00,0x00,0x00,0x00,0x00,0x00,0x00,0xE8,0x01,0x8E,0xFF,0xFF,
    0xFF,0xFF,0xFF,0xF3,0x0A,0xF1,0x00,0x00,0x00,0x00,0x00,0x00,0x00,0x80,0x9F,0xFF,0xFF,0xFF,0xFF,0xFF,0xFF,0xFE,0x10,0xC0,
    0x00,0x00,0x00,0x00,0x00,0x00,0x00,0x0A,0xFF,0xFF,0xFF,0xFF,0xFF,0xFF,0xFF,0xFF,0xC0,0x10,0x00,0x00,0x00,0x00,0x00,0x00,
    0x00,0x00,0x00,0x00,0x00,0x00,0x00,0x00,0x00,0x00,0x00,0x00,0x00,0x00,0x00,0x00,0x00,0x00,0x00,0x00,0x00,0x00,0x00,0x00,
    0x00,0x00,0x00,0x00,0x00,0x00,0x00,0x00,0x00,0x00,0x00,0x00,0x00,0x00,0x00,0x00,0x00,0x00,0x00,0x00,0x00,0x00,0x00,0x00,
    0x00,0x00,0x00,0x00,0x00,0x00,
    // HP-41 code 31 (font 56+42+43)
    0x00,0x00,0x10,0x6F,0xFF,0xFF,0xFF,0xFF,0xFF,0xFF,0xFF,0xFE,0x20,0x00,0x00,0x00,0x00,0x00,0x00,0x00,0x93,0x09,0xFF,0xFF,
    0xFF,0xFF,0xFF,0xFF,0xFF,0xD2,0x24,0x00,0x00,0x00,0x00,0x00,0x00,0x00,0xBE,0x12,0xCF,0xFF,0xFF,0xFF,0xFF,0xFF,0xB4,0x22,
    0xE4,0x00,0x00,0x00,0x00,0x00,0x00,0x00,0xCF,0x7A,0x70,0x00,0x00,0x00,0x00,0x00,0x6E,0x1B,0xF3,0x00,0x00,0x00,0x00,0x00,
    0x00,0x00,0xDF,0x88,0xFB,0x00,0x8F,0xFF,0xC0,0x0B,0xFB,0x1F,0xF2,0x00,0x00,0x00,0x00,0x00,0x00,0x00,0xFF,0xA6,0xFF,0x50,
    0x9F,0xFF,0xB0,0xBF,0xF5,0x6F,0xF0,0x00,0x00,0x00,0x00,0x00,0x00,0x00,0xFF,0xB4,0xFF,0xD0,0xAF,0xFF,0x99,0xFF,0xE0,0xBF,
    0xF0,0x00,0x00,0x00,0x00,0x00,0x00,0x01,0xFF,0xC2,0xFF,0xF4,0x8F,0xFF,0x4F,0xFF,0x91,0xFF,0xE0,0x00,0x00,0x00,0x00,0x00,
    0x00,0x03,0xFF,0xD0,0xFF,0xFA,0x5F,0xFE,0x5F,0xFF,0x25,0xFF,0xC0,0x00,0x00,0x00,0x00,0x00,0x00,0x04,0xFF,0xE0,0xCF,0xFE,
    0x2F,0xF9,0xBF,0xFC,0x0A,0xFF,0xB0,0x00,0x00,0x00,0x00,0x00,0x00,0x05,0xFF,0xF0,0x5F,0xFF,0x2F,0xF5,0xFF,0xF5,0x0D,0xFF,
    0xA0,0x00,0x00,0x00,0x00,0x00,0x00,0x07,0xFF,0xF0,0x0D,0xFF,0x5D,0xE6,0xFF,0x60,0x0E,0xFF,0x80,0x00,0x00,0x00,0x00,0x00,
    0x00,0x08,0xFF,0xF1,0x05,0xFF,0x8B,0xAB,0xF4,0x00,0x0F,0xFF,0x70,0x00,0x00,0x00,0x00,0x00,0x00,0x09,0xFF,0x80,0x00,0x3D,
    0xB8,0x6E,0x30,0x00,0x09,0xFF,0x60,0x00,0x00,0x00,0x00,0x00,0x00,0x05,0xE8,0xBF,0xFF,0xE5,0xA5,0x43,0xAF,0xFF,0xC0,0xCE,
    0x30,0x00,0x00,0x00,0x00,0x00,0x00,0x00,0x06,0xFF,0xFF,0xFF,0x70,0x2D,0xFF,0xFF,0xF9,0x00,0x00,0x00,0x00,0x00,0x00,0x00,
    0x00,0x00,0x14,0xFF,0xFF,0xFF,0x50,0x2C,0xFF,0xFF,0xF9,0x00,0x00,0x00,0x00,0x00,0x00,0x00,0x00,0x0A,0xF3,0x9F,0xFF,0xE4,
    0x76,0x75,0xAF,0xFF,0xC3,0xEA,0x00,0x00,0x00,0x00,0x00,0x00,0x00,0x0F,0xFE,0x10,0x00,0x2D,0x6D,0x5F,0x70,0x00,0x2E,0xFF,
    0x00,0x00,0x00,0x00,0x00,0x00,0x00,0x1F,0xFF,0x60,0x04,0xEF,0x5F,0x3F,0xFA,0x00,0xBF,0xFE,0x00,0x00,0x00,0x00,0x00,0x00,
    0x00,0x3F,0xFF,0x50,0x6F,0xFB,0x9F,0x4E,0xFF,0x30,0xAF,0xFD,0x00,0x00,0x00,0x00,0x00,0x00,0x00,0x4F,0xFF,0x43,0xFF,0xF5,
    0xEF,0x7B,0xFF,0xB0,0x9F,0xFB,0x00,0x00,0x00,0x00,0x00,0x00,0x00,0x5F,0xFF,0x19,0xFF,0xF4,0xFF,0x97,0xFF,0xF2,0x8F,0xFA,
    0x00,0x00,0x00,0x00,0x00,0x00,0x00,0x6F,0xFC,0x0E,0xFF,0xA8,0xFF,0xC4,0xFF,0xF6,0x7F,0xF9,0x00,0x00,0x00,0x00,0x00,0x00,
    0x00,0x8F,0xF7,0x5F,0xFF,0x4E,0xFF,0xF0,0xDF,0xF8,0x5F,0xF8,0x00,0x00,0x00,0x00,0x00,0x00,0x00,0x9F,0xF2,0xBF,0xFD,0x3F,
    0xFF,0xF1,0x6F,0xFA,0x4F,0xF6,0x00,0x00,0x00,0x00,0x00,0x00,0x00,0xAF,0xD1,0xFF,0xD1,0x4F,0xFF,0xF0,0x0E,0xFD,0x3F,0xF5,
    0x00,0x00,0x00,0x00,0x00,0x00,0x00,0xCF,0x77,0xFD,0x10,0x5F,0xFF,0xE0,0x05,0xFF,0x2F,0xF4,0x00,0x00,0x00,0x00,0x00,0x00,
    0x00,0xDF,0x2C,0x70,0x00,0x00,0x00,0x00,0x00,0x2C,0x1F,0xF2,0x00,0x00,0x00,0x00,0x00,0x00,0x00,0xE8,0x01,0x8E,0xFF,0xFF,
    0xFF,0xFF,0xFF,0xF3,0x0A,0xF1,0x00,0x00,0x00,0x00,0x00,0x00,0x00,0x80,0x9F,0xFF,0xFF,0xFF,0xFF,0xFF,0xFF,0xFE,0x10,0xC0,
    0x00,0x00,0x00,0x00,0x00,0x00,0x00,0x0A,0xFF,0xFF,0xFF,0xFF,0xFF,0xFF,0xFF,0xFF,0xC0,0x10,0x00,0x00,0x00,0x00,0x00,0x00,
    0x00,0x00,0x00,0x00,0x00,0x00,0x00,0x00,0x00,0x00,0x00,0x00,0x00,0x00,0x00,0x00,0x00,0x00,0x00,0x00,0x00,0x00,0x00,0x00,
    0x00,0x00,0x00,0x00,0x00,0x00,0x00,0x00,0x00,0x00,0x00,0x00,0x00,0x00,0x00,0x00,0x00,0x00,0x00,0x00,0x00,0x00,0x00,0x00,
    0x00,0x00,0x00,0x00,0x00,0x00,
    // HP-41 code 32 (font 32)
    0x00,0x00,0x00,0x00,0x00,0x00,0x00,0x00,0x00,0x00,0x00,0x00,0x00,0x00,0x00,0x00,0x00,0x00,0x00,0x00,0x00,0x00,0x00,0x00,
    0x00,0x00,0x00,0x00,0x00,0x00,0x00,0x00,0x00,0x00,0x00,0x00,0x00,0x00,0x00,0x00,0x00,0x00,0x00,0x00,0x00,0x00,0x00,0x00,
    0x00,0x00,0x00,0x00,0x00,0x00,0x00,0x00,0x00,0x00,0x00,0x00,0x00,0x00,0x00,0x00,0x00,0x00,0x00,0x00,0x00,0x00,0x00,0x00,
    0x00,0x00,0x00,0x00,0x00,0x00,0x00,0x00,0x00,0x00,0x00,0x00,0x00,0x00,0x00,0x00,0x00,0x00,0x00,0x00,0x00,0x00,0x00,0x00,
    0x00,0x00,0x00,0x00,0x00,0x00,0x00,0x00,0x00,0x00,0x00,0x00,0x00,0x00,0x00,0x00,0x00,0x00,0x00,0x00,0x00,0x00,0x00,0x00,
    0x00,0x00,0x00,0x00,0x00,0x00,0x00,0x00,0x00,0x00,0x00,0x00,0x00,0x00,0x00,0x00,0x00,0x00,0x00,0x00,0x00,0x00,0x00,0x00,
    0x00,0x00,0x00,0x00,0x00,0x00,0x00,0x00,0x00,0x00,0x00,0x00,0x00,0x00,0x00,0x00,0x00,0x00,0x00,0x00,0x00,0x00,0x00,0x00,
    0x00,0x00,0x00,0x00,0x00,0x00,0x00,0x00,0x00,0x00,0x00,0x00,0x00,0x00,0x00,0x00,0x00,0x00,0x00,0x00,0x00,0x00,0x00,0x00,
    0x00,0x00,0x00,0x00,0x00,0x00,0x00,0x00,0x00,0x00,0x00,0x00,0x00,0x00,0x00,0x00,0x00,0x00,0x00,0x00,0x00,0x00,0x00,0x00,
    0x00,0x00,0x00,0x00,0x00,0x00,0x00,0x00,0x00,0x00,0x00,0x00,0x00,0x00,0x00,0x00,0x00,0x00,0x00,0x00,0x00,0x00,0x00,0x00,
    0x00,0x00,0x00,0x00,0x00,0x00,0x00,0x00,0x00,0x00,0x00,0x00,0x00,0x00,0x00,0x00,0x00,0x00,0x00,0x00,0x00,0x00,0x00,0x00,
    0x00,0x00,0x00,0x00,0x00,0x00,0x00,0x00,0x00,0x00,0x00,0x00,0x00,0x00,0x00,0x00,0x00,0x00,0x00,0x00,0x00,0x00,0x00,0x00,
    0x00,0x00,0x00,0x00,0x00,0x00,0x00,0x00,0x00,0x00,0x00,0x00,0x00,0x00,0x00,0x00,0x00,0x00,0x00,0x00,0x00,0x00,0x00,0x00,
    0x00,0x00,0x00,0x00,0x00,0x00,0x00,0x00,0x00,0x00,0x00,0x00,0x00,0x00,0x00,0x00,0x00,0x00,0x00,0x00,0x00,0x00,0x00,0x00,
    0x00,0x00,0x00,0x00,0x00,0x00,0x00,0x00,0x00,0x00,0x00,0x00,0x00,0x00,0x00,0x00,0x00,0x00,0x00,0x00,0x00,0x00,0x00,0x00,
    0x00,0x00,0x00,0x00,0x00,0x00,0x00,0x00,0x00,0x00,0x00,0x00,0x00,0x00,0x00,0x00,0x00,0x00,0x00,0x00,0x00,0x00,0x00,0x00,
    0x00,0x00,0x00,0x00,0x00,0x00,0x00,0x00,0x00,0x00,0x00,0x00,0x00,0x00,0x00,0x00,0x00,0x00,0x00,0x00,0x00,0x00,0x00,0x00,
    0x00,0x00,0x00,0x00,0x00,0x00,0x00,0x00,0x00,0x00,0x00,0x00,0x00,0x00,0x00,0x00,0x00,0x00,0x00,0x00,0x00,0x00,0x00,0x00,
    0x00,0x00,0x00,0x00,0x00,0x00,0x00,0x00,0x00,0x00,0x00,0x00,0x00,0x00,0x00,0x00,0x00,0x00,0x00,0x00,0x00,0x00,0x00,0x00,
    0x00,0x00,0x00,0x00,0x00,0x00,0x00,0x00,0x00,0x00,0x00,0x00,0x00,0x00,0x00,0x00,0x00,0x00,0x00,0x00,0x00,0x00,0x00,0x00,
    0x00,0x00,0x00,0x00,0x00,0x00,0x00,0x00,0x00,0x00,0x00,0x00,0x00,0x00,0x00,0x00,0x00,0x00,0x00,0x00,0x00,0x00,0x00,0x00,
    0x00,0x00,0x00,0x00,0x00,0x00,0x00,0x00,0x00,0x00,0x00,0x00,0x00,0x00,0x00,0x00,0x00,0x00,0x00,0x00,0x00,0x00,0x00,0x00,
    0x00,0x00,0x00,0x00,0x00,0x00,0x00,0x00,0x00,0x00,0x00,0x00,0x00,0x00,0x00,0x00,0x00,0x00,0x00,0x00,0x00,0x00,0x00,0x00,
    0x00,0x00,0x00,0x00,0x00,0x00,0x00,0x00,0x00,0x00,0x00,0x00,0x00,0x00,0x00,0x00,0x00,0x00,0x00,0x00,0x00,0x00,0x00,0x00,
    0x00,0x00,0x00,0x00,0x00,0x00,0x00,0x00,0x00,0x00,0x00,0x00,0x00,0x00,0x00,0x00,0x00,0x00,0x00,0x00,0x00,0x00,0x00,0x00,
    0x00,0x00,0x00,0x00,0x00,0x00,0x00,0x00,0x00,0x00,0x00,0x00,0x00,0x00,0x00,0x00,0x00,0x00,0x00,0x00,0x00,0x00,0x00,0x00,
    0x00,0x00,0x00,0x00,0x00,0x00,
    // HP-41 code 33 (font 33)
    0x00,0x00,0x00,0x00,0x00,0x00,0x00,0x00,0x00,0x00,0x00,0x00,0x00,0x00,0x00,0x00,0x00,0x00,0x00,0x00,0x00,0x00,0x00,0x00,
    0x00,0x00,0x00,0x00,0x00,0x00,0x00,0x00,0x00,0x00,0x00,0x00,0x00,0x00,0x00,0x00,0x00,0x00,0x00,0x00,0x00,0x00,0x00,0x00,
    0x00,0x00,0x00,0x00,0x00,0x00,0x00,0x00,0x00,0x00,0x00,0x00,0x00,0x00,0x00,0x00,0x00,0x00,0x00,0x00,0x00,0x00,0x00,0x00,
    0x00,0x00,0x00,0x00,0x00,0x00,0x8F,0xFF,0xC0,0x00,0x00,0x00,0x00,0x00,0x00,0x00,0x00,0x00,0x00,0x00,0x00,0x00,0x00,0x00,
    0x9F,0xFF,0xB0,0x00,0x00,0x00,0x00,0x00,0x00,0x00,0x00,0x00,0x00,0x00,0x00,0x00,0x00,0x00,0xAF,0xFF,0x90,0x00,0x00,0x00,
    0x00,0x00,0x00,0x00,0x00,0x00,0x00,0x00,0x00,0x00,0x00,0x00,0x8F,0xFF,0x40,0x00,0x00,0x00,0x00,0x00,0x00,0x00,0x00,0x00,
    0x00,0x00,0x00,0x00,0x00,0x00,0x5F,0xFE,0x00,0x00,0x00,0x00,0x00,0x00,0x00,0x00,0x00,0x00,0x00,0x00,0x00,0x00,0x00,0x00,
    0x3F,0xFA,0x00,0x00,0x00,0x00,0x00,0x00,0x00,0x00,0x00,0x00,0x00,0x00,0x00,0x00,0x00,0x00,0x0F,0xF4,0x00,0x00,0x00,0x00,
    0x00,0x00,0x00,0x00,0x00,0x00,0x00,0x00,0x00,0x00,0x00,0x00,0x0D,0xF0,0x00,0x00,0x00,0x00,0x00,0x00,0x00,0x00,0x00,0x00,
    0x00,0x00,0x00,0x00,0x00,0x00,0x0B,0xA0,0x00,0x00,0x00,0x00,0x00,0x00,0x00,0x00,0x00,0x00,0x00,0x00,0x00,0x00,0x00,0x00,
    0x08,0x50,0x00,0x00,0x00,0x00,0x00,0x00,0x00,0x00,0x00,0x00,0x00,0x00,0x00,0x00,0x00,0x00,0x05,0x00,0x00,0x00,0x00,0x00,
    0x00,0x00,0x00,0x00,0x00,0x00,0x00,0x00,0x00,0x00,0x00,0x00,0x00,0x00,0x00,0x00,0x00,0x00,0x00,0x00,0x00,0x00,0x00,0x00,
    0x00,0x00,0x00,0x00,0x00,0x00,0x00,0x00,0x00,0x00,0x00,0x00,0x00,0x00,0x00,0x00,0x00,0x00,0x00,0x00,0x00,0x00,0x00,0x00,
    0x06,0x00,0x00,0x00,0x00,0x00,0x00,0x00,0x00,0x00,0x00,0x00,0x00,0x00,0x00,0x00,0x00,0x00,0x0E,0x00,0x00,0x00,0x00,0x00,
    0x00,0x00,0x00,0x00,0x00,0x00,0x00,0x00,0x00,0x00,0x00,0x00,0x4F,0x20,0x00,0x00,0x00,0x00,0x00,0x00,0x00,0x00,0x00,0x00,
    0x00,0x00,0x00,0x00,0x00,0x00,0x9F,0x40,0x00,0x00,0x00,0x00,0x00,0x00,0x00,0x00,0x00,0x00,0x00,0x00,0x00,0x00,0x00,0x00,
    0xEF,0x70,0x00,0x00,0x00,0x00,0x00,0x00,0x00,0x00,0x00,0x00,0x00,0x00,0x00,0x00,0x00,0x03,0xFF,0x90,0x00,0x00,0x00,0x00,
    0x00,0x00,0x00,0x00,0x00,0x00,0x00,0x00,0x00,0x00,0x00,0x09,0xFF,0xC0,0x00,0x00,0x00,0x00,0x00,0x00,0x00,0x00,0x00,0x00,
    0x00,0x00,0x00,0x00,0x00,0x0E,0xFF,0xF0,0x00,0x00,0x00,0x00,0x00,0x00,0x00,0x00,0x00,0x00,0x00,0x00,0x00,0x00,0x00,0x3F,
    0xFF,0xF1,0x00,0x00,0x00,0x00,0x00,0x00,0x00,0x00,0x00,0x00,0x00,0x00,0x00,0x00,0x00,0x5F,0xFF,0xF0,0x00,0x00,0x00,0x00,
    0x00,0x00,0x00,0x00,0x00,0x00,0x00,0x00,0x00,0x00,0x00,0x5F,0xFF,0xE0,0x00,0x00,0x00,0x00,0x00,0x00,0x00,0x00,0x00,0x00,
    0x00,0x00,0x00,0x00,0x00,0x00,0x00,0x00,0x00,0x00,0x00,0x00,0x00,0x00,0x00,0x00,0x00,0x00,0x00,0x00,0x00,0x00,0x00,0x00,
    0x00,0x00,0x00,0x00,0x00,0x00,0x00,0x00,0x00,0x00,0x00,0x00,0x00,0x00,0x00,0x00,0x00,0x00,0x00,0x00,0x00,0x00,0x00,0x00,
    0x00,0x00,0x00,0x00,0x00,0x00,0x00,0x00,0x00,0x00,0x00,0x00,0x00,0x00,0x00,0x00,0x00,0x00,0x00,0x00,0x00,0x00,0x00,0x00,
    0x00,0x00,0x00,0x00,0x00,0x00,0x00,0x00,0x00,0x00,0x00,0x00,0x00,0x00,0x00,0x00,0x00,0x00,0x00,0x00,0x00,0x00,0x00,0x00,
    0x00,0x00,0x00,0x00,0x00,0x00,0x00,0x00,0x00,0x00,0x00,0x00,0x00,0x00,0x00,0x00,0x00,0x00,0x00,0x00,0x00,0x00,0x00,0x00,
    0x00,0x00,0x00,0x00,0x00,0x00,
    // HP-41 code 34 (font 34)
    0x00,0x00,0x10,0x00,0x00,0x00,0x00,0x00,0x00,0x00,0x00,0x00,0x00,0x00,0x00,0x00,0x00,0x00,0x00,0x00,0x94,0x00,0x00,0x00,
    0x00,0x00,0x00,0x00,0x00,0x00,0x00,0x00,0x00,0x00,0x00,0x00,0x00,0x00,0xBE,0x20,0x00,0x00,0x00,0x00,0x00,0x00,0x00,0x00,
    0x00,0x00,0x00,0x00,0x00,0x00,0x00,0x00,0xCF,0x70,0x00,0x00,0x00,0x00,0x00,0x00,0x00,0x00,0x00,0x00,0x00,0x00,0x00,0x00,
    0x00,0x00,0xEF,0x90,0x00,0x00,0x8F,0xFF,0xC0,0x00,0x00,0x00,0x00,0x00,0x00,0x00,0x00,0x00,0x00,0x00,0xFF,0xA0,0x00,0x00,
    0x9F,0xFF,0xB0,0x00,0x00,0x00,0x00,0x00,0x00,0x00,0x00,0x00,0x00,0x00,0xFF,0xB0,0x00,0x00,0xAF,0xFF,0x90,0x00,0x00,0x00,
    0x00,0x00,0x00,0x00,0x00,0x00,0x00,0x01,0xFF,0xC0,0x00,0x00,0x8F,0xFF,0x40,0x00,0x00,0x00,0x00,0x00,0x00,0x00,0x00,0x00,
    0x00,0x03,0xFF,0xD0,0x00,0x00,0x5F,0xFE,0x00,0x00,0x00,0x00,0x00,0x00,0x00,0x00,0x00,0x00,0x00,0x04,0xFF,0xE0,0x00,0x00,
    0x3F,0xFA,0x00,0x00,0x00,0x00,0x00,0x00,0x00,0x00,0x00,0x00,0x00,0x05,0xFF,0xF0,0x00,0x00,0x0F,0xF4,0x00,0x00,0x00,0x00,
    0x00,0x00,0x00,0x00,0x00,0x00,0x00,0x07,0xFF,0xF0,0x00,0x00,0x0D,0xF0,0x00,0x00,0x00,0x00,0x00,0x00,0x00,0x00,0x00,0x00,
    0x00,0x08,0xFF,0xF1,0x00,0x00,0x0B,0xA0,0x00,0x00,0x00,0x00,0x00,0x00,0x00,0x00,0x00,0x00,0x00,0x09,0xFF,0x70,0x00,0x00,
    0x08,0x50,0x00,0x00,0x00,0x00,0x00,0x00,0x00,0x00,0x00,0x00,0x00,0x04,0xE7,0x00,0x00,0x00,0x05,0x00,0x00,0x00,0x00,0x00,
    0x00,0x00,0x00,0x00,0x00,0x00,0x00,0x00,0x00,0x00,0x00,0x00,0x00,0x00,0x00,0x00,0x00,0x00,0x00,0x00,0x00,0x00,0x00,0x00,
    0x00,0x00,0x00,0x00,0x00,0x00,0x00,0x00,0x00,0x00,0x00,0x00,0x00,0x00,0x00,0x00,0x00,0x00,0x00,0x00,0x00,0x00,0x00,0x00,
    0x00,0x00,0x00,0x00,0x00,0x00,0x00,0x00,0x00,0x00,0x00,0x00,0x00,0x00,0x00,0x00,0x00,0x00,0x00,0x00,0x00,0x00,0x00,0x00,
    0x00,0x00,0x00,0x00,0x00,0x00,0x00,0x00,0x00,0x00,0x00,0x00,0x00,0x00,0x00,0x00,0x00,0x00,0x00,0x00,0x00,0x00,0x00,0x00,
    0x00,0x00,0x00,0x00,0x00,0x00,0x00,0x00,0x00,0x00,0x00,0x00,0x00,0x00,0x00,0x00,0x00,0x00,0x00,0x00,0x00,0x00,0x00,0x00,
    0x00,0x00,0x00,0x00,0x00,0x00,0x00,0x00,0x00,0x00,0x00,0x00,0x00,0x00,0x00,0x00,0x00,0x00,0x00,0x00,0x00,0x00,0x00,0x00,
    0x00,0x00,0x00,0x00,0x00,0x00,0x00,0x00,0x00,0x00,0x00,0x00,0x00,0x00,0x00,0x00,0x00,0x00,0x00,0x00,0x00,0x00,0x00,0x00,
    0x00,0x00,0x00,0x00,0x00,0x00,0x00,0x00,0x00,0x00,0x00,0x00,0x00,0x00,0x00,0x00,0x00,0x00,0x00,0x00,0x00,0x00,0x00,0x00,
    0x00,0x00,0x00,0x00,0x00,0x00,0x00,0x00,0x00,0x00,0x00,0x00,0x00,0x00,0x00,0x00,0x00,0x00,0x00,0x00,0x00,0x00,0x00,0x00,
    0x00,0x00,0x00,0x00,0x00,0x00,0x00,0x00,0x00,0x00,0x00,0x00,0x00,0x00,0x00,0x00,0x00,0x00,0x00,0x00,0x00,0x00,0x00,0x00,
    0x00,0x00,0x00,0x00,0x00,0x00,0x00,0x00,0x00,0x00,0x00,0x00,0x00,0x00,0x00,0x00,0x00,0x00,0x00,0x00,0x00,0x00,0x00,0x00,
    0x00,0x00,0x00,0x00,0x00,0x00,0x00,0x00,0x00,0x00,0x00,0x00,0x00,0x00,0x00,0x00,0x00,0x00,0x00,0x00,0x00,0x00,0x00,0x00,
    0x00,0x00,0x00,0x00,0x00,0x00,0x00,0x00,0x00,0x00,0x00,0x00,0x00,0x00,0x00,0x00,0x00,0x00,0x00,0x00,0x00,0x00,0x00,0x00,
    0x00,0x00,0x00,0x00,0x00,0x00,0x00,0x00,0x00,0x00,0x00,0x00,0x00,0x00,0x00,0x00,0x00,0x00,0x00,0x00,0x00,0x00,0x00,0x00,
    0x00,0x00,0x00,0x00,0x00,0x00,0x00,0x00,0x00,0x00,0x00,0x00,0x00,0x00,0x00,0x00,0x00,0x00,0x00,0x00,0x00,0x00,0x00,0x00,
    0x00,0x00,0x00,0x00,0x00,0x00,
    // HP-41 code 35 (font 35)
    0x00,0x00,0x00,0x00,0x00,0x00,0x00,0x00,0x00,0x00,0x00,0x00,0x00,0x00,0x00,0x00,0x00,0x00,0x00,0x00,0x00,0x00,0x00,0x00,
    0x00,0x00,0x00,0x00,0x00,0x00,0x35,0x00,0x00,0x00,0x00,0x00,0x00,0x00,0x00,0x00,0x00,0x00,0x00,0x00,0x00,0x00,0x00,0x03,
    0xE4,0x00,0x00,0x00,0x00,0x00,0x00,0x00,0x00,0x00,0x00,0x00,0x00,0x00,0x00,0x00,0x00,0x0B,0xF3,0x00,0x00,0x00,0x00,0x00,
    0x00,0x00,0x00,0x00,0x00,0x00,0x8F,0xFF,0xC0,0x00,0x00,0x1F,0xF2,0x00,0x00,0x00,0x00,0x00,0x00,0x00,0x00,0x00,0x00,0x00,
    0x9F,0xFF,0xB0,0x00,0x00,0x6F,0xF0,0x00,0x00,0x00,0x00,0x00,0x00,0x00,0x00,0x00,0x00,0x00,0xAF,0xFF,0x90,0x00,0x00,0xBF,
    0xF0,0x00,0x00,0x00,0x00,0x00,0x00,0x00,0x00,0x00,0x00,0x00,0x8F,0xFF,0x40,0x00,0x01,0xFF,0xE0,0x00,0x00,0x00,0x00,0x00,
    0x00,0x00,0x00,0x00,0x00,0x00,0x5F,0xFE,0x00,0x00,0x05,0xFF,0xC0,0x00,0x00,0x00,0x00,0x00,0x00,0x00,0x00,0x00,0x00,0x00,
    0x2F,0xF9,0x00,0x00,0x0B,0xFF,0xB0,0x00,0x00,0x00,0x00,0x00,0x00,0x00,0x00,0x00,0x00,0x00,0x0F,0xF4,0x00,0x00,0x0D,0xFF,
    0xA0,0x00,0x00,0x00,0x00,0x00,0x00,0x00,0x00,0x00,0x00,0x00,0x0D,0xE0,0x00,0x00,0x0E,0xFF,0x80,0x00,0x00,0x00,0x00,0x00,
    0x00,0x00,0x00,0x00,0x00,0x00,0x0B,0xA0,0x00,0x00,0x0F,0xFF,0x70,0x00,0x00,0x00,0x00,0x00,0x00,0x00,0x00,0x00,0x00,0x00,
    0x08,0x40,0x00,0x00,0x09,0xFF,0x60,0x00,0x00,0x00,0x00,0x00,0x00,0x00,0x00,0xBF,0xFF,0xE3,0x05,0x00,0xAF,0xFF,0xC0,0xBE,
    0x30,0x00,0x00,0x00,0x00,0x00,0x00,0x00,0x06,0xFF,0xFF,0xFF,0x70,0x2D,0xFF,0xFF,0xF9,0x00,0x00,0x00,0x00,0x00,0x00,0x00,
    0x00,0x00,0x04,0xFF,0xFF,0xFF,0x50,0x1C,0xFF,0xFF,0xF9,0x00,0x00,0x00,0x00,0x00,0x00,0x00,0x00,0x00,0x00,0x9F,0xFF,0xE3,
    0x06,0x00,0xAF,0xFF,0xC3,0xEA,0x00,0x00,0x00,0x00,0x00,0x00,0x00,0x00,0x00,0x00,0x00,0x00,0x0D,0x00,0x00,0x00,0x2E,0xFF,
    0x00,0x00,0x00,0x00,0x00,0x00,0x00,0x00,0x00,0x00,0x00,0x00,0x4F,0x20,0x00,0x00,0xBF,0xFE,0x00,0x00,0x00,0x00,0x00,0x00,
    0x00,0x00,0x00,0x00,0x00,0x00,0x9F,0x40,0x00,0x00,0xAF,0xFD,0x00,0x00,0x00,0x00,0x00,0x00,0x00,0x00,0x00,0x00,0x00,0x00,
    0xEF,0x70,0x00,0x00,0x9F,0xFB,0x00,0x00,0x00,0x00,0x00,0x00,0x00,0x00,0x00,0x00,0x00,0x03,0xFF,0x90,0x00,0x00,0x8F,0xFA,
    0x00,0x00,0x00,0x00,0x00,0x00,0x00,0x00,0x00,0x00,0x00,0x08,0xFF,0xC0,0x00,0x00,0x7F,0xF9,0x00,0x00,0x00,0x00,0x00,0x00,
    0x00,0x00,0x00,0x00,0x00,0x0E,0xFF,0xF0,0x00,0x00,0x5F,0xF8,0x00,0x00,0x00,0x00,0x00,0x00,0x00,0x00,0x00,0x00,0x00,0x3F,
    0xFF,0xF1,0x00,0x00,0x4F,0xF6,0x00,0x00,0x00,0x00,0x00,0x00,0x00,0x00,0x00,0x00,0x00,0x4F,0xFF,0xF0,0x00,0x00,0x3F,0xF5,
    0x00,0x00,0x00,0x00,0x00,0x00,0x00,0x00,0x00,0x00,0x00,0x5F,0xFF,0xE0,0x00,0x00,0x2F,0xF4,0x00,0x00,0x00,0x00,0x00,0x00,
    0x00,0x00,0x00,0x00,0x00,0x00,0x00,0x00,0x00,0x00,0x0F,0xF2,0x00,0x00,0x00,0x00,0x00,0x00,0x00,0x00,0x01,0x8E,0xFF,0xFF,
    0xFF,0xFF,0xFF,0xF3,0x0A,0xF1,0x00,0x00,0x00,0x00,0x00,0x00,0x00,0x00,0x9F,0xFF,0xFF,0xFF,0xFF,0xFF,0xFF,0xFE,0x10,0xC0,
    0x00,0x00,0x00,0x00,0x00,0x00,0x00,0x0A,0xFF,0xFF,0xFF,0xFF,0xFF,0xFF,0xFF,0xFF,0xC0,0x10,0x00,0x00,0x00,0x00,0x00,0x00,
    0x00,0x00,0x00,0x00,0x00,0x00,0x00,0x00,0x00,0x00,0x00,0x00,0x00,0x00,0x00,0x00,0x00,0x00,0x00,0x00,0x00,0x00,0x00,0x00,
    0x00,0x00,0x00,0x00,0x00,0x00,0x00,0x00,0x00,0x00,0x00,0x00,0x00,0x00,0x00,0x00,0x00,0x00,0x00,0x00,0x00,0x00,0x00,0x00,
    0x00,0x00,0x00,0x00,0x00,0x00,
    // HP-41 code 36 (font 36)
    0x00,0x00,0x10,0x6F,0xFF,0xFF,0xFF,0xFF,0xFF,0xFF,0xFF,0xFE,0x20,0x00,0x00,0x00,0x00,0x00,0x00,0x00,0x93,0x09,0xFF,0xFF,
    0xFF,0xFF,0xFF,0xFF,0xFF,0xD2,0x00,0x00,0x00,0x00,0x00,0x00,0x00,0x00,0xBE,0x10,0xCF,0xFF,0xFF,0xFF,0xFF,0xFF,0xB4,0x00,
    0x00,0x00,0x00,0x00,0x00,0x00,0x00,0x00,0xCF,0x70,0x00,0x00,0x00,0x00,0x00,0x00,0x00,0x00,0x00,0x00,0x00,0x00,0x00,0x00,
    0x00,0x00,0xDF,0x80,0x00,0x00,0x8F,0xFF,0xC0,0x00,0x00,0x00,0x00,0x00,0x00,0x00,0x00,0x00,0x00,0x00,0xFF,0xA0,0x00,0x00,
    0x9F,0xFF,0xB0,0x00,0x00,0x00,0x00,0x00,0x00,0x00,0x00,0x00,0x00,0x00,0xFF,0xB0,0x00,0x00,0xAF,0xFF,0x90,0x00,0x00,0x00,
    0x00,0x00,0x00,0x00,0x00,0x00,0x00,0x01,0xFF,0xC0,0x00,0x00,0x8F,0xFF,0x40,0x00,0x00,0x00,0x00,0x00,0x00,0x00,0x00,0x00,
    0x00,0x03,0xFF,0xD0,0x00,0x00,0x5F,0xFE,0x00,0x00,0x00,0x00,0x00,0x00,0x00,0x00,0x00,0x00,0x00,0x04,0xFF,0xE0,0x00,0x00,
    0x2F,0xF9,0x00,0x00,0x00,0x00,0x00,0x00,0x00,0x00,0x00,0x00,0x00,0x05,0xFF,0xF0,0x00,0x00,0x0F,0xF4,0x00,0x00,0x00,0x00,
    0x00,0x00,0x00,0x00,0x00,0x00,0x00,0x07,0xFF,0xF0,0x00,0x00,0x0D,0xE0,0x00,0x00,0x00,0x00,0x00,0x00,0x00,0x00,0x00,0x00,
    0x00,0x08,0xFF,0xF1,0x00,0x00,0x0B,0xA0,0x00,0x00,0x00,0x00,0x00,0x00,0x00,0x00,0x00,0x00,0x00,0x09,0xFF,0x80,0x00,0x00,
    0x08,0x40,0x00,0x00,0x00,0x00,0x00,0x00,0x00,0x00,0x00,0x00,0x00,0x05,0xE8,0xBF,0xFF,0xE3,0x05,0x00,0xAF,0xFF,0xC0,0x00,
    0x00,0x00,0x00,0x00,0x00,0x00,0x00,0x00,0x06,0xFF,0xFF,0xFF,0x70,0x2D,0xFF,0xFF,0xF9,0x00,0x00,0x00,0x00,0x00,0x00,0x00,
    0x00,0x00,0x04,0xFF,0xFF,0xFF,0x50,0x1C,0xFF,0xFF,0xF9,0x00,0x00,0x00,0x00,0x00,0x00,0x00,0x00,0x00,0x00,0x9F,0xFF,0xE3,
    0x06,0x00,0xAF,0xFF,0xC3,0xEA,0x00,0x00,0x00,0x00,0x00,0x00,0x00,0x00,0x00,0x00,0x00,0x00,0x0D,0x00,0x00,0x00,0x2E,0xFF,
    0x00,0x00,0x00,0x00,0x00,0x00,0x00,0x00,0x00,0x00,0x00,0x00,0x4F,0x20,0x00,0x00,0xBF,0xFE,0x00,0x00,0x00,0x00,0x00,0x00,
    0x00,0x00,0x00,0x00,0x00,0x00,0x9F,0x40,0x00,0x00,0xAF,0xFD,0x00,0x00,0x00,0x00,0x00,0x00,0x00,0x00,0x00,0x00,0x00,0x00,
    0xEF,0x70,0x00,0x00,0x9F,0xFB,0x00,0x00,0x00,0x00,0x00,0x00,0x00,0x00,0x00,0x00,0x00,0x03,0xFF,0x90,0x00,0x00,0x8F,0xFA,
    0x00,0x00,0x00,0x00,0x00,0x00,0x00,0x00,0x00,0x00,0x00,0x08,0xFF,0xC0,0x00,0x00,0x7F,0xF9,0x00,0x00,0x00,0x00,0x00,0x00,
    0x00,0x00,0x00,0x00,0x00,0x0E,0xFF,0xF0,0x00,0x00,0x5F,0xF8,0x00,0x00,0x00,0x00,0x00,0x00,0x00,0x00,0x00,0x00,0x00,0x3F,
    0xFF,0xF1,0x00,0x00,0x4F,0xF6,0x00,0x00,0x00,0x00,0x00,0x00,0x00,0x00,0x00,0x00,0x00,0x4F,0xFF,0xF0,0x00,0x00,0x3F,0xF5,
    0x00,0x00,0x00,0x00,0x00,0x00,0x00,0x00,0x00,0x00,0x00,0x5F,0xFF,0xE0,0x00,0x00,0x2F,0xF4,0x00,0x00,0x00,0x00,0x00,0x00,
    0x00,0x00,0x00,0x00,0x00,0x00,0x00,0x00,0x00,0x00,0x0F,0xF2,0x00,0x00,0x00,0x00,0x00,0x00,0x00,0x00,0x01,0x8E,0xFF,0xFF,
    0xFF,0xFF,0xFF,0xF3,0x0A,0xF1,0x00,0x00,0x00,0x00,0x00,0x00,0x00,0x00,0x9F,0xFF,0xFF,0xFF,0xFF,0xFF,0xFF,0xFE,0x10,0xC0,
    0x00,0x00,0x00,0x00,0x00,0x00,0x00,0x0A,0xFF,0xFF,0xFF,0xFF,0xFF,0xFF,0xFF,0xFF,0xC0,0x10,0x00,0x00,0x00,0x00,0x00,0x00,
    0x00,0x00,0x00,0x00,0x00,0x00,0x00,0x00,0x00,0x00,0x00,0x00,0x00,0x00,0x00,0x00,0x00,0x00,0x00,0x00,0x00,0x00,0x00,0x00,
    0x00,0x00,0x00,0x00,0x00,0x00,0x00,0x00,0x00,0x00,0x00,0x00,0x00,0x00,0x00,0x00,0x00,0x00,0x00,0x00,0x00,0x00,0x00,0x00,
    0x00,0x00,0x00,0x00,0x00,0x00,
    // HP-41 code 37 (font 37)
    0x00,0x00,0x10,0x00,0x00,0x00,0x00,0x00,0x00,0x00,0x00,0x00,0x00,0x00,0x00,0x00,0x00,0x00,0x00,0x00,0x94,0x00,0x00,0x00,
    0x00,0x00,0x00,0x00,0x00,0x00,0x00,0x00,0x00,0x00,0x00,0x00,0x00,0x00,0xBE,0x22,0x00,0x00,0x00,0x00,0x00,0x00,0x00,0x20,
    0x00,0x00,0x00,0x00,0x00,0x00,0x00,0x00,0xCF,0x7A,0x70,0x00,0x00,0x00,0x00,0x00,0x6E,0x10,0x00,0x00,0x00,0x00,0x00,0x00,
    0x00,0x00,0xEF,0x98,0xFB,0x00,0x00,0x00,0x00,0x0A,0xFB,0x00,0x00,0x00,0x00,0x00,0x00,0x00,0x00,0x00,0xFF,0xA6,0xFF,0x50,
    0x00,0x00,0x00,0xBF,0xF5,0x00,0x00,0x00,0x00,0x00,0x00,0x00,0x00,0x00,0xFF,0xB4,0xFF,0xD0,0x00,0x00,0x09,0xFF,0xE0,0x00,
    0x00,0x00,0x00,0x00,0x00,0x00,0x00,0x01,0xFF,0xC2,0xFF,0xF4,0x00,0x00,0x0F,0xFF,0x90,0x00,0x00,0x00,0x00,0x00,0x00,0x00,
    0x00,0x03,0xFF,0xD0,0xFF,0xFA,0x00,0x00,0x5F,0xFF,0x30,0x00,0x00,0x00,0x00,0x00,0x00,0x00,0x00,0x04,0xFF,0xE0,0xCF,0xFE,
    0x00,0x00,0xAF,0xFC,0x00,0x00,0x00,0x00,0x00,0x00,0x00,0x00,0x00,0x05,0xFF,0xF0,0x5F,0xFF,0x10,0x00,0xFF,0xF6,0x00,0x00,
    0x00,0x00,0x00,0x00,0x00,0x00,0x00,0x07,0xFF,0xF0,0x0D,0xFF,0x50,0x05,0xFF,0x60,0x00,0x00,0x00,0x00,0x00,0x00,0x00,0x00,
    0x00,0x08,0xFF,0xF1,0x05,0xFF,0x80,0x0B,0xF4,0x00,0x00,0x00,0x00,0x00,0x00,0x00,0x00,0x00,0x00,0x09,0xFF,0x70,0x00,0x3D,
    0xB0,0x1E,0x30,0x00,0x00,0x00,0x00,0x00,0x00,0x00,0x00,0x00,0x00,0x04,0xE7,0xBF,0xFF,0xE5,0xA0,0x43,0xAF,0xFF,0xC0,0x00,
    0x00,0x00,0x00,0x00,0x00,0x00,0x00,0x00,0x06,0xFF,0xFF,0xFF,0x70,0x2D,0xFF,0xFF,0xF9,0x00,0x00,0x00,0x00,0x00,0x00,0x00,
    0x00,0x00,0x04,0xFF,0xFF,0xFF,0x50,0x2C,0xFF,0xFF,0xF9,0x00,0x00,0x00,0x00,0x00,0x00,0x00,0x00,0x00,0x00,0x9F,0xFF,0xE4,
    0x70,0x75,0xAF,0xFF,0xC2,0xEA,0x00,0x00,0x00,0x00,0x00,0x00,0x00,0x00,0x00,0x00,0x00,0x2D,0x60,0x5F,0x70,0x00,0x2E,0xFF,
    0x00,0x00,0x00,0x00,0x00,0x00,0x00,0x00,0x00,0x00,0x04,0xEF,0x10,0x1F,0xFA,0x00,0xBF,0xFE,0x00,0x00,0x00,0x00,0x00,0x00,
    0x00,0x00,0x00,0x00,0x6F,0xFB,0x00,0x0E,0xFF,0x30,0xAF,0xFD,0x00,0x00,0x00,0x00,0x00,0x00,0x00,0x00,0x00,0x03,0xFF,0xF5,
    0x00,0x0B,0xFF,0xB0,0x9F,0xFB,0x00,0x00,0x00,0x00,0x00,0x00,0x00,0x00,0x00,0x09,0xFF,0xF0,0x00,0x07,0xFF,0xF2,0x8F,0xFA,
    0x00,0x00,0x00,0x00,0x00,0x00,0x00,0x00,0x00,0x0E,0xFF,0xA0,0x00,0x04,0xFF,0xF6,0x7F,0xF9,0x00,0x00,0x00,0x00,0x00,0x00,
    0x00,0x00,0x00,0x5F,0xFF,0x40,0x00,0x00,0xDF,0xF8,0x5F,0xF8,0x00,0x00,0x00,0x00,0x00,0x00,0x00,0x00,0x00,0xBF,0xFD,0x00,
    0x00,0x00,0x6F,0xFA,0x4F,0xF6,0x00,0x00,0x00,0x00,0x00,0x00,0x00,0x00,0x01,0xFF,0xD1,0x00,0x00,0x00,0x0E,0xFD,0x3F,0xF5,
    0x00,0x00,0x00,0x00,0x00,0x00,0x00,0x00,0x07,0xFD,0x10,0x00,0x00,0x00,0x05,0xFF,0x2F,0xF4,0x00,0x00,0x00,0x00,0x00,0x00,
    0x00,0x00,0x0C,0x70,0x00,0x00,0x00,0x00,0x00,0x2C,0x2F,0xF2,0x00,0x00,0x00,0x00,0x00,0x00,0x00,0x00,0x01,0x00,0x00,0x00,
    0x00,0x00,0x00,0x00,0x0A,0xF1,0x00,0x00,0x00,0x00,0x00,0x00,0x00,0x00,0x00,0x00,0x00,0x00,0x00,0x00,0x00,0x00,0x00,0xC0,
    0x00,0x00,0x00,0x00,0x00,0x00,0x00,0x00,0x00,0x00,0x00,0x00,0x00,0x00,0x00,0x00,0x00,0x10,0x00,0x00,0x00,0x00,0x00,0x00,
    0x00,0x00,0x00,0x00,0x00,0x00,0x00,0x00,0x00,0x00,0x00,0x00,0x00,0x00,0x00,0x00,0x00,0x00,0x00,0x00,0x00,0x00,0x00,0x00,
    0x00,0x00,0x00,0x00,0x00,0x00,0x00,0x00,0x00,0x00,0x00,0x00,0x00,0x00,0x00,0x00,0x00,0x00,0x00,0x00,0x00,0x00,0x00,0x00,
    0x00,0x00,0x00,0x00,0x00,0x00,
    // HP-41 code 38 (font 38)
    0x00,0x00,0x00,0x6F,0xFF,0xFF,0xFF,0xFF,0xFF,0xFF,0xFF,0xFE,0x20,0x00,0x00,0x00,0x00,0x00,0x00,0x00,0x00,0x09,0xFF,0xFF,
    0xFF,0xFF,0xFF,0xFF,0xFF,0xD2,0x00,0x00,0x00,0x00,0x00,0x00,0x00,0x00,0x00,0x01,0xCF,0xFF,0xFF,0xFF,0xFF,0xFF,0xB4,0x00,
    0x00,0x00,0x00,0x00,0x00,0x00,0x00,0x00,0x00,0x0A,0x40,0x00,0x00,0x00,0x00,0x00,0x00,0x00,0x00,0x00,0x00,0x00,0x00,0x00,
    0x00,0x00,0x00,0x09,0xF7,0x00,0x8F,0xFF,0xC0,0x00,0x00,0x00,0x00,0x00,0x00,0x00,0x00,0x00,0x00,0x00,0x00,0x06,0xFF,0x40,
    0x9F,0xFF,0xB0,0x00,0x00,0x00,0x00,0x00,0x00,0x00,0x00,0x00,0x00,0x00,0x00,0x04,0xFF,0xB0,0xAF,0xFF,0x90,0x00,0x00,0x00,
    0x00,0x00,0x00,0x00,0x00,0x00,0x00,0x00,0x00,0x02,0xFF,0xF2,0x8F,0xFF,0x40,0x00,0x00,0x00,0x00,0x00,0x00,0x00,0x00,0x00,
    0x00,0x00,0x00,0x00,0xFF,0xF9,0x5F,0xFE,0x00,0x00,0x00,0x00,0x00,0x00,0x00,0x00,0x00,0x00,0x00,0x00,0x00,0x00,0xDF,0xFD,
    0x3F,0xFA,0x00,0x00,0x00,0x00,0x00,0x00,0x00,0x00,0x00,0x00,0x00,0x00,0x00,0x00,0x6F,0xFF,0x1F,0xF5,0x00,0x00,0x00,0x00,
    0x00,0x00,0x00,0x00,0x00,0x00,0x00,0x00,0x00,0x00,0x0E,0xFF,0x4D,0xF0,0x00,0x00,0x00,0x00,0x00,0x00,0x00,0x00,0x00,0x00,
    0x00,0x00,0x00,0x00,0x06,0xFF,0x7B,0xA0,0x00,0x00,0x00,0x00,0x00,0x00,0x00,0x00,0x00,0x00,0x00,0x00,0x00,0x00,0x00,0x5F,
    0xB8,0x50,0x00,0x00,0x00,0x00,0x00,0x00,0x00,0x00,0x00,0x00,0x00,0x00,0x00,0x00,0x00,0x02,0xB5,0x00,0x00,0x00,0x00,0x00,
    0x00,0x00,0x00,0x00,0x00,0x00,0x00,0x00,0x00,0x00,0x00,0x00,0x00,0x00,0x00,0x00,0x00,0x00,0x00,0x00,0x00,0x00,0x00,0x00,
    0x00,0x00,0x00,0x00,0x00,0x00,0x00,0x00,0x00,0x00,0x00,0x00,0x00,0x00,0x00,0x00,0x00,0x00,0x00,0x00,0x00,0x00,0x00,0x01,
    0x80,0x75,0x00,0x00,0x02,0xEA,0x00,0x00,0x00,0x00,0x00,0x00,0x00,0x00,0x00,0x00,0x00,0x3E,0x50,0x4F,0x80,0x00,0x2E,0xFF,
    0x00,0x00,0x00,0x00,0x00,0x00,0x00,0x00,0x00,0x00,0x05,0xFF,0x00,0x1F,0xFB,0x00,0xBF,0xFE,0x00,0x00,0x00,0x00,0x00,0x00,
    0x00,0x00,0x00,0x00,0x7F,0xFA,0x00,0x0E,0xFF,0x40,0xAF,0xFD,0x00,0x00,0x00,0x00,0x00,0x00,0x00,0x00,0x00,0x04,0xFF,0xF5,
    0x00,0x0A,0xFF,0xB0,0x9F,0xFB,0x00,0x00,0x00,0x00,0x00,0x00,0x00,0x00,0x00,0x0A,0xFF,0xF0,0x00,0x07,0xFF,0xF3,0x8F,0xFA,
    0x00,0x00,0x00,0x00,0x00,0x00,0x00,0x00,0x00,0x0F,0xFF,0x90,0x00,0x03,0xFF,0xF6,0x7F,0xF9,0x00,0x00,0x00,0x00,0x00,0x00,
    0x00,0x00,0x00,0x5F,0xFF,0x40,0x00,0x00,0xDF,0xF8,0x5F,0xF8,0x00,0x00,0x00,0x00,0x00,0x00,0x00,0x00,0x00,0xBF,0xFC,0x00,
    0x00,0x00,0x6F,0xFB,0x4F,0xF6,0x00,0x00,0x00,0x00,0x00,0x00,0x00,0x00,0x01,0xFF,0xC0,0x00,0x00,0x00,0x0E,0xFD,0x3F,0xF5,
    0x00,0x00,0x00,0x00,0x00,0x00,0x00,0x00,0x07,0xFB,0x00,0x00,0x00,0x00,0x04,0xEF,0x2F,0xF4,0x00,0x00,0x00,0x00,0x00,0x00,
    0x00,0x00,0x0B,0x50,0x00,0x00,0x00,0x00,0x00,0x1B,0x2F,0xF2,0x00,0x00,0x00,0x00,0x00,0x00,0x00,0x00,0x02,0x8E,0xFF,0xFF,
    0xFF,0xFF,0xFF,0xF3,0x0A,0xF1,0x00,0x00,0x00,0x00,0x00,0x00,0x00,0x00,0x9F,0xFF,0xFF,0xFF,0xFF,0xFF,0xFF,0xFE,0x10,0xC0,
    0x00,0x00,0x00,0x00,0x00,0x00,0x00,0x0A,0xFF,0xFF,0xFF,0xFF,0xFF,0xFF,0xFF,0xFF,0xC0,0x10,0x00,0x00,0x00,0x00,0x00,0x00,
    0x00,0x00,0x00,0x00,0x00,0x00,0x00,0x00,0x00,0x00,0x00,0x00,0x00,0x00,0x00,0x00,0x00,0x00,0x00,0x00,0x00,0x00,0x00,0x00,
    0x00,0x00,0x00,0x00,0x00,0x00,0x00,0x00,0x00,0x00,0x00,0x00,0x00,0x00,0x00,0x00,0x00,0x00,0x00,0x00,0x00,0x00,0x00,0x00,
    0x00,0x00,0x00,0x00,0x00,0x00,
    // HP-41 code 39 (font 39)
    0x00,0x00,0x00,0x00,0x00,0x00,0x00,0x00,0x00,0x00,0x00,0x00,0x00,0x00,0x00,0x00,0x00,0x00,0x00,0x00,0x00,0x00,0x00,0x00,
    0x00,0x00,0x00,0x00,0x00,0x00,0x00,0x00,0x00,0x00,0x00,0x00,0x00,0x00,0x00,0x00,0x00,0x00,0x00,0x00,0x00,0x00,0x00,0x00,
    0x00,0x00,0x00,0x00,0x00,0x00,0x00,0x00,0x00,0x00,0x00,0x00,0x00,0x00,0x00,0x00,0x00,0x00,0x00,0x00,0x00,0x00,0x00,0x00,
    0x00,0x00,0x00,0x00,0x00,0x00,0x8F,0xFF,0xC0,0x00,0x00,0x00,0x00,0x00,0x00,0x00,0x00,0x00,0x00,0x00,0x00,0x00,0x00,0x00,
    0x9F,0xFF,0xB0,0x00,0x00,0x00,0x00,0x00,0x00,0x00,0x00,0x00,0x00,0x00,0x00,0x00,0x00,0x00,0xAF,0xFF,0x90,0x00,0x00,0x00,
    0x00,0x00,0x00,0x00,0x00,0x00,0x00,0x00,0x00,0x00,0x00,0x00,0x8F,0xFF,0x40,0x00,0x00,0x00,0x00,0x00,0x00,0x00,0x00,0x00,
    0x00,0x00,0x00,0x00,0x00,0x00,0x5F,0xFE,0x00,0x00,0x00,0x00,0x00,0x00,0x00,0x00,0x00,0x00,0x00,0x00,0x00,0x00,0x00,0x00,
    0x3F,0xFA,0x00,0x00,0x00,0x00,0x00,0x00,0x00,0x00,0x00,0x00,0x00,0x00,0x00,0x00,0x00,0x00,0x0F,0xF4,0x00,0x00,0x00,0x00,
    0x00,0x00,0x00,0x00,0x00,0x00,0x00,0x00,0x00,0x00,0x00,0x00,0x0D,0xF0,0x00,0x00,0x00,0x00,0x00,0x00,0x00,0x00,0x00,0x00,
    0x00,0x00,0x00,0x00,0x00,0x00,0x0B,0xA0,0x00,0x00,0x00,0x00,0x00,0x00,0x00,0x00,0x00,0x00,0x00,0x00,0x00,0x00,0x00,0x00,
    0x08,0x50,0x00,0x00,0x00,0x00,0x00,0x00,0x00,0x00,0x00,0x00,0x00,0x00,0x00,0x00,0x00,0x00,0x05,0x00,0x00,0x00,0x00,0x00,
    0x00,0x00,0x00,0x00,0x00,0x00,0x00,0x00,0x00,0x00,0x00,0x00,0x00,0x00,0x00,0x00,0x00,0x00,0x00,0x00,0x00,0x00,0x00,0x00,
    0x00,0x00,0x00,0x00,0x00,0x00,0x00,0x00,0x00,0x00,0x00,0x00,0x00,0x00,0x00,0x00,0x00,0x00,0x00,0x00,0x00,0x00,0x00,0x00,
    0x00,0x00,0x00,0x00,0x00,0x00,0x00,0x00,0x00,0x00,0x00,0x00,0x00,0x00,0x00,0x00,0x00,0x00,0x00,0x00,0x00,0x00,0x00,0x00,
    0x00,0x00,0x00,0x00,0x00,0x00,0x00,0x00,0x00,0x00,0x00,0x00,0x00,0x00,0x00,0x00,0x00,0x00,0x00,0x00,0x00,0x00,0x00,0x00,
    0x00,0x00,0x00,0x00,0x00,0x00,0x00,0x00,0x00,0x00,0x00,0x00,0x00,0x00,0x00,0x00,0x00,0x00,0x00,0x00,0x00,0x00,0x00,0x00,
    0x00,0x00,0x00,0x00,0x00,0x00,0x00,0x00,0x00,0x00,0x00,0x00,0x00,0x00,0x00,0x00,0x00,0x00,0x00,0x00,0x00,0x00,0x00,0x00,
    0x00,0x00,0x00,0x00,0x00,0x00,0x00,0x00,0x00,0x00,0x00,0x00,0x00,0x00,0x00,0x00,0x00,0x00,0x00,0x00,0x00,0x00,0x00,0x00,
    0x00,0x00,0x00,0x00,0x00,0x00,0x00,0x00,0x00,0x00,0x00,0x00,0x00,0x00,0x00,0x00,0x00,0x00,0x00,0x00,0x00,0x00,0x00,0x00,
    0x00,0x00,0x00,0x00,0x00,0x00,0x00,0x00,0x00,0x00,0x00,0x00,0x00,0x00,0x00,0x00,0x00,0x00,0x00,0x00,0x00,0x00,0x00,0x00,
    0x00,0x00,0x00,0x00,0x00,0x00,0x00,0x00,0x00,0x00,0x00,0x00,0x00,0x00,0x00,0x00,0x00,0x00,0x00,0x00,0x00,0x00,0x00,0x00,
    0x00,0x00,0x00,0x00,0x00,0x00,0x00,0x00,0x00,0x00,0x00,0x00,0x00,0x00,0x00,0x00,0x00,0x00,0x00,0x00,0x00,0x00,0x00,0x00,
    0x00,0x00,0x00,0x00,0x00,0x00,0x00,0x00,0x00,0x00,0x00,0x00,0x00,0x00,0x00,0x00,0x00,0x00,0x00,0x00,0x00,0x00,0x00,0x00,
    0x00,0x00,0x00,0x00,0x00,0x00,0x00,0x00,0x00,0x00,0x00,0x00,0x00,0x00,0x00,0x00,0x00,0x00,0x00,0x00,0x00,0x00,0x00,0x00,
    0x00,0x00,0x00,0x00,0x00,0x00,0x00,0x00,0x00,0x00,0x00,0x00,0x00,0x00,0x00,0x00,0x00,0x00,0x00,0x00,0x00,0x00,0x00,0x00,
    0x00,0x00,0x00,0x00,0x00,0x00,0x00,0x00,0x00,0x00,0x00,0x00,0x00,0x00,0x00,0x00,0x00,0x00,0x00,0x00,0x00,0x00,0x00,0x00,
    0x00,0x00,0x00,0x00,0x00,0x00,
    // HP-41 code 40 (font 40)
    0x00,0x00,0x00,0x00,0x00,0x00,0x00,0x00,0x00,0x00,0x00,0x00,0x00,0x00,0x00,0x00,0x00,0x00,0x00,0x00,0x00,0x00,0x00,0x00,
    0x00,0x00,0x00,0x00,0x00,0x00,0x00,0x00,0x00,0x00,0x00,0x00,0x00,0x00,0x00,0x00,0x00,0x00,0x00,0x00,0x00,0x00,0x06,0x30,
    0x00,0x00,0x00,0x00,0x00,0x00,0x00,0x00,0x00,0x00,0x00,0x00,0x00,0x00,0x00,0x03,0xDE,0x00,0x00,0x00,0x00,0x00,0x00,0x00,
    0x00,0x00,0x00,0x00,0x00,0x00,0x00,0x00,0x00,0x3F,0xF8,0x00,0x00,0x00,0x00,0x00,0x00,0x00,0x00,0x00,0x00,0x00,0x00,0x00,
    0x00,0x00,0x03,0xFF,0xF2,0x00,0x00,0x00,0x00,0x00,0x00,0x00,0x00,0x00,0x00,0x00,0x00,0x00,0x00,0x00,0x0C,0xFF,0xC0,0x00,
    0x00,0x00,0x00,0x00,0x00,0x00,0x00,0x00,0x00,0x00,0x00,0x00,0x00,0x00,0x2F,0xFF,0x60,0x00,0x00,0x00,0x00,0x00,0x00,0x00,
    0x00,0x00,0x00,0x00,0x00,0x00,0x00,0x00,0x7F,0xFF,0x10,0x00,0x00,0x00,0x00,0x00,0x00,0x00,0x00,0x00,0x00,0x00,0x00,0x00,
    0x00,0x00,0xDF,0xFA,0x00,0x00,0x00,0x00,0x00,0x00,0x00,0x00,0x00,0x00,0x00,0x00,0x00,0x00,0x00,0x02,0xFF,0xE2,0x00,0x00,
    0x00,0x00,0x00,0x00,0x00,0x00,0x00,0x00,0x00,0x00,0x00,0x00,0x00,0x07,0xFD,0x20,0x00,0x00,0x00,0x00,0x00,0x00,0x00,0x00,
    0x00,0x00,0x00,0x00,0x00,0x00,0x00,0x0D,0xC1,0x00,0x00,0x00,0x00,0x00,0x00,0x00,0x00,0x00,0x00,0x00,0x00,0x00,0x00,0x00,
    0x00,0x2B,0x00,0x00,0x00,0x00,0x00,0x00,0x00,0x00,0x00,0x00,0x00,0x00,0x00,0x00,0x00,0x00,0x00,0x20,0x00,0x00,0x00,0x00,
    0x00,0x00,0x00,0x00,0x00,0x00,0x00,0x00,0x00,0x00,0x00,0x00,0x00,0x00,0x00,0x00,0x00,0x00,0x00,0x00,0x00,0x00,0x00,0x00,
    0x00,0x00,0x00,0x00,0x00,0x00,0x00,0x30,0x00,0x00,0x00,0x00,0x00,0x00,0x00,0x00,0x00,0x00,0x00,0x00,0x00,0x00,0x00,0x00,
    0x00,0x6B,0x10,0x00,0x00,0x00,0x00,0x00,0x00,0x00,0x00,0x00,0x00,0x00,0x00,0x00,0x00,0x00,0x00,0x3F,0xE3,0x00,0x00,0x00,
    0x00,0x00,0x00,0x00,0x00,0x00,0x00,0x00,0x00,0x00,0x00,0x00,0x00,0x0F,0xFF,0x00,0x00,0x00,0x00,0x00,0x00,0x00,0x00,0x00,
    0x00,0x00,0x00,0x00,0x00,0x00,0x00,0x0D,0xFF,0x70,0x00,0x00,0x00,0x00,0x00,0x00,0x00,0x00,0x00,0x00,0x00,0x00,0x00,0x00,
    0x00,0x09,0xFF,0xE0,0x00,0x00,0x00,0x00,0x00,0x00,0x00,0x00,0x00,0x00,0x00,0x00,0x00,0x00,0x00,0x06,0xFF,0xF4,0x00,0x00,
    0x00,0x00,0x00,0x00,0x00,0x00,0x00,0x00,0x00,0x00,0x00,0x00,0x00,0x02,0xFF,0xF7,0x00,0x00,0x00,0x00,0x00,0x00,0x00,0x00,
    0x00,0x00,0x00,0x00,0x00,0x00,0x00,0x00,0xBF,0xF9,0x00,0x00,0x00,0x00,0x00,0x00,0x00,0x00,0x00,0x00,0x00,0x00,0x00,0x00,
    0x00,0x00,0x3F,0xFB,0x00,0x00,0x00,0x00,0x00,0x00,0x00,0x00,0x00,0x00,0x00,0x00,0x00,0x00,0x00,0x00,0x0C,0xFE,0x00,0x00,
    0x00,0x00,0x00,0x00,0x00,0x00,0x00,0x00,0x00,0x00,0x00,0x00,0x00,0x00,0x01,0xCF,0x00,0x00,0x00,0x00,0x00,0x00,0x00,0x00,
    0x00,0x00,0x00,0x00,0x00,0x00,0x00,0x00,0x00,0x07,0x20,0x00,0x00,0x00,0x00,0x00,0x00,0x00,0x00,0x00,0x00,0x00,0x00,0x00,
    0x00,0x00,0x00,0x00,0x00,0x00,0x00,0x00,0x00,0x00,0x00,0x00,0x00,0x00,0x00,0x00,0x00,0x00,0x00,0x00,0x00,0x00,0x00,0x00,
    0x00,0x00,0x00,0x00,0x00,0x00,0x00,0x00,0x00,0x00,0x00,0x00,0x00,0x00,0x00,0x00,0x00,0x00,0x00,0x00,0x00,0x00,0x00,0x00,
    0x00,0x00,0x00,0x00,0x00,0x00,0x00,0x00,0x00,0x00,0x00,0x00,0x00,0x00,0x00,0x00,0x00,0x00,0x00,0x00,0x00,0x00,0x00,0x00,
    0x00,0x00,0x00,0x00,0x00,0x00,0x00,0x00,0x00,0x00,0x00,0x00,0x00,0x00,0x00,0x00,0x00,0x00,0x00,0x00,0x00,0x00,0x00,0x00,
    0x00,0x00,0x00,0x00,0x00,0x00,
    // HP-41 code 41 (font 41)
    0x00,0x00,0x00,0x00,0x00,0x00,0x00,0x00,0x00,0x00,0x00,0x00,0x00,0x00,0x00,0x00,0x00,0x00,0x00,0x00,0x00,0x00,0x00,0x00,
    0x00,0x00,0x00,0x00,0x00,0x00,0x00,0x00,0x00,0x00,0x00,0x00,0x00,0x00,0x00,0x00,0x00,0x00,0x00,0x00,0x00,0x00,0x00,0x00,
    0x00,0x00,0x00,0x00,0x00,0x00,0x00,0x00,0x00,0x07,0x10,0x00,0x00,0x00,0x00,0x00,0x00,0x00,0x00,0x00,0x00,0x00,0x00,0x00,
    0x00,0x00,0x00,0x09,0xE3,0x00,0x00,0x00,0x00,0x00,0x00,0x00,0x00,0x00,0x00,0x00,0x00,0x00,0x00,0x00,0x00,0x07,0xFF,0x20,
    0x00,0x00,0x00,0x00,0x00,0x00,0x00,0x00,0x00,0x00,0x00,0x00,0x00,0x00,0x00,0x05,0xFF,0x90,0x00,0x00,0x00,0x00,0x00,0x00,
    0x00,0x00,0x00,0x00,0x00,0x00,0x00,0x00,0x00,0x03,0xFF,0xF1,0x00,0x00,0x00,0x00,0x00,0x00,0x00,0x00,0x00,0x00,0x00,0x00,
    0x00,0x00,0x00,0x01,0xFF,0xF7,0x00,0x00,0x00,0x00,0x00,0x00,0x00,0x00,0x00,0x00,0x00,0x00,0x00,0x00,0x00,0x00,0xFF,0xFC,
    0x00,0x00,0x00,0x00,0x00,0x00,0x00,0x00,0x00,0x00,0x00,0x00,0x00,0x00,0x00,0x00,0x9F,0xFF,0x00,0x00,0x00,0x00,0x00,0x00,
    0x00,0x00,0x00,0x00,0x00,0x00,0x00,0x00,0x00,0x00,0x2F,0xFF,0x30,0x00,0x00,0x00,0x00,0x00,0x00,0x00,0x00,0x00,0x00,0x00,
    0x00,0x00,0x00,0x00,0x0A,0xFF,0x60,0x00,0x00,0x00,0x00,0x00,0x00,0x00,0x00,0x00,0x00,0x00,0x00,0x00,0x00,0x00,0x01,0xCF,
    0x90,0x00,0x00,0x00,0x00,0x00,0x00,0x00,0x00,0x00,0x00,0x00,0x00,0x00,0x00,0x00,0x00,0x09,0xD0,0x00,0x00,0x00,0x00,0x00,
    0x00,0x00,0x00,0x00,0x00,0x00,0x00,0x00,0x00,0x00,0x00,0x00,0x50,0x00,0x00,0x00,0x00,0x00,0x00,0x00,0x00,0x00,0x00,0x00,
    0x00,0x00,0x00,0x00,0x00,0x00,0x00,0x00,0x00,0x00,0x00,0x00,0x00,0x00,0x00,0x00,0x00,0x00,0x00,0x00,0x00,0x00,0x00,0x00,
    0x30,0x00,0x00,0x00,0x00,0x00,0x00,0x00,0x00,0x00,0x00,0x00,0x00,0x00,0x00,0x00,0x00,0x07,0x80,0x00,0x00,0x00,0x00,0x00,
    0x00,0x00,0x00,0x00,0x00,0x00,0x00,0x00,0x00,0x00,0x00,0x9F,0x30,0x00,0x00,0x00,0x00,0x00,0x00,0x00,0x00,0x00,0x00,0x00,
    0x00,0x00,0x00,0x00,0x1B,0xFD,0x00,0x00,0x00,0x00,0x00,0x00,0x00,0x00,0x00,0x00,0x00,0x00,0x00,0x00,0x00,0x01,0xDF,0xF8,
    0x00,0x00,0x00,0x00,0x00,0x00,0x00,0x00,0x00,0x00,0x00,0x00,0x00,0x00,0x00,0x06,0xFF,0xF2,0x00,0x00,0x00,0x00,0x00,0x00,
    0x00,0x00,0x00,0x00,0x00,0x00,0x00,0x00,0x00,0x0C,0xFF,0xD0,0x00,0x00,0x00,0x00,0x00,0x00,0x00,0x00,0x00,0x00,0x00,0x00,
    0x00,0x00,0x00,0x2F,0xFF,0x70,0x00,0x00,0x00,0x00,0x00,0x00,0x00,0x00,0x00,0x00,0x00,0x00,0x00,0x00,0x00,0x8F,0xFF,0x20,
    0x00,0x00,0x00,0x00,0x00,0x00,0x00,0x00,0x00,0x00,0x00,0x00,0x00,0x00,0x00,0xDF,0xF7,0x00,0x00,0x00,0x00,0x00,0x00,0x00,
    0x00,0x00,0x00,0x00,0x00,0x00,0x00,0x00,0x03,0xFF,0x70,0x00,0x00,0x00,0x00,0x00,0x00,0x00,0x00,0x00,0x00,0x00,0x00,0x00,
    0x00,0x00,0x09,0xE6,0x00,0x00,0x00,0x00,0x00,0x00,0x00,0x00,0x00,0x00,0x00,0x00,0x00,0x00,0x00,0x00,0x08,0x10,0x00,0x00,
    0x00,0x00,0x00,0x00,0x00,0x00,0x00,0x00,0x00,0x00,0x00,0x00,0x00,0x00,0x00,0x00,0x00,0x00,0x00,0x00,0x00,0x00,0x00,0x00,
    0x00,0x00,0x00,0x00,0x00,0x00,0x00,0x00,0x00,0x00,0x00,0x00,0x00,0x00,0x00,0x00,0x00,0x00,0x00,0x00,0x00,0x00,0x00,0x00,
    0x00,0x00,0x00,0x00,0x00,0x00,0x00,0x00,0x00,0x00,0x00,0x00,0x00,0x00,0x00,0x00,0x00,0x00,0x00,0x00,0x00,0x00,0x00,0x00,
    0x00,0x00,0x00,0x00,0x00,0x00,0x00,0x00,0x00,0x00,0x00,0x00,0x00,0x00,0x00,0x00,0x00,0x00,0x00,0x00,0x00,0x00,0x00,0x00,
    0x00,0x00,0x00,0x00,0x00,0x00,
    // HP-41 code 42 (font 42)
    0x00,0x00,0x00,0x00,0x00,0x00,0x00,0x00,0x00,0x00,0x00,0x00,0x00,0x00,0x00,0x00,0x00,0x00,0x00,0x00,0x00,0x00,0x00,0x00,
    0x00,0x00,0x00,0x00,0x00,0x00,0x00,0x00,0x00,0x00,0x00,0x00,0x00,0x00,0x00,0x02,0x00,0x00,0x00,0x00,0x00,0x00,0x01,0x20,
    0x00,0x00,0x00,0x00,0x00,0x00,0x00,0x00,0x00,0x0A,0x70,0x00,0x00,0x00,0x00,0x00,0x6E,0x10,0x00,0x00,0x00,0x00,0x00,0x00,
    0x00,0x00,0x00,0x08,0xFB,0x00,0x8F,0xFF,0xC0,0x0B,0xFB,0x00,0x00,0x00,0x00,0x00,0x00,0x00,0x00,0x00,0x00,0x06,0xFF,0x50,
    0x9F,0xFF,0xB0,0xBF,0xF5,0x00,0x00,0x00,0x00,0x00,0x00,0x00,0x00,0x00,0x00,0x04,0xFF,0xD0,0xAF,0xFF,0x99,0xFF,0xE0,0x00,
    0x00,0x00,0x00,0x00,0x00,0x00,0x00,0x00,0x00,0x02,0xFF,0xF4,0x8F,0xFF,0x4F,0xFF,0x90,0x00,0x00,0x00,0x00,0x00,0x00,0x00,
    0x00,0x00,0x00,0x00,0xFF,0xFA,0x5F,0xFE,0x5F,0xFF,0x20,0x00,0x00,0x00,0x00,0x00,0x00,0x00,0x00,0x00,0x00,0x00,0xCF,0xFE,
    0x2F,0xF9,0xBF,0xFC,0x00,0x00,0x00,0x00,0x00,0x00,0x00,0x00,0x00,0x00,0x00,0x00,0x5F,0xFF,0x2F,0xF5,0xFF,0xF5,0x00,0x00,
    0x00,0x00,0x00,0x00,0x00,0x00,0x00,0x00,0x00,0x00,0x0D,0xFF,0x5D,0xE6,0xFF,0x60,0x00,0x00,0x00,0x00,0x00,0x00,0x00,0x00,
    0x00,0x00,0x00,0x00,0x05,0xFF,0x8B,0xAB,0xF4,0x00,0x00,0x00,0x00,0x00,0x00,0x00,0x00,0x00,0x00,0x00,0x00,0x00,0x00,0x3D,
    0xB8,0x6E,0x30,0x00,0x00,0x00,0x00,0x00,0x00,0x00,0x00,0x00,0x00,0x00,0x00,0xBF,0xFF,0xE5,0xA5,0x43,0xAF,0xFF,0xC0,0x00,
    0x00,0x00,0x00,0x00,0x00,0x00,0x00,0x00,0x06,0xFF,0xFF,0xFF,0x70,0x2D,0xFF,0xFF,0xF9,0x00,0x00,0x00,0x00,0x00,0x00,0x00,
    0x00,0x00,0x04,0xFF,0xFF,0xFF,0x50,0x2C,0xFF,0xFF,0xF9,0x00,0x00,0x00,0x00,0x00,0x00,0x00,0x00,0x00,0x00,0x9F,0xFF,0xE4,
    0x76,0x75,0xAF,0xFF,0xC0,0x00,0x00,0x00,0x00,0x00,0x00,0x00,0x00,0x00,0x00,0x00,0x00,0x2D,0x6D,0x5F,0x70,0x00,0x00,0x00,
    0x00,0x00,0x00,0x00,0x00,0x00,0x00,0x00,0x00,0x00,0x04,0xEF,0x5F,0x3F,0xFA,0x00,0x00,0x00,0x00,0x00,0x00,0x00,0x00,0x00,
    0x00,0x00,0x00,0x00,0x6F,0xFB,0x9F,0x4E,0xFF,0x30,0x00,0x00,0x00,0x00,0x00,0x00,0x00,0x00,0x00,0x00,0x00,0x03,0xFF,0xF5,
    0xEF,0x7B,0xFF,0xB0,0x00,0x00,0x00,0x00,0x00,0x00,0x00,0x00,0x00,0x00,0x00,0x09,0xFF,0xF4,0xFF,0x97,0xFF,0xF2,0x00,0x00,
    0x00,0x00,0x00,0x00,0x00,0x00,0x00,0x00,0x00,0x0E,0xFF,0xA8,0xFF,0xC4,0xFF,0xF6,0x00,0x00,0x00,0x00,0x00,0x00,0x00,0x00,
    0x00,0x00,0x00,0x5F,0xFF,0x4E,0xFF,0xF0,0xDF,0xF8,0x00,0x00,0x00,0x00,0x00,0x00,0x00,0x00,0x00,0x00,0x00,0xBF,0xFD,0x3F,
    0xFF,0xF1,0x6F,0xFA,0x00,0x00,0x00,0x00,0x00,0x00,0x00,0x00,0x00,0x00,0x01,0xFF,0xD1,0x4F,0xFF,0xF0,0x0E,0xFD,0x00,0x00,
    0x00,0x00,0x00,0x00,0x00,0x00,0x00,0x00,0x07,0xFD,0x10,0x5F,0xFF,0xE0,0x05,0xFF,0x00,0x00,0x00,0x00,0x00,0x00,0x00,0x00,
    0x00,0x00,0x0C,0x70,0x00,0x00,0x00,0x00,0x00,0x2C,0x10,0x00,0x00,0x00,0x00,0x00,0x00,0x00,0x00,0x00,0x01,0x00,0x00,0x00,
    0x00,0x00,0x00,0x00,0x00,0x00,0x00,0x00,0x00,0x00,0x00,0x00,0x00,0x00,0x00,0x00,0x00,0x00,0x00,0x00,0x00,0x00,0x00,0x00,
    0x00,0x00,0x00,0x00,0x00,0x00,0x00,0x00,0x00,0x00,0x00,0x00,0x00,0x00,0x00,0x00,0x00,0x00,0x00,0x00,0x00,0x00,0x00,0x00,
    0x00,0x00,0x00,0x00,0x00,0x00,0x00,0x00,0x00,0x00,0x00,0x00,0x00,0x00,0x00,0x00,0x00,0x00,0x00,0x00,0x00,0x00,0x00,0x00,
    0x00,0x00,0x00,0x00,0x00,0x00,0x00,0x00,0x00,0x00,0x00,0x00,0x00,0x00,0x00,0x00,0x00,0x00,0x00,0x00,0x00,0x00,0x00,0x00,
    0x00,0x00,0x00,0x00,0x00,0x00,
    // HP-41 code 43 (font 43)
    0x00,0x00,0x00,0x00,0x00,0x00,0x00,0x00,0x00,0x00,0x00,0x00,0x00,0x00,0x00,0x00,0x00,0x00,0x00,0x00,0x00,0x00,0x00,0x00,
    0x00,0x00,0x00,0x00,0x00,0x00,0x00,0x00,0x00,0x00,0x00,0x00,0x00,0x00,0x00,0x00,0x00,0x00,0x00,0x00,0x00,0x00,0x00,0x00,
    0x00,0x00,0x00,0x00,0x00,0x00,0x00,0x00,0x00,0x00,0x00,0x00,0x00,0x00,0x00,0x00,0x00,0x00,0x00,0x00,0x00,0x00,0x00,0x00,
    0x00,0x00,0x00,0x00,0x00,0x00,0x8F,0xFF,0xC0,0x00,0x00,0x00,0x00,0x00,0x00,0x00,0x00,0x00,0x00,0x00,0x00,0x00,0x00,0x00,
    0x9F,0xFF,0xB0,0x00,0x00,0x00,0x00,0x00,0x00,0x00,0x00,0x00,0x00,0x00,0x00,0x00,0x00,0x00,0xAF,0xFF,0x90,0x00,0x00,0x00,
    0x00,0x00,0x00,0x00,0x00,0x00,0x00,0x00,0x00,0x00,0x00,0x00,0x8F,0xFF,0x40,0x00,0x00,0x00,0x00,0x00,0x00,0x00,0x00,0x00,
    0x00,0x00,0x00,0x00,0x00,0x00,0x5F,0xFE,0x00,0x00,0x00,0x00,0x00,0x00,0x00,0x00,0x00,0x00,0x00,0x00,0x00,0x00,0x00,0x00,
    0x2F,0xF9,0x00,0x00,0x00,0x00,0x00,0x00,0x00,0x00,0x00,0x00,0x00,0x00,0x00,0x00,0x00,0x00,0x0F,0xF4,0x00,0x00,0x00,0x00,
    0x00,0x00,0x00,0x00,0x00,0x00,0x00,0x00,0x00,0x00,0x00,0x00,0x0D,0xE0,0x00,0x00,0x00,0x00,0x00,0x00,0x00,0x00,0x00,0x00,
    0x00,0x00,0x00,0x00,0x00,0x00,0x0B,0xA0,0x00,0x00,0x00,0x00,0x00,0x00,0x00,0x00,0x00,0x00,0x00,0x00,0x00,0x00,0x00,0x00,
    0x08,0x40,0x00,0x00,0x00,0x00,0x00,0x00,0x00,0x00,0x00,0x00,0x00,0x00,0x00,0xBF,0xFF,0xE3,0x05,0x00,0xAF,0xFF,0xC0,0x00,
    0x00,0x00,0x00,0x00,0x00,0x00,0x00,0x00,0x06,0xFF,0xFF,0xFF,0x70,0x2D,0xFF,0xFF,0xF9,0x00,0x00,0x00,0x00,0x00,0x00,0x00,
    0x00,0x00,0x04,0xFF,0xFF,0xFF,0x50,0x1C,0xFF,0xFF,0xF9,0x00,0x00,0x00,0x00,0x00,0x00,0x00,0x00,0x00,0x00,0x9F,0xFF,0xE3,
    0x06,0x00,0xAF,0xFF,0xC0,0x00,0x00,0x00,0x00,0x00,0x00,0x00,0x00,0x00,0x00,0x00,0x00,0x00,0x0D,0x00,0x00,0x00,0x00,0x00,
    0x00,0x00,0x00,0x00,0x00,0x00,0x00,0x00,0x00,0x00,0x00,0x00,0x4F,0x20,0x00,0x00,0x00,0x00,0x00,0x00,0x00,0x00,0x00,0x00,
    0x00,0x00,0x00,0x00,0x00,0x00,0x9F,0x40,0x00,0x00,0x00,0x00,0x00,0x00,0x00,0x00,0x00,0x00,0x00,0x00,0x00,0x00,0x00,0x00,
    0xEF,0x70,0x00,0x00,0x00,0x00,0x00,0x00,0x00,0x00,0x00,0x00,0x00,0x00,0x00,0x00,0x00,0x03,0xFF,0x90,0x00,0x00,0x00,0x00,
    0x00,0x00,0x00,0x00,0x00,0x00,0x00,0x00,0x00,0x00,0x00,0x08,0xFF,0xC0,0x00,0x00,0x00,0x00,0x00,0x00,0x00,0x00,0x00,0x00,
    0x00,0x00,0x00,0x00,0x00,0x0E,0xFF,0xF0,0x00,0x00,0x00,0x00,0x00,0x00,0x00,0x00,0x00,0x00,0x00,0x00,0x00,0x00,0x00,0x3F,
    0xFF,0xF1,0x00,0x00,0x00,0x00,0x00,0x00,0x00,0x00,0x00,0x00,0x00,0x00,0x00,0x00,0x00,0x4F,0xFF,0xF0,0x00,0x00,0x00,0x00,
    0x00,0x00,0x00,0x00,0x00,0x00,0x00,0x00,0x00,0x00,0x00,0x5F,0xFF,0xE0,0x00,0x00,0x00,0x00,0x00,0x00,0x00,0x00,0x00,0x00,
    0x00,0x00,0x00,0x00,0x00,0x00,0x00,0x00,0x00,0x00,0x00,0x00,0x00,0x00,0x00,0x00,0x00,0x00,0x00,0x00,0x00,0x00,0x00,0x00,
    0x00,0x00,0x00,0x00,0x00,0x00,0x00,0x00,0x00,0x00,0x00,0x00,0x00,0x00,0x00,0x00,0x00,0x00,0x00,0x00,0x00,0x00,0x00,0x00,
    0x00,0x00,0x00,0x00,0x00,0x00,0x00,0x00,0x00,0x00,0x00,0x00,0x00,0x00,0x00,0x00,0x00,0x00,0x00,0x00,0x00,0x00,0x00,0x00,
    0x00,0x00,0x00,0x00,0x00,0x00,0x00,0x00,0x00,0x00,0x00,0x00,0x00,0x00,0x00,0x00,0x00,0x00,0x00,0x00,0x00,0x00,0x00,0x00,
    0x00,0x00,0x00,0x00,0x00,0x00,0x00,0x00,0x00,0x00,0x00,0x00,0x00,0x00,0x00,0x00,0x00,0x00,0x00,0x00,0x00,0x00,0x00,0x00,
    0x00,0x00,0x00,0x00,0x00,0x00,
    // HP-41 code 44 (font 44)
    0x00,0x00,0x00,0x00,0x00,0x00,0x00,0x00,0x00,0x00,0x00,0x00,0x00,0x00,0x00,0x00,0x00,0x00,0x00,0x00,0x00,0x00,0x00,0x00,
    0x00,0x00,0x00,0x00,0x00,0x00,0x00,0x00,0x00,0x00,0x00,0x00,0x00,0x00,0x00,0x00,0x00,0x00,0x00,0x00,0x00,0x00,0x00,0x00,
    0x00,0x00,0x00,0x00,0x00,0x00,0x00,0x00,0x00,0x00,0x00,0x00,0x00,0x00,0x00,0x00,0x00,0x00,0x00,0x00,0x00,0x00,0x00,0x00,
    0x00,0x00,0x00,0x00,0x00,0x00,0x00,0x00,0x00,0x00,0x00,0x00,0x00,0x00,0x00,0x00,0x00,0x00,0x00,0x00,0x00,0x00,0x00,0x00,
    0x00,0x00,0x00,0x00,0x00,0x00,0x00,0x00,0x00,0x00,0x00,0x00,0x00,0x00,0x00,0x00,0x00,0x00,0x00,0x00,0x00,0x00,0x00,0x00,
    0x00,0x00,0x00,0x00,0x00,0x00,0x00,0x00,0x00,0x00,0x00,0x00,0x00,0x00,0x00,0x00,0x00,0x00,0x00,0x00,0x00,0x00,0x00,0x00,
    0x00,0x00,0x00,0x00,0x00,0x00,0x00,0x00,0x00,0x00,0x00,0x00,0x00,0x04,0xDE,0x80,0x00,0x00,0x00,0x1F,0xFF,0xF5,0x00,0x00,
    0x00,0x3F,0xFF,0xF8,0x00,0x00,0x00,0x1F,0xFF,0xF5,0x00,0x00,0x00,0x28,0xEF,0xB0,0x00,0x00,0x00,0x7F,0xFF,0x50,0x00,0x00,
    0x00,0xCF,0xFB,0x00,0x00,0x00,0x03,0xFF,0xB0,0x00,0x00,0x00,0x0B,0xC5,0x00,0x00,0x00,0x00,
    // HP-41 code 45 (font 45)
    0x00,0x00,0x00,0x00,0x00,0x00,0x00,0x00,0x00,0x00,0x00,0x00,0x00,0x00,0x00,0x00,0x00,0x00,0x00,0x00,0x00,0x00,0x00,0x00,
    0x00,0x00,0x00,0x00,0x00,0x00,0x00,0x00,0x00,0x00,0x00,0x00,0x00,0x00,0x00,0x00,0x00,0x00,0x00,0x00,0x00,0x00,0x00,0x00,
    0x00,0x00,0x00,0x00,0x00,0x00,0x00,0x00,0x00,0x00,0x00,0x00,0x00,0x00,0x00,0x00,0x00,0x00,0x00,0x00,0x00,0x00,0x00,0x00,
    0x00,0x00,0x00,0x00,0x00,0x00,0x00,0x00,0x00,0x00,0x00,0x00,0x00,0x00,0x00,0x00,0x00,0x00,0x00,0x00,0x00,0x00,0x00,0x00,
    0x00,0x00,0x00,0x00,0x00,0x00,0x00,0x00,0x00,0x00,0x00,0x00,0x00,0x00,0x00,0x00,0x00,0x00,0x00,0x00,0x00,0x00,0x00,0x00,
    0x00,0x00,0x00,0x00,0x00,0x00,0x00,0x00,0x00,0x00,0x00,0x00,0x00,0x00,0x00,0x00,0x00,0x00,0x00,0x00,0x00,0x00,0x00,0x00,
    0x00,0x00,0x00,0x00,0x00,0x00,0x00,0x00,0x00,0x00,0x00,0x00,0x00,0x00,0x00,0x00,0x00,0x00,0x00,0x00,0x00,0x00,0x00,0x00,
    0x00,0x00,0x00,0x00,0x00,0x00,0x00,0x00,0x00,0x00,0x00,0x00,0x00,0x00,0x00,0x00,0x00,0x00,0x00,0x00,0x00,0x00,0x00,0x00,
    0x00,0x00,0x00,0x00,0x00,0x00,0x00,0x00,0x00,0x00,0x00,0x00,0x00,0x00,0x00,0x00,0x00,0x00,0x00,0x00,0x00,0x00,0x00,0x00,
    0x00,0x00,0x00,0x00,0x00,0x00,0x00,0x00,0x00,0x00,0x00,0x00,0x00,0x00,0x00,0x00,0x00,0x00,0x00,0x00,0x00,0x00,0x00,0x00,
    0x00,0x00,0x00,0x00,0x00,0x00,0x00,0x00,0x00,0x00,0x00,0x00,0x00,0x00,0x00,0xBF,0xFF,0xE3,0x00,0x00,0xAF,0xFF,0xC0,0x00,
    0x00,0x00,0x00,0x00,0x00,0x00,0x00,0x00,0x06,0xFF,0xFF,0xFF,0x70,0x2D,0xFF,0xFF,0xF9,0x00,0x00,0x00,0x00,0x00,0x00,0x00,
    0x00,0x00,0x04,0xFF,0xFF,0xFF,0x50,0x1C,0xFF,0xFF,0xF9,0x00,0x00,0x00,0x00,0x00,0x00,0x00,0x00,0x00,0x00,0x9F,0xFF,0xE3,
    0x00,0x00,0xAF,0xFF,0xC0,0x00,0x00,0x00,0x00,0x00,0x00,0x00,0x00,0x00,0x00,0x00,0x00,0x00,0x00,0x00,0x00,0x00,0x00,0x00,
    0x00,0x00,0x00,0x00,0x00,0x00,0x00,0x00,0x00,0x00,0x00,0x00,0x00,0x00,0x00,0x00,0x00,0x00,0x00,0x00,0x00,0x00,0x00,0x00,
    0x00,0x00,0x00,0x00,0x00,0x00,0x00,0x00,0x00,0x00,0x00,0x00,0x00,0x00,0x00,0x00,0x00,0x00,0x00,0x00,0x00,0x00,0x00,0x00,
    0x00,0x00,0x00,0x00,0x00,0x00,0x00,0x00,0x00,0x00,0x00,0x00,0x00,0x00,0x00,0x00,0x00,0x00,0x00,0x00,0x00,0x00,0x00,0x00,
    0x00,0x00,0x00,0x00,0x00,0x00,0x00,0x00,0x00,0x00,0x00,0x00,0x00,0x00,0x00,0x00,0x00,0x00,0x00,0x00,0x00,0x00,0x00,0x00,
    0x00,0x00,0x00,0x00,0x00,0x00,0x00,0x00,0x00,0x00,0x00,0x00,0x00,0x00,0x00,0x00,0x00,0x00,0x00,0x00,0x00,0x00,0x00,0x00,
    0x00,0x00,0x00,0x00,0x00,0x00,0x00,0x00,0x00,0x00,0x00,0x00,0x00,0x00,0x00,0x00,0x00,0x00,0x00,0x00,0x00,0x00,0x00,0x00,
    0x00,0x00,0x00,0x00,0x00,0x00,0x00,0x00,0x00,0x00,0x00,0x00,0x00,0x00,0x00,0x00,0x00,0x00,0x00,0x00,0x00,0x00,0x00,0x00,
    0x00,0x00,0x00,0x00,0x00,0x00,0x00,0x00,0x00,0x00,0x00,0x00,0x00,0x00,0x00,0x00,0x00,0x00,0x00,0x00,0x00,0x00,0x00,0x00,
    0x00,0x00,0x00,0x00,0x00,0x00,0x00,0x00,0x00,0x00,0x00,0x00,0x00,0x00,0x00,0x00,0x00,0x00,0x00,0x00,0x00,0x00,0x00,0x00,
    0x00,0x00,0x00,0x00,0x00,0x00,0x00,0x00,0x00,0x00,0x00,0x00,0x00,0x00,0x00,0x00,0x00,0x00,0x00,0x00,0x00,0x00,0x00,0x00,
    0x00,0x00,0x00,0x00,0x00,0x00,0x00,0x00,0x00,0x00,0x00,0x00,0x00,0x00,0x00,0x00,0x00,0x00,0x00,0x00,0x00,0x00,0x00,0x00,
    0x00,0x00,0x00,0x00,0x00,0x00,0x00,0x00,0x00,0x00,0x00,0x00,0x00,0x00,0x00,0x00,0x00,0x00,0x00,0x00,0x00,0x00,0x00,0x00,
    0x00,0x00,0x00,0x00,0x00,0x00,
    // HP-41 code 46 (font 46)
    0x00,0x00,0x00,0x00,0x00,0x00,0x00,0x00,0x00,0x00,0x00,0x00,0x00,0x00,0x00,0x00,0x00,0x00,0x00,0x00,0x00,0x00,0x00,0x00,
    0x00,0x00,0x00,0x00,0x00,0x00,0x00,0x00,0x00,0x00,0x00,0x00,0x00,0x00,0x00,0x00,0x00,0x00,0x00,0x00,0x00,0x00,0x00,0x00,
    0x00,0x00,0x00,0x00,0x00,0x00,0x00,0x00,0x00,0x00,0x00,0x00,0x00,0x00,0x00,0x00,0x00,0x00,0x00,0x00,0x00,0x00,0x00,0x00,
    0x00,0x00,0x00,0x00,0x00,0x00,0x00,0x00,0x00,0x00,0x00,0x00,0x00,0x00,0x00,0x00,0x00,0x00,0x00,0x00,0x00,0x00,0x00,0x00,
    0x00,0x00,0x00,0x00,0x00,0x00,0x00,0x00,0x00,0x00,0x00,0x00,0x00,0x00,0x00,0x00,0x00,0x00,0x00,0x00,0x00,0x00,0x00,0x00,
    0x00,0x00,0x00,0x00,0x00,0x00,0x00,0x00,0x00,0x00,0x04,0xDE,0x80,0x00,0x00,0x1F,0xFF,0xF5,0x00,0x00,0x3F,0xFF,0xF8,0x00,
    0x00,0x1F,0xFF,0xF5,0x00,0x00,0x04,0xDE,0x80,0x00,0x00,0x00,0x00,0x00,0x00,0x00,0x00,0x00,0x00,0x00,0x00,0x00,0x00,0x00,
    0x00,0x00,0x00,0x00,0x00,0x00,0x00,
    // HP-41 code 47 (font 47)
    0x00,0x00,0x00,0x00,0x00,0x00,0x00,0x00,0x00,0x00,0x00,0x00,0x00,0x00,0x00,0x00,0x00,0x00,0x00,0x00,0x00,0x00,0x00,0x00,
    0x00,0x00,0x00,0x00,0x00,0x00,0x00,0x00,0x00,0x00,0x00,0x00,0x00,0x00,0x00,0x00,0x00,0x00,0x00,0x00,0x00,0x00,0x00,0x00,
    0x00,0x00,0x00,0x00,0x00,0x00,0x00,0x00,0x00,0x00,0x00,0x00,0x00,0x00,0x00,0x00,0x06,0x30,0x00,0x00,0x00,0x00,0x00,0x00,
    0x00,0x00,0x00,0x00,0x00,0x00,0x00,0x00,0x00,0x03,0xDE,0x00,0x00,0x00,0x00,0x00,0x00,0x00,0x00,0x00,0x00,0x00,0x00,0x00,
    0x00,0x00,0x00,0x3F,0xF8,0x00,0x00,0x00,0x00,0x00,0x00,0x00,0x00,0x00,0x00,0x00,0x00,0x00,0x00,0x00,0x03,0xFF,0xF2,0x00,
    0x00,0x00,0x00,0x00,0x00,0x00,0x00,0x00,0x00,0x00,0x00,0x00,0x00,0x00,0x0C,0xFF,0xC0,0x00,0x00,0x00,0x00,0x00,0x00,0x00,
    0x00,0x00,0x00,0x00,0x00,0x00,0x00,0x00,0x2F,0xFF,0x60,0x00,0x00,0x00,0x00,0x00,0x00,0x00,0x00,0x00,0x00,0x00,0x00,0x00,
    0x00,0x00,0x7F,0xFF,0x10,0x00,0x00,0x00,0x00,0x00,0x00,0x00,0x00,0x00,0x00,0x00,0x00,0x00,0x00,0x00,0xDF,0xFA,0x00,0x00,
    0x00,0x00,0x00,0x00,0x00,0x00,0x00,0x00,0x00,0x00,0x00,0x00,0x00,0x02,0xFF,0xE2,0x00,0x00,0x00,0x00,0x00,0x00,0x00,0x00,
    0x00,0x00,0x00,0x00,0x00,0x00,0x00,0x08,0xFD,0x20,0x00,0x00,0x00,0x00,0x00,0x00,0x00,0x00,0x00,0x00,0x00,0x00,0x00,0x00,
    0x00,0x0D,0xC1,0x00,0x00,0x00,0x00,0x00,0x00,0x00,0x00,0x00,0x00,0x00,0x00,0x00,0x00,0x00,0x00,0x2B,0x00,0x00,0x00,0x00,
    0x00,0x00,0x00,0x00,0x00,0x00,0x00,0x00,0x00,0x00,0x00,0x00,0x00,0x20,0x00,0x00,0x00,0x00,0x00,0x00,0x00,0x00,0x00,0x00,
    0x00,0x00,0x00,0x00,0x00,0x00,0x00,0x00,0x00,0x00,0x00,0x00,0x00,0x00,0x00,0x00,0x00,0x00,0x00,0x00,0x00,0x00,0x00,0x00,
    0x30,0x00,0x00,0x00,0x00,0x00,0x00,0x00,0x00,0x00,0x00,0x00,0x00,0x00,0x00,0x00,0x00,0x07,0x80,0x00,0x00,0x00,0x00,0x00,
    0x00,0x00,0x00,0x00,0x00,0x00,0x00,0x00,0x00,0x00,0x00,0x9F,0x30,0x00,0x00,0x00,0x00,0x00,0x00,0x00,0x00,0x00,0x00,0x00,
    0x00,0x00,0x00,0x00,0x1B,0xFD,0x00,0x00,0x00,0x00,0x00,0x00,0x00,0x00,0x00,0x00,0x00,0x00,0x00,0x00,0x00,0x01,0xDF,0xF8,
    0x00,0x00,0x00,0x00,0x00,0x00,0x00,0x00,0x00,0x00,0x00,0x00,0x00,0x00,0x00,0x06,0xFF,0xF2,0x00,0x00,0x00,0x00,0x00,0x00,
    0x00,0x00,0x00,0x00,0x00,0x00,0x00,0x00,0x00,0x0C,0xFF,0xD0,0x00,0x00,0x00,0x00,0x00,0x00,0x00,0x00,0x00,0x00,0x00,0x00,
    0x00,0x00,0x00,0x2F,0xFF,0x70,0x00,0x00,0x00,0x00,0x00,0x00,0x00,0x00,0x00,0x00,0x00,0x00,0x00,0x00,0x00,0x8F,0xFF,0x20,
    0x00,0x00,0x00,0x00,0x00,0x00,0x00,0x00,0x00,0x00,0x00,0x00,0x00,0x00,0x00,0xDF,0xF7,0x00,0x00,0x00,0x00,0x00,0x00,0x00,
    0x00,0x00,0x00,0x00,0x00,0x00,0x00,0x00,0x03,0xFF,0x70,0x00,0x00,0x00,0x00,0x00,0x00,0x00,0x00,0x00,0x00,0x00,0x00,0x00,
    0x00,0x00,0x09,0xE6,0x00,0x00,0x00,0x00,0x00,0x00,0x00,0x00,0x00,0x00,0x00,0x00,0x00,0x00,0x00,0x00,0x08,0x10,0x00,0x00,
    0x00,0x00,0x00,0x00,0x00,0x00,0x00,0x00,0x00,0x00,0x00,0x00,0x00,0x00,0x00,0x00,0x00,0x00,0x00,0x00,0x00,0x00,0x00,0x00,
    0x00,0x00,0x00,0x00,0x00,0x00,0x00,0x00,0x00,0x00,0x00,0x00,0x00,0x00,0x00,0x00,0x00,0x00,0x00,0x00,0x00,0x00,0x00,0x00,
    0x00,0x00,0x00,0x00,0x00,0x00,0x00,0x00,0x00,0x00,0x00,0x00,0x00,0x00,0x00,0x00,0x00,0x00,0x00,0x00,0x00,0x00,0x00,0x00,
    0x00,0x00,0x00,0x00,0x00,0x00,0x00,0x00,0x00,0x00,0x00,0x00,0x00,0x00,0x00,0x00,0x00,0x00,0x00,0x00,0x00,0x00,0x00,0x00,
    0x00,0x00,0x00,0x00,0x00,0x00,
    // HP-41 code 48 (font 48)
    0x00,0x00,0x10,0x6F,0xFF,0xFF,0xFF,0xFF,0xFF,0xFF,0xFF,0xFE,0x20,0x00,0x00,0x00,0x00,0x00,0x00,0x00,0x94,0x09,0xFF,0xFF,
    0xFF,0xFF,0xFF,0xFF,0xFF,0xD2,0x24,0x00,0x00,0x00,0x00,0x00,0x00,0x00,0xBE,0x20,0xCF,0xFF,0xFF,0xFF,0xFF,0xFF,0xB4,0x12,
    0xE4,0x00,0x00,0x00,0x00,0x00,0x00,0x00,0xCF,0x70,0x00,0x00,0x00,0x00,0x00,0x00,0x2B,0x3B,0xF3,0x00,0x00,0x00,0x00,0x00,
    0x00,0x00,0xDF,0x90,0x00,0x00,0x00,0x00,0x00,0x07,0xFD,0x1F,0xF2,0x00,0x00,0x00,0x00,0x00,0x00,0x00,0xFF,0xA0,0x00,0x00,
    0x00,0x00,0x00,0x7F,0xF6,0x6F,0xF0,0x00,0x00,0x00,0x00,0x00,0x00,0x00,0xFF,0xB0,0x00,0x00,0x00,0x00,0x06,0xFF,0xF1,0xBF,
    0xF0,0x00,0x00,0x00,0x00,0x00,0x00,0x01,0xFF,0xC0,0x00,0x00,0x00,0x00,0x0E,0xFF,0xA0,0xFF,0xE0,0x00,0x00,0x00,0x00,0x00,
    0x00,0x03,0xFF,0xD0,0x00,0x00,0x00,0x00,0x4F,0xFF,0x45,0xFF,0xC0,0x00,0x00,0x00,0x00,0x00,0x00,0x04,0xFF,0xE0,0x00,0x00,
    0x00,0x00,0x9F,0xFE,0x0A,0xFF,0xB0,0x00,0x00,0x00,0x00,0x00,0x00,0x05,0xFF,0xF0,0x00,0x00,0x00,0x00,0xEF,0xF8,0x0D,0xFF,
    0xA0,0x00,0x00,0x00,0x00,0x00,0x00,0x07,0xFF,0xF0,0x00,0x00,0x00,0x04,0xFF,0xA0,0x0E,0xFF,0x80,0x00,0x00,0x00,0x00,0x00,
    0x00,0x08,0xFF,0xF1,0x00,0x00,0x00,0x0A,0xF8,0x00,0x0F,0xFF,0x70,0x00,0x00,0x00,0x00,0x00,0x00,0x09,0xFF,0x70,0x00,0x00,
    0x00,0x0E,0x60,0x00,0x0A,0xFF,0x60,0x00,0x00,0x00,0x00,0x00,0x00,0x04,0xE7,0x00,0x00,0x00,0x00,0x45,0x00,0x00,0x00,0xCE,
    0x30,0x00,0x00,0x00,0x00,0x00,0x00,0x00,0x00,0x00,0x00,0x00,0x00,0x00,0x00,0x00,0x00,0x00,0x00,0x00,0x00,0x00,0x00,0x00,
    0x00,0x00,0x10,0x00,0x00,0x00,0x00,0x00,0x00,0x00,0x00,0x00,0x00,0x00,0x00,0x00,0x00,0x00,0x00,0x0A,0xF3,0x00,0x00,0x01,
    0x80,0x00,0x00,0x00,0x02,0xEA,0x00,0x00,0x00,0x00,0x00,0x00,0x00,0x0F,0xFE,0x10,0x00,0x3E,0x50,0x00,0x00,0x00,0x2E,0xFF,
    0x00,0x00,0x00,0x00,0x00,0x00,0x00,0x1F,0xFF,0x60,0x05,0xFF,0x00,0x00,0x00,0x00,0xBF,0xFE,0x00,0x00,0x00,0x00,0x00,0x00,
    0x00,0x3F,0xFF,0x50,0x8F,0xFA,0x00,0x00,0x00,0x00,0xAF,0xFD,0x00,0x00,0x00,0x00,0x00,0x00,0x00,0x4F,0xFF,0x44,0xFF,0xF4,
    0x00,0x00,0x00,0x00,0x9F,0xFB,0x00,0x00,0x00,0x00,0x00,0x00,0x00,0x5F,0xFF,0x1A,0xFF,0xF0,0x00,0x00,0x00,0x00,0x8F,0xFA,
    0x00,0x00,0x00,0x00,0x00,0x00,0x00,0x6F,0xFC,0x0F,0xFF,0x90,0x00,0x00,0x00,0x00,0x7F,0xF9,0x00,0x00,0x00,0x00,0x00,0x00,
    0x00,0x8F,0xF7,0x6F,0xFF,0x40,0x00,0x00,0x00,0x00,0x5F,0xF8,0x00,0x00,0x00,0x00,0x00,0x00,0x00,0x9F,0xF2,0xBF,0xFC,0x00,
    0x00,0x00,0x00,0x00,0x4F,0xF6,0x00,0x00,0x00,0x00,0x00,0x00,0x00,0xAF,0xD1,0xFF,0xC0,0x00,0x00,0x00,0x00,0x00,0x3F,0xF5,
    0x00,0x00,0x00,0x00,0x00,0x00,0x00,0xCF,0x77,0xFB,0x00,0x00,0x00,0x00,0x00,0x00,0x2F,0xF4,0x00,0x00,0x00,0x00,0x00,0x00,
    0x00,0xDF,0x2B,0x50,0x00,0x00,0x00,0x00,0x00,0x00,0x0F,0xF2,0x00,0x00,0x00,0x00,0x00,0x00,0x00,0xE8,0x02,0x8E,0xFF,0xFF,
    0xFF,0xFF,0xFF,0xF3,0x0A,0xF1,0x00,0x00,0x00,0x00,0x00,0x00,0x00,0x80,0x9F,0xFF,0xFF,0xFF,0xFF,0xFF,0xFF,0xFE,0x10,0xC0,
    0x00,0x00,0x00,0x00,0x00,0x00,0x00,0x0A,0xFF,0xFF,0xFF,0xFF,0xFF,0xFF,0xFF,0xFF,0xC0,0x10,0x00,0x00,0x00,0x00,0x00,0x00,
    0x00,0x00,0x00,0x00,0x00,0x00,0x00,0x00,0x00,0x00,0x00,0x00,0x00,0x00,0x00,0x00,0x00,0x00,0x00,0x00,0x00,0x00,0x00,0x00,
    0x00,0x00,0x00,0x00,0x00,0x00,0x00,0x00,0x00,0x00,0x00,0x00,0x00,0x00,0x00,0x00,0x00,0x00,0x00,0x00,0x00,0x00,0x00,0x00,
    0x00,0x00,0x00,0x00,0x00,0x00,
    // HP-41 code 49 (font 49)
    0x00,0x00,0x00,0x00,0x00,0x00,0x00,0x00,0x00,0x00,0x00,0x00,0x00,0x00,0x00,0x00,0x00,0x00,0x00,0x00,0x00,0x00,0x00,0x00,
    0x00,0x00,0x00,0x00,0x00,0x00,0x24,0x00,0x00,0x00,0x00,0x00,0x00,0x00,0x00,0x00,0x00,0x00,0x00,0x00,0x00,0x00,0x00,0x02,
    0xE4,0x00,0x00,0x00,0x00,0x00,0x00,0x00,0x00,0x00,0x00,0x00,0x00,0x00,0x00,0x00,0x00,0x0B,0xF3,0x00,0x00,0x00,0x00,0x00,
    0x00,0x00,0x00,0x00,0x00,0x00,0x00,0x00,0x00,0x00,0x00,0x1F,0xF2,0x00,0x00,0x00,0x00,0x00,0x00,0x00,0x00,0x00,0x00,0x00,
    0x00,0x00,0x00,0x00,0x00,0x6F,0xF0,0x00,0x00,0x00,0x00,0x00,0x00,0x00,0x00,0x00,0x00,0x00,0x00,0x00,0x00,0x00,0x00,0xBF,
    0xF0,0x00,0x00,0x00,0x00,0x00,0x00,0x00,0x00,0x00,0x00,0x00,0x00,0x00,0x00,0x00,0x00,0xFF,0xE0,0x00,0x00,0x00,0x00,0x00,
    0x00,0x00,0x00,0x00,0x00,0x00,0x00,0x00,0x00,0x00,0x05,0xFF,0xC0,0x00,0x00,0x00,0x00,0x00,0x00,0x00,0x00,0x00,0x00,0x00,
    0x00,0x00,0x00,0x00,0x0A,0xFF,0xB0,0x00,0x00,0x00,0x00,0x00,0x00,0x00,0x00,0x00,0x00,0x00,0x00,0x00,0x00,0x00,0x0D,0xFF,
    0xA0,0x00,0x00,0x00,0x00,0x00,0x00,0x00,0x00,0x00,0x00,0x00,0x00,0x00,0x00,0x00,0x0E,0xFF,0x80,0x00,0x00,0x00,0x00,0x00,
    0x00,0x00,0x00,0x00,0x00,0x00,0x00,0x00,0x00,0x00,0x0F,0xFF,0x70,0x00,0x00,0x00,0x00,0x00,0x00,0x00,0x00,0x00,0x00,0x00,
    0x00,0x00,0x00,0x00,0x0A,0xFF,0x60,0x00,0x00,0x00,0x00,0x00,0x00,0x00,0x00,0x00,0x00,0x00,0x00,0x00,0x00,0x00,0x00,0xCE,
    0x30,0x00,0x00,0x00,0x00,0x00,0x00,0x00,0x00,0x00,0x00,0x00,0x00,0x00,0x00,0x00,0x00,0x00,0x00,0x00,0x00,0x00,0x00,0x00,
    0x00,0x00,0x00,0x00,0x00,0x00,0x00,0x00,0x00,0x00,0x00,0x00,0x00,0x00,0x00,0x00,0x00,0x00,0x00,0x00,0x00,0x00,0x00,0x00,
    0x00,0x00,0x00,0x00,0x00,0x62,0x00,0x00,0x00,0x00,0x00,0x00,0x00,0x00,0x00,0x00,0x00,0x00,0x00,0x00,0x00,0x00,0x08,0xFF,
    0x00,0x00,0x00,0x00,0x00,0x00,0x00,0x00,0x00,0x00,0x00,0x00,0x00,0x00,0x00,0x00,0x7F,0xFF,0x00,0x00,0x00,0x00,0x00,0x00,
    0x00,0x00,0x00,0x00,0x00,0x00,0x00,0x00,0x00,0x00,0xBF,0xFE,0x00,0x00,0x00,0x00,0x00,0x00,0x00,0x00,0x00,0x00,0x00,0x00,
    0x00,0x00,0x00,0x00,0xAF,0xFC,0x00,0x00,0x00,0x00,0x00,0x00,0x00,0x00,0x00,0x00,0x00,0x00,0x00,0x00,0x00,0x00,0x8F,0xFB,
    0x00,0x00,0x00,0x00,0x00,0x00,0x00,0x00,0x00,0x00,0x00,0x00,0x00,0x00,0x00,0x00,0x7F,0xFA,0x00,0x00,0x00,0x00,0x00,0x00,
    0x00,0x00,0x00,0x00,0x00,0x00,0x00,0x00,0x00,0x00,0x6F,0xF8,0x00,0x00,0x00,0x00,0x00,0x00,0x00,0x00,0x00,0x00,0x00,0x00,
    0x00,0x00,0x00,0x00,0x5F,0xF7,0x00,0x00,0x00,0x00,0x00,0x00,0x00,0x00,0x00,0x00,0x00,0x00,0x00,0x00,0x00,0x00,0x4F,0xF6,
    0x00,0x00,0x00,0x00,0x00,0x00,0x00,0x00,0x00,0x00,0x00,0x00,0x00,0x00,0x00,0x00,0x2F,0xF4,0x00,0x00,0x00,0x00,0x00,0x00,
    0x00,0x00,0x00,0x00,0x00,0x00,0x00,0x00,0x00,0x00,0x1F,0xF3,0x00,0x00,0x00,0x00,0x00,0x00,0x00,0x00,0x00,0x00,0x00,0x00,
    0x00,0x00,0x00,0x00,0x0F,0xF2,0x00,0x00,0x00,0x00,0x00,0x00,0x00,0x00,0x00,0x00,0x00,0x00,0x00,0x00,0x00,0x00,0x04,0xF0,
    0x00,0x00,0x00,0x00,0x00,0x00,0x00,0x00,0x00,0x00,0x00,0x00,0x00,0x00,0x00,0x00,0x00,0x70,0x00,0x00,0x00,0x00,0x00,0x00,
    0x00,0x00,0x00,0x00,0x00,0x00,0x00,0x00,0x00,0x00,0x00,0x00,0x00,0x00,0x00,0x00,0x00,0x00,0x00,0x00,0x00,0x00,0x00,0x00,
    0x00,0x00,0x00,0x00,0x00,0x00,0x00,0x00,0x00,0x00,0x00,0x00,0x00,0x00,0x00,0x00,0x00,0x00,0x00,0x00,0x00,0x00,0x00,0x00,
    0x00,0x00,0x00,0x00,0x00,0x00,
    // HP-41 code 50 (font 50)
    0x00,0x00,0x00,0x6F,0xFF,0xFF,0xFF,0xFF,0xFF,0xFF,0xFF,0xFE,0x20,0x00,0x00,0x00,0x00,0x00,0x00,0x00,0x00,0x09,0xFF,0xFF,
    0xFF,0xFF,0xFF,0xFF,0xFF,0xD2,0x24,0x00,0x00,0x00,0x00,0x00,0x00,0x00,0x00,0x00,0xCF,0xFF,0xFF,0xFF,0xFF,0xFF,0xB4,0x02,
    0xE4,0x00,0x00,0x00,0x00,0x00,0x00,0x00,0x00,0x00,0x00,0x00,0x00,0x00,0x00,0x00,0x00,0x0B,0xF3,0x00,0x00,0x00,0x00,0x00,
    0x00,0x00,0x00,0x00,0x00,0x00,0x00,0x00,0x00,0x00,0x00,0x1F,0xF2,0x00,0x00,0x00,0x00,0x00,0x00,0x00,0x00,0x00,0x00,0x00,
    0x00,0x00,0x00,0x00,0x00,0x6F,0xF0,0x00,0x00,0x00,0x00,0x00,0x00,0x00,0x00,0x00,0x00,0x00,0x00,0x00,0x00,0x00,0x00,0xBF,
    0xF0,0x00,0x00,0x00,0x00,0x00,0x00,0x00,0x00,0x00,0x00,0x00,0x00,0x00,0x00,0x00,0x00,0xFF,0xE0,0x00,0x00,0x00,0x00,0x00,
    0x00,0x00,0x00,0x00,0x00,0x00,0x00,0x00,0x00,0x00,0x05,0xFF,0xC0,0x00,0x00,0x00,0x00,0x00,0x00,0x00,0x00,0x00,0x00,0x00,
    0x00,0x00,0x00,0x00,0x0A,0xFF,0xB0,0x00,0x00,0x00,0x00,0x00,0x00,0x00,0x00,0x00,0x00,0x00,0x00,0x00,0x00,0x00,0x0D,0xFF,
    0xA0,0x00,0x00,0x00,0x00,0x00,0x00,0x00,0x00,0x00,0x00,0x00,0x00,0x00,0x00,0x00,0x0E,0xFF,0x80,0x00,0x00,0x00,0x00,0x00,
    0x00,0x00,0x00,0x00,0x00,0x00,0x00,0x00,0x00,0x00,0x0F,0xFF,0x70,0x00,0x00,0x00,0x00,0x00,0x00,0x00,0x00,0x00,0x00,0x00,
    0x00,0x00,0x00,0x00,0x0A,0xFF,0x60,0x00,0x00,0x00,0x00,0x00,0x00,0x00,0x00,0xBF,0xFF,0xE3,0x00,0x00,0xAF,0xFF,0xC0,0xCE,
    0x30,0x00,0x00,0x00,0x00,0x00,0x00,0x00,0x06,0xFF,0xFF,0xFF,0x70,0x2D,0xFF,0xFF,0xF9,0x00,0x00,0x00,0x00,0x00,0x00,0x00,
    0x00,0x00,0x14,0xFF,0xFF,0xFF,0x50,0x1C,0xFF,0xFF,0xF9,0x00,0x00,0x00,0x00,0x00,0x00,0x00,0x00,0x0A,0xF3,0x9F,0xFF,0xE3,
    0x00,0x00,0xAF,0xFF,0xC0,0x00,0x00,0x00,0x00,0x00,0x00,0x00,0x00,0x0F,0xFE,0x10,0x00,0x00,0x00,0x00,0x00,0x00,0x00,0x00,
    0x00,0x00,0x00,0x00,0x00,0x00,0x00,0x1F,0xFF,0x60,0x00,0x00,0x00,0x00,0x00,0x00,0x00,0x00,0x00,0x00,0x00,0x00,0x00,0x00,
    0x00,0x3F,0xFF,0x50,0x00,0x00,0x00,0x00,0x00,0x00,0x00,0x00,0x00,0x00,0x00,0x00,0x00,0x00,0x00,0x4F,0xFF,0x40,0x00,0x00,
    0x00,0x00,0x00,0x00,0x00,0x00,0x00,0x00,0x00,0x00,0x00,0x00,0x00,0x5F,0xFF,0x10,0x00,0x00,0x00,0x00,0x00,0x00,0x00,0x00,
    0x00,0x00,0x00,0x00,0x00,0x00,0x00,0x6F,0xFC,0x00,0x00,0x00,0x00,0x00,0x00,0x00,0x00,0x00,0x00,0x00,0x00,0x00,0x00,0x00,
    0x00,0x8F,0xF7,0x00,0x00,0x00,0x00,0x00,0x00,0x00,0x00,0x00,0x00,0x00,0x00,0x00,0x00,0x00,0x00,0x9F,0xF2,0x00,0x00,0x00,
    0x00,0x00,0x00,0x00,0x00,0x00,0x00,0x00,0x00,0x00,0x00,0x00,0x00,0xAF,0xD0,0x00,0x00,0x00,0x00,0x00,0x00,0x00,0x00,0x00,
    0x00,0x00,0x00,0x00,0x00,0x00,0x00,0xCF,0x70,0x00,0x00,0x00,0x00,0x00,0x00,0x00,0x00,0x00,0x00,0x00,0x00,0x00,0x00,0x00,
    0x00,0xDF,0x20,0x00,0x00,0x00,0x00,0x00,0x00,0x00,0x00,0x00,0x00,0x00,0x00,0x00,0x00,0x00,0x00,0xE8,0x01,0x8E,0xFF,0xFF,
    0xFF,0xFF,0xFF,0xF3,0x00,0x00,0x00,0x00,0x00,0x00,0x00,0x00,0x00,0x80,0x9F,0xFF,0xFF,0xFF,0xFF,0xFF,0xFF,0xFE,0x10,0x00,
    0x00,0x00,0x00,0x00,0x00,0x00,0x00,0x0A,0xFF,0xFF,0xFF,0xFF,0xFF,0xFF,0xFF,0xFF,0xC0,0x00,0x00,0x00,0x00,0x00,0x00,0x00,
    0x00,0x00,0x00,0x00,0x00,0x00,0x00,0x00,0x00,0x00,0x00,0x00,0x00,0x00,0x00,0x00,0x00,0x00,0x00,0x00,0x00,0x00,0x00,0x00,
    0x00,0x00,0x00,0x00,0x00,0x00,0x00,0x00,0x00,0x00,0x00,0x00,0x00,0x00,0x00,0x00,0x00,0x00,0x00,0x00,0x00,0x00,0x00,0x00,
    0x00,0x00,0x00,0x00,0x00,0x00,
    // HP-41 code 51 (font 51)
    0x00,0x00,0x00,0x6F,0xFF,0xFF,0xFF,0xFF,0xFF,0xFF,0xFF,0xFE,0x20,0x00,0x00,0x00,0x00,0x00,0x00,0x00,0x00,0x09,0xFF,0xFF,
    0xFF,0xFF,0xFF,0xFF,0xFF,0xD2,0x24,0x00,0x00,0x00,0x00,0x00,0x00,0x00,0x00,0x00,0xCF,0xFF,0xFF,0xFF,0xFF,0xFF,0xB4,0x02,
    0xE4,0x00,0x00,0x00,0x00,0x00,0x00,0x00,0x00,0x00,0x00,0x00,0x00,0x00,0x00,0x00,0x00,0x0B,0xF3,0x00,0x00,0x00,0x00,0x00,
    0x00,0x00,0x00,0x00,0x00,0x00,0x00,0x00,0x00,0x00,0x00,0x1F,0xF2,0x00,0x00,0x00,0x00,0x00,0x00,0x00,0x00,0x00,0x00,0x00,
    0x00,0x00,0x00,0x00,0x00,0x6F,0xF0,0x00,0x00,0x00,0x00,0x00,0x00,0x00,0x00,0x00,0x00,0x00,0x00,0x00,0x00,0x00,0x00,0xBF,
    0xF0,0x00,0x00,0x00,0x00,0x00,0x00,0x00,0x00,0x00,0x00,0x00,0x00,0x00,0x00,0x00,0x00,0xFF,0xE0,0x00,0x00,0x00,0x00,0x00,
    0x00,0x00,0x00,0x00,0x00,0x00,0x00,0x00,0x00,0x00,0x05,0xFF,0xC0,0x00,0x00,0x00,0x00,0x00,0x00,0x00,0x00,0x00,0x00,0x00,
    0x00,0x00,0x00,0x00,0x0A,0xFF,0xB0,0x00,0x00,0x00,0x00,0x00,0x00,0x00,0x00,0x00,0x00,0x00,0x00,0x00,0x00,0x00,0x0D,0xFF,
    0xA0,0x00,0x00,0x00,0x00,0x00,0x00,0x00,0x00,0x00,0x00,0x00,0x00,0x00,0x00,0x00,0x0E,0xFF,0x80,0x00,0x00,0x00,0x00,0x00,
    0x00,0x00,0x00,0x00,0x00,0x00,0x00,0x00,0x00,0x00,0x0F,0xFF,0x70,0x00,0x00,0x00,0x00,0x00,0x00,0x00,0x00,0x00,0x00,0x00,
    0x00,0x00,0x00,0x00,0x0A,0xFF,0x60,0x00,0x00,0x00,0x00,0x00,0x00,0x00,0x00,0xBF,0xFF,0xE3,0x00,0x00,0xAF,0xFF,0xC0,0xCE,
    0x30,0x00,0x00,0x00,0x00,0x00,0x00,0x00,0x06,0xFF,0xFF,0xFF,0x70,0x2D,0xFF,0xFF,0xF9,0x00,0x00,0x00,0x00,0x00,0x00,0x00,
    0x00,0x00,0x04,0xFF,0xFF,0xFF,0x50,0x1C,0xFF,0xFF,0xF9,0x00,0x00,0x00,0x00,0x00,0x00,0x00,0x00,0x00,0x00,0x9F,0xFF,0xE3,
    0x00,0x00,0xAF,0xFF,0xC3,0xEA,0x00,0x00,0x00,0x00,0x00,0x00,0x00,0x00,0x00,0x00,0x00,0x00,0x00,0x00,0x00,0x00,0x2E,0xFF,
    0x00,0x00,0x00,0x00,0x00,0x00,0x00,0x00,0x00,0x00,0x00,0x00,0x00,0x00,0x00,0x00,0xBF,0xFE,0x00,0x00,0x00,0x00,0x00,0x00,
    0x00,0x00,0x00,0x00,0x00,0x00,0x00,0x00,0x00,0x00,0xAF,0xFD,0x00,0x00,0x00,0x00,0x00,0x00,0x00,0x00,0x00,0x00,0x00,0x00,
    0x00,0x00,0x00,0x00,0x9F,0xFB,0x00,0x00,0x00,0x00,0x00,0x00,0x00,0x00,0x00,0x00,0x00,0x00,0x00,0x00,0x00,0x00,0x8F,0xFA,
    0x00,0x00,0x00,0x00,0x00,0x00,0x00,0x00,0x00,0x00,0x00,0x00,0x00,0x00,0x00,0x00,0x7F,0xF9,0x00,0x00,0x00,0x00,0x00,0x00,
    0x00,0x00,0x00,0x00,0x00,0x00,0x00,0x00,0x00,0x00,0x5F,0xF8,0x00,0x00,0x00,0x00,0x00,0x00,0x00,0x00,0x00,0x00,0x00,0x00,
    0x00,0x00,0x00,0x00,0x4F,0xF6,0x00,0x00,0x00,0x00,0x00,0x00,0x00,0x00,0x00,0x00,0x00,0x00,0x00,0x00,0x00,0x00,0x3F,0xF5,
    0x00,0x00,0x00,0x00,0x00,0x00,0x00,0x00,0x00,0x00,0x00,0x00,0x00,0x00,0x00,0x00,0x2F,0xF4,0x00,0x00,0x00,0x00,0x00,0x00,
    0x00,0x00,0x00,0x00,0x00,0x00,0x00,0x00,0x00,0x00,0x0F,0xF2,0x00,0x00,0x00,0x00,0x00,0x00,0x00,0x00,0x01,0x8E,0xFF,0xFF,
    0xFF,0xFF,0xFF,0xF3,0x0A,0xF1,0x00,0x00,0x00,0x00,0x00,0x00,0x00,0x00,0x9F,0xFF,0xFF,0xFF,0xFF,0xFF,0xFF,0xFE,0x10,0xC0,
    0x00,0x00,0x00,0x00,0x00,0x00,0x00,0x0A,0xFF,0xFF,0xFF,0xFF,0xFF,0xFF,0xFF,0xFF,0xC0,0x10,0x00,0x00,0x00,0x00,0x00,0x00,
    0x00,0x00,0x00,0x00,0x00,0x00,0x00,0x00,0x00,0x00,0x00,0x00,0x00,0x00,0x00,0x00,0x00,0x00,0x00,0x00,0x00,0x00,0x00,0x00,
    0x00,0x00,0x00,0x00,0x00,0x00,0x00,0x00,0x00,0x00,0x00,0x00,0x00,0x00,0x00,0x00,0x00,0x00,0x00,0x00,0x00,0x00,0x00,0x00,
    0x00,0x00,0x00,0x00,0x00,0x00,
    // HP-41 code 52 (font 52)
    0x00,0x00,0x10,0x00,0x00,0x00,0x00,0x00,0x00,0x00,0x00,0x00,0x00,0x00,0x00,0x00,0x00,0x00,0x00,0x00,0x94,0x00,0x00,0x00,
    0x00,0x00,0x00,0x00,0x00,0x00,0x35,0x00,0x00,0x00,0x00,0x00,0x00,0x00,0xBE,0x20,0x00,0x00,0x00,0x00,0x00,0x00,0x00,0x03,
    0xE4,0x00,0x00,0x00,0x00,0x00,0x00,0x00,0xCF,0x70,0x00,0x00,0x00,0x00,0x00,0x00,0x00,0x0B,0xF3,0x00,0x00,0x00,0x00,0x00,
    0x00,0x00,0xEF,0x90,0x00,0x00,0x00,0x00,0x00,0x00,0x00,0x1F,0xF2,0x00,0x00,0x00,0x00,0x00,0x00,0x00,0xFF,0xA0,0x00,0x00,
    0x00,0x00,0x00,0x00,0x00,0x6F,0xF0,0x00,0x00,0x00,0x00,0x00,0x00,0x00,0xFF,0xB0,0x00,0x00,0x00,0x00,0x00,0x00,0x00,0xBF,
    0xF0,0x00,0x00,0x00,0x00,0x00,0x00,0x01,0xFF,0xC0,0x00,0x00,0x00,0x00,0x00,0x00,0x01,0xFF,0xE0,0x00,0x00,0x00,0x00,0x00,
    0x00,0x03,0xFF,0xD0,0x00,0x00,0x00,0x00,0x00,0x00,0x05,0xFF,0xC0,0x00,0x00,0x00,0x00,0x00,0x00,0x04,0xFF,0xE0,0x00,0x00,
    0x00,0x00,0x00,0x00,0x0B,0xFF,0xB0,0x00,0x00,0x00,0x00,0x00,0x00,0x05,0xFF,0xF0,0x00,0x00,0x00,0x00,0x00,0x00,0x0D,0xFF,
    0xA0,0x00,0x00,0x00,0x00,0x00,0x00,0x07,0xFF,0xF0,0x00,0x00,0x00,0x00,0x00,0x00,0x0E,0xFF,0x80,0x00,0x00,0x00,0x00,0x00,
    0x00,0x08,0xFF,0xF1,0x00,0x00,0x00,0x00,0x00,0x00,0x0F,0xFF,0x70,0x00,0x00,0x00,0x00,0x00,0x00,0x09,0xFF,0x70,0x00,0x00,
    0x00,0x00,0x00,0x00,0x09,0xFF,0x60,0x00,0x00,0x00,0x00,0x00,0x00,0x04,0xE7,0xBF,0xFF,0xE3,0x00,0x00,0xAF,0xFF,0xC0,0xBE,
    0x30,0x00,0x00,0x00,0x00,0x00,0x00,0x00,0x06,0xFF,0xFF,0xFF,0x70,0x2D,0xFF,0xFF,0xF9,0x00,0x00,0x00,0x00,0x00,0x00,0x00,
    0x00,0x00,0x04,0xFF,0xFF,0xFF,0x50,0x1C,0xFF,0xFF,0xF9,0x00,0x00,0x00,0x00,0x00,0x00,0x00,0x00,0x00,0x00,0x9F,0xFF,0xE3,
    0x00,0x00,0xAF,0xFF,0xC2,0xEA,0x00,0x00,0x00,0x00,0x00,0x00,0x00,0x00,0x00,0x00,0x00,0x00,0x00,0x00,0x00,0x00,0x2E,0xFF,
    0x00,0x00,0x00,0x00,0x00,0x00,0x00,0x00,0x00,0x00,0x00,0x00,0x00,0x00,0x00,0x00,0xBF,0xFE,0x00,0x00,0x00,0x00,0x00,0x00,
    0x00,0x00,0x00,0x00,0x00,0x00,0x00,0x00,0x00,0x00,0xAF,0xFD,0x00,0x00,0x00,0x00,0x00,0x00,0x00,0x00,0x00,0x00,0x00,0x00,
    0x00,0x00,0x00,0x00,0x9F,0xFB,0x00,0x00,0x00,0x00,0x00,0x00,0x00,0x00,0x00,0x00,0x00,0x00,0x00,0x00,0x00,0x00,0x8F,0xFA,
    0x00,0x00,0x00,0x00,0x00,0x00,0x00,0x00,0x00,0x00,0x00,0x00,0x00,0x00,0x00,0x00,0x7F,0xF9,0x00,0x00,0x00,0x00,0x00,0x00,
    0x00,0x00,0x00,0x00,0x00,0x00,0x00,0x00,0x00,0x00,0x5F,0xF8,0x00,0x00,0x00,0x00,0x00,0x00,0x00,0x00,0x00,0x00,0x00,0x00,
    0x00,0x00,0x00,0x00,0x4F,0xF6,0x00,0x00,0x00,0x00,0x00,0x00,0x00,0x00,0x00,0x00,0x00,0x00,0x00,0x00,0x00,0x00,0x3F,0xF5,
    0x00,0x00,0x00,0x00,0x00,0x00,0x00,0x00,0x00,0x00,0x00,0x00,0x00,0x00,0x00,0x00,0x2F,0xF4,0x00,0x00,0x00,0x00,0x00,0x00,
    0x00,0x00,0x00,0x00,0x00,0x00,0x00,0x00,0x00,0x00,0x0F,0xF2,0x00,0x00,0x00,0x00,0x00,0x00,0x00,0x00,0x00,0x00,0x00,0x00,
    0x00,0x00,0x00,0x00,0x0A,0xF1,0x00,0x00,0x00,0x00,0x00,0x00,0x00,0x00,0x00,0x00,0x00,0x00,0x00,0x00,0x00,0x00,0x00,0xC0,
    0x00,0x00,0x00,0x00,0x00,0x00,0x00,0x00,0x00,0x00,0x00,0x00,0x00,0x00,0x00,0x00,0x00,0x10,0x00,0x00,0x00,0x00,0x00,0x00,
    0x00,0x00,0x00,0x00,0x00,0x00,0x00,0x00,0x00,0x00,0x00,0x00,0x00,0x00,0x00,0x00,0x00,0x00,0x00,0x00,0x00,0x00,0x00,0x00,
    0x00,0x00,0x00,0x00,0x00,0x00,0x00,0x00,0x00,0x00,0x00,0x00,0x00,0x00,0x00,0x00,0x00,0x00,0x00,0x00,0x00,0x00,0x00,0x00,
    0x00,0x00,0x00,0x00,0x00,0x00,
    // HP-41 code 53 (font 53)
    0x00,0x00,0x00,0x6F,0xFF,0xFF,0xFF,0xFF,0xFF,0xFF,0xFF,0xFE,0x20,0x00,0x00,0x00,0x00,0x00,0x00,0x00,0x00,0x09,0xFF,0xFF,
    0xFF,0xFF,0xFF,0xFF,0xFF,0xD2,0x00,0x00,0x00,0x00,0x00,0x00,0x00,0x00,0x00,0x01,0xCF,0xFF,0xFF,0xFF,0xFF,0xFF,0xB4,0x00,
    0x00,0x00,0x00,0x00,0x00,0x00,0x00,0x00,0x00,0x09,0x30,0x00,0x00,0x00,0x00,0x00,0x00,0x00,0x00,0x00,0x00,0x00,0x00,0x00,
    0x00,0x00,0x00,0x09,0xF6,0x00,0x00,0x00,0x00,0x00,0x00,0x00,0x00,0x00,0x00,0x00,0x00,0x00,0x00,0x00,0x00,0x07,0xFF,0x30,
    0x00,0x00,0x00,0x00,0x00,0x00,0x00,0x00,0x00,0x00,0x00,0x00,0x00,0x00,0x00,0x05,0xFF,0xA0,0x00,0x00,0x00,0x00,0x00,0x00,
    0x00,0x00,0x00,0x00,0x00,0x00,0x00,0x00,0x00,0x03,0xFF,0xF1,0x00,0x00,0x00,0x00,0x00,0x00,0x00,0x00,0x00,0x00,0x00,0x00,
    0x00,0x00,0x00,0x01,0xFF,0xF8,0x00,0x00,0x00,0x00,0x00,0x00,0x00,0x00,0x00,0x00,0x00,0x00,0x00,0x00,0x00,0x00,0xEF,0xFC,
    0x00,0x00,0x00,0x00,0x00,0x00,0x00,0x00,0x00,0x00,0x00,0x00,0x00,0x00,0x00,0x00,0x8F,0xFF,0x00,0x00,0x00,0x00,0x00,0x00,
    0x00,0x00,0x00,0x00,0x00,0x00,0x00,0x00,0x00,0x00,0x2F,0xFF,0x30,0x00,0x00,0x00,0x00,0x00,0x00,0x00,0x00,0x00,0x00,0x00,
    0x00,0x00,0x00,0x00,0x0A,0xFF,0x60,0x00,0x00,0x00,0x00,0x00,0x00,0x00,0x00,0x00,0x00,0x00,0x00,0x00,0x00,0x00,0x01,0xCF,
    0x90,0x00,0x00,0x00,0x00,0x00,0x00,0x00,0x00,0x00,0x00,0x00,0x00,0x00,0x00,0x00,0x00,0x0A,0xC0,0x00,0x00,0x00,0x00,0x00,
    0x00,0x00,0x00,0x00,0x00,0x00,0x00,0x00,0x00,0x00,0x00,0x00,0x60,0x02,0xBF,0xFF,0xD1,0x00,0x00,0x00,0x00,0x00,0x00,0x00,
    0x00,0x00,0x00,0x00,0x00,0x00,0x00,0x3F,0xFF,0xFF,0xFC,0x00,0x00,0x00,0x00,0x00,0x00,0x00,0x00,0x00,0x00,0x00,0x00,0x00,
    0x00,0x02,0xCF,0xFF,0xD4,0xEA,0x00,0x00,0x00,0x00,0x00,0x00,0x00,0x00,0x00,0x00,0x00,0x00,0x00,0x00,0x00,0x00,0x2E,0xFF,
    0x00,0x00,0x00,0x00,0x00,0x00,0x00,0x00,0x00,0x00,0x00,0x00,0x00,0x00,0x00,0x00,0xBF,0xFE,0x00,0x00,0x00,0x00,0x00,0x00,
    0x00,0x00,0x00,0x00,0x00,0x00,0x00,0x00,0x00,0x00,0xAF,0xFD,0x00,0x00,0x00,0x00,0x00,0x00,0x00,0x00,0x00,0x00,0x00,0x00,
    0x00,0x00,0x00,0x00,0x9F,0xFB,0x00,0x00,0x00,0x00,0x00,0x00,0x00,0x00,0x00,0x00,0x00,0x00,0x00,0x00,0x00,0x00,0x8F,0xFA,
    0x00,0x00,0x00,0x00,0x00,0x00,0x00,0x00,0x00,0x00,0x00,0x00,0x00,0x00,0x00,0x00,0x7F,0xF9,0x00,0x00,0x00,0x00,0x00,0x00,
    0x00,0x00,0x00,0x00,0x00,0x00,0x00,0x00,0x00,0x00,0x5F,0xF8,0x00,0x00,0x00,0x00,0x00,0x00,0x00,0x00,0x00,0x00,0x00,0x00,
    0x00,0x00,0x00,0x00,0x4F,0xF6,0x00,0x00,0x00,0x00,0x00,0x00,0x00,0x00,0x00,0x00,0x00,0x00,0x00,0x00,0x00,0x00,0x3F,0xF5,
    0x00,0x00,0x00,0x00,0x00,0x00,0x00,0x00,0x00,0x00,0x00,0x00,0x00,0x00,0x00,0x00,0x2F,0xF4,0x00,0x00,0x00,0x00,0x00,0x00,
    0x00,0x00,0x00,0x00,0x00,0x00,0x00,0x00,0x00,0x00,0x0F,0xF2,0x00,0x00,0x00,0x00,0x00,0x00,0x00,0x00,0x01,0x8E,0xFF,0xFF,
    0xFF,0xFF,0xFF,0xF3,0x0A,0xF1,0x00,0x00,0x00,0x00,0x00,0x00,0x00,0x00,0x9F,0xFF,0xFF,0xFF,0xFF,0xFF,0xFF,0xFE,0x10,0xC0,
    0x00,0x00,0x00,0x00,0x00,0x00,0x00,0x0A,0xFF,0xFF,0xFF,0xFF,0xFF,0xFF,0xFF,0xFF,0xC0,0x10,0x00,0x00,0x00,0x00,0x00,0x00,
    0x00,0x00,0x00,0x00,0x00,0x00,0x00,0x00,0x00,0x00,0x00,0x00,0x00,0x00,0x00,0x00,0x00,0x00,0x00,0x00,0x00,0x00,0x00,0x00,
    0x00,0x00,0x00,0x00,0x00,0x00,0x00,0x00,0x00,0x00,0x00,0x00,0x00,0x00,0x00,0x00,0x00,0x00,0x00,0x00,0x00,0x00,0x00,0x00,
    0x00,0x00,0x00,0x00,0x00,0x00,
    // HP-41 code 54 (font 54)
    0x00,0x00,0x10,0x6F,0xFF,0xFF,0xFF,0xFF,0xFF,0xFF,0xFF,0xFE,0x20,0x00,0x00,0x00,0x00,0x00,0x00,0x00,0x93,0x09,0xFF,0xFF,
    0xFF,0xFF,0xFF,0xFF,0xFF,0xD2,0x00,0x00,0x00,0x00,0x00,0x00,0x00,0x00,0xBE,0x10,0xCF,0xFF,0xFF,0xFF,0xFF,0xFF,0xB4,0x00,
    0x00,0x00,0x00,0x00,0x00,0x00,0x00,0x00,0xCF,0x70,0x00,0x00,0x00,0x00,0x00,0x00,0x00,0x00,0x00,0x00,0x00,0x00,0x00,0x00,
    0x00,0x00,0xDF,0x80,0x00,0x00,0x00,0x00,0x00,0x00,0x00,0x00,0x00,0x00,0x00,0x00,0x00,0x00,0x00,0x00,0xFF,0xA0,0x00,0x00,
    0x00,0x00,0x00,0x00,0x00,0x00,0x00,0x00,0x00,0x00,0x00,0x00,0x00,0x00,0xFF,0xB0,0x00,0x00,0x00,0x00,0x00,0x00,0x00,0x00,
    0x00,0x00,0x00,0x00,0x00,0x00,0x00,0x01,0xFF,0xC0,0x00,0x00,0x00,0x00,0x00,0x00,0x00,0x00,0x00,0x00,0x00,0x00,0x00,0x00,
    0x00,0x03,0xFF,0xD0,0x00,0x00,0x00,0x00,0x00,0x00,0x00,0x00,0x00,0x00,0x00,0x00,0x00,0x00,0x00,0x04,0xFF,0xE0,0x00,0x00,
    0x00,0x00,0x00,0x00,0x00,0x00,0x00,0x00,0x00,0x00,0x00,0x00,0x00,0x05,0xFF,0xF0,0x00,0x00,0x00,0x00,0x00,0x00,0x00,0x00,
    0x00,0x00,0x00,0x00,0x00,0x00,0x00,0x07,0xFF,0xF0,0x00,0x00,0x00,0x00,0x00,0x00,0x00,0x00,0x00,0x00,0x00,0x00,0x00,0x00,
    0x00,0x08,0xFF,0xF1,0x00,0x00,0x00,0x00,0x00,0x00,0x00,0x00,0x00,0x00,0x00,0x00,0x00,0x00,0x00,0x09,0xFF,0x80,0x00,0x00,
    0x00,0x00,0x00,0x00,0x00,0x00,0x00,0x00,0x00,0x00,0x00,0x00,0x00,0x05,0xE8,0xBF,0xFF,0xE3,0x00,0x00,0xAF,0xFF,0xC0,0x00,
    0x00,0x00,0x00,0x00,0x00,0x00,0x00,0x00,0x06,0xFF,0xFF,0xFF,0x70,0x2D,0xFF,0xFF,0xF9,0x00,0x00,0x00,0x00,0x00,0x00,0x00,
    0x00,0x00,0x14,0xFF,0xFF,0xFF,0x50,0x1C,0xFF,0xFF,0xF9,0x00,0x00,0x00,0x00,0x00,0x00,0x00,0x00,0x0A,0xF3,0x9F,0xFF,0xE3,
    0x00,0x00,0xAF,0xFF,0xC3,0xEA,0x00,0x00,0x00,0x00,0x00,0x00,0x00,0x0F,0xFE,0x10,0x00,0x00,0x00,0x00,0x00,0x00,0x2E,0xFF,
    0x00,0x00,0x00,0x00,0x00,0x00,0x00,0x1F,0xFF,0x60,0x00,0x00,0x00,0x00,0x00,0x00,0xBF,0xFE,0x00,0x00,0x00,0x00,0x00,0x00,
    0x00,0x3F,0xFF,0x50,0x00,0x00,0x00,0x00,0x00,0x00,0xAF,0xFD,0x00,0x00,0x00,0x00,0x00,0x00,0x00,0x4F,0xFF,0x40,0x00,0x00,
    0x00,0x00,0x00,0x00,0x9F,0xFB,0x00,0x00,0x00,0x00,0x00,0x00,0x00,0x5F,0xFF,0x10,0x00,0x00,0x00,0x00,0x00,0x00,0x8F,0xFA,
    0x00,0x00,0x00,0x00,0x00,0x00,0x00,0x6F,0xFC,0x00,0x00,0x00,0x00,0x00,0x00,0x00,0x7F,0xF9,0x00,0x00,0x00,0x00,0x00,0x00,
    0x00,0x8F,0xF7,0x00,0x00,0x00,0x00,0x00,0x00,0x00,0x5F,0xF8,0x00,0x00,0x00,0x00,0x00,0x00,0x00,0x9F,0xF2,0x00,0x00,0x00,
    0x00,0x00,0x00,0x00,0x4F,0xF6,0x00,0x00,0x00,0x00,0x00,0x00,0x00,0xAF,0xD0,0x00,0x00,0x00,0x00,0x00,0x00,0x00,0x3F,0xF5,
    0x00,0x00,0x00,0x00,0x00,0x00,0x00,0xCF,0x70,0x00,0x00,0x00,0x00,0x00,0x00,0x00,0x2F,0xF4,0x00,0x00,0x00,0x00,0x00,0x00,
    0x00,0xDF,0x20,0x00,0x00,0x00,0x00,0x00,0x00,0x00,0x0F,0xF2,0x00,0x00,0x00,0x00,0x00,0x00,0x00,0xE8,0x01,0x8E,0xFF,0xFF,
    0xFF,0xFF,0xFF,0xF3,0x0A,0xF1,0x00,0x00,0x00,0x00,0x00,0x00,0x00,0x80,0x9F,0xFF,0xFF,0xFF,0xFF,0xFF,0xFF,0xFE,0x10,0xC0,
    0x00,0x00,0x00,0x00,0x00,0x00,0x00,0x0A,0xFF,0xFF,0xFF,0xFF,0xFF,0xFF,0xFF,0xFF,0xC0,0x10,0x00,0x00,0x00,0x00,0x00,0x00,
    0x00,0x00,0x00,0x00,0x00,0x00,0x00,0x00,0x00,0x00,0x00,0x00,0x00,0x00,0x00,0x00,0x00,0x00,0x00,0x00,0x00,0x00,0x00,0x00,
    0x00,0x00,0x00,0x00,0x00,0x00,0x00,0x00,0x00,0x00,0x00,0x00,0x00,0x00,0x00,0x00,0x00,0x00,0x00,0x00,0x00,0x00,0x00,0x00,
    0x00,0x00,0x00,0x00,0x00,0x00,
    // HP-41 code 55 (font 55)
    0x00,0x00,0x00,0x6F,0xFF,0xFF,0xFF,0xFF,0xFF,0xFF,0xFF,0xFE,0x20,0x00,0x00,0x00,0x00,0x00,0x00,0x00,0x00,0x09,0xFF,0xFF,
    0xFF,0xFF,0xFF,0xFF,0xFF,0xD2,0x24,0x00,0x00,0x00,0x00,0x00,0x00,0x00,0x00,0x00,0xCF,0xFF,0xFF,0xFF,0xFF,0xFF,0xB4,0x02,
    0xE4,0x00,0x00,0x00,0x00,0x00,0x00,0x00,0x00,0x00,0x00,0x00,0x00,0x00,0x00,0x00,0x00,0x0B,0xF3,0x00,0x00,0x00,0x00,0x00,
    0x00,0x00,0x00,0x00,0x00,0x00,0x00,0x00,0x00,0x00,0x00,0x1F,0xF2,0x00,0x00,0x00,0x00,0x00,0x00,0x00,0x00,0x00,0x00,0x00,
    0x00,0x00,0x00,0x00,0x00,0x6F,0xF0,0x00,0x00,0x00,0x00,0x00,0x00,0x00,0x00,0x00,0x00,0x00,0x00,0x00,0x00,0x00,0x00,0xBF,
    0xF0,0x00,0x00,0x00,0x00,0x00,0x00,0x00,0x00,0x00,0x00,0x00,0x00,0x00,0x00,0x00,0x00,0xFF,0xE0,0x00,0x00,0x00,0x00,0x00,
    0x00,0x00,0x00,0x00,0x00,0x00,0x00,0x00,0x00,0x00,0x05,0xFF,0xC0,0x00,0x00,0x00,0x00,0x00,0x00,0x00,0x00,0x00,0x00,0x00,
    0x00,0x00,0x00,0x00,0x0A,0xFF,0xB0,0x00,0x00,0x00,0x00,0x00,0x00,0x00,0x00,0x00,0x00,0x00,0x00,0x00,0x00,0x00,0x0D,0xFF,
    0xA0,0x00,0x00,0x00,0x00,0x00,0x00,0x00,0x00,0x00,0x00,0x00,0x00,0x00,0x00,0x00,0x0E,0xFF,0x80,0x00,0x00,0x00,0x00,0x00,
    0x00,0x00,0x00,0x00,0x00,0x00,0x00,0x00,0x00,0x00,0x0F,0xFF,0x70,0x00,0x00,0x00,0x00,0x00,0x00,0x00,0x00,0x00,0x00,0x00,
    0x00,0x00,0x00,0x00,0x0A,0xFF,0x60,0x00,0x00,0x00,0x00,0x00,0x00,0x00,0x00,0x00,0x00,0x00,0x00,0x00,0x00,0x00,0x00,0xCE,
    0x30,0x00,0x00,0x00,0x00,0x00,0x00,0x00,0x00,0x00,0x00,0x00,0x00,0x00,0x00,0x00,0x00,0x00,0x00,0x00,0x00,0x00,0x00,0x00,
    0x00,0x00,0x00,0x00,0x00,0x00,0x00,0x00,0x00,0x00,0x00,0x00,0x00,0x00,0x00,0x00,0x00,0x00,0x00,0x00,0x00,0x00,0x00,0x00,
    0x00,0x00,0x00,0x00,0x02,0xEA,0x00,0x00,0x00,0x00,0x00,0x00,0x00,0x00,0x00,0x00,0x00,0x00,0x00,0x00,0x00,0x00,0x2E,0xFF,
    0x00,0x00,0x00,0x00,0x00,0x00,0x00,0x00,0x00,0x00,0x00,0x00,0x00,0x00,0x00,0x00,0xBF,0xFE,0x00,0x00,0x00,0x00,0x00,0x00,
    0x00,0x00,0x00,0x00,0x00,0x00,0x00,0x00,0x00,0x00,0xAF,0xFD,0x00,0x00,0x00,0x00,0x00,0x00,0x00,0x00,0x00,0x00,0x00,0x00,
    0x00,0x00,0x00,0x00,0x9F,0xFB,0x00,0x00,0x00,0x00,0x00,0x00,0x00,0x00,0x00,0x00,0x00,0x00,0x00,0x00,0x00,0x00,0x8F,0xFA,
    0x00,0x00,0x00,0x00,0x00,0x00,0x00,0x00,0x00,0x00,0x00,0x00,0x00,0x00,0x00,0x00,0x7F,0xF9,0x00,0x00,0x00,0x00,0x00,0x00,
    0x00,0x00,0x00,0x00,0x00,0x00,0x00,0x00,0x00,0x00,0x5F,0xF8,0x00,0x00,0x00,0x00,0x00,0x00,0x00,0x00,0x00,0x00,0x00,0x00,
    0x00,0x00,0x00,0x00,0x4F,0xF6,0x00,0x00,0x00,0x00,0x00,0x00,0x00,0x00,0x00,0x00,0x00,0x00,0x00,0x00,0x00,0x00,0x3F,0xF5,
    0x00,0x00,0x00,0x00,0x00,0x00,0x00,0x00,0x00,0x00,0x00,0x00,0x00,0x00,0x00,0x00,0x2F,0xF4,0x00,0x00,0x00,0x00,0x00,0x00,
    0x00,0x00,0x00,0x00,0x00,0x00,0x00,0x00,0x00,0x00,0x0F,0xF2,0x00,0x00,0x00,0x00,0x00,0x00,0x00,0x00,0x00,0x00,0x00,0x00,
    0x00,0x00,0x00,0x00,0x0A,0xF1,0x00,0x00,0x00,0x00,0x00,0x00,0x00,0x00,0x00,0x00,0x00,0x00,0x00,0x00,0x00,0x00,0x00,0xC0,
    0x00,0x00,0x00,0x00,0x00,0x00,0x00,0x00,0x00,0x00,0x00,0x00,0x00,0x00,0x00,0x00,0x00,0x10,0x00,0x00,0x00,0x00,0x00,0x00,
    0x00,0x00,0x00,0x00,0x00,0x00,0x00,0x00,0x00,0x00,0x00,0x00,0x00,0x00,0x00,0x00,0x00,0x00,0x00,0x00,0x00,0x00,0x00,0x00,
    0x00,0x00,0x00,0x00,0x00,0x00,0x00,0x00,0x00,0x00,0x00,0x00,0x00,0x00,0x00,0x00,0x00,0x00,0x00,0x00,0x00,0x00,0x00,0x00,
    0x00,0x00,0x00,0x00,0x00,0x00,
    // HP-41 code 56 (font 56)
    0x00,0x00,0x10,0x6F,0xFF,0xFF,0xFF,0xFF,0xFF,0xFF,0xFF,0xFE,0x20,0x00,0x00,0x00,0x00,0x00,0x00,0x00,0x93,0x09,0xFF,0xFF,
    0xFF,0xFF,0xFF,0xFF,0xFF,0xD2,0x24,0x00,0x00,0x00,0x00,0x00,0x00,0x00,0xBE,0x10,0xCF,0xFF,0xFF,0xFF,0xFF,0xFF,0xB4,0x02,
    0xE4,0x00,0x00,0x00,0x00,0x00,0x00,0x00,0xCF,0x70,0x00,0x00,0x00,0x00,0x00,0x00,0x00,0x0B,0xF3,0x00,0x00,0x00,0x00,0x00,
    0x00,0x00,0xDF,0x80,0x00,0x00,0x00,0x00,0x00,0x00,0x00,0x1F,0xF2,0x00,0x00,0x00,0x00,0x00,0x00,0x00,0xFF,0xA0,0x00,0x00,
    0x00,0x00,0x00,0x00,0x00,0x6F,0xF0,0x00,0x00,0x00,0x00,0x00,0x00,0x00,0xFF,0xB0,0x00,0x00,0x00,0x00,0x00,0x00,0x00,0xBF,
    0xF0,0x00,0x00,0x00,0x00,0x00,0x00,0x01,0xFF,0xC0,0x00,0x00,0x00,0x00,0x00,0x00,0x01,0xFF,0xE0,0x00,0x00,0x00,0x00,0x00,
    0x00,0x03,0xFF,0xD0,0x00,0x00,0x00,0x00,0x00,0x00,0x05,0xFF,0xC0,0x00,0x00,0x00,0x00,0x00,0x00,0x04,0xFF,0xE0,0x00,0x00,
    0x00,0x00,0x00,0x00,0x0A,0xFF,0xB0,0x00,0x00,0x00,0x00,0x00,0x00,0x05,0xFF,0xF0,0x00,0x00,0x00,0x00,0x00,0x00,0x0D,0xFF,
    0xA0,0x00,0x00,0x00,0x00,0x00,0x00,0x07,0xFF,0xF0,0x00,0x00,0x00,0x00,0x00,0x00,0x0E,0xFF,0x80,0x00,0x00,0x00,0x00,0x00,
    0x00,0x08,0xFF,0xF1,0x00,0x00,0x00,0x00,0x00,0x00,0x0F,0xFF,0x70,0x00,0x00,0x00,0x00,0x00,0x00,0x09,0xFF,0x80,0x00,0x00,
    0x00,0x00,0x00,0x00,0x09,0xFF,0x60,0x00,0x00,0x00,0x00,0x00,0x00,0x05,0xE8,0xBF,0xFF,0xE3,0x00,0x00,0xAF,0xFF,0xC0,0xCE,
    0x30,0x00,0x00,0x00,0x00,0x00,0x00,0x00,0x06,0xFF,0xFF,0xFF,0x70,0x2D,0xFF,0xFF,0xF9,0x00,0x00,0x00,0x00,0x00,0x00,0x00,
    0x00,0x00,0x14,0xFF,0xFF,0xFF,0x50,0x1C,0xFF,0xFF,0xF9,0x00,0x00,0x00,0x00,0x00,0x00,0x00,0x00,0x0A,0xF3,0x9F,0xFF,0xE3,
    0x00,0x00,0xAF,0xFF,0xC3,0xEA,0x00,0x00,0x00,0x00,0x00,0x00,0x00,0x0F,0xFE,0x10,0x00,0x00,0x00,0x00,0x00,0x00,0x2E,0xFF,
    0x00,0x00,0x00,0x00,0x00,0x00,0x00,0x1F,0xFF,0x60,0x00,0x00,0x00,0x00,0x00,0x00,0xBF,0xFE,0x00,0x00,0x00,0x00,0x00,0x00,
    0x00,0x3F,0xFF,0x50,0x00,0x00,0x00,0x00,0x00,0x00,0xAF,0xFD,0x00,0x00,0x00,0x00,0x00,0x00,0x00,0x4F,0xFF,0x40,0x00,0x00,
    0x00,0x00,0x00,0x00,0x9F,0xFB,0x00,0x00,0x00,0x00,0x00,0x00,0x00,0x5F,0xFF,0x10,0x00,0x00,0x00,0x00,0x00,0x00,0x8F,0xFA,
    0x00,0x00,0x00,0x00,0x00,0x00,0x00,0x6F,0xFC,0x00,0x00,0x00,0x00,0x00,0x00,0x00,0x7F,0xF9,0x00,0x00,0x00,0x00,0x00,0x00,
    0x00,0x8F,0xF7,0x00,0x00,0x00,0x00,0x00,0x00,0x00,0x5F,0xF8,0x00,0x00,0x00,0x00,0x00,0x00,0x00,0x9F,0xF2,0x00,0x00,0x00,
    0x00,0x00,0x00,0x00,0x4F,0xF6,0x00,0x00,0x00,0x00,0x00,0x00,0x00,0xAF,0xD0,0x00,0x00,0x00,0x00,0x00,0x00,0x00,0x3F,0xF5,
    0x00,0x00,0x00,0x00,0x00,0x00,0x00,0xCF,0x70,0x00,0x00,0x00,0x00,0x00,0x00,0x00,0x2F,0xF4,0x00,0x00,0x00,0x00,0x00,0x00,
    0x00,0xDF,0x20,0x00,0x00,0x00,0x00,0x00,0x00,0x00,0x0F,0xF2,0x00,0x00,0x00,0x00,0x00,0x00,0x00,0xE8,0x01,0x8E,0xFF,0xFF,
    0xFF,0xFF,0xFF,0xF3,0x0A,0xF1,0x00,0x00,0x00,0x00,0x00,0x00,0x00,0x80,0x9F,0xFF,0xFF,0xFF,0xFF,0xFF,0xFF,0xFE,0x10,0xC0,
    0x00,0x00,0x00,0x00,0x00,0x00,0x00,0x0A,0xFF,0xFF,0xFF,0xFF,0xFF,0xFF,0xFF,0xFF,0xC0,0x10,0x00,0x00,0x00,0x00,0x00,0x00,
    0x00,0x00,0x00,0x00,0x00,0x00,0x00,0x00,0x00,0x00,0x00,0x00,0x00,0x00,0x00,0x00,0x00,0x00,0x00,0x00,0x00,0x00,0x00,0x00,
    0x00,0x00,0x00,0x00,0x00,0x00,0x00,0x00,0x00,0x00,0x00,0x00,0x00,0x00,0x00,0x00,0x00,0x00,0x00,0x00,0x00,0x00,0x00,0x00,
    0x00,0x00,0x00,0x00,0x00,0x00,
    // HP-41 code 57 (font 57)
    0x00,0x00,0x10,0x6F,0xFF,0xFF,0xFF,0xFF,0xFF,0xFF,0xFF,0xFE,0x20,0x00,0x00,0x00,0x00,0x00,0x00,0x00,0x94,0x09,0xFF,0xFF,
    0xFF,0xFF,0xFF,0xFF,0xFF,0xD2,0x24,0x00,0x00,0x00,0x00,0x00,0x00,0x00,0xBE,0x20,0xCF,0xFF,0xFF,0xFF,0xFF,0xFF,0xB4,0x02,
    0xE4,0x00,0x00,0x00,0x00,0x00,0x00,0x00,0xCF,0x70,0x00,0x00,0x00,0x00,0x00,0x00,0x00,0x0B,0xF3,0x00,0x00,0x00,0x00,0x00,
    0x00,0x00,0xDF,0x90,0x00,0x00,0x00,0x00,0x00,0x00,0x00,0x1F,0xF2,0x00,0x00,0x00,0x00,0x00,0x00,0x00,0xFF,0xA0,0x00,0x00,
    0x00,0x00,0x00,0x00,0x00,0x6F,0xF0,0x00,0x00,0x00,0x00,0x00,0x00,0x00,0xFF,0xB0,0x00,0x00,0x00,0x00,0x00,0x00,0x00,0xBF,
    0xF0,0x00,0x00,0x00,0x00,0x00,0x00,0x01,0xFF,0xC0,0x00,0x00,0x00,0x00,0x00,0x00,0x00,0xFF,0xE0,0x00,0x00,0x00,0x00,0x00,
    0x00,0x03,0xFF,0xD0,0x00,0x00,0x00,0x00,0x00,0x00,0x05,0xFF,0xC0,0x00,0x00,0x00,0x00,0x00,0x00,0x04,0xFF,0xE0,0x00,0x00,
    0x00,0x00,0x00,0x00,0x0A,0xFF,0xB0,0x00,0x00,0x00,0x00,0x00,0x00,0x05,0xFF,0xF0,0x00,0x00,0x00,0x00,0x00,0x00,0x0D,0xFF,
    0xA0,0x00,0x00,0x00,0x00,0x00,0x00,0x07,0xFF,0xF0,0x00,0x00,0x00,0x00,0x00,0x00,0x0E,0xFF,0x80,0x00,0x00,0x00,0x00,0x00,
    0x00,0x08,0xFF,0xF1,0x00,0x00,0x00,0x00,0x00,0x00,0x0F,0xFF,0x70,0x00,0x00,0x00,0x00,0x00,0x00,0x09,0xFF,0x70,0x00,0x00,
    0x00,0x00,0x00,0x00,0x0A,0xFF,0x60,0x00,0x00,0x00,0x00,0x00,0x00,0x04,0xE7,0xBF,0xFF,0xE3,0x00,0x00,0xAF,0xFF,0xC0,0xCE,
    0x30,0x00,0x00,0x00,0x00,0x00,0x00,0x00,0x06,0xFF,0xFF,0xFF,0x70,0x2D,0xFF,0xFF,0xF9,0x00,0x00,0x00,0x00,0x00,0x00,0x00,
    0x00,0x00,0x04,0xFF,0xFF,0xFF,0x50,0x1C,0xFF,0xFF,0xF9,0x00,0x00,0x00,0x00,0x00,0x00,0x00,0x00,0x00,0x00,0x9F,0xFF,0xE3,
    0x00,0x00,0xAF,0xFF,0xC3,0xEA,0x00,0x00,0x00,0x00,0x00,0x00,0x00,0x00,0x00,0x00,0x00,0x00,0x00,0x00,0x00,0x00,0x2E,0xFF,
    0x00,0x00,0x00,0x00,0x00,0x00,0x00,0x00,0x00,0x00,0x00,0x00,0x00,0x00,0x00,0x00,0xBF,0xFE,0x00,0x00,0x00,0x00,0x00,0x00,
    0x00,0x00,0x00,0x00,0x00,0x00,0x00,0x00,0x00,0x00,0xAF,0xFD,0x00,0x00,0x00,0x00,0x00,0x00,0x00,0x00,0x00,0x00,0x00,0x00,
    0x00,0x00,0x00,0x00,0x9F,0xFB,0x00,0x00,0x00,0x00,0x00,0x00,0x00,0x00,0x00,0x00,0x00,0x00,0x00,0x00,0x00,0x00,0x8F,0xFA,
    0x00,0x00,0x00,0x00,0x00,0x00,0x00,0x00,0x00,0x00,0x00,0x00,0x00,0x00,0x00,0x00,0x7F,0xF9,0x00,0x00,0x00,0x00,0x00,0x00,
    0x00,0x00,0x00,0x00,0x00,0x00,0x00,0x00,0x00,0x00,0x5F,0xF8,0x00,0x00,0x00,0x00,0x00,0x00,0x00,0x00,0x00,0x00,0x00,0x00,
    0x00,0x00,0x00,0x00,0x4F,0xF6,0x00,0x00,0x00,0x00,0x00,0x00,0x00,0x00,0x00,0x00,0x00,0x00,0x00,0x00,0x00,0x00,0x3F,0xF5,
    0x00,0x00,0x00,0x00,0x00,0x00,0x00,0x00,0x00,0x00,0x00,0x00,0x00,0x00,0x00,0x00,0x2F,0xF4,0x00,0x00,0x00,0x00,0x00,0x00,
    0x00,0x00,0x00,0x00,0x00,0x00,0x00,0x00,0x00,0x00,0x0F,0xF2,0x00,0x00,0x00,0x00,0x00,0x00,0x00,0x00,0x01,0x8E,0xFF,0xFF,
    0xFF,0xFF,0xFF,0xF3,0x0A,0xF1,0x00,0x00,0x00,0x00,0x00,0x00,0x00,0x00,0x9F,0xFF,0xFF,0xFF,0xFF,0xFF,0xFF,0xFE,0x10,0xC0,
    0x00,0x00,0x00,0x00,0x00,0x00,0x00,0x0A,0xFF,0xFF,0xFF,0xFF,0xFF,0xFF,0xFF,0xFF,0xC0,0x10,0x00,0x00,0x00,0x00,0x00,0x00,
    0x00,0x00,0x00,0x00,0x00,0x00,0x00,0x00,0x00,0x00,0x00,0x00,0x00,0x00,0x00,0x00,0x00,0x00,0x00,0x00,0x00,0x00,0x00,0x00,
    0x00,0x00,0x00,0x00,0x00,0x00,0x00,0x00,0x00,0x00,0x00,0x00,0x00,0x00,0x00,0x00,0x00,0x00,0x00,0x00,0x00,0x00,0x00,0x00,
    0x00,0x00,0x00,0x00,0x00,0x00,
    // HP-41 code 58 (font 58)
    0x00,0x00,0x00,0x00,0x00,0x00,0x00,0x00,0x00,0x00,0x00,0x07,0xED,0x40,0x00,0x00,0x4F,0xFF,0xF1,0x00,0x00,0x8F,0xFF,0xF4,
    0x00,0x00,0x4F,0xFF,0xF1,0x00,0x00,0x08,0xED,0x50,0x00,0x00,0x00,0x00,0x00,0x00,0x00,0x00,0x00,0x00,0x00,0x00,0x00,0x00,
    0x00,0x00,0x00,0x00,0x00,0x00,0x00,0x00,0x00,0x00,0x00,0x00,0x00,0x00,0x00,0x00,0x00,0x00,0x00,0x00,0x00,0x00,0x00,0x00,
    0x00,0x00,0x00,0x00,0x00,0x00,0x00,0x00,0x00,0x00,0x00,0x00,0x00,0x00,0x00,0x00,0x00,0x00,0x00,0x00,0x00,0x00,0x00,0x00,
    0x00,0x00,0x00,0x00,0x00,0x00,0x00,0x00,0x00,0x00,0x00,0x00,0x00,0x00,0x00,0x00,0x00,0x00,0x00,0x00,0x00,0x00,0x00,0x00,
    0x00,0x00,0x00,0x00,0x00,0x00,0x00,0x00,0x00,0x00,0x04,0xDE,0x80,0x00,0x00,0x1F,0xFF,0xF5,0x00,0x00,0x3F,0xFF,0xF8,0x00,
    0x00,0x1F,0xFF,0xF5,0x00,0x00,0x04,0xDE,0x80,0x00,0x00,0x00,0x00,0x00,0x00,0x00,0x00,0x00,0x00,0x00,0x00,0x00,0x00,0x00,
    0x00,0x00,0x00,0x00,0x00,0x00,0x00,
    // HP-41 code 59 (font 59)
    0x00,0x00,0x00,0x00,0x00,0x00,0x00,0x00,0x00,0x00,0x00,0x00,0x00,0x00,0x00,0x00,0x00,0x00,0x00,0x00,0x00,0x00,0x00,0x00,
    0x00,0x00,0x00,0x00,0x00,0x00,0x00,0x00,0x00,0x00,0x00,0x00,0x00,0x00,0x00,0x00,0x00,0x00,0x00,0x00,0x00,0x00,0x00,0x00,
    0x00,0x00,0x00,0x00,0x00,0x00,0x00,0x00,0x00,0x00,0x00,0x00,0x00,0x00,0x00,0x00,0x00,0x00,0x00,0x00,0x00,0x00,0x00,0x00,
    0x00,0x00,0x00,0x00,0x00,0x00,0x00,0x00,0x00,0x00,0x00,0x00,0x00,0x00,0x00,0x00,0x00,0x00,0x00,0x00,0x00,0x00,0x00,0x00,
    0x00,0x00,0x00,0x00,0x00,0x00,0x00,0x00,0x00,0x00,0x00,0x00,0x00,0x00,0x00,0x00,0x00,0x00,0x00,0x00,0x00,0x00,0x00,0x00,
    0x00,0x00,0x00,0x00,0x00,0x00,0x00,0x00,0x00,0x00,0x00,0x00,0x00,0x00,0x00,0x00,0x00,0x00,0x00,0x00,0x00,0x00,0x00,0x00,
    0x00,0x00,0x00,0x00,0x00,0x00,0x00,0x00,0x00,0x00,0x00,0x00,0x00,0x00,0x00,0x00,0x00,0x00,0x00,0x00,0x00,0x00,0x00,0x00,
    0x00,0x00,0x00,0x00,0x00,0x00,0x00,0x00,0x00,0x00,0x00,0x00,0x00,0x00,0x00,0x00,0x00,0x00,0x00,0x00,0x00,0x00,0x00,0x00,
    0x00,0x00,0x00,0x00,0x00,0x00,0x00,0x00,0x00,0x00,0x00,0x00,0x00,0x00,0x00,0x00,0x00,0x00,0x00,0x00,0x00,0x00,0x00,0x00,
    0x00,0x00,0x00,0x00,0x00,0x00,0x00,0x00,0x00,0x00,0x00,0x00,0x00,0x00,0x00,0x00,0x00,0x00,0x00,0x00,0x00,0x00,0x00,0x00,
    0x00,0x00,0x00,0x00,0x00,0x00,0x00,0x00,0x00,0x00,0x00,0x00,0x00,0x00,0x00,0xBF,0xFF,0xE3,0x00,0x00,0x00,0x00,0x00,0x00,
    0x00,0x00,0x00,0x00,0x00,0x00,0x00,0x00,0x06,0xFF,0xFF,0xFF,0x70,0x00,0x00,0x00,0x00,0x00,0x00,0x00,0x00,0x00,0x00,0x00,
    0x00,0x00,0x04,0xFF,0xFF,0xFF,0x50,0x00,0x00,0x00,0x00,0x00,0x00,0x00,0x00,0x00,0x00,0x00,0x00,0x00,0x00,0x9F,0xFF,0xE4,
    0x70,0x00,0x00,0x00,0x00,0x00,0x00,0x00,0x00,0x00,0x00,0x00,0x00,0x00,0x00,0x00,0x00,0x2D,0x60,0x00,0x00,0x00,0x00,0x00,
    0x00,0x00,0x00,0x00,0x00,0x00,0x00,0x00,0x00,0x00,0x04,0xEF,0x10,0x00,0x00,0x00,0x00,0x00,0x00,0x00,0x00,0x00,0x00,0x00,
    0x00,0x00,0x00,0x00,0x6F,0xFB,0x00,0x00,0x00,0x00,0x00,0x00,0x00,0x00,0x00,0x00,0x00,0x00,0x00,0x00,0x00,0x03,0xFF,0xF5,
    0x00,0x00,0x00,0x00,0x00,0x00,0x00,0x00,0x00,0x00,0x00,0x00,0x00,0x00,0x00,0x09,0xFF,0xF0,0x00,0x00,0x00,0x00,0x00,0x00,
    0x00,0x00,0x00,0x00,0x00,0x00,0x00,0x00,0x00,0x0E,0xFF,0xA0,0x00,0x00,0x00,0x00,0x00,0x00,0x00,0x00,0x00,0x00,0x00,0x00,
    0x00,0x00,0x00,0x5F,0xFF,0x40,0x00,0x00,0x00,0x00,0x00,0x00,0x00,0x00,0x00,0x00,0x00,0x00,0x00,0x00,0x00,0xBF,0xFD,0x00,
    0x00,0x00,0x00,0x00,0x00,0x00,0x00,0x00,0x00,0x00,0x00,0x00,0x00,0x00,0x01,0xFF,0xD1,0x00,0x00,0x00,0x00,0x00,0x00,0x00,
    0x00,0x00,0x00,0x00,0x00,0x00,0x00,0x00,0x07,0xFD,0x10,0x00,0x00,0x00,0x00,0x00,0x00,0x00,0x00,0x00,0x00,0x00,0x00,0x00,
    0x00,0x00,0x0C,0x70,0x00,0x00,0x00,0x00,0x00,0x00,0x00,0x00,0x00,0x00,0x00,0x00,0x00,0x00,0x00,0x00,0x01,0x00,0x00,0x00,
    0x00,0x00,0x00,0x00,0x00,0x00,0x00,0x00,0x00,0x00,0x00,0x00,0x00,0x00,0x00,0x00,0x00,0x00,0x00,0x00,0x00,0x00,0x00,0x00,
    0x00,0x00,0x00,0x00,0x00,0x00,0x00,0x00,0x00,0x00,0x00,0x00,0x00,0x00,0x00,0x00,0x00,0x00,0x00,0x00,0x00,0x00,0x00,0x00,
    0x00,0x00,0x00,0x00,0x00,0x00,0x00,0x00,0x00,0x00,0x00,0x00,0x00,0x00,0x00,0x00,0x00,0x00,0x00,0x00,0x00,0x00,0x00,0x00,
    0x00,0x00,0x00,0x00,0x00,0x00,0x00,0x00,0x00,0x00,0x00,0x00,0x00,0x00,0x00,0x00,0x00,0x00,0x00,0x00,0x00,0x00,0x00,0x00,
    0x00,0x00,0x00,0x00,0x00,0x00,
    // HP-41 code 60 (font 60)
    0x00,0x00,0x00,0x00,0x00,0x00,0x00,0x00,0x00,0x00,0x00,0x00,0x00,0x00,0x00,0x00,0x00,0x00,0x00,0x00,0x00,0x00,0x00,0x00,
    0x00,0x00,0x00,0x00,0x00,0x00,0x00,0x00,0x00,0x00,0x00,0x00,0x00,0x00,0x00,0x00,0x00,0x00,0x00,0x00,0x00,0x00,0x00,0x10,
    0x00,0x00,0x00,0x00,0x00,0x00,0x00,0x00,0x00,0x00,0x00,0x00,0x00,0x00,0x00,0x00,0x3C,0x20,0x00,0x00,0x00,0x00,0x00,0x00,
    0x00,0x00,0x00,0x00,0x00,0x00,0x00,0x00,0x00,0x08,0xFC,0x00,0x00,0x00,0x00,0x00,0x00,0x00,0x00,0x00,0x00,0x00,0x00,0x00,
    0x00,0x00,0x00,0x8F,0xF6,0x00,0x00,0x00,0x00,0x00,0x00,0x00,0x00,0x00,0x00,0x00,0x00,0x00,0x00,0x00,0x07,0xFF,0xF1,0x00,
    0x00,0x00,0x00,0x00,0x00,0x00,0x00,0x00,0x00,0x00,0x00,0x00,0x00,0x00,0x0E,0xFF,0xA0,0x00,0x00,0x00,0x00,0x00,0x00,0x00,
    0x00,0x00,0x00,0x00,0x00,0x00,0x00,0x00,0x4F,0xFF,0x40,0x00,0x00,0x00,0x00,0x00,0x00,0x00,0x00,0x00,0x00,0x00,0x00,0x00,
    0x00,0x00,0x9F,0xFE,0x00,0x00,0x00,0x00,0x00,0x00,0x00,0x00,0x00,0x00,0x00,0x00,0x00,0x00,0x00,0x00,0xEF,0xF7,0x00,0x00,
    0x00,0x00,0x00,0x00,0x00,0x00,0x00,0x00,0x00,0x00,0x00,0x00,0x00,0x04,0xFF,0x90,0x00,0x00,0x00,0x00,0x00,0x00,0x00,0x00,
    0x00,0x00,0x00,0x00,0x00,0x00,0x00,0x0A,0xF7,0x00,0x00,0x00,0x00,0x00,0x00,0x00,0x00,0x00,0x00,0x00,0x00,0x00,0x00,0x00,
    0x00,0x0E,0x50,0x00,0x00,0x00,0x00,0x00,0x00,0x00,0x00,0x00,0x00,0x00,0x00,0x00,0x00,0x00,0x00,0x44,0x00,0x00,0x00,0x00,
    0x00,0x00,0x00,0x00,0x00,0x00,0x00,0x00,0x00,0x00,0x00,0x00,0x00,0x00,0x00,0x00,0x00,0x00,0x00,0x00,0x00,0x00,0x00,0x00,
    0x00,0x00,0x00,0x00,0x00,0x00,0x00,0x00,0x00,0x00,0x00,0x00,0x00,0x00,0x00,0x00,0x00,0x00,0x00,0x00,0x00,0x00,0x00,0x01,
    0x80,0x00,0x00,0x00,0x00,0x00,0x00,0x00,0x00,0x00,0x00,0x00,0x00,0x00,0x00,0x00,0x00,0x3E,0x50,0x00,0x00,0x00,0x00,0x00,
    0x00,0x00,0x00,0x00,0x00,0x00,0x00,0x00,0x00,0x00,0x05,0xFF,0x00,0x00,0x00,0x00,0x00,0x00,0x00,0x00,0x00,0x00,0x00,0x00,
    0x00,0x00,0x00,0x00,0x8F,0xFA,0x00,0x00,0x00,0x00,0x00,0x00,0x00,0x00,0x00,0x00,0x00,0x00,0x00,0x00,0x00,0x04,0xFF,0xF4,
    0x00,0x00,0x00,0x00,0x00,0x00,0x00,0x00,0x00,0x00,0x00,0x00,0x00,0x00,0x00,0x0A,0xFF,0xF0,0x00,0x00,0x00,0x00,0x00,0x00,
    0x00,0x00,0x00,0x00,0x00,0x00,0x00,0x00,0x00,0x0F,0xFF,0x90,0x00,0x00,0x00,0x00,0x00,0x00,0x00,0x00,0x00,0x00,0x00,0x00,
    0x00,0x00,0x00,0x6F,0xFF,0x40,0x00,0x00,0x00,0x00,0x00,0x00,0x00,0x00,0x00,0x00,0x00,0x00,0x00,0x00,0x00,0xBF,0xFC,0x00,
    0x00,0x00,0x00,0x00,0x00,0x00,0x00,0x00,0x00,0x00,0x00,0x00,0x00,0x00,0x01,0xFF,0xC0,0x00,0x00,0x00,0x00,0x00,0x00,0x00,
    0x00,0x00,0x00,0x00,0x00,0x00,0x00,0x00,0x07,0xFB,0x00,0x00,0x00,0x00,0x00,0x00,0x00,0x00,0x00,0x00,0x00,0x00,0x00,0x00,
    0x00,0x00,0x0B,0x50,0x00,0x00,0x00,0x00,0x00,0x00,0x00,0x00,0x00,0x00,0x00,0x00,0x00,0x00,0x00,0x00,0x02,0x8E,0xFF,0xFF,
    0xFF,0xFF,0xFF,0xF3,0x00,0x00,0x00,0x00,0x00,0x00,0x00,0x00,0x00,0x00,0x9F,0xFF,0xFF,0xFF,0xFF,0xFF,0xFF,0xFE,0x10,0x00,
    0x00,0x00,0x00,0x00,0x00,0x00,0x00,0x0A,0xFF,0xFF,0xFF,0xFF,0xFF,0xFF,0xFF,0xFF,0xC0,0x00,0x00,0x00,0x00,0x00,0x00,0x00,
    0x00,0x00,0x00,0x00,0x00,0x00,0x00,0x00,0x00,0x00,0x00,0x00,0x00,0x00,0x00,0x00,0x00,0x00,0x00,0x00,0x00,0x00,0x00,0x00,
    0x00,0x00,0x00,0x00,0x00,0x00,0x00,0x00,0x00,0x00,0x00,0x00,0x00,0x00,0x00,0x00,0x00,0x00,0x00,0x00,0x00,0x00,0x00,0x00,
    0x00,0x00,0x00,0x00,0x00,0x00,
    // HP-41 code 61 (font 61)
    0x00,0x00,0x00,0x00,0x00,0x00,0x00,0x00,0x00,0x00,0x00,0x00,0x00,0x00,0x00,0x00,0x00,0x00,0x00,0x00,0x00,0x00,0x00,0x00,
    0x00,0x00,0x00,0x00,0x00,0x00,0x00,0x00,0x00,0x00,0x00,0x00,0x00,0x00,0x00,0x00,0x00,0x00,0x00,0x00,0x00,0x00,0x00,0x00,
    0x00,0x00,0x00,0x00,0x00,0x00,0x00,0x00,0x00,0x00,0x00,0x00,0x00,0x00,0x00,0x00,0x00,0x00,0x00,0x00,0x00,0x00,0x00,0x00,
    0x00,0x00,0x00,0x00,0x00,0x00,0x00,0x00,0x00,0x00,0x00,0x00,0x00,0x00,0x00,0x00,0x00,0x00,0x00,0x00,0x00,0x00,0x00,0x00,
    0x00,0x00,0x00,0x00,0x00,0x00,0x00,0x00,0x00,0x00,0x00,0x00,0x00,0x00,0x00,0x00,0x00,0x00,0x00,0x00,0x00,0x00,0x00,0x00,
    0x00,0x00,0x00,0x00,0x00,0x00,0x00,0x00,0x00,0x00,0x00,0x00,0x00,0x00,0x00,0x00,0x00,0x00,0x00,0x00,0x00,0x00,0x00,0x00,
    0x00,0x00,0x00,0x00,0x00,0x00,0x00,0x00,0x00,0x00,0x00,0x00,0x00,0x00,0x00,0x00,0x00,0x00,0x00,0x00,0x00,0x00,0x00,0x00,
    0x00,0x00,0x00,0x00,0x00,0x00,0x00,0x00,0x00,0x00,0x00,0x00,0x00,0x00,0x00,0x00,0x00,0x00,0x00,0x00,0x00,0x00,0x00,0x00,
    0x00,0x00,0x00,0x00,0x00,0x00,0x00,0x00,0x00,0x00,0x00,0x00,0x00,0x00,0x00,0x00,0x00,0x00,0x00,0x00,0x00,0x00,0x00,0x00,
    0x00,0x00,0x00,0x00,0x00,0x00,0x00,0x00,0x00,0x00,0x00,0x00,0x00,0x00,0x00,0x00,0x00,0x00,0x00,0x00,0x00,0x00,0x00,0x00,
    0x00,0x00,0x00,0x00,0x00,0x00,0x00,0x00,0x00,0x00,0x00,0x00,0x00,0x00,0x00,0xBF,0xFF,0xE3,0x00,0x00,0xAF,0xFF,0xC0,0x00,
    0x00,0x00,0x00,0x00,0x00,0x00,0x00,0x00,0x06,0xFF,0xFF,0xFF,0x70,0x2D,0xFF,0xFF,0xF9,0x00,0x00,0x00,0x00,0x00,0x00,0x00,
    0x00,0x00,0x04,0xFF,0xFF,0xFF,0x50,0x1C,0xFF,0xFF,0xF9,0x00,0x00,0x00,0x00,0x00,0x00,0x00,0x00,0x00,0x00,0x9F,0xFF,0xE3,
    0x00,0x00,0xAF,0xFF,0xC0,0x00,0x00,0x00,0x00,0x00,0x00,0x00,0x00,0x00,0x00,0x00,0x00,0x00,0x00,0x00,0x00,0x00,0x00,0x00,
    0x00,0x00,0x00,0x00,0x00,0x00,0x00,0x00,0x00,0x00,0x00,0x00,0x00,0x00,0x00,0x00,0x00,0x00,0x00,0x00,0x00,0x00,0x00,0x00,
    0x00,0x00,0x00,0x00,0x00,0x00,0x00,0x00,0x00,0x00,0x00,0x00,0x00,0x00,0x00,0x00,0x00,0x00,0x00,0x00,0x00,0x00,0x00,0x00,
    0x00,0x00,0x00,0x00,0x00,0x00,0x00,0x00,0x00,0x00,0x00,0x00,0x00,0x00,0x00,0x00,0x00,0x00,0x00,0x00,0x00,0x00,0x00,0x00,
    0x00,0x00,0x00,0x00,0x00,0x00,0x00,0x00,0x00,0x00,0x00,0x00,0x00,0x00,0x00,0x00,0x00,0x00,0x00,0x00,0x00,0x00,0x00,0x00,
    0x00,0x00,0x00,0x00,0x00,0x00,0x00,0x00,0x00,0x00,0x00,0x00,0x00,0x00,0x00,0x00,0x00,0x00,0x00,0x00,0x00,0x00,0x00,0x00,
    0x00,0x00,0x00,0x00,0x00,0x00,0x00,0x00,0x00,0x00,0x00,0x00,0x00,0x00,0x00,0x00,0x00,0x00,0x00,0x00,0x00,0x00,0x00,0x00,
    0x00,0x00,0x00,0x00,0x00,0x00,0x00,0x00,0x00,0x00,0x00,0x00,0x00,0x00,0x00,0x00,0x00,0x00,0x00,0x00,0x00,0x00,0x00,0x00,
    0x00,0x00,0x00,0x00,0x00,0x00,0x00,0x00,0x00,0x00,0x00,0x00,0x00,0x00,0x00,0x00,0x00,0x00,0x00,0x00,0x01,0x8E,0xFF,0xFF,
    0xFF,0xFF,0xFF,0xF3,0x00,0x00,0x00,0x00,0x00,0x00,0x00,0x00,0x00,0x00,0x9F,0xFF,0xFF,0xFF,0xFF,0xFF,0xFF,0xFE,0x10,0x00,
    0x00,0x00,0x00,0x00,0x00,0x00,0x00,0x0A,0xFF,0xFF,0xFF,0xFF,0xFF,0xFF,0xFF,0xFF,0xC0,0x00,0x00,0x00,0x00,0x00,0x00,0x00,
    0x00,0x00,0x00,0x00,0x00,0x00,0x00,0x00,0x00,0x00,0x00,0x00,0x00,0x00,0x00,0x00,0x00,0x00,0x00,0x00,0x00,0x00,0x00,0x00,
    0x00,0x00,0x00,0x00,0x00,0x00,0x00,0x00,0x00,0x00,0x00,0x00,0x00,0x00,0x00,0x00,0x00,0x00,0x00,0x00,0x00,0x00,0x00,0x00,
    0x00,0x00,0x00,0x00,0x00,0x00,
    // HP-41 code 62 (font 62)
    0x00,0x00,0x00,0x00,0x00,0x00,0x00,0x00,0x00,0x00,0x00,0x00,0x00,0x00,0x00,0x00,0x00,0x00,0x00,0x00,0x00,0x00,0x00,0x00,
    0x00,0x00,0x00,0x00,0x00,0x00,0x00,0x00,0x00,0x00,0x00,0x00,0x00,0x00,0x00,0x01,0x00,0x00,0x00,0x00,0x00,0x00,0x00,0x00,
    0x00,0x00,0x00,0x00,0x00,0x00,0x00,0x00,0x00,0x0A,0x50,0x00,0x00,0x00,0x00,0x00,0x00,0x00,0x00,0x00,0x00,0x00,0x00,0x00,
    0x00,0x00,0x00,0x09,0xF8,0x00,0x00,0x00,0x00,0x00,0x00,0x00,0x00,0x00,0x00,0x00,0x00,0x00,0x00,0x00,0x00,0x06,0xFF,0x40,
    0x00,0x00,0x00,0x00,0x00,0x00,0x00,0x00,0x00,0x00,0x00,0x00,0x00,0x00,0x00,0x04,0xFF,0xB0,0x00,0x00,0x00,0x00,0x00,0x00,
    0x00,0x00,0x00,0x00,0x00,0x00,0x00,0x00,0x00,0x02,0xFF,0xF3,0x00,0x00,0x00,0x00,0x00,0x00,0x00,0x00,0x00,0x00,0x00,0x00,
    0x00,0x00,0x00,0x00,0xFF,0xF9,0x00,0x00,0x00,0x00,0x00,0x00,0x00,0x00,0x00,0x00,0x00,0x00,0x00,0x00,0x00,0x00,0xDF,0xFD,
    0x00,0x00,0x00,0x00,0x00,0x00,0x00,0x00,0x00,0x00,0x00,0x00,0x00,0x00,0x00,0x00,0x6F,0xFF,0x10,0x00,0x00,0x00,0x00,0x00,
    0x00,0x00,0x00,0x00,0x00,0x00,0x00,0x00,0x00,0x00,0x0E,0xFF,0x40,0x00,0x00,0x00,0x00,0x00,0x00,0x00,0x00,0x00,0x00,0x00,
    0x00,0x00,0x00,0x00,0x06,0xFF,0x70,0x00,0x00,0x00,0x00,0x00,0x00,0x00,0x00,0x00,0x00,0x00,0x00,0x00,0x00,0x00,0x00,0x5F,
    0xB0,0x00,0x00,0x00,0x00,0x00,0x00,0x00,0x00,0x00,0x00,0x00,0x00,0x00,0x00,0x00,0x00,0x02,0xB0,0x00,0x00,0x00,0x00,0x00,
    0x00,0x00,0x00,0x00,0x00,0x00,0x00,0x00,0x00,0x00,0x00,0x00,0x00,0x00,0x00,0x00,0x00,0x00,0x00,0x00,0x00,0x00,0x00,0x00,
    0x00,0x00,0x00,0x00,0x00,0x00,0x00,0x00,0x00,0x00,0x00,0x00,0x00,0x00,0x00,0x00,0x00,0x00,0x00,0x00,0x00,0x00,0x00,0x00,
    0x00,0x75,0x00,0x00,0x00,0x00,0x00,0x00,0x00,0x00,0x00,0x00,0x00,0x00,0x00,0x00,0x00,0x00,0x00,0x4F,0x90,0x00,0x00,0x00,
    0x00,0x00,0x00,0x00,0x00,0x00,0x00,0x00,0x00,0x00,0x00,0x00,0x00,0x1F,0xFC,0x00,0x00,0x00,0x00,0x00,0x00,0x00,0x00,0x00,
    0x00,0x00,0x00,0x00,0x00,0x00,0x00,0x0E,0xFF,0x40,0x00,0x00,0x00,0x00,0x00,0x00,0x00,0x00,0x00,0x00,0x00,0x00,0x00,0x00,
    0x00,0x0A,0xFF,0xC0,0x00,0x00,0x00,0x00,0x00,0x00,0x00,0x00,0x00,0x00,0x00,0x00,0x00,0x00,0x00,0x07,0xFF,0xF3,0x00,0x00,
    0x00,0x00,0x00,0x00,0x00,0x00,0x00,0x00,0x00,0x00,0x00,0x00,0x00,0x03,0xFF,0xF6,0x00,0x00,0x00,0x00,0x00,0x00,0x00,0x00,
    0x00,0x00,0x00,0x00,0x00,0x00,0x00,0x00,0xDF,0xF8,0x00,0x00,0x00,0x00,0x00,0x00,0x00,0x00,0x00,0x00,0x00,0x00,0x00,0x00,
    0x00,0x00,0x6F,0xFB,0x00,0x00,0x00,0x00,0x00,0x00,0x00,0x00,0x00,0x00,0x00,0x00,0x00,0x00,0x00,0x00,0x0E,0xFD,0x00,0x00,
    0x00,0x00,0x00,0x00,0x00,0x00,0x00,0x00,0x00,0x00,0x00,0x00,0x00,0x00,0x04,0xEF,0x00,0x00,0x00,0x00,0x00,0x00,0x00,0x00,
    0x00,0x00,0x00,0x00,0x00,0x00,0x00,0x00,0x00,0x1B,0x20,0x00,0x00,0x00,0x00,0x00,0x00,0x00,0x00,0x00,0x01,0x8E,0xFF,0xFF,
    0xFF,0xFF,0xFF,0xF3,0x00,0x00,0x00,0x00,0x00,0x00,0x00,0x00,0x00,0x00,0x9F,0xFF,0xFF,0xFF,0xFF,0xFF,0xFF,0xFE,0x10,0x00,
    0x00,0x00,0x00,0x00,0x00,0x00,0x00,0x0A,0xFF,0xFF,0xFF,0xFF,0xFF,0xFF,0xFF,0xFF,0xC0,0x00,0x00,0x00,0x00,0x00,0x00,0x00,
    0x00,0x00,0x00,0x00,0x00,0x00,0x00,0x00,0x00,0x00,0x00,0x00,0x00,0x00,0x00,0x00,0x00,0x00,0x00,0x00,0x00,0x00,0x00,0x00,
    0x00,0x00,0x00,0x00,0x00,0x00,0x00,0x00,0x00,0x00,0x00,0x00,0x00,0x00,0x00,0x00,0x00,0x00,0x00,0x00,0x00,0x00,0x00,0x00,
    0x00,0x00,0x00,0x00,0x00,0x00,
    // HP-41 code 63 (font 63)
    0x00,0x00,0x10,0x6F,0xFF,0xFF,0xFF,0xFF,0xFF,0xFF,0xFF,0xFE,0x20,0x00,0x00,0x00,0x00,0x00,0x00,0x00,0x94,0x09,0xFF,0xFF,
    0xFF,0xFF,0xFF,0xFF,0xFF,0xD2,0x24,0x00,0x00,0x00,0x00,0x00,0x00,0x00,0xBE,0x20,0xCF,0xFF,0xFF,0xFF,0xFF,0xFF,0xB4,0x02,
    0xE4,0x00,0x00,0x00,0x00,0x00,0x00,0x00,0xCF,0x70,0x00,0x00,0x00,0x00,0x00,0x00,0x00,0x0B,0xF3,0x00,0x00,0x00,0x00,0x00,
    0x00,0x00,0xDF,0x90,0x00,0x00,0x00,0x00,0x00,0x00,0x00,0x1F,0xF2,0x00,0x00,0x00,0x00,0x00,0x00,0x00,0xFF,0xA0,0x00,0x00,
    0x00,0x00,0x00,0x00,0x00,0x6F,0xF0,0x00,0x00,0x00,0x00,0x00,0x00,0x00,0xFF,0xB0,0x00,0x00,0x00,0x00,0x00,0x00,0x00,0xBF,
    0xF0,0x00,0x00,0x00,0x00,0x00,0x00,0x01,0xFF,0xC0,0x00,0x00,0x00,0x00,0x00,0x00,0x00,0xFF,0xE0,0x00,0x00,0x00,0x00,0x00,
    0x00,0x03,0xFF,0xD0,0x00,0x00,0x00,0x00,0x00,0x00,0x05,0xFF,0xC0,0x00,0x00,0x00,0x00,0x00,0x00,0x04,0xFF,0xE0,0x00,0x00,
    0x00,0x00,0x00,0x00,0x0A,0xFF,0xB0,0x00,0x00,0x00,0x00,0x00,0x00,0x05,0xFF,0xF0,0x00,0x00,0x00,0x00,0x00,0x00,0x0D,0xFF,
    0xA0,0x00,0x00,0x00,0x00,0x00,0x00,0x07,0xFF,0xF0,0x00,0x00,0x00,0x00,0x00,0x00,0x0E,0xFF,0x80,0x00,0x00,0x00,0x00,0x00,
    0x00,0x08,0xFF,0xF1,0x00,0x00,0x00,0x00,0x00,0x00,0x0F,0xFF,0x70,0x00,0x00,0x00,0x00,0x00,0x00,0x09,0xFF,0x70,0x00,0x00,
    0x00,0x00,0x00,0x00,0x0A,0xFF,0x60,0x00,0x00,0x00,0x00,0x00,0x00,0x04,0xE7,0x00,0x00,0x00,0x00,0x00,0x00,0x00,0x00,0xCE,
    0x30,0x00,0x00,0x00,0x00,0x00,0x00,0x00,0x00,0x00,0x00,0x00,0x00,0x02,0xBF,0xFF,0xD1,0x00,0x00,0x00,0x00,0x00,0x00,0x00,
    0x00,0x00,0x00,0x00,0x00,0x00,0x00,0x3F,0xFF,0xFF,0xFC,0x00,0x00,0x00,0x00,0x00,0x00,0x00,0x00,0x00,0x00,0x00,0x00,0x00,
    0x03,0x02,0xCF,0xFF,0xD1,0x00,0x00,0x00,0x00,0x00,0x00,0x00,0x00,0x00,0x00,0x00,0x00,0x00,0x0B,0x00,0x00,0x00,0x00,0x00,
    0x00,0x00,0x00,0x00,0x00,0x00,0x00,0x00,0x00,0x00,0x00,0x00,0x2F,0x10,0x00,0x00,0x00,0x00,0x00,0x00,0x00,0x00,0x00,0x00,
    0x00,0x00,0x00,0x00,0x00,0x00,0x7F,0x30,0x00,0x00,0x00,0x00,0x00,0x00,0x00,0x00,0x00,0x00,0x00,0x00,0x00,0x00,0x00,0x00,
    0xCF,0x60,0x00,0x00,0x00,0x00,0x00,0x00,0x00,0x00,0x00,0x00,0x00,0x00,0x00,0x00,0x00,0x01,0xFF,0x80,0x00,0x00,0x00,0x00,
    0x00,0x00,0x00,0x00,0x00,0x00,0x00,0x00,0x00,0x00,0x00,0x06,0xFF,0xB0,0x00,0x00,0x00,0x00,0x00,0x00,0x00,0x00,0x00,0x00,
    0x00,0x00,0x00,0x00,0x00,0x0C,0xFF,0xE0,0x00,0x00,0x00,0x00,0x00,0x00,0x00,0x00,0x00,0x00,0x00,0x00,0x00,0x00,0x00,0x1F,
    0xFF,0xF0,0x00,0x00,0x00,0x00,0x00,0x00,0x00,0x00,0x00,0x00,0x00,0x00,0x00,0x00,0x00,0x4F,0xFF,0xF1,0x00,0x00,0x00,0x00,
    0x00,0x00,0x00,0x00,0x00,0x00,0x00,0x00,0x00,0x00,0x00,0x5F,0xFF,0xF0,0x00,0x00,0x00,0x00,0x00,0x00,0x00,0x00,0x00,0x00,
    0x00,0x00,0x00,0x00,0x00,0x25,0x55,0x50,0x00,0x00,0x00,0x00,0x00,0x00,0x00,0x00,0x00,0x00,0x00,0x00,0x00,0x00,0x00,0x00,
    0x00,0x00,0x00,0x00,0x00,0x00,0x00,0x00,0x00,0x00,0x00,0x00,0x00,0x00,0x00,0x00,0x00,0x00,0x00,0x00,0x00,0x00,0x00,0x00,
    0x00,0x00,0x00,0x00,0x00,0x00,0x00,0x00,0x00,0x00,0x00,0x00,0x00,0x00,0x00,0x00,0x00,0x00,0x00,0x00,0x00,0x00,0x00,0x00,
    0x00,0x00,0x00,0x00,0x00,0x00,0x00,0x00,0x00,0x00,0x00,0x00,0x00,0x00,0x00,0x00,0x00,0x00,0x00,0x00,0x00,0x00,0x00,0x00,
    0x00,0x00,0x00,0x00,0x00,0x00,0x00,0x00,0x00,0x00,0x00,0x00,0x00,0x00,0x00,0x00,0x00,0x00,0x00,0x00,0x00,0x00,0x00,0x00,
    0x00,0x00,0x00,0x00,0x00,0x00,
    // HP-41 code 64 (font 64)
    0x00,0x00,0x10,0x6F,0xFF,0xFF,0xFF,0xFF,0xFF,0xFF,0xFF,0xFE,0x20,0x00,0x00,0x00,0x00,0x00,0x00,0x00,0x94,0x09,0xFF,0xFF,
    0xFF,0xFF,0xFF,0xFF,0xFF,0xD2,0x24,0x00,0x00,0x00,0x00,0x00,0x00,0x00,0xBE,0x20,0xCF,0xFF,0xFF,0xFF,0xFF,0xFF,0xB4,0x02,
    0xE4,0x00,0x00,0x00,0x00,0x00,0x00,0x00,0xCF,0x70,0x00,0x00,0x00,0x00,0x00,0x00,0x00,0x0B,0xF3,0x00,0x00,0x00,0x00,0x00,
    0x00,0x00,0xDF,0x90,0x00,0x00,0x8F,0xFF,0xC0,0x00,0x00,0x1F,0xF2,0x00,0x00,0x00,0x00,0x00,0x00,0x00,0xFF,0xA0,0x00,0x00,
    0x9F,0xFF,0xB0,0x00,0x00,0x6F,0xF0,0x00,0x00,0x00,0x00,0x00,0x00,0x00,0xFF,0xB0,0x00,0x00,0xAF,0xFF,0x90,0x00,0x00,0xBF,
    0xF0,0x00,0x00,0x00,0x00,0x00,0x00,0x01,0xFF,0xC0,0x00,0x00,0x8F,0xFF,0x50,0x00,0x00,0xFF,0xE0,0x00,0x00,0x00,0x00,0x00,
    0x00,0x03,0xFF,0xD0,0x00,0x00,0x6F,0xFF,0x00,0x00,0x05,0xFF,0xC0,0x00,0x00,0x00,0x00,0x00,0x00,0x04,0xFF,0xE0,0x00,0x00,
    0x3F,0xFB,0x00,0x00,0x0A,0xFF,0xB0,0x00,0x00,0x00,0x00,0x00,0x00,0x05,0xFF,0xF0,0x00,0x00,0x1F,0xF6,0x00,0x00,0x0D,0xFF,
    0xA0,0x00,0x00,0x00,0x00,0x00,0x00,0x07,0xFF,0xF0,0x00,0x00,0x0E,0xF1,0x00,0x00,0x0E,0xFF,0x80,0x00,0x00,0x00,0x00,0x00,
    0x00,0x08,0xFF,0xF1,0x00,0x00,0x0C,0xC0,0x00,0x00,0x0F,0xFF,0x70,0x00,0x00,0x00,0x00,0x00,0x00,0x09,0xFF,0x70,0x00,0x00,
    0x09,0x70,0x00,0x00,0x0A,0xFF,0x60,0x00,0x00,0x00,0x00,0x00,0x00,0x04,0xE7,0x00,0x00,0x00,0x07,0x20,0x00,0x00,0x00,0xCE,
    0x30,0x00,0x00,0x00,0x00,0x00,0x00,0x00,0x00,0x00,0x00,0x00,0x03,0x02,0xBF,0xFF,0xD1,0x00,0x00,0x00,0x00,0x00,0x00,0x00,
    0x00,0x00,0x10,0x00,0x00,0x00,0x00,0x3F,0xFF,0xFF,0xFC,0x00,0x00,0x00,0x00,0x00,0x00,0x00,0x00,0x0A,0xF3,0x00,0x00,0x00,
    0x00,0x02,0xCF,0xFF,0xD1,0x00,0x00,0x00,0x00,0x00,0x00,0x00,0x00,0x0F,0xFE,0x10,0x00,0x00,0x00,0x00,0x00,0x00,0x00,0x00,
    0x00,0x00,0x00,0x00,0x00,0x00,0x00,0x1F,0xFF,0x60,0x00,0x00,0x00,0x00,0x00,0x00,0x00,0x00,0x00,0x00,0x00,0x00,0x00,0x00,
    0x00,0x3F,0xFF,0x50,0x00,0x00,0x00,0x00,0x00,0x00,0x00,0x00,0x00,0x00,0x00,0x00,0x00,0x00,0x00,0x4F,0xFF,0x40,0x00,0x00,
    0x00,0x00,0x00,0x00,0x00,0x00,0x00,0x00,0x00,0x00,0x00,0x00,0x00,0x5F,0xFF,0x10,0x00,0x00,0x00,0x00,0x00,0x00,0x00,0x00,
    0x00,0x00,0x00,0x00,0x00,0x00,0x00,0x6F,0xFC,0x00,0x00,0x00,0x00,0x00,0x00,0x00,0x00,0x00,0x00,0x00,0x00,0x00,0x00,0x00,
    0x00,0x8F,0xF7,0x00,0x00,0x00,0x00,0x00,0x00,0x00,0x00,0x00,0x00,0x00,0x00,0x00,0x00,0x00,0x00,0x9F,0xF2,0x00,0x00,0x00,
    0x00,0x00,0x00,0x00,0x00,0x00,0x00,0x00,0x00,0x00,0x00,0x00,0x00,0xAF,0xD0,0x00,0x00,0x00,0x00,0x00,0x00,0x00,0x00,0x00,
    0x00,0x00,0x00,0x00,0x00,0x00,0x00,0xCF,0x70,0x00,0x00,0x00,0x00,0x00,0x00,0x00,0x00,0x00,0x00,0x00,0x00,0x00,0x00,0x00,
    0x00,0xDF,0x20,0x00,0x00,0x00,0x00,0x00,0x00,0x00,0x00,0x00,0x00,0x00,0x00,0x00,0x00,0x00,0x00,0xE8,0x01,0x8E,0xFF,0xFF,
    0xFF,0xFF,0xFF,0xF3,0x00,0x00,0x00,0x00,0x00,0x00,0x00,0x00,0x00,0x80,0x9F,0xFF,0xFF,0xFF,0xFF,0xFF,0xFF,0xFE,0x10,0x00,
    0x00,0x00,0x00,0x00,0x00,0x00,0x00,0x0A,0xFF,0xFF,0xFF,0xFF,0xFF,0xFF,0xFF,0xFF,0xC0,0x00,0x00,0x00,0x00,0x00,0x00,0x00,
    0x00,0x00,0x00,0x00,0x00,0x00,0x00,0x00,0x00,0x00,0x00,0x00,0x00,0x00,0x00,0x00,0x00,0x00,0x00,0x00,0x00,0x00,0x00,0x00,
    0x00,0x00,0x00,0x00,0x00,0x00,0x00,0x00,0x00,0x00,0x00,0x00,0x00,0x00,0x00,0x00,0x00,0x00,0x00,0x00,0x00,0x00,0x00,0x00,
    0x00,0x00,0x00,0x00,0x00,0x00,
    // HP-41 code 65 (font 65)
    0x00,0x00,0x10,0x6F,0xFF,0xFF,0xFF,0xFF,0xFF,0xFF,0xFF,0xFE,0x20,0x00,0x00,0x00,0x00,0x00,0x00,0x00,0x94,0x09,0xFF,0xFF,
    0xFF,0xFF,0xFF,0xFF,0xFF,0xD2,0x24,0x00,0x00,0x00,0x00,0x00,0x00,0x00,0xBE,0x20,0xCF,0xFF,0xFF,0xFF,0xFF,0xFF,0xB4,0x02,
    0xE4,0x00,0x00,0x00,0x00,0x00,0x00,0x00,0xCF,0x70,0x00,0x00,0x00,0x00,0x00,0x00,0x00,0x0B,0xF3,0x00,0x00,0x00,0x00,0x00,
    0x00,0x00,0xDF,0x90,0x00,0x00,0x00,0x00,0x00,0x00,0x00,0x1F,0xF2,0x00,0x00,0x00,0x00,0x00,0x00,0x00,0xFF,0xA0,0x00,0x00,
    0x00,0x00,0x00,0x00,0x00,0x6F,0xF0,0x00,0x00,0x00,0x00,0x00,0x00,0x00,0xFF,0xB0,0x00,0x00,0x00,0x00,0x00,0x00,0x00,0xBF,
    0xF0,0x00,0x00,0x00,0x00,0x00,0x00,0x01,0xFF,0xC0,0x00,0x00,0x00,0x00,0x00,0x00,0x00,0xFF,0xE0,0x00,0x00,0x00,0x00,0x00,
    0x00,0x03,0xFF,0xD0,0x00,0x00,0x00,0x00,0x00,0x00,0x05,0xFF,0xC0,0x00,0x00,0x00,0x00,0x00,0x00,0x04,0xFF,0xE0,0x00,0x00,
    0x00,0x00,0x00,0x00,0x0A,0xFF,0xB0,0x00,0x00,0x00,0x00,0x00,0x00,0x05,0xFF,0xF0,0x00,0x00,0x00,0x00,0x00,0x00,0x0D,0xFF,
    0xA0,0x00,0x00,0x00,0x00,0x00,0x00,0x07,0xFF,0xF0,0x00,0x00,0x00,0x00,0x00,0x00,0x0E,0xFF,0x80,0x00,0x00,0x00,0x00,0x00,
    0x00,0x08,0xFF,0xF1,0x00,0x00,0x00,0x00,0x00,0x00,0x0F,0xFF,0x70,0x00,0x00,0x00,0x00,0x00,0x00,0x09,0xFF,0x70,0x00,0x00,
    0x00,0x00,0x00,0x00,0x0A,0xFF,0x60,0x00,0x00,0x00,0x00,0x00,0x00,0x04,0xE7,0xBF,0xFF,0xE3,0x00,0x00,0xAF,0xFF,0xC0,0xCE,
    0x30,0x00,0x00,0x00,0x00,0x00,0x00,0x00,0x06,0xFF,0xFF,0xFF,0x70,0x2D,0xFF,0xFF,0xF9,0x00,0x00,0x00,0x00,0x00,0x00,0x00,
    0x00,0x00,0x04,0xFF,0xFF,0xFF,0x50,0x1C,0xFF,0xFF,0xF9,0x00,0x00,0x00,0x00,0x00,0x00,0x00,0x00,0x0A,0xF3,0x9F,0xFF,0xE3,
    0x00,0x00,0xAF,0xFF,0xC2,0xEA,0x00,0x00,0x00,0x00,0x00,0x00,0x00,0x0F,0xFE,0x10,0x00,0x00,0x00,0x00,0x00,0x00,0x2E,0xFF,
    0x00,0x00,0x00,0x00,0x00,0x00,0x00,0x1F,0xFF,0x60,0x00,0x00,0x00,0x00,0x00,0x00,0xBF,0xFE,0x00,0x00,0x00,0x00,0x00,0x00,
    0x00,0x3F,0xFF,0x50,0x00,0x00,0x00,0x00,0x00,0x00,0xAF,0xFD,0x00,0x00,0x00,0x00,0x00,0x00,0x00,0x4F,0xFF,0x40,0x00,0x00,
    0x00,0x00,0x00,0x00,0x9F,0xFB,0x00,0x00,0x00,0x00,0x00,0x00,0x00,0x5F,0xFF,0x20,0x00,0x00,0x00,0x00,0x00,0x00,0x8F,0xFA,
    0x00,0x00,0x00,0x00,0x00,0x00,0x00,0x6F,0xFC,0x00,0x00,0x00,0x00,0x00,0x00,0x00,0x7F,0xF9,0x00,0x00,0x00,0x00,0x00,0x00,
    0x00,0x8F,0xF7,0x00,0x00,0x00,0x00,0x00,0x00,0x00,0x5F,0xF8,0x00,0x00,0x00,0x00,0x00,0x00,0x00,0x9F,0xF2,0x00,0x00,0x00,
    0x00,0x00,0x00,0x00,0x4F,0xF6,0x00,0x00,0x00,0x00,0x00,0x00,0x00,0xAF,0xD0,0x00,0x00,0x00,0x00,0x00,0x00,0x00,0x3F,0xF5,
    0x00,0x00,0x00,0x00,0x00,0x00,0x00,0xCF,0x70,0x00,0x00,0x00,0x00,0x00,0x00,0x00,0x2F,0xF4,0x00,0x00,0x00,0x00,0x00,0x00,
    0x00,0xDF,0x20,0x00,0x00,0x00,0x00,0x00,0x00,0x00,0x0F,0xF2,0x00,0x00,0x00,0x00,0x00,0x00,0x00,0xE8,0x00,0x00,0x00,0x00,
    0x00,0x00,0x00,0x00,0x0A,0xF1,0x00,0x00,0x00,0x00,0x00,0x00,0x00,0x80,0x00,0x00,0x00,0x00,0x00,0x00,0x00,0x00,0x00,0xC0,
    0x00,0x00,0x00,0x00,0x00,0x00,0x00,0x00,0x00,0x00,0x00,0x00,0x00,0x00,0x00,0x00,0x00,0x10,0x00,0x00,0x00,0x00,0x00,0x00,
    0x00,0x00,0x00,0x00,0x00,0x00,0x00,0x00,0x00,0x00,0x00,0x00,0x00,0x00,0x00,0x00,0x00,0x00,0x00,0x00,0x00,0x00,0x00,0x00,
    0x00,0x00,0x00,0x00,0x00,0x00,0x00,0x00,0x00,0x00,0x00,0x00,0x00,0x00,0x00,0x00,0x00,0x00,0x00,0x00,0x00,0x00,0x00,0x00,
    0x00,0x00,0x00,0x00,0x00,0x00,
    // HP-41 code 66 (font 66)
    0x00,0x00,0x00,0x6F,0xFF,0xFF,0xFF,0xFF,0xFF,0xFF,0xFF,0xFE,0x20,0x00,0x00,0x00,0x00,0x00,0x00,0x00,0x00,0x09,0xFF,0xFF,
    0xFF,0xFF,0xFF,0xFF,0xFF,0xD2,0x24,0x00,0x00,0x00,0x00,0x00,0x00,0x00,0x00,0x00,0xCF,0xFF,0xFF,0xFF,0xFF,0xFF,0xB4,0x02,
    0xE4,0x00,0x00,0x00,0x00,0x00,0x00,0x00,0x00,0x00,0x00,0x00,0x00,0x00,0x00,0x00,0x00,0x0B,0xF3,0x00,0x00,0x00,0x00,0x00,
    0x00,0x00,0x00,0x00,0x00,0x00,0x8F,0xFF,0xC0,0x00,0x00,0x1F,0xF2,0x00,0x00,0x00,0x00,0x00,0x00,0x00,0x00,0x00,0x00,0x00,
    0x9F,0xFF,0xB0,0x00,0x00,0x6F,0xF0,0x00,0x00,0x00,0x00,0x00,0x00,0x00,0x00,0x00,0x00,0x00,0xAF,0xFF,0x90,0x00,0x00,0xBF,
    0xF0,0x00,0x00,0x00,0x00,0x00,0x00,0x00,0x00,0x00,0x00,0x00,0x8F,0xFF,0x50,0x00,0x00,0xFF,0xE0,0x00,0x00,0x00,0x00,0x00,
    0x00,0x00,0x00,0x00,0x00,0x00,0x6F,0xFF,0x00,0x00,0x05,0xFF,0xC0,0x00,0x00,0x00,0x00,0x00,0x00,0x00,0x00,0x00,0x00,0x00,
    0x3F,0xFB,0x00,0x00,0x0A,0xFF,0xB0,0x00,0x00,0x00,0x00,0x00,0x00,0x00,0x00,0x00,0x00,0x00,0x1F,0xF6,0x00,0x00,0x0D,0xFF,
    0xA0,0x00,0x00,0x00,0x00,0x00,0x00,0x00,0x00,0x00,0x00,0x00,0x0E,0xF1,0x00,0x00,0x0E,0xFF,0x80,0x00,0x00,0x00,0x00,0x00,
    0x00,0x00,0x00,0x00,0x00,0x00,0x0C,0xC0,0x00,0x00,0x0F,0xFF,0x70,0x00,0x00,0x00,0x00,0x00,0x00,0x00,0x00,0x00,0x00,0x00,
    0x09,0x70,0x00,0x00,0x0A,0xFF,0x60,0x00,0x00,0x00,0x00,0x00,0x00,0x00,0x00,0x00,0x00,0x00,0x07,0x20,0x00,0x00,0x00,0xCE,
    0x30,0x00,0x00,0x00,0x00,0x00,0x00,0x00,0x00,0x00,0x00,0x00,0x03,0x02,0xBF,0xFF,0xD1,0x00,0x00,0x00,0x00,0x00,0x00,0x00,
    0x00,0x00,0x00,0x00,0x00,0x00,0x00,0x3F,0xFF,0xFF,0xFC,0x00,0x00,0x00,0x00,0x00,0x00,0x00,0x00,0x00,0x00,0x00,0x00,0x00,
    0x03,0x02,0xCF,0xFF,0xD4,0xEA,0x00,0x00,0x00,0x00,0x00,0x00,0x00,0x00,0x00,0x00,0x00,0x00,0x0B,0x00,0x00,0x00,0x2E,0xFF,
    0x00,0x00,0x00,0x00,0x00,0x00,0x00,0x00,0x00,0x00,0x00,0x00,0x2F,0x10,0x00,0x00,0xBF,0xFE,0x00,0x00,0x00,0x00,0x00,0x00,
    0x00,0x00,0x00,0x00,0x00,0x00,0x7F,0x30,0x00,0x00,0xAF,0xFD,0x00,0x00,0x00,0x00,0x00,0x00,0x00,0x00,0x00,0x00,0x00,0x00,
    0xCF,0x60,0x00,0x00,0x9F,0xFB,0x00,0x00,0x00,0x00,0x00,0x00,0x00,0x00,0x00,0x00,0x00,0x01,0xFF,0x80,0x00,0x00,0x8F,0xFA,
    0x00,0x00,0x00,0x00,0x00,0x00,0x00,0x00,0x00,0x00,0x00,0x06,0xFF,0xB0,0x00,0x00,0x7F,0xF9,0x00,0x00,0x00,0x00,0x00,0x00,
    0x00,0x00,0x00,0x00,0x00,0x0C,0xFF,0xE0,0x00,0x00,0x5F,0xF8,0x00,0x00,0x00,0x00,0x00,0x00,0x00,0x00,0x00,0x00,0x00,0x1F,
    0xFF,0xF0,0x00,0x00,0x4F,0xF6,0x00,0x00,0x00,0x00,0x00,0x00,0x00,0x00,0x00,0x00,0x00,0x4F,0xFF,0xF1,0x00,0x00,0x3F,0xF5,
    0x00,0x00,0x00,0x00,0x00,0x00,0x00,0x00,0x00,0x00,0x00,0x5F,0xFF,0xF0,0x00,0x00,0x2F,0xF4,0x00,0x00,0x00,0x00,0x00,0x00,
    0x00,0x00,0x00,0x00,0x00,0x25,0x55,0x50,0x00,0x00,0x0F,0xF2,0x00,0x00,0x00,0x00,0x00,0x00,0x00,0x00,0x01,0x8E,0xFF,0xFF,
    0xFF,0xFF,0xFF,0xF3,0x0A,0xF1,0x00,0x00,0x00,0x00,0x00,0x00,0x00,0x00,0x9F,0xFF,0xFF,0xFF,0xFF,0xFF,0xFF,0xFE,0x10,0xC0,
    0x00,0x00,0x00,0x00,0x00,0x00,0x00,0x0A,0xFF,0xFF,0xFF,0xFF,0xFF,0xFF,0xFF,0xFF,0xC0,0x10,0x00,0x00,0x00,0x00,0x00,0x00,
    0x00,0x00,0x00,0x00,0x00,0x00,0x00,0x00,0x00,0x00,0x00,0x00,0x00,0x00,0x00,0x00,0x00,0x00,0x00,0x00,0x00,0x00,0x00,0x00,
    0x00,0x00,0x00,0x00,0x00,0x00,0x00,0x00,0x00,0x00,0x00,0x00,0x00,0x00,0x00,0x00,0x00,0x00,0x00,0x00,0x00,0x00,0x00,0x00,
    0x00,0x00,0x00,0x00,0x00,0x00,
    // HP-41 code 67 (font 67)
    0x00,0x00,0x10,0x6F,0xFF,0xFF,0xFF,0xFF,0xFF,0xFF,0xFF,0xFE,0x20,0x00,0x00,0x00,0x00,0x00,0x00,0x00,0x93,0x09,0xFF,0xFF,
    0xFF,0xFF,0xFF,0xFF,0xFF,0xD2,0x00,0x00,0x00,0x00,0x00,0x00,0x00,0x00,0xBE,0x10,0xCF,0xFF,0xFF,0xFF,0xFF,0xFF,0xB4,0x00,
    0x00,0x00,0x00,0x00,0x00,0x00,0x00,0x00,0xCF,0x70,0x00,0x00,0x00,0x00,0x00,0x00,0x00,0x00,0x00,0x00,0x00,0x00,0x00,0x00,
    0x00,0x00,0xDF,0x80,0x00,0x00,0x00,0x00,0x00,0x00,0x00,0x00,0x00,0x00,0x00,0x00,0x00,0x00,0x00,0x00,0xFF,0xA0,0x00,0x00,
    0x00,0x00,0x00,0x00,0x00,0x00,0x00,0x00,0x00,0x00,0x00,0x00,0x00,0x00,0xFF,0xB0,0x00,0x00,0x00,0x00,0x00,0x00,0x00,0x00,
    0x00,0x00,0x00,0x00,0x00,0x00,0x00,0x01,0xFF,0xC0,0x00,0x00,0x00,0x00,0x00,0x00,0x00,0x00,0x00,0x00,0x00,0x00,0x00,0x00,
    0x00,0x03,0xFF,0xD0,0x00,0x00,0x00,0x00,0x00,0x00,0x00,0x00,0x00,0x00,0x00,0x00,0x00,0x00,0x00,0x04,0xFF,0xE0,0x00,0x00,
    0x00,0x00,0x00,0x00,0x00,0x00,0x00,0x00,0x00,0x00,0x00,0x00,0x00,0x05,0xFF,0xF0,0x00,0x00,0x00,0x00,0x00,0x00,0x00,0x00,
    0x00,0x00,0x00,0x00,0x00,0x00,0x00,0x07,0xFF,0xF0,0x00,0x00,0x00,0x00,0x00,0x00,0x00,0x00,0x00,0x00,0x00,0x00,0x00,0x00,
    0x00,0x08,0xFF,0xF1,0x00,0x00,0x00,0x00,0x00,0x00,0x00,0x00,0x00,0x00,0x00,0x00,0x00,0x00,0x00,0x09,0xFF,0x80,0x00,0x00,
    0x00,0x00,0x00,0x00,0x00,0x00,0x00,0x00,0x00,0x00,0x00,0x00,0x00,0x05,0xE8,0x00,0x00,0x00,0x00,0x00,0x00,0x00,0x00,0x00,
    0x00,0x00,0x00,0x00,0x00,0x00,0x00,0x00,0x00,0x00,0x00,0x00,0x00,0x00,0x00,0x00,0x00,0x00,0x00,0x00,0x00,0x00,0x00,0x00,
    0x00,0x00,0x10,0x00,0x00,0x00,0x00,0x00,0x00,0x00,0x00,0x00,0x00,0x00,0x00,0x00,0x00,0x00,0x00,0x0A,0xF3,0x00,0x00,0x00,
    0x00,0x00,0x00,0x00,0x00,0x00,0x00,0x00,0x00,0x00,0x00,0x00,0x00,0x0F,0xFE,0x10,0x00,0x00,0x00,0x00,0x00,0x00,0x00,0x00,
    0x00,0x00,0x00,0x00,0x00,0x00,0x00,0x1F,0xFF,0x60,0x00,0x00,0x00,0x00,0x00,0x00,0x00,0x00,0x00,0x00,0x00,0x00,0x00,0x00,
    0x00,0x3F,0xFF,0x50,0x00,0x00,0x00,0x00,0x00,0x00,0x00,0x00,0x00,0x00,0x00,0x00,0x00,0x00,0x00,0x4F,0xFF,0x40,0x00,0x00,
    0x00,0x00,0x00,0x00,0x00,0x00,0x00,0x00,0x00,0x00,0x00,0x00,0x00,0x5F,0xFF,0x10,0x00,0x00,0x00,0x00,0x00,0x00,0x00,0x00,
    0x00,0x00,0x00,0x00,0x00,0x00,0x00,0x6F,0xFC,0x00,0x00,0x00,0x00,0x00,0x00,0x00,0x00,0x00,0x00,0x00,0x00,0x00,0x00,0x00,
    0x00,0x8F,0xF7,0x00,0x00,0x00,0x00,0x00,0x00,0x00,0x00,0x00,0x00,0x00,0x00,0x00,0x00,0x00,0x00,0x9F,0xF2,0x00,0x00,0x00,
    0x00,0x00,0x00,0x00,0x00,0x00,0x00,0x00,0x00,0x00,0x00,0x00,0x00,0xAF,0xD0,0x00,0x00,0x00,0x00,0x00,0x00,0x00,0x00,0x00,
    0x00,0x00,0x00,0x00,0x00,0x00,0x00,0xCF,0x70,0x00,0x00,0x00,0x00,0x00,0x00,0x00,0x00,0x00,0x00,0x00,0x00,0x00,0x00,0x00,
    0x00,0xDF,0x20,0x00,0x00,0x00,0x00,0x00,0x00,0x00,0x00,0x00,0x00,0x00,0x00,0x00,0x00,0x00,0x00,0xE8,0x01,0x8E,0xFF,0xFF,
    0xFF,0xFF,0xFF,0xF3,0x00,0x00,0x00,0x00,0x00,0x00,0x00,0x00,0x00,0x80,0x9F,0xFF,0xFF,0xFF,0xFF,0xFF,0xFF,0xFE,0x10,0x00,
    0x00,0x00,0x00,0x00,0x00,0x00,0x00,0x0A,0xFF,0xFF,0xFF,0xFF,0xFF,0xFF,0xFF,0xFF,0xC0,0x00,0x00,0x00,0x00,0x00,0x00,0x00,
    0x00,0x00,0x00,0x00,0x00,0x00,0x00,0x00,0x00,0x00,0x00,0x00,0x00,0x00,0x00,0x00,0x00,0x00,0x00,0x00,0x00,0x00,0x00,0x00,
    0x00,0x00,0x00,0x00,0x00,0x00,0x00,0x00,0x00,0x00,0x00,0x00,0x00,0x00,0x00,0x00,0x00,0x00,0x00,0x00,0x00,0x00,0x00,0x00,
    0x00,0x00,0x00,0x00,0x00,0x00,
    // HP-41 code 68 (font 68)
    0x00,0x00,0x00,0x6F,0xFF,0xFF,0xFF,0xFF,0xFF,0xFF,0xFF,0xFE,0x20,0x00,0x00,0x00,0x00,0x00,0x00,0x00,0x00,0x09,0xFF,0xFF,
    0xFF,0xFF,0xFF,0xFF,0xFF,0xD2,0x24,0x00,0x00,0x00,0x00,0x00,0x00,0x00,0x00,0x00,0xCF,0xFF,0xFF,0xFF,0xFF,0xFF,0xB4,0x02,
    0xE4,0x00,0x00,0x00,0x00,0x00,0x00,0x00,0x00,0x00,0x00,0x00,0x00,0x00,0x00,0x00,0x00,0x0B,0xF3,0x00,0x00,0x00,0x00,0x00,
    0x00,0x00,0x00,0x00,0x00,0x00,0x8F,0xFF,0xC0,0x00,0x00,0x1F,0xF2,0x00,0x00,0x00,0x00,0x00,0x00,0x00,0x00,0x00,0x00,0x00,
    0x9F,0xFF,0xB0,0x00,0x00,0x6F,0xF0,0x00,0x00,0x00,0x00,0x00,0x00,0x00,0x00,0x00,0x00,0x00,0xAF,0xFF,0x90,0x00,0x00,0xBF,
    0xF0,0x00,0x00,0x00,0x00,0x00,0x00,0x00,0x00,0x00,0x00,0x00,0x8F,0xFF,0x40,0x00,0x00,0xFF,0xE0,0x00,0x00,0x00,0x00,0x00,
    0x00,0x00,0x00,0x00,0x00,0x00,0x5F,0xFE,0x00,0x00,0x05,0xFF,0xC0,0x00,0x00,0x00,0x00,0x00,0x00,0x00,0x00,0x00,0x00,0x00,
    0x3F,0xFA,0x00,0x00,0x0A,0xFF,0xB0,0x00,0x00,0x00,0x00,0x00,0x00,0x00,0x00,0x00,0x00,0x00,0x0F,0xF5,0x00,0x00,0x0D,0xFF,
    0xA0,0x00,0x00,0x00,0x00,0x00,0x00,0x00,0x00,0x00,0x00,0x00,0x0D,0xF0,0x00,0x00,0x0E,0xFF,0x80,0x00,0x00,0x00,0x00,0x00,
    0x00,0x00,0x00,0x00,0x00,0x00,0x0B,0xA0,0x00,0x00,0x0F,0xFF,0x70,0x00,0x00,0x00,0x00,0x00,0x00,0x00,0x00,0x00,0x00,0x00,
    0x08,0x50,0x00,0x00,0x0A,0xFF,0x60,0x00,0x00,0x00,0x00,0x00,0x00,0x00,0x00,0x00,0x00,0x00,0x05,0x00,0x00,0x00,0x00,0xCE,
    0x30,0x00,0x00,0x00,0x00,0x00,0x00,0x00,0x00,0x00,0x00,0x00,0x00,0x00,0x00,0x00,0x00,0x00,0x00,0x00,0x00,0x00,0x00,0x00,
    0x00,0x00,0x00,0x00,0x00,0x00,0x00,0x00,0x00,0x00,0x00,0x00,0x00,0x00,0x00,0x00,0x00,0x00,0x00,0x00,0x00,0x00,0x00,0x00,
    0x06,0x00,0x00,0x00,0x02,0xEA,0x00,0x00,0x00,0x00,0x00,0x00,0x00,0x00,0x00,0x00,0x00,0x00,0x0E,0x00,0x00,0x00,0x2E,0xFF,
    0x00,0x00,0x00,0x00,0x00,0x00,0x00,0x00,0x00,0x00,0x00,0x00,0x4F,0x20,0x00,0x00,0xBF,0xFE,0x00,0x00,0x00,0x00,0x00,0x00,
    0x00,0x00,0x00,0x00,0x00,0x00,0x9F,0x40,0x00,0x00,0xAF,0xFD,0x00,0x00,0x00,0x00,0x00,0x00,0x00,0x00,0x00,0x00,0x00,0x00,
    0xEF,0x70,0x00,0x00,0x9F,0xFB,0x00,0x00,0x00,0x00,0x00,0x00,0x00,0x00,0x00,0x00,0x00,0x03,0xFF,0x90,0x00,0x00,0x8F,0xFA,
    0x00,0x00,0x00,0x00,0x00,0x00,0x00,0x00,0x00,0x00,0x00,0x09,0xFF,0xC0,0x00,0x00,0x7F,0xF9,0x00,0x00,0x00,0x00,0x00,0x00,
    0x00,0x00,0x00,0x00,0x00,0x0E,0xFF,0xF0,0x00,0x00,0x5F,0xF8,0x00,0x00,0x00,0x00,0x00,0x00,0x00,0x00,0x00,0x00,0x00,0x3F,
    0xFF,0xF1,0x00,0x00,0x4F,0xF6,0x00,0x00,0x00,0x00,0x00,0x00,0x00,0x00,0x00,0x00,0x00,0x5F,0xFF,0xF0,0x00,0x00,0x3F,0xF5,
    0x00,0x00,0x00,0x00,0x00,0x00,0x00,0x00,0x00,0x00,0x00,0x5E,0xEE,0xE0,0x00,0x00,0x2F,0xF4,0x00,0x00,0x00,0x00,0x00,0x00,
    0x00,0x00,0x00,0x00,0x00,0x00,0x00,0x00,0x00,0x00,0x0F,0xF2,0x00,0x00,0x00,0x00,0x00,0x00,0x00,0x00,0x01,0x8E,0xFF,0xFF,
    0xFF,0xFF,0xFF,0xF3,0x0A,0xF1,0x00,0x00,0x00,0x00,0x00,0x00,0x00,0x00,0x9F,0xFF,0xFF,0xFF,0xFF,0xFF,0xFF,0xFE,0x10,0xC0,
    0x00,0x00,0x00,0x00,0x00,0x00,0x00,0x0A,0xFF,0xFF,0xFF,0xFF,0xFF,0xFF,0xFF,0xFF,0xC0,0x10,0x00,0x00,0x00,0x00,0x00,0x00,
    0x00,0x00,0x00,0x00,0x00,0x00,0x00,0x00,0x00,0x00,0x00,0x00,0x00,0x00,0x00,0x00,0x00,0x00,0x00,0x00,0x00,0x00,0x00,0x00,
    0x00,0x00,0x00,0x00,0x00,0x00,0x00,0x00,0x00,0x00,0x00,0x00,0x00,0x00,0x00,0x00,0x00,0x00,0x00,0x00,0x00,0x00,0x00,0x00,
    0x00,0x00,0x00,0x00,0x00,0x00,
    // HP-41 code 69 (font 69)
    0x00,0x00,0x10,0x6F,0xFF,0xFF,0xFF,0xFF,0xFF,0xFF,0xFF,0xFE,0x20,0x00,0x00,0x00,0x00,0x00,0x00,0x00,0x93,0x09,0xFF,0xFF,
    0xFF,0xFF,0xFF,0xFF,0xFF,0xD2,0x00,0x00,0x00,0x00,0x00,0x00,0x00,0x00,0xBE,0x10,0xCF,0xFF,0xFF,0xFF,0xFF,0xFF,0xB4,0x00,
    0x00,0x00,0x00,0x00,0x00,0x00,0x00,0x00,0xCF,0x70,0x00,0x00,0x00,0x00,0x00,0x00,0x00,0x00,0x00,0x00,0x00,0x00,0x00,0x00,
    0x00,0x00,0xDF,0x80,0x00,0x00,0x00,0x00,0x00,0x00,0x00,0x00,0x00,0x00,0x00,0x00,0x00,0x00,0x00,0x00,0xFF,0xA0,0x00,0x00,
    0x00,0x00,0x00,0x00,0x00,0x00,0x00,0x00,0x00,0x00,0x00,0x00,0x00,0x00,0xFF,0xB0,0x00,0x00,0x00,0x00,0x00,0x00,0x00,0x00,
    0x00,0x00,0x00,0x00,0x00,0x00,0x00,0x01,0xFF,0xC0,0x00,0x00,0x00,0x00,0x00,0x00,0x00,0x00,0x00,0x00,0x00,0x00,0x00,0x00,
    0x00,0x03,0xFF,0xD0,0x00,0x00,0x00,0x00,0x00,0x00,0x00,0x00,0x00,0x00,0x00,0x00,0x00,0x00,0x00,0x04,0xFF,0xE0,0x00,0x00,
    0x00,0x00,0x00,0x00,0x00,0x00,0x00,0x00,0x00,0x00,0x00,0x00,0x00,0x05,0xFF,0xF0,0x00,0x00,0x00,0x00,0x00,0x00,0x00,0x00,
    0x00,0x00,0x00,0x00,0x00,0x00,0x00,0x07,0xFF,0xF0,0x00,0x00,0x00,0x00,0x00,0x00,0x00,0x00,0x00,0x00,0x00,0x00,0x00,0x00,
    0x00,0x08,0xFF,0xF1,0x00,0x00,0x00,0x00,0x00,0x00,0x00,0x00,0x00,0x00,0x00,0x00,0x00,0x00,0x00,0x09,0xFF,0x80,0x00,0x00,
    0x00,0x00,0x00,0x00,0x00,0x00,0x00,0x00,0x00,0x00,0x00,0x00,0x00,0x05,0xE8,0xBF,0xFF,0xE3,0x00,0x00,0xAF,0xFF,0xC0,0x00,
    0x00,0x00,0x00,0x00,0x00,0x00,0x00,0x00,0x06,0xFF,0xFF,0xFF,0x70,0x2D,0xFF,0xFF,0xF9,0x00,0x00,0x00,0x00,0x00,0x00,0x00,
    0x00,0x00,0x14,0xFF,0xFF,0xFF,0x50,0x1C,0xFF,0xFF,0xF9,0x00,0x00,0x00,0x00,0x00,0x00,0x00,0x00,0x0A,0xF3,0x9F,0xFF,0xE3,
    0x00,0x00,0xAF,0xFF,0xC0,0x00,0x00,0x00,0x00,0x00,0x00,0x00,0x00,0x0F,0xFE,0x10,0x00,0x00,0x00,0x00,0x00,0x00,0x00,0x00,
    0x00,0x00,0x00,0x00,0x00,0x00,0x00,0x1F,0xFF,0x60,0x00,0x00,0x00,0x00,0x00,0x00,0x00,0x00,0x00,0x00,0x00,0x00,0x00,0x00,
    0x00,0x3F,0xFF,0x50,0x00,0x00,0x00,0x00,0x00,0x00,0x00,0x00,0x00,0x00,0x00,0x00,0x00,0x00,0x00,0x4F,0xFF,0x40,0x00,0x00,
    0x00,0x00,0x00,0x00,0x00,0x00,0x00,0x00,0x00,0x00,0x00,0x00,0x00,0x5F,0xFF,0x10,0x00,0x00,0x00,0x00,0x00,0x00,0x00,0x00,
    0x00,0x00,0x00,0x00,0x00,0x00,0x00,0x6F,0xFC,0x00,0x00,0x00,0x00,0x00,0x00,0x00,0x00,0x00,0x00,0x00,0x00,0x00,0x00,0x00,
    0x00,0x8F,0xF7,0x00,0x00,0x00,0x00,0x00,0x00,0x00,0x00,0x00,0x00,0x00,0x00,0x00,0x00,0x00,0x00,0x9F,0xF2,0x00,0x00,0x00,
    0x00,0x00,0x00,0x00,0x00,0x00,0x00,0x00,0x00,0x00,0x00,0x00,0x00,0xAF,0xD0,0x00,0x00,0x00,0x00,0x00,0x00,0x00,0x00,0x00,
    0x00,0x00,0x00,0x00,0x00,0x00,0x00,0xCF,0x70,0x00,0x00,0x00,0x00,0x00,0x00,0x00,0x00,0x00,0x00,0x00,0x00,0x00,0x00,0x00,
    0x00,0xDF,0x20,0x00,0x00,0x00,0x00,0x00,0x00,0x00,0x00,0x00,0x00,0x00,0x00,0x00,0x00,0x00,0x00,0xE8,0x01,0x8E,0xFF,0xFF,
    0xFF,0xFF,0xFF,0xF3,0x00,0x00,0x00,0x00,0x00,0x00,0x00,0x00,0x00,0x80,0x9F,0xFF,0xFF,0xFF,0xFF,0xFF,0xFF,0xFE,0x10,0x00,
    0x00,0x00,0x00,0x00,0x00,0x00,0x00,0x0A,0xFF,0xFF,0xFF,0xFF,0xFF,0xFF,0xFF,0xFF,0xC0,0x00,0x00,0x00,0x00,0x00,0x00,0x00,
    0x00,0x00,0x00,0x00,0x00,0x00,0x00,0x00,0x00,0x00,0x00,0x00,0x00,0x00,0x00,0x00,0x00,0x00,0x00,0x00,0x00,0x00,0x00,0x00,
    0x00,0x00,0x00,0x00,0x00,0x00,0x00,0x00,0x00,0x00,0x00,0x00,0x00,0x00,0x00,0x00,0x00,0x00,0x00,0x00,0x00,0x00,0x00,0x00,
    0x00,0x00,0x00,0x00,0x00,0x00,
    // HP-41 code 70 (font 70)
    0x00,0x00,0x10,0x6F,0xFF,0xFF,0xFF,0xFF,0xFF,0xFF,0xFF,0xFE,0x20,0x00,0x00,0x00,0x00,0x00,0x00,0x00,0x94,0x09,0xFF,0xFF,
    0xFF,0xFF,0xFF,0xFF,0xFF,0xD2,0x00,0x00,0x00,0x00,0x00,0x00,0x00,0x00,0xBE,0x20,0xCF,0xFF,0xFF,0xFF,0xFF,0xFF,0xB4,0x00,
    0x00,0x00,0x00,0x00,0x00,0x00,0x00,0x00,0xCF,0x70,0x00,0x00,0x00,0x00,0x00,0x00,0x00,0x00,0x00,0x00,0x00,0x00,0x00,0x00,
    0x00,0x00,0xDF,0x90,0x00,0x00,0x00,0x00,0x00,0x00,0x00,0x00,0x00,0x00,0x00,0x00,0x00,0x00,0x00,0x00,0xFF,0xA0,0x00,0x00,
    0x00,0x00,0x00,0x00,0x00,0x00,0x00,0x00,0x00,0x00,0x00,0x00,0x00,0x00,0xFF,0xB0,0x00,0x00,0x00,0x00,0x00,0x00,0x00,0x00,
    0x00,0x00,0x00,0x00,0x00,0x00,0x00,0x01,0xFF,0xC0,0x00,0x00,0x00,0x00,0x00,0x00,0x00,0x00,0x00,0x00,0x00,0x00,0x00,0x00,
    0x00,0x03,0xFF,0xD0,0x00,0x00,0x00,0x00,0x00,0x00,0x00,0x00,0x00,0x00,0x00,0x00,0x00,0x00,0x00,0x04,0xFF,0xE0,0x00,0x00,
    0x00,0x00,0x00,0x00,0x00,0x00,0x00,0x00,0x00,0x00,0x00,0x00,0x00,0x05,0xFF,0xF0,0x00,0x00,0x00,0x00,0x00,0x00,0x00,0x00,
    0x00,0x00,0x00,0x00,0x00,0x00,0x00,0x07,0xFF,0xF0,0x00,0x00,0x00,0x00,0x00,0x00,0x00,0x00,0x00,0x00,0x00,0x00,0x00,0x00,
    0x00,0x08,0xFF,0xF1,0x00,0x00,0x00,0x00,0x00,0x00,0x00,0x00,0x00,0x00,0x00,0x00,0x00,0x00,0x00,0x09,0xFF,0x70,0x00,0x00,
    0x00,0x00,0x00,0x00,0x00,0x00,0x00,0x00,0x00,0x00,0x00,0x00,0x00,0x04,0xE7,0xBF,0xFF,0xE3,0x00,0x00,0xAF,0xFF,0xC0,0x00,
    0x00,0x00,0x00,0x00,0x00,0x00,0x00,0x00,0x06,0xFF,0xFF,0xFF,0x70,0x2D,0xFF,0xFF,0xF9,0x00,0x00,0x00,0x00,0x00,0x00,0x00,
    0x00,0x00,0x04,0xFF,0xFF,0xFF,0x50,0x1C,0xFF,0xFF,0xF9,0x00,0x00,0x00,0x00,0x00,0x00,0x00,0x00,0x0A,0xF3,0x9F,0xFF,0xE3,
    0x00,0x00,0xAF,0xFF,0xC0,0x00,0x00,0x00,0x00,0x00,0x00,0x00,0x00,0x0F,0xFE,0x10,0x00,0x00,0x00,0x00,0x00,0x00,0x00,0x00,
    0x00,0x00,0x00,0x00,0x00,0x00,0x00,0x1F,0xFF,0x60,0x00,0x00,0x00,0x00,0x00,0x00,0x00,0x00,0x00,0x00,0x00,0x00,0x00,0x00,
    0x00,0x3F,0xFF,0x50,0x00,0x00,0x00,0x00,0x00,0x00,0x00,0x00,0x00,0x00,0x00,0x00,0x00,0x00,0x00,0x4F,0xFF,0x40,0x00,0x00,
    0x00,0x00,0x00,0x00,0x00,0x00,0x00,0x00,0x00,0x00,0x00,0x00,0x00,0x5F,0xFF,0x20,0x00,0x00,0x00,0x00,0x00,0x00,0x00,0x00,
    0x00,0x00,0x00,0x00,0x00,0x00,0x00,0x6F,0xFC,0x00,0x00,0x00,0x00,0x00,0x00,0x00,0x00,0x00,0x00,0x00,0x00,0x00,0x00,0x00,
    0x00,0x8F,0xF7,0x00,0x00,0x00,0x00,0x00,0x00,0x00,0x00,0x00,0x00,0x00,0x00,0x00,0x00,0x00,0x00,0x9F,0xF2,0x00,0x00,0x00,
    0x00,0x00,0x00,0x00,0x00,0x00,0x00,0x00,0x00,0x00,0x00,0x00,0x00,0xAF,0xD0,0x00,0x00,0x00,0x00,0x00,0x00,0x00,0x00,0x00,
    0x00,0x00,0x00,0x00,0x00,0x00,0x00,0xCF,0x70,0x00,0x00,0x00,0x00,0x00,0x00,0x00,0x00,0x00,0x00,0x00,0x00,0x00,0x00,0x00,
    0x00,0xDF,0x20,0x00,0x00,0x00,0x00,0x00,0x00,0x00,0x00,0x00,0x00,0x00,0x00,0x00,0x00,0x00,0x00,0xE8,0x00,0x00,0x00,0x00,
    0x00,0x00,0x00,0x00,0x00,0x00,0x00,0x00,0x00,0x00,0x00,0x00,0x00,0x80,0x00,0x00,0x00,0x00,0x00,0x00,0x00,0x00,0x00,0x00,
    0x00,0x00,0x00,0x00,0x00,0x00,0x00,0x00,0x00,0x00,0x00,0x00,0x00,0x00,0x00,0x00,0x00,0x00,0x00,0x00,0x00,0x00,0x00,0x00,
    0x00,0x00,0x00,0x00,0x00,0x00,0x00,0x00,0x00,0x00,0x00,0x00,0x00,0x00,0x00,0x00,0x00,0x00,0x00,0x00,0x00,0x00,0x00,0x00,
    0x00,0x00,0x00,0x00,0x00,0x00,0x00,0x00,0x00,0x00,0x00,0x00,0x00,0x00,0x00,0x00,0x00,0x00,0x00,0x00,0x00,0x00,0x00,0x00,
    0x00,0x00,0x00,0x00,0x00,0x00,
    // HP-41 code 71 (font 71)
    0x00,0x00,0x10,0x6F,0xFF,0xFF,0xFF,0xFF,0xFF,0xFF,0xFF,0xFE,0x20,0x00,0x00,0x00,0x00,0x00,0x00,0x00,0x93,0x09,0xFF,0xFF,
    0xFF,0xFF,0xFF,0xFF,0xFF,0xD2,0x00,0x00,0x00,0x00,0x00,0x00,0x00,0x00,0xBE,0x10,0xCF,0xFF,0xFF,0xFF,0xFF,0xFF,0xB4,0x00,
    0x00,0x00,0x00,0x00,0x00,0x00,0x00,0x00,0xCF,0x70,0x00,0x00,0x00,0x00,0x00,0x00,0x00,0x00,0x00,0x00,0x00,0x00,0x00,0x00,
    0x00,0x00,0xDF,0x80,0x00,0x00,0x00,0x00,0x00,0x00,0x00,0x00,0x00,0x00,0x00,0x00,0x00,0x00,0x00,0x00,0xFF,0xA0,0x00,0x00,
    0x00,0x00,0x00,0x00,0x00,0x00,0x00,0x00,0x00,0x00,0x00,0x00,0x00,0x00,0xFF,0xB0,0x00,0x00,0x00,0x00,0x00,0x00,0x00,0x00,
    0x00,0x00,0x00,0x00,0x00,0x00,0x00,0x01,0xFF,0xC0,0x00,0x00,0x00,0x00,0x00,0x00,0x00,0x00,0x00,0x00,0x00,0x00,0x00,0x00,
    0x00,0x03,0xFF,0xD0,0x00,0x00,0x00,0x00,0x00,0x00,0x00,0x00,0x00,0x00,0x00,0x00,0x00,0x00,0x00,0x04,0xFF,0xE0,0x00,0x00,
    0x00,0x00,0x00,0x00,0x00,0x00,0x00,0x00,0x00,0x00,0x00,0x00,0x00,0x05,0xFF,0xF0,0x00,0x00,0x00,0x00,0x00,0x00,0x00,0x00,
    0x00,0x00,0x00,0x00,0x00,0x00,0x00,0x07,0xFF,0xF0,0x00,0x00,0x00,0x00,0x00,0x00,0x00,0x00,0x00,0x00,0x00,0x00,0x00,0x00,
    0x00,0x08,0xFF,0xF1,0x00,0x00,0x00,0x00,0x00,0x00,0x00,0x00,0x00,0x00,0x00,0x00,0x00,0x00,0x00,0x09,0xFF,0x80,0x00,0x00,
    0x00,0x00,0x00,0x00,0x00,0x00,0x00,0x00,0x00,0x00,0x00,0x00,0x00,0x05,0xE8,0x00,0x00,0x00,0x00,0x00,0x00,0x00,0x00,0x00,
    0x00,0x00,0x00,0x00,0x00,0x00,0x00,0x00,0x00,0x00,0x00,0x00,0x00,0x02,0xBF,0xFF,0xD1,0x00,0x00,0x00,0x00,0x00,0x00,0x00,
    0x00,0x00,0x10,0x00,0x00,0x00,0x00,0x3F,0xFF,0xFF,0xFC,0x00,0x00,0x00,0x00,0x00,0x00,0x00,0x00,0x0A,0xF3,0x00,0x00,0x00,
    0x00,0x02,0xCF,0xFF,0xD4,0xEA,0x00,0x00,0x00,0x00,0x00,0x00,0x00,0x0F,0xFE,0x10,0x00,0x00,0x00,0x00,0x00,0x00,0x2E,0xFF,
    0x00,0x00,0x00,0x00,0x00,0x00,0x00,0x1F,0xFF,0x60,0x00,0x00,0x00,0x00,0x00,0x00,0xBF,0xFE,0x00,0x00,0x00,0x00,0x00,0x00,
    0x00,0x3F,0xFF,0x50,0x00,0x00,0x00,0x00,0x00,0x00,0xAF,0xFD,0x00,0x00,0x00,0x00,0x00,0x00,0x00,0x4F,0xFF,0x40,0x00,0x00,
    0x00,0x00,0x00,0x00,0x9F,0xFB,0x00,0x00,0x00,0x00,0x00,0x00,0x00,0x5F,0xFF,0x10,0x00,0x00,0x00,0x00,0x00,0x00,0x8F,0xFA,
    0x00,0x00,0x00,0x00,0x00,0x00,0x00,0x6F,0xFC,0x00,0x00,0x00,0x00,0x00,0x00,0x00,0x7F,0xF9,0x00,0x00,0x00,0x00,0x00,0x00,
    0x00,0x8F,0xF7,0x00,0x00,0x00,0x00,0x00,0x00,0x00,0x5F,0xF8,0x00,0x00,0x00,0x00,0x00,0x00,0x00,0x9F,0xF2,0x00,0x00,0x00,
    0x00,0x00,0x00,0x00,0x4F,0xF6,0x00,0x00,0x00,0x00,0x00,0x00,0x00,0xAF,0xD0,0x00,0x00,0x00,0x00,0x00,0x00,0x00,0x3F,0xF5,
    0x00,0x00,0x00,0x00,0x00,0x00,0x00,0xCF,0x70,0x00,0x00,0x00,0x00,0x00,0x00,0x00,0x2F,0xF4,0x00,0x00,0x00,0x00,0x00,0x00,
    0x00,0xDF,0x20,0x00,0x00,0x00,0x00,0x00,0x00,0x00,0x0F,0xF2,0x00,0x00,0x00,0x00,0x00,0x00,0x00,0xE8,0x01,0x8E,0xFF,0xFF,
    0xFF,0xFF,0xFF,0xF3,0x0A,0xF1,0x00,0x00,0x00,0x00,0x00,0x00,0x00,0x80,0x9F,0xFF,0xFF,0xFF,0xFF,0xFF,0xFF,0xFE,0x10,0xC0,
    0x00,0x00,0x00,0x00,0x00,0x00,0x00,0x0A,0xFF,0xFF,0xFF,0xFF,0xFF,0xFF,0xFF,0xFF,0xC0,0x10,0x00,0x00,0x00,0x00,0x00,0x00,
    0x00,0x00,0x00,0x00,0x00,0x00,0x00,0x00,0x00,0x00,0x00,0x00,0x00,0x00,0x00,0x00,0x00,0x00,0x00,0x00,0x00,0x00,0x00,0x00,
    0x00,0x00,0x00,0x00,0x00,0x00,0x00,0x00,0x00,0x00,0x00,0x00,0x00,0x00,0x00,0x00,0x00,0x00,0x00,0x00,0x00,0x00,0x00,0x00,
    0x00,0x00,0x00,0x00,0x00,0x00,
    // HP-41 code 72 (font 72)
    0x00,0x00,0x10,0x00,0x00,0x00,0x00,0x00,0x00,0x00,0x00,0x00,0x00,0x00,0x00,0x00,0x00,0x00,0x00,0x00,0x94,0x00,0x00,0x00,
    0x00,0x00,0x00,0x00,0x00,0x00,0x35,0x00,0x00,0x00,0x00,0x00,0x00,0x00,0xBE,0x20,0x00,0x00,0x00,0x00,0x00,0x00,0x00,0x03,
    0xE4,0x00,0x00,0x00,0x00,0x00,0x00,0x00,0xCF,0x70,0x00,0x00,0x00,0x00,0x00,0x00,0x00,0x0B,0xF3,0x00,0x00,0x00,0x00,0x00,
    0x00,0x00,0xEF,0x90,0x00,0x00,0x00,0x00,0x00,0x00,0x00,0x1F,0xF2,0x00,0x00,0x00,0x00,0x00,0x00,0x00,0xFF,0xA0,0x00,0x00,
    0x00,0x00,0x00,0x00,0x00,0x6F,0xF0,0x00,0x00,0x00,0x00,0x00,0x00,0x00,0xFF,0xB0,0x00,0x00,0x00,0x00,0x00,0x00,0x00,0xBF,
    0xF0,0x00,0x00,0x00,0x00,0x00,0x00,0x01,0xFF,0xC0,0x00,0x00,0x00,0x00,0x00,0x00,0x01,0xFF,0xE0,0x00,0x00,0x00,0x00,0x00,
    0x00,0x03,0xFF,0xD0,0x00,0x00,0x00,0x00,0x00,0x00,0x05,0xFF,0xC0,0x00,0x00,0x00,0x00,0x00,0x00,0x04,0xFF,0xE0,0x00,0x00,
    0x00,0x00,0x00,0x00,0x0B,0xFF,0xB0,0x00,0x00,0x00,0x00,0x00,0x00,0x05,0xFF,0xF0,0x00,0x00,0x00,0x00,0x00,0x00,0x0D,0xFF,
    0xA0,0x00,0x00,0x00,0x00,0x00,0x00,0x07,0xFF,0xF0,0x00,0x00,0x00,0x00,0x00,0x00,0x0E,0xFF,0x80,0x00,0x00,0x00,0x00,0x00,
    0x00,0x08,0xFF,0xF1,0x00,0x00,0x00,0x00,0x00,0x00,0x0F,0xFF,0x70,0x00,0x00,0x00,0x00,0x00,0x00,0x09,0xFF,0x70,0x00,0x00,
    0x00,0x00,0x00,0x00,0x09,0xFF,0x60,0x00,0x00,0x00,0x00,0x00,0x00,0x04,0xE7,0xBF,0xFF,0xE3,0x00,0x00,0xAF,0xFF,0xC0,0xBE,
    0x30,0x00,0x00,0x00,0x00,0x00,0x00,0x00,0x06,0xFF,0xFF,0xFF,0x70,0x2D,0xFF,0xFF,0xF9,0x00,0x00,0x00,0x00,0x00,0x00,0x00,
    0x00,0x00,0x04,0xFF,0xFF,0xFF,0x50,0x1C,0xFF,0xFF,0xF9,0x00,0x00,0x00,0x00,0x00,0x00,0x00,0x00,0x0A,0xF3,0x9F,0xFF,0xE3,
    0x00,0x00,0xAF,0xFF,0xC2,0xEA,0x00,0x00,0x00,0x00,0x00,0x00,0x00,0x0F,0xFE,0x10,0x00,0x00,0x00,0x00,0x00,0x00,0x2E,0xFF,
    0x00,0x00,0x00,0x00,0x00,0x00,0x00,0x1F,0xFF,0x60,0x00,0x00,0x00,0x00,0x00,0x00,0xBF,0xFE,0x00,0x00,0x00,0x00,0x00,0x00,
    0x00,0x3F,0xFF,0x50,0x00,0x00,0x00,0x00,0x00,0x00,0xAF,0xFD,0x00,0x00,0x00,0x00,0x00,0x00,0x00,0x4F,0xFF,0x40,0x00,0x00,
    0x00,0x00,0x00,0x00,0x9F,0xFB,0x00,0x00,0x00,0x00,0x00,0x00,0x00,0x5F,0xFF,0x20,0x00,0x00,0x00,0x00,0x00,0x00,0x8F,0xFA,
    0x00,0x00,0x00,0x00,0x00,0x00,0x00,0x6F,0xFC,0x00,0x00,0x00,0x00,0x00,0x00,0x00,0x7F,0xF9,0x00,0x00,0x00,0x00,0x00,0x00,
    0x00,0x8F,0xF7,0x00,0x00,0x00,0x00,0x00,0x00,0x00,0x5F,0xF8,0x00,0x00,0x00,0x00,0x00,0x00,0x00,0x9F,0xF2,0x00,0x00,0x00,
    0x00,0x00,0x00,0x00,0x4F,0xF6,0x00,0x00,0x00,0x00,0x00,0x00,0x00,0xAF,0xD0,0x00,0x00,0x00,0x00,0x00,0x00,0x00,0x3F,0xF5,
    0x00,0x00,0x00,0x00,0x00,0x00,0x00,0xCF,0x70,0x00,0x00,0x00,0x00,0x00,0x00,0x00,0x2F,0xF4,0x00,0x00,0x00,0x00,0x00,0x00,
    0x00,0xDF,0x20,0x00,0x00,0x00,0x00,0x00,0x00,0x00,0x0F,0xF2,0x00,0x00,0x00,0x00,0x00,0x00,0x00,0xE8,0x00,0x00,0x00,0x00,
    0x00,0x00,0x00,0x00,0x0A,0xF1,0x00,0x00,0x00,0x00,0x00,0x00,0x00,0x80,0x00,0x00,0x00,0x00,0x00,0x00,0x00,0x00,0x00,0xC0,
    0x00,0x00,0x00,0x00,0x00,0x00,0x00,0x00,0x00,0x00,0x00,0x00,0x00,0x00,0x00,0x00,0x00,0x10,0x00,0x00,0x00,0x00,0x00,0x00,
    0x00,0x00,0x00,0x00,0x00,0x00,0x00,0x00,0x00,0x00,0x00,0x00,0x00,0x00,0x00,0x00,0x00,0x00,0x00,0x00,0x00,0x00,0x00,0x00,
    0x00,0x00,0x00,0x00,0x00,0x00,0x00,0x00,0x00,0x00,0x00,0x00,0x00,0x00,0x00,0x00,0x00,0x00,0x00,0x00,0x00,0x00,0x00,0x00,
    0x00,0x00,0x00,0x00,0x00,0x00,
    // HP-41 code 73 (font 73)
    0x00,0x00,0x00,0x6F,0xFF,0xFF,0xFF,0xFF,0xFF,0xFF,0xFF,0xFE,0x20,0x00,0x00,0x00,0x00,0x00,0x00,0x00,0x00,0x09,0xFF,0xFF,
    0xFF,0xFF,0xFF,0xFF,0xFF,0xD2,0x00,0x00,0x00,0x00,0x00,0x00,0x00,0x00,0x00,0x00,0xCF,0xFF,0xFF,0xFF,0xFF,0xFF,0xB4,0x00,
    0x00,0x00,0x00,0x00,0x00,0x00,0x00,0x00,0x00,0x00,0x00,0x00,0x00,0x00,0x00,0x00,0x00,0x00,0x00,0x00,0x00,0x00,0x00,0x00,
    0x00,0x00,0x00,0x00,0x00,0x00,0x8F,0xFF,0xC0,0x00,0x00,0x00,0x00,0x00,0x00,0x00,0x00,0x00,0x00,0x00,0x00,0x00,0x00,0x00,
    0x9F,0xFF,0xB0,0x00,0x00,0x00,0x00,0x00,0x00,0x00,0x00,0x00,0x00,0x00,0x00,0x00,0x00,0x00,0xAF,0xFF,0x90,0x00,0x00,0x00,
    0x00,0x00,0x00,0x00,0x00,0x00,0x00,0x00,0x00,0x00,0x00,0x00,0x8F,0xFF,0x40,0x00,0x00,0x00,0x00,0x00,0x00,0x00,0x00,0x00,
    0x00,0x00,0x00,0x00,0x00,0x00,0x5F,0xFE,0x00,0x00,0x00,0x00,0x00,0x00,0x00,0x00,0x00,0x00,0x00,0x00,0x00,0x00,0x00,0x00,
    0x3F,0xFA,0x00,0x00,0x00,0x00,0x00,0x00,0x00,0x00,0x00,0x00,0x00,0x00,0x00,0x00,0x00,0x00,0x0F,0xF5,0x00,0x00,0x00,0x00,
    0x00,0x00,0x00,0x00,0x00,0x00,0x00,0x00,0x00,0x00,0x00,0x00,0x0D,0xF0,0x00,0x00,0x00,0x00,0x00,0x00,0x00,0x00,0x00,0x00,
    0x00,0x00,0x00,0x00,0x00,0x00,0x0B,0xA0,0x00,0x00,0x00,0x00,0x00,0x00,0x00,0x00,0x00,0x00,0x00,0x00,0x00,0x00,0x00,0x00,
    0x08,0x50,0x00,0x00,0x00,0x00,0x00,0x00,0x00,0x00,0x00,0x00,0x00,0x00,0x00,0x00,0x00,0x00,0x05,0x00,0x00,0x00,0x00,0x00,
    0x00,0x00,0x00,0x00,0x00,0x00,0x00,0x00,0x00,0x00,0x00,0x00,0x00,0x00,0x00,0x00,0x00,0x00,0x00,0x00,0x00,0x00,0x00,0x00,
    0x00,0x00,0x00,0x00,0x00,0x00,0x00,0x00,0x00,0x00,0x00,0x00,0x00,0x00,0x00,0x00,0x00,0x00,0x00,0x00,0x00,0x00,0x00,0x00,
    0x06,0x00,0x00,0x00,0x00,0x00,0x00,0x00,0x00,0x00,0x00,0x00,0x00,0x00,0x00,0x00,0x00,0x00,0x0E,0x00,0x00,0x00,0x00,0x00,
    0x00,0x00,0x00,0x00,0x00,0x00,0x00,0x00,0x00,0x00,0x00,0x00,0x4F,0x20,0x00,0x00,0x00,0x00,0x00,0x00,0x00,0x00,0x00,0x00,
    0x00,0x00,0x00,0x00,0x00,0x00,0x9F,0x40,0x00,0x00,0x00,0x00,0x00,0x00,0x00,0x00,0x00,0x00,0x00,0x00,0x00,0x00,0x00,0x00,
    0xEF,0x70,0x00,0x00,0x00,0x00,0x00,0x00,0x00,0x00,0x00,0x00,0x00,0x00,0x00,0x00,0x00,0x03,0xFF,0x90,0x00,0x00,0x00,0x00,
    0x00,0x00,0x00,0x00,0x00,0x00,0x00,0x00,0x00,0x00,0x00,0x09,0xFF,0xC0,0x00,0x00,0x00,0x00,0x00,0x00,0x00,0x00,0x00,0x00,
    0x00,0x00,0x00,0x00,0x00,0x0E,0xFF,0xF0,0x00,0x00,0x00,0x00,0x00,0x00,0x00,0x00,0x00,0x00,0x00,0x00,0x00,0x00,0x00,0x3F,
    0xFF,0xF1,0x00,0x00,0x00,0x00,0x00,0x00,0x00,0x00,0x00,0x00,0x00,0x00,0x00,0x00,0x00,0x5F,0xFF,0xF0,0x00,0x00,0x00,0x00,
    0x00,0x00,0x00,0x00,0x00,0x00,0x00,0x00,0x00,0x00,0x00,0x5E,0xEE,0xE0,0x00,0x00,0x00,0x00,0x00,0x00,0x00,0x00,0x00,0x00,
    0x00,0x00,0x00,0x00,0x00,0x00,0x00,0x00,0x00,0x00,0x00,0x00,0x00,0x00,0x00,0x00,0x00,0x00,0x00,0x00,0x01,0x8E,0xFF,0xFF,
    0xFF,0xFF,0xFF,0xF3,0x00,0x00,0x00,0x00,0x00,0x00,0x00,0x00,0x00,0x00,0x9F,0xFF,0xFF,0xFF,0xFF,0xFF,0xFF,0xFE,0x10,0x00,
    0x00,0x00,0x00,0x00,0x00,0x00,0x00,0x0A,0xFF,0xFF,0xFF,0xFF,0xFF,0xFF,0xFF,0xFF,0xC0,0x00,0x00,0x00,0x00,0x00,0x00,0x00,
    0x00,0x00,0x00,0x00,0x00,0x00,0x00,0x00,0x00,0x00,0x00,0x00,0x00,0x00,0x00,0x00,0x00,0x00,0x00,0x00,0x00,0x00,0x00,0x00,
    0x00,0x00,0x00,0x00,0x00,0x00,0x00,0x00,0x00,0x00,0x00,0x00,0x00,0x00,0x00,0x00,0x00,0x00,0x00,0x00,0x00,0x00,0x00,0x00,
    0x00,0x00,0x00,0x00,0x00,0x00,
    // HP-41 code 74 (font 74)
    0x00,0x00,0x00,0x00,0x00,0x00,0x00,0x00,0x00,0x00,0x00,0x00,0x00,0x00,0x00,0x00,0x00,0x00,0x00,0x00,0x00,0x00,0x00,0x00,
    0x00,0x00,0x00,0x00,0x00,0x00,0x35,0x00,0x00,0x00,0x00,0x00,0x00,0x00,0x00,0x00,0x00,0x00,0x00,0x00,0x00,0x00,0x00,0x03,
    0xE4,0x00,0x00,0x00,0x00,0x00,0x00,0x00,0x00,0x00,0x00,0x00,0x00,0x00,0x00,0x00,0x00,0x0B,0xF3,0x00,0x00,0x00,0x00,0x00,
    0x00,0x00,0x00,0x00,0x00,0x00,0x00,0x00,0x00,0x00,0x00,0x1F,0xF2,0x00,0x00,0x00,0x00,0x00,0x00,0x00,0x00,0x00,0x00,0x00,
    0x00,0x00,0x00,0x00,0x00,0x6F,0xF0,0x00,0x00,0x00,0x00,0x00,0x00,0x00,0x00,0x00,0x00,0x00,0x00,0x00,0x00,0x00,0x00,0xBF,
    0xF0,0x00,0x00,0x00,0x00,0x00,0x00,0x00,0x00,0x00,0x00,0x00,0x00,0x00,0x00,0x00,0x01,0xFF,0xE0,0x00,0x00,0x00,0x00,0x00,
    0x00,0x00,0x00,0x00,0x00,0x00,0x00,0x00,0x00,0x00,0x05,0xFF,0xC0,0x00,0x00,0x00,0x00,0x00,0x00,0x00,0x00,0x00,0x00,0x00,
    0x00,0x00,0x00,0x00,0x0B,0xFF,0xB0,0x00,0x00,0x00,0x00,0x00,0x00,0x00,0x00,0x00,0x00,0x00,0x00,0x00,0x00,0x00,0x0D,0xFF,
    0xA0,0x00,0x00,0x00,0x00,0x00,0x00,0x00,0x00,0x00,0x00,0x00,0x00,0x00,0x00,0x00,0x0E,0xFF,0x80,0x00,0x00,0x00,0x00,0x00,
    0x00,0x00,0x00,0x00,0x00,0x00,0x00,0x00,0x00,0x00,0x0F,0xFF,0x70,0x00,0x00,0x00,0x00,0x00,0x00,0x00,0x00,0x00,0x00,0x00,
    0x00,0x00,0x00,0x00,0x09,0xFF,0x60,0x00,0x00,0x00,0x00,0x00,0x00,0x00,0x00,0x00,0x00,0x00,0x00,0x00,0x00,0x00,0x00,0xBE,
    0x30,0x00,0x00,0x00,0x00,0x00,0x00,0x00,0x00,0x00,0x00,0x00,0x00,0x00,0x00,0x00,0x00,0x00,0x00,0x00,0x00,0x00,0x00,0x00,
    0x00,0x00,0x10,0x00,0x00,0x00,0x00,0x00,0x00,0x00,0x00,0x00,0x00,0x00,0x00,0x00,0x00,0x00,0x00,0x0A,0xF3,0x00,0x00,0x00,
    0x00,0x00,0x00,0x00,0x02,0xEA,0x00,0x00,0x00,0x00,0x00,0x00,0x00,0x0F,0xFE,0x10,0x00,0x00,0x00,0x00,0x00,0x00,0x2E,0xFF,
    0x00,0x00,0x00,0x00,0x00,0x00,0x00,0x1F,0xFF,0x60,0x00,0x00,0x00,0x00,0x00,0x00,0xBF,0xFE,0x00,0x00,0x00,0x00,0x00,0x00,
    0x00,0x3F,0xFF,0x50,0x00,0x00,0x00,0x00,0x00,0x00,0xAF,0xFD,0x00,0x00,0x00,0x00,0x00,0x00,0x00,0x4F,0xFF,0x40,0x00,0x00,
    0x00,0x00,0x00,0x00,0x9F,0xFB,0x00,0x00,0x00,0x00,0x00,0x00,0x00,0x5F,0xFF,0x10,0x00,0x00,0x00,0x00,0x00,0x00,0x8F,0xFA,
    0x00,0x00,0x00,0x00,0x00,0x00,0x00,0x6F,0xFC,0x00,0x00,0x00,0x00,0x00,0x00,0x00,0x7F,0xF9,0x00,0x00,0x00,0x00,0x00,0x00,
    0x00,0x8F,0xF7,0x00,0x00,0x00,0x00,0x00,0x00,0x00,0x5F,0xF8,0x00,0x00,0x00,0x00,0x00,0x00,0x00,0x9F,0xF2,0x00,0x00,0x00,
    0x00,0x00,0x00,0x00,0x4F,0xF6,0x00,0x00,0x00,0x00,0x00,0x00,0x00,0xAF,0xD0,0x00,0x00,0x00,0x00,0x00,0x00,0x00,0x3F,0xF5,
    0x00,0x00,0x00,0x00,0x00,0x00,0x00,0xCF,0x70,0x00,0x00,0x00,0x00,0x00,0x00,0x00,0x2F,0xF4,0x00,0x00,0x00,0x00,0x00,0x00,
    0x00,0xDF,0x20,0x00,0x00,0x00,0x00,0x00,0x00,0x00,0x0F,0xF2,0x00,0x00,0x00,0x00,0x00,0x00,0x00,0xE8,0x01,0x8E,0xFF,0xFF,
    0xFF,0xFF,0xFF,0xF3,0x0A,0xF1,0x00,0x00,0x00,0x00,0x00,0x00,0x00,0x80,0x9F,0xFF,0xFF,0xFF,0xFF,0xFF,0xFF,0xFE,0x10,0xC0,
    0x00,0x00,0x00,0x00,0x00,0x00,0x00,0x0A,0xFF,0xFF,0xFF,0xFF,0xFF,0xFF,0xFF,0xFF,0xC0,0x10,0x00,0x00,0x00,0x00,0x00,0x00,
    0x00,0x00,0x00,0x00,0x00,0x00,0x00,0x00,0x00,0x00,0x00,0x00,0x00,0x00,0x00,0x00,0x00,0x00,0x00,0x00,0x00,0x00,0x00,0x00,
    0x00,0x00,0x00,0x00,0x00,0x00,0x00,0x00,0x00,0x00,0x00,0x00,0x00,0x00,0x00,0x00,0x00,0x00,0x00,0x00,0x00,0x00,0x00,0x00,
    0x00,0x00,0x00,0x00,0x00,0x00,
    // HP-41 code 75 (font 75)
    0x00,0x00,0x10,0x00,0x00,0x00,0x00,0x00,0x00,0x00,0x00,0x00,0x00,0x00,0x00,0x00,0x00,0x00,0x00,0x00,0x94,0x00,0x00,0x00,
    0x00,0x00,0x00,0x00,0x00,0x00,0x00,0x00,0x00,0x00,0x00,0x00,0x00,0x00,0xBE,0x20,0x00,0x00,0x00,0x00,0x00,0x00,0x00,0x20,
    0x00,0x00,0x00,0x00,0x00,0x00,0x00,0x00,0xCF,0x70,0x00,0x00,0x00,0x00,0x00,0x00,0x6E,0x10,0x00,0x00,0x00,0x00,0x00,0x00,
    0x00,0x00,0xEF,0x90,0x00,0x00,0x00,0x00,0x00,0x0A,0xFB,0x00,0x00,0x00,0x00,0x00,0x00,0x00,0x00,0x00,0xFF,0xA0,0x00,0x00,
    0x00,0x00,0x00,0xBF,0xF5,0x00,0x00,0x00,0x00,0x00,0x00,0x00,0x00,0x00,0xFF,0xB0,0x00,0x00,0x00,0x00,0x09,0xFF,0xE0,0x00,
    0x00,0x00,0x00,0x00,0x00,0x00,0x00,0x01,0xFF,0xC0,0x00,0x00,0x00,0x00,0x0F,0xFF,0x90,0x00,0x00,0x00,0x00,0x00,0x00,0x00,
    0x00,0x03,0xFF,0xD0,0x00,0x00,0x00,0x00,0x5F,0xFF,0x30,0x00,0x00,0x00,0x00,0x00,0x00,0x00,0x00,0x04,0xFF,0xE0,0x00,0x00,
    0x00,0x00,0xAF,0xFC,0x00,0x00,0x00,0x00,0x00,0x00,0x00,0x00,0x00,0x05,0xFF,0xF0,0x00,0x00,0x00,0x00,0xFF,0xF6,0x00,0x00,
    0x00,0x00,0x00,0x00,0x00,0x00,0x00,0x07,0xFF,0xF0,0x00,0x00,0x00,0x05,0xFF,0x60,0x00,0x00,0x00,0x00,0x00,0x00,0x00,0x00,
    0x00,0x08,0xFF,0xF1,0x00,0x00,0x00,0x0B,0xF4,0x00,0x00,0x00,0x00,0x00,0x00,0x00,0x00,0x00,0x00,0x09,0xFF,0x70,0x00,0x00,
    0x00,0x1E,0x30,0x00,0x00,0x00,0x00,0x00,0x00,0x00,0x00,0x00,0x00,0x04,0xE7,0xBF,0xFF,0xE3,0x00,0x42,0x00,0x00,0x00,0x00,
    0x00,0x00,0x00,0x00,0x00,0x00,0x00,0x00,0x06,0xFF,0xFF,0xFF,0x70,0x00,0x00,0x00,0x00,0x00,0x00,0x00,0x00,0x00,0x00,0x00,
    0x00,0x00,0x04,0xFF,0xFF,0xFF,0x50,0x00,0x00,0x00,0x00,0x00,0x00,0x00,0x00,0x00,0x00,0x00,0x00,0x0A,0xF3,0x9F,0xFF,0xE3,
    0x00,0x74,0x00,0x00,0x00,0x00,0x00,0x00,0x00,0x00,0x00,0x00,0x00,0x0F,0xFE,0x10,0x00,0x00,0x00,0x5F,0x70,0x00,0x00,0x00,
    0x00,0x00,0x00,0x00,0x00,0x00,0x00,0x1F,0xFF,0x60,0x00,0x00,0x00,0x1F,0xFA,0x00,0x00,0x00,0x00,0x00,0x00,0x00,0x00,0x00,
    0x00,0x3F,0xFF,0x50,0x00,0x00,0x00,0x0E,0xFF,0x30,0x00,0x00,0x00,0x00,0x00,0x00,0x00,0x00,0x00,0x4F,0xFF,0x40,0x00,0x00,
    0x00,0x0B,0xFF,0xB0,0x00,0x00,0x00,0x00,0x00,0x00,0x00,0x00,0x00,0x5F,0xFF,0x20,0x00,0x00,0x00,0x07,0xFF,0xF2,0x00,0x00,
    0x00,0x00,0x00,0x00,0x00,0x00,0x00,0x6F,0xFC,0x00,0x00,0x00,0x00,0x04,0xFF,0xF6,0x00,0x00,0x00,0x00,0x00,0x00,0x00,0x00,
    0x00,0x8F,0xF7,0x00,0x00,0x00,0x00,0x00,0xDF,0xF8,0x00,0x00,0x00,0x00,0x00,0x00,0x00,0x00,0x00,0x9F,0xF2,0x00,0x00,0x00,
    0x00,0x00,0x6F,0xFA,0x00,0x00,0x00,0x00,0x00,0x00,0x00,0x00,0x00,0xAF,0xD0,0x00,0x00,0x00,0x00,0x00,0x0E,0xFD,0x00,0x00,
    0x00,0x00,0x00,0x00,0x00,0x00,0x00,0xCF,0x70,0x00,0x00,0x00,0x00,0x00,0x05,0xFF,0x00,0x00,0x00,0x00,0x00,0x00,0x00,0x00,
    0x00,0xDF,0x20,0x00,0x00,0x00,0x00,0x00,0x00,0x2C,0x10,0x00,0x00,0x00,0x00,0x00,0x00,0x00,0x00,0xE8,0x00,0x00,0x00,0x00,
    0x00,0x00,0x00,0x00,0x00,0x00,0x00,0x00,0x00,0x00,0x00,0x00,0x00,0x80,0x00,0x00,0x00,0x00,0x00,0x00,0x00,0x00,0x00,0x00,
    0x00,0x00,0x00,0x00,0x00,0x00,0x00,0x00,0x00,0x00,0x00,0x00,0x00,0x00,0x00,0x00,0x00,0x00,0x00,0x00,0x00,0x00,0x00,0x00,
    0x00,0x00,0x00,0x00,0x00,0x00,0x00,0x00,0x00,0x00,0x00,0x00,0x00,0x00,0x00,0x00,0x00,0x00,0x00,0x00,0x00,0x00,0x00,0x00,
    0x00,0x00,0x00,0x00,0x00,0x00,0x00,0x00,0x00,0x00,0x00,0x00,0x00,0x00,0x00,0x00,0x00,0x00,0x00,0x00,0x00,0x00,0x00,0x00,
    0x00,0x00,0x00,0x00,0x00,0x00,
    // HP-41 code 76 (font 76)
    0x00,0x00,0x10,0x00,0x00,0x00,0x00,0x00,0x00,0x00,0x00,0x00,0x00,0x00,0x00,0x00,0x00,0x00,0x00,0x00,0x94,0x00,0x00,0x00,
    0x00,0x00,0x00,0x00,0x00,0x00,0x00,0x00,0x00,0x00,0x00,0x00,0x00,0x00,0xBE,0x20,0x00,0x00,0x00,0x00,0x00,0x00,0x00,0x00,
    0x00,0x00,0x00,0x00,0x00,0x00,0x00,0x00,0xCF,0x70,0x00,0x00,0x00,0x00,0x00,0x00,0x00,0x00,0x00,0x00,0x00,0x00,0x00,0x00,
    0x00,0x00,0xEF,0x90,0x00,0x00,0x00,0x00,0x00,0x00,0x00,0x00,0x00,0x00,0x00,0x00,0x00,0x00,0x00,0x00,0xFF,0xA0,0x00,0x00,
    0x00,0x00,0x00,0x00,0x00,0x00,0x00,0x00,0x00,0x00,0x00,0x00,0x00,0x00,0xFF,0xB0,0x00,0x00,0x00,0x00,0x00,0x00,0x00,0x00,
    0x00,0x00,0x00,0x00,0x00,0x00,0x00,0x01,0xFF,0xC0,0x00,0x00,0x00,0x00,0x00,0x00,0x00,0x00,0x00,0x00,0x00,0x00,0x00,0x00,
    0x00,0x03,0xFF,0xD0,0x00,0x00,0x00,0x00,0x00,0x00,0x00,0x00,0x00,0x00,0x00,0x00,0x00,0x00,0x00,0x04,0xFF,0xE0,0x00,0x00,
    0x00,0x00,0x00,0x00,0x00,0x00,0x00,0x00,0x00,0x00,0x00,0x00,0x00,0x05,0xFF,0xF0,0x00,0x00,0x00,0x00,0x00,0x00,0x00,0x00,
    0x00,0x00,0x00,0x00,0x00,0x00,0x00,0x07,0xFF,0xF0,0x00,0x00,0x00,0x00,0x00,0x00,0x00,0x00,0x00,0x00,0x00,0x00,0x00,0x00,
    0x00,0x08,0xFF,0xF1,0x00,0x00,0x00,0x00,0x00,0x00,0x00,0x00,0x00,0x00,0x00,0x00,0x00,0x00,0x00,0x09,0xFF,0x70,0x00,0x00,
    0x00,0x00,0x00,0x00,0x00,0x00,0x00,0x00,0x00,0x00,0x00,0x00,0x00,0x04,0xE7,0x00,0x00,0x00,0x00,0x00,0x00,0x00,0x00,0x00,
    0x00,0x00,0x00,0x00,0x00,0x00,0x00,0x00,0x00,0x00,0x00,0x00,0x00,0x00,0x00,0x00,0x00,0x00,0x00,0x00,0x00,0x00,0x00,0x00,
    0x00,0x00,0x10,0x00,0x00,0x00,0x00,0x00,0x00,0x00,0x00,0x00,0x00,0x00,0x00,0x00,0x00,0x00,0x00,0x0A,0xF3,0x00,0x00,0x00,
    0x00,0x00,0x00,0x00,0x00,0x00,0x00,0x00,0x00,0x00,0x00,0x00,0x00,0x0F,0xFE,0x10,0x00,0x00,0x00,0x00,0x00,0x00,0x00,0x00,
    0x00,0x00,0x00,0x00,0x00,0x00,0x00,0x1F,0xFF,0x60,0x00,0x00,0x00,0x00,0x00,0x00,0x00,0x00,0x00,0x00,0x00,0x00,0x00,0x00,
    0x00,0x3F,0xFF,0x50,0x00,0x00,0x00,0x00,0x00,0x00,0x00,0x00,0x00,0x00,0x00,0x00,0x00,0x00,0x00,0x4F,0xFF,0x40,0x00,0x00,
    0x00,0x00,0x00,0x00,0x00,0x00,0x00,0x00,0x00,0x00,0x00,0x00,0x00,0x5F,0xFF,0x10,0x00,0x00,0x00,0x00,0x00,0x00,0x00,0x00,
    0x00,0x00,0x00,0x00,0x00,0x00,0x00,0x6F,0xFC,0x00,0x00,0x00,0x00,0x00,0x00,0x00,0x00,0x00,0x00,0x00,0x00,0x00,0x00,0x00,
    0x00,0x8F,0xF7,0x00,0x00,0x00,0x00,0x00,0x00,0x00,0x00,0x00,0x00,0x00,0x00,0x00,0x00,0x00,0x00,0x9F,0xF2,0x00,0x00,0x00,
    0x00,0x00,0x00,0x00,0x00,0x00,0x00,0x00,0x00,0x00,0x00,0x00,0x00,0xAF,0xD0,0x00,0x00,0x00,0x00,0x00,0x00,0x00,0x00,0x00,
    0x00,0x00,0x00,0x00,0x00,0x00,0x00,0xCF,0x70,0x00,0x00,0x00,0x00,0x00,0x00,0x00,0x00,0x00,0x00,0x00,0x00,0x00,0x00,0x00,
    0x00,0xDF,0x20,0x00,0x00,0x00,0x00,0x00,0x00,0x00,0x00,0x00,0x00,0x00,0x00,0x00,0x00,0x00,0x00,0xE8,0x01,0x8E,0xFF,0xFF,
    0xFF,0xFF,0xFF,0xF3,0x00,0x00,0x00,0x00,0x00,0x00,0x00,0x00,0x00,0x80,0x9F,0xFF,0xFF,0xFF,0xFF,0xFF,0xFF,0xFE,0x10,0x00,
    0x00,0x00,0x00,0x00,0x00,0x00,0x00,0x0A,0xFF,0xFF,0xFF,0xFF,0xFF,0xFF,0xFF,0xFF,0xC0,0x00,0x00,0x00,0x00,0x00,0x00,0x00,
    0x00,0x00,0x00,0x00,0x00,0x00,0x00,0x00,0x00,0x00,0x00,0x00,0x00,0x00,0x00,0x00,0x00,0x00,0x00,0x00,0x00,0x00,0x00,0x00,
    0x00,0x00,0x00,0x00,0x00,0x00,0x00,0x00,0x00,0x00,0x00,0x00,0x00,0x00,0x00,0x00,0x00,0x00,0x00,0x00,0x00,0x00,0x00,0x00,
    0x00,0x00,0x00,0x00,0x00,0x00,
    // HP-41 code 77 (font 77)
    0x00,0x00,0x60,0x00,0x00,0x00,0x00,0x00,0x00,0x00,0x00,0x00,0x02,0x00,0x00,0x00,0x00,0x00,0x00,0x00,0xAB,0x00,0x00,0x00,
    0x00,0x00,0x00,0x00,0x00,0x00,0xA5,0x00,0x00,0x00,0x00,0x00,0x00,0x00,0xCF,0x66,0x00,0x00,0x00,0x00,0x00,0x00,0x05,0x38,
    0xF4,0x00,0x00,0x00,0x00,0x00,0x00,0x00,0xDF,0x8A,0xD2,0x00,0x00,0x00,0x00,0x02,0xBE,0x0E,0xF2,0x00,0x00,0x00,0x00,0x00,
    0x00,0x00,0xEF,0x97,0xFE,0x10,0x00,0x00,0x00,0x2E,0xF9,0x4F,0xF1,0x00,0x00,0x00,0x00,0x00,0x00,0x00,0xFF,0xA5,0xFF,0x80,
    0x00,0x00,0x02,0xEF,0xF3,0x9F,0xF0,0x00,0x00,0x00,0x00,0x00,0x00,0x01,0xFF,0xB3,0xFF,0xE0,0x00,0x00,0x0C,0xFF,0xD0,0xEF,
    0xE0,0x00,0x00,0x00,0x00,0x00,0x00,0x02,0xFF,0xD1,0xFF,0xF6,0x00,0x00,0x1F,0xFF,0x73,0xFF,0xD0,0x00,0x00,0x00,0x00,0x00,
    0x00,0x04,0xFF,0xE0,0xFF,0xFC,0x00,0x00,0x7F,0xFF,0x18,0xFF,0xC0,0x00,0x00,0x00,0x00,0x00,0x00,0x05,0xFF,0xF0,0x9F,0xFF,
    0x00,0x00,0xCF,0xFA,0x0C,0xFF,0xA0,0x00,0x00,0x00,0x00,0x00,0x00,0x06,0xFF,0xF0,0x2F,0xFF,0x20,0x02,0xFF,0xE3,0x0E,0xFF,
    0x90,0x00,0x00,0x00,0x00,0x00,0x00,0x07,0xFF,0xF1,0x0B,0xFF,0x60,0x07,0xFE,0x20,0x0F,0xFF,0x80,0x00,0x00,0x00,0x00,0x00,
    0x00,0x09,0xFF,0xD0,0x01,0xCF,0x90,0x0D,0xC1,0x00,0x0D,0xFF,0x60,0x00,0x00,0x00,0x00,0x00,0x00,0x08,0xFD,0x10,0x00,0x09,
    0xC0,0x2B,0x00,0x00,0x02,0xFF,0x50,0x00,0x00,0x00,0x00,0x00,0x00,0x00,0x61,0x00,0x00,0x00,0x50,0x20,0x00,0x00,0x00,0x45,
    0x00,0x00,0x00,0x00,0x00,0x00,0x00,0x00,0x00,0x00,0x00,0x00,0x00,0x00,0x00,0x00,0x00,0x00,0x00,0x00,0x00,0x00,0x00,0x00,
    0x00,0x01,0x70,0x00,0x00,0x00,0x00,0x00,0x00,0x00,0x00,0x62,0x00,0x00,0x00,0x00,0x00,0x00,0x00,0x0F,0xF9,0x00,0x00,0x00,
    0x00,0x00,0x00,0x00,0x08,0xFF,0x00,0x00,0x00,0x00,0x00,0x00,0x00,0x1F,0xFF,0x40,0x00,0x00,0x00,0x00,0x00,0x00,0x7F,0xFF,
    0x00,0x00,0x00,0x00,0x00,0x00,0x00,0x2F,0xFF,0x60,0x00,0x00,0x00,0x00,0x00,0x00,0xBF,0xFE,0x00,0x00,0x00,0x00,0x00,0x00,
    0x00,0x3F,0xFF,0x40,0x00,0x00,0x00,0x00,0x00,0x00,0xAF,0xFC,0x00,0x00,0x00,0x00,0x00,0x00,0x00,0x4F,0xFF,0x30,0x00,0x00,
    0x00,0x00,0x00,0x00,0x8F,0xFB,0x00,0x00,0x00,0x00,0x00,0x00,0x00,0x6F,0xFF,0x00,0x00,0x00,0x00,0x00,0x00,0x00,0x7F,0xFA,
    0x00,0x00,0x00,0x00,0x00,0x00,0x00,0x7F,0xFA,0x00,0x00,0x00,0x00,0x00,0x00,0x00,0x6F,0xF8,0x00,0x00,0x00,0x00,0x00,0x00,
    0x00,0x8F,0xF5,0x00,0x00,0x00,0x00,0x00,0x00,0x00,0x5F,0xF7,0x00,0x00,0x00,0x00,0x00,0x00,0x00,0xAF,0xF0,0x00,0x00,0x00,
    0x00,0x00,0x00,0x00,0x4F,0xF6,0x00,0x00,0x00,0x00,0x00,0x00,0x00,0xBF,0xA0,0x00,0x00,0x00,0x00,0x00,0x00,0x00,0x2F,0xF4,
    0x00,0x00,0x00,0x00,0x00,0x00,0x00,0xCF,0x50,0x00,0x00,0x00,0x00,0x00,0x00,0x00,0x1F,0xF3,0x00,0x00,0x00,0x00,0x00,0x00,
    0x00,0xEE,0x00,0x00,0x00,0x00,0x00,0x00,0x00,0x00,0x0F,0xF2,0x00,0x00,0x00,0x00,0x00,0x00,0x00,0xD2,0x00,0x00,0x00,0x00,
    0x00,0x00,0x00,0x00,0x04,0xF0,0x00,0x00,0x00,0x00,0x00,0x00,0x00,0x20,0x00,0x00,0x00,0x00,0x00,0x00,0x00,0x00,0x00,0x70,
    0x00,0x00,0x00,0x00,0x00,0x00,0x00,0x00,0x00,0x00,0x00,0x00,0x00,0x00,0x00,0x00,0x00,0x00,0x00,0x00,0x00,0x00,0x00,0x00,
    0x00,0x00,0x00,0x00,0x00,0x00,0x00,0x00,0x00,0x00,0x00,0x00,0x00,0x00,0x00,0x00,0x00,0x00,0x00,0x00,0x00,0x00,0x00,0x00,
    0x00,0x00,0x00,0x00,0x00,0x00,0x00,0x00,0x00,0x00,0x00,0x00,0x00,0x00,0x00,0x00,0x00,0x00,0x00,0x00,0x00,0x00,0x00,0x00,
    0x00,0x00,0x00,0x00,0x00,0x00,
    // HP-41 code 78 (font 78)
    0x00,0x00,0x60,0x00,0x00,0x00,0x00,0x00,0x00,0x00,0x00,0x00,0x02,0x00,0x00,0x00,0x00,0x00,0x00,0x00,0xAB,0x00,0x00,0x00,
    0x00,0x00,0x00,0x00,0x00,0x00,0xA5,0x00,0x00,0x00,0x00,0x00,0x00,0x00,0xCF,0x66,0x00,0x00,0x00,0x00,0x00,0x00,0x00,0x08,
    0xF4,0x00,0x00,0x00,0x00,0x00,0x00,0x00,0xDF,0x8A,0xD2,0x00,0x00,0x00,0x00,0x00,0x00,0x0E,0xF2,0x00,0x00,0x00,0x00,0x00,
    0x00,0x00,0xEF,0x97,0xFE,0x10,0x00,0x00,0x00,0x00,0x00,0x4F,0xF1,0x00,0x00,0x00,0x00,0x00,0x00,0x00,0xFF,0xA5,0xFF,0x80,
    0x00,0x00,0x00,0x00,0x00,0x9F,0xF0,0x00,0x00,0x00,0x00,0x00,0x00,0x01,0xFF,0xB3,0xFF,0xE0,0x00,0x00,0x00,0x00,0x00,0xEF,
    0xE0,0x00,0x00,0x00,0x00,0x00,0x00,0x02,0xFF,0xD1,0xFF,0xF6,0x00,0x00,0x00,0x00,0x03,0xFF,0xD0,0x00,0x00,0x00,0x00,0x00,
    0x00,0x04,0xFF,0xE0,0xFF,0xFC,0x00,0x00,0x00,0x00,0x08,0xFF,0xC0,0x00,0x00,0x00,0x00,0x00,0x00,0x05,0xFF,0xF0,0x9F,0xFF,
    0x00,0x00,0x00,0x00,0x0C,0xFF,0xA0,0x00,0x00,0x00,0x00,0x00,0x00,0x06,0xFF,0xF0,0x2F,0xFF,0x20,0x00,0x00,0x00,0x0E,0xFF,
    0x90,0x00,0x00,0x00,0x00,0x00,0x00,0x07,0xFF,0xF1,0x0B,0xFF,0x60,0x00,0x00,0x00,0x0F,0xFF,0x80,0x00,0x00,0x00,0x00,0x00,
    0x00,0x09,0xFF,0xD0,0x01,0xCF,0x90,0x00,0x00,0x00,0x0D,0xFF,0x60,0x00,0x00,0x00,0x00,0x00,0x00,0x08,0xFD,0x10,0x00,0x09,
    0xC0,0x00,0x00,0x00,0x02,0xFF,0x50,0x00,0x00,0x00,0x00,0x00,0x00,0x00,0x61,0x00,0x00,0x00,0x50,0x00,0x00,0x00,0x00,0x45,
    0x00,0x00,0x00,0x00,0x00,0x00,0x00,0x00,0x00,0x00,0x00,0x00,0x00,0x00,0x00,0x00,0x00,0x00,0x00,0x00,0x00,0x00,0x00,0x00,
    0x00,0x01,0x70,0x00,0x00,0x00,0x00,0x30,0x00,0x00,0x00,0x62,0x00,0x00,0x00,0x00,0x00,0x00,0x00,0x0F,0xF9,0x00,0x00,0x00,
    0x00,0x6C,0x10,0x00,0x08,0xFF,0x00,0x00,0x00,0x00,0x00,0x00,0x00,0x1F,0xFF,0x40,0x00,0x00,0x00,0x3F,0xE4,0x00,0x7F,0xFF,
    0x00,0x00,0x00,0x00,0x00,0x00,0x00,0x2F,0xFF,0x60,0x00,0x00,0x00,0x0F,0xFF,0x10,0xBF,0xFE,0x00,0x00,0x00,0x00,0x00,0x00,
    0x00,0x3F,0xFF,0x40,0x00,0x00,0x00,0x0C,0xFF,0x70,0xAF,0xFC,0x00,0x00,0x00,0x00,0x00,0x00,0x00,0x4F,0xFF,0x30,0x00,0x00,
    0x00,0x09,0xFF,0xE0,0x8F,0xFB,0x00,0x00,0x00,0x00,0x00,0x00,0x00,0x6F,0xFF,0x00,0x00,0x00,0x00,0x06,0xFF,0xF5,0x7F,0xFA,
    0x00,0x00,0x00,0x00,0x00,0x00,0x00,0x7F,0xFA,0x00,0x00,0x00,0x00,0x01,0xFF,0xF7,0x6F,0xF8,0x00,0x00,0x00,0x00,0x00,0x00,
    0x00,0x8F,0xF5,0x00,0x00,0x00,0x00,0x00,0xAF,0xF9,0x5F,0xF7,0x00,0x00,0x00,0x00,0x00,0x00,0x00,0xAF,0xF0,0x00,0x00,0x00,
    0x00,0x00,0x3F,0xFC,0x4F,0xF6,0x00,0x00,0x00,0x00,0x00,0x00,0x00,0xBF,0xA0,0x00,0x00,0x00,0x00,0x00,0x0B,0xFE,0x2F,0xF4,
    0x00,0x00,0x00,0x00,0x00,0x00,0x00,0xCF,0x50,0x00,0x00,0x00,0x00,0x00,0x00,0x9F,0x2F,0xF3,0x00,0x00,0x00,0x00,0x00,0x00,
    0x00,0xEE,0x00,0x00,0x00,0x00,0x00,0x00,0x00,0x05,0x2F,0xF2,0x00,0x00,0x00,0x00,0x00,0x00,0x00,0xD2,0x00,0x00,0x00,0x00,
    0x00,0x00,0x00,0x00,0x04,0xF0,0x00,0x00,0x00,0x00,0x00,0x00,0x00,0x20,0x00,0x00,0x00,0x00,0x00,0x00,0x00,0x00,0x00,0x70,
    0x00,0x00,0x00,0x00,0x00,0x00,0x00,0x00,0x00,0x00,0x00,0x00,0x00,0x00,0x00,0x00,0x00,0x00,0x00,0x00,0x00,0x00,0x00,0x00,
    0x00,0x00,0x00,0x00,0x00,0x00,0x00,0x00,0x00,0x00,0x00,0x00,0x00,0x00,0x00,0x00,0x00,0x00,0x00,0x00,0x00,0x00,0x00,0x00,
    0x00,0x00,0x00,0x00,0x00,0x00,0x00,0x00,0x00,0x00,0x00,0x00,0x00,0x00,0x00,0x00,0x00,0x00,0x00,0x00,0x00,0x00,0x00,0x00,
    0x00,0x00,0x00,0x00,0x00,0x00,
    // HP-41 code 79 (font 79)
    0x00,0x00,0x10,0x6F,0xFF,0xFF,0xFF,0xFF,0xFF,0xFF,0xFF,0xFE,0x20,0x00,0x00,0x00,0x00,0x00,0x00,0x00,0x94,0x09,0xFF,0xFF,
    0xFF,0xFF,0xFF,0xFF,0xFF,0xD2,0x24,0x00,0x00,0x00,0x00,0x00,0x00,0x00,0xBE,0x20,0xCF,0xFF,0xFF,0xFF,0xFF,0xFF,0xB4,0x02,
    0xE4,0x00,0x00,0x00,0x00,0x00,0x00,0x00,0xCF,0x70,0x00,0x00,0x00,0x00,0x00,0x00,0x00,0x0B,0xF3,0x00,0x00,0x00,0x00,0x00,
    0x00,0x00,0xDF,0x90,0x00,0x00,0x00,0x00,0x00,0x00,0x00,0x1F,0xF2,0x00,0x00,0x00,0x00,0x00,0x00,0x00,0xFF,0xA0,0x00,0x00,
    0x00,0x00,0x00,0x00,0x00,0x6F,0xF0,0x00,0x00,0x00,0x00,0x00,0x00,0x00,0xFF,0xB0,0x00,0x00,0x00,0x00,0x00,0x00,0x00,0xBF,
    0xF0,0x00,0x00,0x00,0x00,0x00,0x00,0x01,0xFF,0xC0,0x00,0x00,0x00,0x00,0x00,0x00,0x00,0xFF,0xE0,0x00,0x00,0x00,0x00,0x00,
    0x00,0x03,0xFF,0xD0,0x00,0x00,0x00,0x00,0x00,0x00,0x05,0xFF,0xC0,0x00,0x00,0x00,0x00,0x00,0x00,0x04,0xFF,0xE0,0x00,0x00,
    0x00,0x00,0x00,0x00,0x0A,0xFF,0xB0,0x00,0x00,0x00,0x00,0x00,0x00,0x05,0xFF,0xF0,0x00,0x00,0x00,0x00,0x00,0x00,0x0D,0xFF,
    0xA0,0x00,0x00,0x00,0x00,0x00,0x00,0x07,0xFF,0xF0,0x00,0x00,0x00,0x00,0x00,0x00,0x0E,0xFF,0x80,0x00,0x00,0x00,0x00,0x00,
    0x00,0x08,0xFF,0xF1,0x00,0x00,0x00,0x00,0x00,0x00,0x0F,0xFF,0x70,0x00,0x00,0x00,0x00,0x00,0x00,0x09,0xFF,0x70,0x00,0x00,
    0x00,0x00,0x00,0x00,0x0A,0xFF,0x60,0x00,0x00,0x00,0x00,0x00,0x00,0x04,0xE7,0x00,0x00,0x00,0x00,0x00,0x00,0x00,0x00,0xCE,
    0x30,0x00,0x00,0x00,0x00,0x00,0x00,0x00,0x00,0x00,0x00,0x00,0x00,0x00,0x00,0x00,0x00,0x00,0x00,0x00,0x00,0x00,0x00,0x00,
    0x00,0x00,0x10,0x00,0x00,0x00,0x00,0x00,0x00,0x00,0x00,0x00,0x00,0x00,0x00,0x00,0x00,0x00,0x00,0x0A,0xF3,0x00,0x00,0x00,
    0x00,0x00,0x00,0x00,0x02,0xEA,0x00,0x00,0x00,0x00,0x00,0x00,0x00,0x0F,0xFE,0x10,0x00,0x00,0x00,0x00,0x00,0x00,0x2E,0xFF,
    0x00,0x00,0x00,0x00,0x00,0x00,0x00,0x1F,0xFF,0x60,0x00,0x00,0x00,0x00,0x00,0x00,0xBF,0xFE,0x00,0x00,0x00,0x00,0x00,0x00,
    0x00,0x3F,0xFF,0x50,0x00,0x00,0x00,0x00,0x00,0x00,0xAF,0xFD,0x00,0x00,0x00,0x00,0x00,0x00,0x00,0x4F,0xFF,0x40,0x00,0x00,
    0x00,0x00,0x00,0x00,0x9F,0xFB,0x00,0x00,0x00,0x00,0x00,0x00,0x00,0x5F,0xFF,0x10,0x00,0x00,0x00,0x00,0x00,0x00,0x8F,0xFA,
    0x00,0x00,0x00,0x00,0x00,0x00,0x00,0x6F,0xFC,0x00,0x00,0x00,0x00,0x00,0x00,0x00,0x7F,0xF9,0x00,0x00,0x00,0x00,0x00,0x00,
    0x00,0x8F,0xF7,0x00,0x00,0x00,0x00,0x00,0x00,0x00,0x5F,0xF8,0x00,0x00,0x00,0x00,0x00,0x00,0x00,0x9F,0xF2,0x00,0x00,0x00,
    0x00,0x00,0x00,0x00,0x4F,0xF6,0x00,0x00,0x00,0x00,0x00,0x00,0x00,0xAF,0xD0,0x00,0x00,0x00,0x00,0x00,0x00,0x00,0x3F,0xF5,
    0x00,0x00,0x00,0x00,0x00,0x00,0x00,0xCF,0x70,0x00,0x00,0x00,0x00,0x00,0x00,0x00,0x2F,0xF4,0x00,0x00,0x00,0x00,0x00,0x00,
    0x00,0xDF,0x20,0x00,0x00,0x00,0x00,0x00,0x00,0x00,0x0F,0xF2,0x00,0x00,0x00,0x00,0x00,0x00,0x00,0xE8,0x01,0x8E,0xFF,0xFF,
    0xFF,0xFF,0xFF,0xF3,0x0A,0xF1,0x00,0x00,0x00,0x00,0x00,0x00,0x00,0x80,0x9F,0xFF,0xFF,0xFF,0xFF,0xFF,0xFF,0xFE,0x10,0xC0,
    0x00,0x00,0x00,0x00,0x00,0x00,0x00,0x0A,0xFF,0xFF,0xFF,0xFF,0xFF,0xFF,0xFF,0xFF,0xC0,0x10,0x00,0x00,0x00,0x00,0x00,0x00,
    0x00,0x00,0x00,0x00,0x00,0x00,0x00,0x00,0x00,0x00,0x00,0x00,0x00,0x00,0x00,0x00,0x00,0x00,0x00,0x00,0x00,0x00,0x00,0x00,
    0x00,0x00,0x00,0x00,0x00,0x00,0x00,0x00,0x00,0x00,0x00,0x00,0x00,0x00,0x00,0x00,0x00,0x00,0x00,0x00,0x00,0x00,0x00,0x00,
    0x00,0x00,0x00,0x00,0x00,0x00,
    // HP-41 code 80 (font 80)
    0x00,0x00,0x10,0x6F,0xFF,0xFF,0xFF,0xFF,0xFF,0xFF,0xFF,0xFE,0x20,0x00,0x00,0x00,0x00,0x00,0x00,0x00,0x94,0x09,0xFF,0xFF,
    0xFF,0xFF,0xFF,0xFF,0xFF,0xD2,0x24,0x00,0x00,0x00,0x00,0x00,0x00,0x00,0xBE,0x20,0xCF,0xFF,0xFF,0xFF,0xFF,0xFF,0xB4,0x02,
    0xE4,0x00,0x00,0x00,0x00,0x00,0x00,0x00,0xCF,0x70,0x00,0x00,0x00,0x00,0x00,0x00,0x00,0x0B,0xF3,0x00,0x00,0x00,0x00,0x00,
    0x00,0x00,0xDF,0x90,0x00,0x00,0x00,0x00,0x00,0x00,0x00,0x1F,0xF2,0x00,0x00,0x00,0x00,0x00,0x00,0x00,0xFF,0xA0,0x00,0x00,
    0x00,0x00,0x00,0x00,0x00,0x6F,0xF0,0x00,0x00,0x00,0x00,0x00,0x00,0x00,0xFF,0xB0,0x00,0x00,0x00,0x00,0x00,0x00,0x00,0xBF,
    0xF0,0x00,0x00,0x00,0x00,0x00,0x00,0x01,0xFF,0xC0,0x00,0x00,0x00,0x00,0x00,0x00,0x00,0xFF,0xE0,0x00,0x00,0x00,0x00,0x00,
    0x00,0x03,0xFF,0xD0,0x00,0x00,0x00,0x00,0x00,0x00,0x05,0xFF,0xC0,0x00,0x00,0x00,0x00,0x00,0x00,0x04,0xFF,0xE0,0x00,0x00,
    0x00,0x00,0x00,0x00,0x0A,0xFF,0xB0,0x00,0x00,0x00,0x00,0x00,0x00,0x05,0xFF,0xF0,0x00,0x00,0x00,0x00,0x00,0x00,0x0D,0xFF,
    0xA0,0x00,0x00,0x00,0x00,0x00,0x00,0x07,0xFF,0xF0,0x00,0x00,0x00,0x00,0x00,0x00,0x0E,0xFF,0x80,0x00,0x00,0x00,0x00,0x00,
    0x00,0x08,0xFF,0xF1,0x00,0x00,0x00,0x00,0x00,0x00,0x0F,0xFF,0x70,0x00,0x00,0x00,0x00,0x00,0x00,0x09,0xFF,0x70,0x00,0x00,
    0x00,0x00,0x00,0x00,0x0A,0xFF,0x60,0x00,0x00,0x00,0x00,0x00,0x00,0x04,0xE7,0xBF,0xFF,0xE3,0x00,0x00,0xAF,0xFF,0xC0,0xCE,
    0x30,0x00,0x00,0x00,0x00,0x00,0x00,0x00,0x06,0xFF,0xFF,0xFF,0x70,0x2D,0xFF,0xFF,0xF9,0x00,0x00,0x00,0x00,0x00,0x00,0x00,
    0x00,0x00,0x04,0xFF,0xFF,0xFF,0x50,0x1C,0xFF,0xFF,0xF9,0x00,0x00,0x00,0x00,0x00,0x00,0x00,0x00,0x0A,0xF3,0x9F,0xFF,0xE3,
    0x00,0x00,0xAF,0xFF,0xC0,0x00,0x00,0x00,0x00,0x00,0x00,0x00,0x00,0x0F,0xFE,0x10,0x00,0x00,0x00,0x00,0x00,0x00,0x00,0x00,
    0x00,0x00,0x00,0x00,0x00,0x00,0x00,0x1F,0xFF,0x60,0x00,0x00,0x00,0x00,0x00,0x00,0x00,0x00,0x00,0x00,0x00,0x00,0x00,0x00,
    0x00,0x3F,0xFF,0x50,0x00,0x00,0x00,0x00,0x00,0x00,0x00,0x00,0x00,0x00,0x00,0x00,0x00,0x00,0x00,0x4F,0xFF,0x40,0x00,0x00,
    0x00,0x00,0x00,0x00,0x00,0x00,0x00,0x00,0x00,0x00,0x00,0x00,0x00,0x5F,0xFF,0x20,0x00,0x00,0x00,0x00,0x00,0x00,0x00,0x00,
    0x00,0x00,0x00,0x00,0x00,0x00,0x00,0x6F,0xFC,0x00,0x00,0x00,0x00,0x00,0x00,0x00,0x00,0x00,0x00,0x00,0x00,0x00,0x00,0x00,
    0x00,0x8F,0xF7,0x00,0x00,0x00,0x00,0x00,0x00,0x00,0x00,0x00,0x00,0x00,0x00,0x00,0x00,0x00,0x00,0x9F,0xF2,0x00,0x00,0x00,
    0x00,0x00,0x00,0x00,0x00,0x00,0x00,0x00,0x00,0x00,0x00,0x00,0x00,0xAF,0xD0,0x00,0x00,0x00,0x00,0x00,0x00,0x00,0x00,0x00,
    0x00,0x00,0x00,0x00,0x00,0x00,0x00,0xCF,0x70,0x00,0x00,0x00,0x00,0x00,0x00,0x00,0x00,0x00,0x00,0x00,0x00,0x00,0x00,0x00,
    0x00,0xDF,0x20,0x00,0x00,0x00,0x00,0x00,0x00,0x00,0x00,0x00,0x00,0x00,0x00,0x00,0x00,0x00,0x00,0xE8,0x00,0x00,0x00,0x00,
    0x00,0x00,0x00,0x00,0x00,0x00,0x00,0x00,0x00,0x00,0x00,0x00,0x00,0x80,0x00,0x00,0x00,0x00,0x00,0x00,0x00,0x00,0x00,0x00,
    0x00,0x00,0x00,0x00,0x00,0x00,0x00,0x00,0x00,0x00,0x00,0x00,0x00,0x00,0x00,0x00,0x00,0x00,0x00,0x00,0x00,0x00,0x00,0x00,
    0x00,0x00,0x00,0x00,0x00,0x00,0x00,0x00,0x00,0x00,0x00,0x00,0x00,0x00,0x00,0x00,0x00,0x00,0x00,0x00,0x00,0x00,0x00,0x00,
    0x00,0x00,0x00,0x00,0x00,0x00,0x00,0x00,0x00,0x00,0x00,0x00,0x00,0x00,0x00,0x00,0x00,0x00,0x00,0x00,0x00,0x00,0x00,0x00,
    0x00,0x00,0x00,0x00,0x00,0x00,
    // HP-41 code 81 (font 81)
    0x00,0x00,0x10,0x6F,0xFF,0xFF,0xFF,0xFF,0xFF,0xFF,0xFF,0xFE,0x20,0x00,0x00,0x00,0x00,0x00,0x00,0x00,0x94,0x09,0xFF,0xFF,
    0xFF,0xFF,0xFF,0xFF,0xFF,0xD2,0x24,0x00,0x00,0x00,0x00,0x00,0x00,0x00,0xBE,0x20,0xCF,0xFF,0xFF,0xFF,0xFF,0xFF,0xB4,0x02,
    0xE4,0x00,0x00,0x00,0x00,0x00,0x00,0x00,0xCF,0x70,0x00,0x00,0x00,0x00,0x00,0x00,0x00,0x0B,0xF3,0x00,0x00,0x00,0x00,0x00,
    0x00,0x00,0xDF,0x90,0x00,0x00,0x00,0x00,0x00,0x00,0x00,0x1F,0xF2,0x00,0x00,0x00,0x00,0x00,0x00,0x00,0xFF,0xA0,0x00,0x00,
    0x00,0x00,0x00,0x00,0x00,0x6F,0xF0,0x00,0x00,0x00,0x00,0x00,0x00,0x00,0xFF,0xB0,0x00,0x00,0x00,0x00,0x00,0x00,0x00,0xBF,
    0xF0,0x00,0x00,0x00,0x00,0x00,0x00,0x01,0xFF,0xC0,0x00,0x00,0x00,0x00,0x00,0x00,0x00,0xFF,0xE0,0x00,0x00,0x00,0x00,0x00,
    0x00,0x03,0xFF,0xD0,0x00,0x00,0x00,0x00,0x00,0x00,0x05,0xFF,0xC0,0x00,0x00,0x00,0x00,0x00,0x00,0x04,0xFF,0xE0,0x00,0x00,
    0x00,0x00,0x00,0x00,0x0A,0xFF,0xB0,0x00,0x00,0x00,0x00,0x00,0x00,0x05,0xFF,0xF0,0x00,0x00,0x00,0x00,0x00,0x00,0x0D,0xFF,
    0xA0,0x00,0x00,0x00,0x00,0x00,0x00,0x07,0xFF,0xF0,0x00,0x00,0x00,0x00,0x00,0x00,0x0E,0xFF,0x80,0x00,0x00,0x00,0x00,0x00,
    0x00,0x08,0xFF,0xF1,0x00,0x00,0x00,0x00,0x00,0x00,0x0F,0xFF,0x70,0x00,0x00,0x00,0x00,0x00,0x00,0x09,0xFF,0x70,0x00,0x00,
    0x00,0x00,0x00,0x00,0x0A,0xFF,0x60,0x00,0x00,0x00,0x00,0x00,0x00,0x04,0xE7,0x00,0x00,0x00,0x00,0x00,0x00,0x00,0x00,0xCE,
    0x30,0x00,0x00,0x00,0x00,0x00,0x00,0x00,0x00,0x00,0x00,0x00,0x00,0x00,0x00,0x00,0x00,0x00,0x00,0x00,0x00,0x00,0x00,0x00,
    0x00,0x00,0x10,0x00,0x00,0x00,0x00,0x00,0x00,0x00,0x00,0x00,0x00,0x00,0x00,0x00,0x00,0x00,0x00,0x0A,0xF3,0x00,0x00,0x00,
    0x00,0x75,0x00,0x00,0x02,0xEA,0x00,0x00,0x00,0x00,0x00,0x00,0x00,0x0F,0xFE,0x10,0x00,0x00,0x00,0x4F,0x90,0x00,0x2E,0xFF,
    0x00,0x00,0x00,0x00,0x00,0x00,0x00,0x1F,0xFF,0x60,0x00,0x00,0x00,0x1F,0xFC,0x00,0xBF,0xFE,0x00,0x00,0x00,0x00,0x00,0x00,
    0x00,0x3F,0xFF,0x50,0x00,0x00,0x00,0x0E,0xFF,0x40,0xAF,0xFD,0x00,0x00,0x00,0x00,0x00,0x00,0x00,0x4F,0xFF,0x40,0x00,0x00,
    0x00,0x0A,0xFF,0xC0,0x9F,0xFB,0x00,0x00,0x00,0x00,0x00,0x00,0x00,0x5F,0xFF,0x10,0x00,0x00,0x00,0x07,0xFF,0xF3,0x8F,0xFA,
    0x00,0x00,0x00,0x00,0x00,0x00,0x00,0x6F,0xFC,0x00,0x00,0x00,0x00,0x03,0xFF,0xF6,0x7F,0xF9,0x00,0x00,0x00,0x00,0x00,0x00,
    0x00,0x8F,0xF7,0x00,0x00,0x00,0x00,0x00,0xDF,0xF8,0x5F,0xF8,0x00,0x00,0x00,0x00,0x00,0x00,0x00,0x9F,0xF2,0x00,0x00,0x00,
    0x00,0x00,0x6F,0xFB,0x4F,0xF6,0x00,0x00,0x00,0x00,0x00,0x00,0x00,0xAF,0xD0,0x00,0x00,0x00,0x00,0x00,0x0E,0xFD,0x3F,0xF5,
    0x00,0x00,0x00,0x00,0x00,0x00,0x00,0xCF,0x70,0x00,0x00,0x00,0x00,0x00,0x04,0xEF,0x2F,0xF4,0x00,0x00,0x00,0x00,0x00,0x00,
    0x00,0xDF,0x20,0x00,0x00,0x00,0x00,0x00,0x00,0x1B,0x2F,0xF2,0x00,0x00,0x00,0x00,0x00,0x00,0x00,0xE8,0x01,0x8E,0xFF,0xFF,
    0xFF,0xFF,0xFF,0xF3,0x0A,0xF1,0x00,0x00,0x00,0x00,0x00,0x00,0x00,0x80,0x9F,0xFF,0xFF,0xFF,0xFF,0xFF,0xFF,0xFE,0x10,0xC0,
    0x00,0x00,0x00,0x00,0x00,0x00,0x00,0x0A,0xFF,0xFF,0xFF,0xFF,0xFF,0xFF,0xFF,0xFF,0xC0,0x10,0x00,0x00,0x00,0x00,0x00,0x00,
    0x00,0x00,0x00,0x00,0x00,0x00,0x00,0x00,0x00,0x00,0x00,0x00,0x00,0x00,0x00,0x00,0x00,0x00,0x00,0x00,0x00,0x00,0x00,0x00,
    0x00,0x00,0x00,0x00,0x00,0x00,0x00,0x00,0x00,0x00,0x00,0x00,0x00,0x00,0x00,0x00,0x00,0x00,0x00,0x00,0x00,0x00,0x00,0x00,
    0x00,0x00,0x00,0x00,0x00,0x00,
    // HP-41 code 82 (font 82)
    0x00,0x00,0x10,0x6F,0xFF,0xFF,0xFF,0xFF,0xFF,0xFF,0xFF,0xFE,0x20,0x00,0x00,0x00,0x00,0x00,0x00,0x00,0x93,0x09,0xFF,0xFF,
    0xFF,0xFF,0xFF,0xFF,0xFF,0xD2,0x24,0x00,0x00,0x00,0x00,0x00,0x00,0x00,0xBE,0x10,0xCF,0xFF,0xFF,0xFF,0xFF,0xFF,0xB4,0x02,
    0xE4,0x00,0x00,0x00,0x00,0x00,0x00,0x00,0xCF,0x70,0x00,0x00,0x00,0x00,0x00,0x00,0x00,0x0B,0xF3,0x00,0x00,0x00,0x00,0x00,
    0x00,0x00,0xDF,0x80,0x00,0x00,0x00,0x00,0x00,0x00,0x00,0x1F,0xF2,0x00,0x00,0x00,0x00,0x00,0x00,0x00,0xFF,0xA0,0x00,0x00,
    0x00,0x00,0x00,0x00,0x00,0x6F,0xF0,0x00,0x00,0x00,0x00,0x00,0x00,0x00,0xFF,0xB0,0x00,0x00,0x00,0x00,0x00,0x00,0x00,0xBF,
    0xF0,0x00,0x00,0x00,0x00,0x00,0x00,0x01,0xFF,0xC0,0x00,0x00,0x00,0x00,0x00,0x00,0x01,0xFF,0xE0,0x00,0x00,0x00,0x00,0x00,
    0x00,0x03,0xFF,0xD0,0x00,0x00,0x00,0x00,0x00,0x00,0x05,0xFF,0xC0,0x00,0x00,0x00,0x00,0x00,0x00,0x04,0xFF,0xE0,0x00,0x00,
    0x00,0x00,0x00,0x00,0x0A,0xFF,0xB0,0x00,0x00,0x00,0x00,0x00,0x00,0x05,0xFF,0xF0,0x00,0x00,0x00,0x00,0x00,0x00,0x0D,0xFF,
    0xA0,0x00,0x00,0x00,0x00,0x00,0x00,0x07,0xFF,0xF0,0x00,0x00,0x00,0x00,0x00,0x00,0x0E,0xFF,0x80,0x00,0x00,0x00,0x00,0x00,
    0x00,0x08,0xFF,0xF1,0x00,0x00,0x00,0x00,0x00,0x00,0x0F,0xFF,0x70,0x00,0x00,0x00,0x00,0x00,0x00,0x09,0xFF,0x80,0x00,0x00,
    0x00,0x00,0x00,0x00,0x09,0xFF,0x60,0x00,0x00,0x00,0x00,0x00,0x00,0x05,0xE8,0xBF,0xFF,0xE3,0x00,0x00,0xAF,0xFF,0xC0,0xCE,
    0x30,0x00,0x00,0x00,0x00,0x00,0x00,0x00,0x06,0xFF,0xFF,0xFF,0x70,0x2D,0xFF,0xFF,0xF9,0x00,0x00,0x00,0x00,0x00,0x00,0x00,
    0x00,0x00,0x04,0xFF,0xFF,0xFF,0x50,0x2C,0xFF,0xFF,0xF9,0x00,0x00,0x00,0x00,0x00,0x00,0x00,0x00,0x0A,0xF3,0x9F,0xFF,0xE3,
    0x00,0x75,0xAF,0xFF,0xC0,0x00,0x00,0x00,0x00,0x00,0x00,0x00,0x00,0x0F,0xFE,0x10,0x00,0x00,0x00,0x5F,0x70,0x00,0x00,0x00,
    0x00,0x00,0x00,0x00,0x00,0x00,0x00,0x1F,0xFF,0x60,0x00,0x00,0x00,0x1F,0xFA,0x00,0x00,0x00,0x00,0x00,0x00,0x00,0x00,0x00,
    0x00,0x3F,0xFF,0x50,0x00,0x00,0x00,0x0E,0xFF,0x30,0x00,0x00,0x00,0x00,0x00,0x00,0x00,0x00,0x00,0x4F,0xFF,0x40,0x00,0x00,
    0x00,0x0B,0xFF,0xB0,0x00,0x00,0x00,0x00,0x00,0x00,0x00,0x00,0x00,0x5F,0xFF,0x20,0x00,0x00,0x00,0x07,0xFF,0xF2,0x00,0x00,
    0x00,0x00,0x00,0x00,0x00,0x00,0x00,0x6F,0xFC,0x00,0x00,0x00,0x00,0x04,0xFF,0xF6,0x00,0x00,0x00,0x00,0x00,0x00,0x00,0x00,
    0x00,0x8F,0xF7,0x00,0x00,0x00,0x00,0x00,0xDF,0xF8,0x00,0x00,0x00,0x00,0x00,0x00,0x00,0x00,0x00,0x9F,0xF2,0x00,0x00,0x00,
    0x00,0x00,0x6F,0xFA,0x00,0x00,0x00,0x00,0x00,0x00,0x00,0x00,0x00,0xAF,0xD0,0x00,0x00,0x00,0x00,0x00,0x0E,0xFD,0x00,0x00,
    0x00,0x00,0x00,0x00,0x00,0x00,0x00,0xCF,0x70,0x00,0x00,0x00,0x00,0x00,0x05,0xFF,0x00,0x00,0x00,0x00,0x00,0x00,0x00,0x00,
    0x00,0xDF,0x20,0x00,0x00,0x00,0x00,0x00,0x00,0x2C,0x10,0x00,0x00,0x00,0x00,0x00,0x00,0x00,0x00,0xE8,0x00,0x00,0x00,0x00,
    0x00,0x00,0x00,0x00,0x00,0x00,0x00,0x00,0x00,0x00,0x00,0x00,0x00,0x80,0x00,0x00,0x00,0x00,0x00,0x00,0x00,0x00,0x00,0x00,
    0x00,0x00,0x00,0x00,0x00,0x00,0x00,0x00,0x00,0x00,0x00,0x00,0x00,0x00,0x00,0x00,0x00,0x00,0x00,0x00,0x00,0x00,0x00,0x00,
    0x00,0x00,0x00,0x00,0x00,0x00,0x00,0x00,0x00,0x00,0x00,0x00,0x00,0x00,0x00,0x00,0x00,0x00,0x00,0x00,0x00,0x00,0x00,0x00,
    0x00,0x00,0x00,0x00,0x00,0x00,0x00,0x00,0x00,0x00,0x00,0x00,0x00,0x00,0x00,0x00,0x00,0x00,0x00,0x00,0x00,0x00,0x00,0x00,
    0x00,0x00,0x00,0x00,0x00,0x00,
    // HP-41 code 83 (font 83)
    0x00,0x00,0x10,0x6F,0xFF,0xFF,0xFF,0xFF,0xFF,0xFF,0xFF,0xFE,0x20,0x00,0x00,0x00,0x00,0x00,0x00,0x00,0x93,0x09,0xFF,0xFF,
    0xFF,0xFF,0xFF,0xFF,0xFF,0xD2,0x00,0x00,0x00,0x00,0x00,0x00,0x00,0x00,0xBE,0x10,0xCF,0xFF,0xFF,0xFF,0xFF,0xFF,0xB4,0x00,
    0x00,0x00,0x00,0x00,0x00,0x00,0x00,0x00,0xCF,0x70,0x00,0x00,0x00,0x00,0x00,0x00,0x00,0x00,0x00,0x00,0x00,0x00,0x00,0x00,
    0x00,0x00,0xDF,0x80,0x00,0x00,0x00,0x00,0x00,0x00,0x00,0x00,0x00,0x00,0x00,0x00,0x00,0x00,0x00,0x00,0xFF,0xA0,0x00,0x00,
    0x00,0x00,0x00,0x00,0x00,0x00,0x00,0x00,0x00,0x00,0x00,0x00,0x00,0x00,0xFF,0xB0,0x00,0x00,0x00,0x00,0x00,0x00,0x00,0x00,
    0x00,0x00,0x00,0x00,0x00,0x00,0x00,0x01,0xFF,0xC0,0x00,0x00,0x00,0x00,0x00,0x00,0x00,0x00,0x00,0x00,0x00,0x00,0x00,0x00,
    0x00,0x03,0xFF,0xD0,0x00,0x00,0x00,0x00,0x00,0x00,0x00,0x00,0x00,0x00,0x00,0x00,0x00,0x00,0x00,0x04,0xFF,0xE0,0x00,0x00,
    0x00,0x00,0x00,0x00,0x00,0x00,0x00,0x00,0x00,0x00,0x00,0x00,0x00,0x05,0xFF,0xF0,0x00,0x00,0x00,0x00,0x00,0x00,0x00,0x00,
    0x00,0x00,0x00,0x00,0x00,0x00,0x00,0x07,0xFF,0xF0,0x00,0x00,0x00,0x00,0x00,0x00,0x00,0x00,0x00,0x00,0x00,0x00,0x00,0x00,
    0x00,0x08,0xFF,0xF1,0x00,0x00,0x00,0x00,0x00,0x00,0x00,0x00,0x00,0x00,0x00,0x00,0x00,0x00,0x00,0x09,0xFF,0x80,0x00,0x00,
    0x00,0x00,0x00,0x00,0x00,0x00,0x00,0x00,0x00,0x00,0x00,0x00,0x00,0x05,0xE8,0xBF,0xFF,0xE3,0x00,0x00,0xAF,0xFF,0xC0,0x00,
    0x00,0x00,0x00,0x00,0x00,0x00,0x00,0x00,0x06,0xFF,0xFF,0xFF,0x70,0x2D,0xFF,0xFF,0xF9,0x00,0x00,0x00,0x00,0x00,0x00,0x00,
    0x00,0x00,0x04,0xFF,0xFF,0xFF,0x50,0x1C,0xFF,0xFF,0xF9,0x00,0x00,0x00,0x00,0x00,0x00,0x00,0x00,0x00,0x00,0x9F,0xFF,0xE3,
    0x00,0x00,0xAF,0xFF,0xC3,0xEA,0x00,0x00,0x00,0x00,0x00,0x00,0x00,0x00,0x00,0x00,0x00,0x00,0x00,0x00,0x00,0x00,0x2E,0xFF,
    0x00,0x00,0x00,0x00,0x00,0x00,0x00,0x00,0x00,0x00,0x00,0x00,0x00,0x00,0x00,0x00,0xBF,0xFE,0x00,0x00,0x00,0x00,0x00,0x00,
    0x00,0x00,0x00,0x00,0x00,0x00,0x00,0x00,0x00,0x00,0xAF,0xFD,0x00,0x00,0x00,0x00,0x00,0x00,0x00,0x00,0x00,0x00,0x00,0x00,
    0x00,0x00,0x00,0x00,0x9F,0xFB,0x00,0x00,0x00,0x00,0x00,0x00,0x00,0x00,0x00,0x00,0x00,0x00,0x00,0x00,0x00,0x00,0x8F,0xFA,
    0x00,0x00,0x00,0x00,0x00,0x00,0x00,0x00,0x00,0x00,0x00,0x00,0x00,0x00,0x00,0x00,0x7F,0xF9,0x00,0x00,0x00,0x00,0x00,0x00,
    0x00,0x00,0x00,0x00,0x00,0x00,0x00,0x00,0x00,0x00,0x5F,0xF8,0x00,0x00,0x00,0x00,0x00,0x00,0x00,0x00,0x00,0x00,0x00,0x00,
    0x00,0x00,0x00,0x00,0x4F,0xF6,0x00,0x00,0x00,0x00,0x00,0x00,0x00,0x00,0x00,0x00,0x00,0x00,0x00,0x00,0x00,0x00,0x3F,0xF5,
    0x00,0x00,0x00,0x00,0x00,0x00,0x00,0x00,0x00,0x00,0x00,0x00,0x00,0x00,0x00,0x00,0x2F,0xF4,0x00,0x00,0x00,0x00,0x00,0x00,
    0x00,0x00,0x00,0x00,0x00,0x00,0x00,0x00,0x00,0x00,0x0F,0xF2,0x00,0x00,0x00,0x00,0x00,0x00,0x00,0x00,0x01,0x8E,0xFF,0xFF,
    0xFF,0xFF,0xFF,0xF3,0x0A,0xF1,0x00,0x00,0x00,0x00,0x00,0x00,0x00,0x00,0x9F,0xFF,0xFF,0xFF,0xFF,0xFF,0xFF,0xFE,0x10,0xC0,
    0x00,0x00,0x00,0x00,0x00,0x00,0x00,0x0A,0xFF,0xFF,0xFF,0xFF,0xFF,0xFF,0xFF,0xFF,0xC0,0x10,0x00,0x00,0x00,0x00,0x00,0x00,
    0x00,0x00,0x00,0x00,0x00,0x00,0x00,0x00,0x00,0x00,0x00,0x00,0x00,0x00,0x00,0x00,0x00,0x00,0x00,0x00,0x00,0x00,0x00,0x00,
    0x00,0x00,0x00,0x00,0x00,0x00,0x00,0x00,0x00,0x00,0x00,0x00,0x00,0x00,0x00,0x00,0x00,0x00,0x00,0x00,0x00,0x00,0x00,0x00,
    0x00,0x00,0x00,0x00,0x00,0x00,
    // HP-41 code 84 (font 84)
    0x00,0x00,0x00,0x6F,0xFF,0xFF,0xFF,0xFF,0xFF,0xFF,0xFF,0xFE,0x20,0x00,0x00,0x00,0x00,0x00,0x00,0x00,0x00,0x09,0xFF,0xFF,
    0xFF,0xFF,0xFF,0xFF,0xFF,0xD2,0x00,0x00,0x00,0x00,0x00,0x00,0x00,0x00,0x00,0x00,0xCF,0xFF,0xFF,0xFF,0xFF,0xFF,0xB4,0x00,
    0x00,0x00,0x00,0x00,0x00,0x00,0x00,0x00,0x00,0x00,0x00,0x00,0x00,0x00,0x00,0x00,0x00,0x00,0x00,0x00,0x00,0x00,0x00,0x00,
    0x00,0x00,0x00,0x00,0x00,0x00,0x8F,0xFF,0xC0,0x00,0x00,0x00,0x00,0x00,0x00,0x00,0x00,0x00,0x00,0x00,0x00,0x00,0x00,0x00,
    0x9F,0xFF,0xB0,0x00,0x00,0x00,0x00,0x00,0x00,0x00,0x00,0x00,0x00,0x00,0x00,0x00,0x00,0x00,0xAF,0xFF,0x90,0x00,0x00,0x00,
    0x00,0x00,0x00,0x00,0x00,0x00,0x00,0x00,0x00,0x00,0x00,0x00,0x8F,0xFF,0x40,0x00,0x00,0x00,0x00,0x00,0x00,0x00,0x00,0x00,
    0x00,0x00,0x00,0x00,0x00,0x00,0x5F,0xFE,0x00,0x00,0x00,0x00,0x00,0x00,0x00,0x00,0x00,0x00,0x00,0x00,0x00,0x00,0x00,0x00,
    0x3F,0xFA,0x00,0x00,0x00,0x00,0x00,0x00,0x00,0x00,0x00,0x00,0x00,0x00,0x00,0x00,0x00,0x00,0x0F,0xF4,0x00,0x00,0x00,0x00,
    0x00,0x00,0x00,0x00,0x00,0x00,0x00,0x00,0x00,0x00,0x00,0x00,0x0D,0xF0,0x00,0x00,0x00,0x00,0x00,0x00,0x00,0x00,0x00,0x00,
    0x00,0x00,0x00,0x00,0x00,0x00,0x0B,0xA0,0x00,0x00,0x00,0x00,0x00,0x00,0x00,0x00,0x00,0x00,0x00,0x00,0x00,0x00,0x00,0x00,
    0x08,0x50,0x00,0x00,0x00,0x00,0x00,0x00,0x00,0x00,0x00,0x00,0x00,0x00,0x00,0x00,0x00,0x00,0x05,0x00,0x00,0x00,0x00,0x00,
    0x00,0x00,0x00,0x00,0x00,0x00,0x00,0x00,0x00,0x00,0x00,0x00,0x00,0x00,0x00,0x00,0x00,0x00,0x00,0x00,0x00,0x00,0x00,0x00,
    0x00,0x00,0x00,0x00,0x00,0x00,0x00,0x00,0x00,0x00,0x00,0x00,0x00,0x00,0x00,0x00,0x00,0x00,0x00,0x00,0x00,0x00,0x00,0x00,
    0x06,0x00,0x00,0x00,0x00,0x00,0x00,0x00,0x00,0x00,0x00,0x00,0x00,0x00,0x00,0x00,0x00,0x00,0x0E,0x00,0x00,0x00,0x00,0x00,
    0x00,0x00,0x00,0x00,0x00,0x00,0x00,0x00,0x00,0x00,0x00,0x00,0x4F,0x20,0x00,0x00,0x00,0x00,0x00,0x00,0x00,0x00,0x00,0x00,
    0x00,0x00,0x00,0x00,0x00,0x00,0x9F,0x40,0x00,0x00,0x00,0x00,0x00,0x00,0x00,0x00,0x00,0x00,0x00,0x00,0x00,0x00,0x00,0x00,
    0xEF,0x70,0x00,0x00,0x00,0x00,0x00,0x00,0x00,0x00,0x00,0x00,0x00,0x00,0x00,0x00,0x00,0x03,0xFF,0x90,0x00,0x00,0x00,0x00,
    0x00,0x00,0x00,0x00,0x00,0x00,0x00,0x00,0x00,0x00,0x00,0x09,0xFF,0xC0,0x00,0x00,0x00,0x00,0x00,0x00,0x00,0x00,0x00,0x00,
    0x00,0x00,0x00,0x00,0x00,0x0E,0xFF,0xF0,0x00,0x00,0x00,0x00,0x00,0x00,0x00,0x00,0x00,0x00,0x00,0x00,0x00,0x00,0x00,0x3F,
    0xFF,0xF1,0x00,0x00,0x00,0x00,0x00,0x00,0x00,0x00,0x00,0x00,0x00,0x00,0x00,0x00,0x00,0x5F,0xFF,0xF0,0x00,0x00,0x00,0x00,
    0x00,0x00,0x00,0x00,0x00,0x00,0x00,0x00,0x00,0x00,0x00,0x5F,0xFF,0xE0,0x00,0x00,0x00,0x00,0x00,0x00,0x00,0x00,0x00,0x00,
    0x00,0x00,0x00,0x00,0x00,0x00,0x00,0x00,0x00,0x00,0x00,0x00,0x00,0x00,0x00,0x00,0x00,0x00,0x00,0x00,0x00,0x00,0x00,0x00,
    0x00,0x00,0x00,0x00,0x00,0x00,0x00,0x00,0x00,0x00,0x00,0x00,0x00,0x00,0x00,0x00,0x00,0x00,0x00,0x00,0x00,0x00,0x00,0x00,
    0x00,0x00,0x00,0x00,0x00,0x00,0x00,0x00,0x00,0x00,0x00,0x00,0x00,0x00,0x00,0x00,0x00,0x00,0x00,0x00,0x00,0x00,0x00,0x00,
    0x00,0x00,0x00,0x00,0x00,0x00,0x00,0x00,0x00,0x00,0x00,0x00,0x00,0x00,0x00,0x00,0x00,0x00,0x00,0x00,0x00,0x00,0x00,0x00,
    0x00,0x00,0x00,0x00,0x00,0x00,0x00,0x00,0x00,0x00,0x00,0x00,0x00,0x00,0x00,0x00,0x00,0x00,0x00,0x00,0x00,0x00,0x00,0x00,
    0x00,0x00,0x00,0x00,0x00,0x00,
    // HP-41 code 85 (font 85)
    0x00,0x00,0x10,0x00,0x00,0x00,0x00,0x00,0x00,0x00,0x00,0x00,0x00,0x00,0x00,0x00,0x00,0x00,0x00,0x00,0x94,0x00,0x00,0x00,
    0x00,0x00,0x00,0x00,0x00,0x00,0x35,0x00,0x00,0x00,0x00,0x00,0x00,0x00,0xBE,0x20,0x00,0x00,0x00,0x00,0x00,0x00,0x00,0x03,
    0xE4,0x00,0x00,0x00,0x00,0x00,0x00,0x00,0xCF,0x70,0x00,0x00,0x00,0x00,0x00,0x00,0x00,0x0B,0xF3,0x00,0x00,0x00,0x00,0x00,
    0x00,0x00,0xEF,0x90,0x00,0x00,0x00,0x00,0x00,0x00,0x00,0x1F,0xF2,0x00,0x00,0x00,0x00,0x00,0x00,0x00,0xFF,0xA0,0x00,0x00,
    0x00,0x00,0x00,0x00,0x00,0x6F,0xF0,0x00,0x00,0x00,0x00,0x00,0x00,0x00,0xFF,0xB0,0x00,0x00,0x00,0x00,0x00,0x00,0x00,0xBF,
    0xF0,0x00,0x00,0x00,0x00,0x00,0x00,0x01,0xFF,0xC0,0x00,0x00,0x00,0x00,0x00,0x00,0x01,0xFF,0xE0,0x00,0x00,0x00,0x00,0x00,
    0x00,0x03,0xFF,0xD0,0x00,0x00,0x00,0x00,0x00,0x00,0x05,0xFF,0xC0,0x00,0x00,0x00,0x00,0x00,0x00,0x04,0xFF,0xE0,0x00,0x00,
    0x00,0x00,0x00,0x00,0x0B,0xFF,0xB0,0x00,0x00,0x00,0x00,0x00,0x00,0x05,0xFF,0xF0,0x00,0x00,0x00,0x00,0x00,0x00,0x0D,0xFF,
    0xA0,0x00,0x00,0x00,0x00,0x00,0x00,0x07,0xFF,0xF0,0x00,0x00,0x00,0x00,0x00,0x00,0x0E,0xFF,0x80,0x00,0x00,0x00,0x00,0x00,
    0x00,0x08,0xFF,0xF1,0x00,0x00,0x00,0x00,0x00,0x00,0x0F,0xFF,0x70,0x00,0x00,0x00,0x00,0x00,0x00,0x09,0xFF,0x70,0x00,0x00,
    0x00,0x00,0x00,0x00,0x09,0xFF,0x60,0x00,0x00,0x00,0x00,0x00,0x00,0x04,0xE7,0x00,0x00,0x00,0x00,0x00,0x00,0x00,0x00,0xBE,
    0x30,0x00,0x00,0x00,0x00,0x00,0x00,0x00,0x00,0x00,0x00,0x00,0x00,0x00,0x00,0x00,0x00,0x00,0x00,0x00,0x00,0x00,0x00,0x00,
    0x00,0x00,0x10,0x00,0x00,0x00,0x00,0x00,0x00,0x00,0x00,0x00,0x00,0x00,0x00,0x00,0x00,0x00,0x00,0x0A,0xF3,0x00,0x00,0x00,
    0x00,0x00,0x00,0x00,0x02,0xEA,0x00,0x00,0x00,0x00,0x00,0x00,0x00,0x0F,0xFE,0x10,0x00,0x00,0x00,0x00,0x00,0x00,0x2E,0xFF,
    0x00,0x00,0x00,0x00,0x00,0x00,0x00,0x1F,0xFF,0x60,0x00,0x00,0x00,0x00,0x00,0x00,0xBF,0xFE,0x00,0x00,0x00,0x00,0x00,0x00,
    0x00,0x3F,0xFF,0x50,0x00,0x00,0x00,0x00,0x00,0x00,0xAF,0xFD,0x00,0x00,0x00,0x00,0x00,0x00,0x00,0x4F,0xFF,0x40,0x00,0x00,
    0x00,0x00,0x00,0x00,0x9F,0xFB,0x00,0x00,0x00,0x00,0x00,0x00,0x00,0x5F,0xFF,0x10,0x00,0x00,0x00,0x00,0x00,0x00,0x8F,0xFA,
    0x00,0x00,0x00,0x00,0x00,0x00,0x00,0x6F,0xFC,0x00,0x00,0x00,0x00,0x00,0x00,0x00,0x7F,0xF9,0x00,0x00,0x00,0x00,0x00,0x00,
    0x00,0x8F,0xF7,0x00,0x00,0x00,0x00,0x00,0x00,0x00,0x5F,0xF8,0x00,0x00,0x00,0x00,0x00,0x00,0x00,0x9F,0xF2,0x00,0x00,0x00,
    0x00,0x00,0x00,0x00,0x4F,0xF6,0x00,0x00,0x00,0x00,0x00,0x00,0x00,0xAF,0xD0,0x00,0x00,0x00,0x00,0x00,0x00,0x00,0x3F,0xF5,
    0x00,0x00,0x00,0x00,0x00,0x00,0x00,0xCF,0x70,0x00,0x00,0x00,0x00,0x00,0x00,0x00,0x2F,0xF4,0x00,0x00,0x00,0x00,0x00,0x00,
    0x00,0xDF,0x20,0x00,0x00,0x00,0x00,0x00,0x00,0x00,0x0F,0xF2,0x00,0x00,0x00,0x00,0x00,0x00,0x00,0xE8,0x01,0x8E,0xFF,0xFF,
    0xFF,0xFF,0xFF,0xF3,0x0A,0xF1,0x00,0x00,0x00,0x00,0x00,0x00,0x00,0x80,0x9F,0xFF,0xFF,0xFF,0xFF,0xFF,0xFF,0xFE,0x10,0xC0,
    0x00,0x00,0x00,0x00,0x00,0x00,0x00,0x0A,0xFF,0xFF,0xFF,0xFF,0xFF,0xFF,0xFF,0xFF,0xC0,0x10,0x00,0x00,0x00,0x00,0x00,0x00,
    0x00,0x00,0x00,0x00,0x00,0x00,0x00,0x00,0x00,0x00,0x00,0x00,0x00,0x00,0x00,0x00,0x00,0x00,0x00,0x00,0x00,0x00,0x00,0x00,
    0x00,0x00,0x00,0x00,0x00,0x00,0x00,0x00,0x00,0x00,0x00,0x00,0x00,0x00,0x00,0x00,0x00,0x00,0x00,0x00,0x00,0x00,0x00,0x00,
    0x00,0x00,0x00,0x00,0x00,0x00,
    // HP-41 code 86 (font 86)
    0x00,0x00,0x60,0x00,0x00,0x00,0x00,0x00,0x00,0x00,0x00,0x00,0x00,0x00,0x00,0x00,0x00,0x00,0x00,0x00,0xAB,0x00,0x00,0x00,
    0x00,0x00,0x00,0x00,0x00,0x00,0x00,0x00,0x00,0x00,0x00,0x00,0x00,0x00,0xCF,0x60,0x00,0x00,0x00,0x00,0x00,0x00,0x04,0x30,
    0x00,0x00,0x00,0x00,0x00,0x00,0x00,0x00,0xDF,0x80,0x00,0x00,0x00,0x00,0x00,0x01,0xBF,0x00,0x00,0x00,0x00,0x00,0x00,0x00,
    0x00,0x00,0xEF,0x90,0x00,0x00,0x00,0x00,0x00,0x1E,0xF9,0x00,0x00,0x00,0x00,0x00,0x00,0x00,0x00,0x00,0xFF,0xA0,0x00,0x00,
    0x00,0x00,0x01,0xEF,0xF3,0x00,0x00,0x00,0x00,0x00,0x00,0x00,0x00,0x01,0xFF,0xB0,0x00,0x00,0x00,0x00,0x0B,0xFF,0xD0,0x00,
    0x00,0x00,0x00,0x00,0x00,0x00,0x00,0x02,0xFF,0xD0,0x00,0x00,0x00,0x00,0x1F,0xFF,0x70,0x00,0x00,0x00,0x00,0x00,0x00,0x00,
    0x00,0x04,0xFF,0xE0,0x00,0x00,0x00,0x00,0x6F,0xFF,0x10,0x00,0x00,0x00,0x00,0x00,0x00,0x00,0x00,0x05,0xFF,0xF0,0x00,0x00,
    0x00,0x00,0xCF,0xFB,0x00,0x00,0x00,0x00,0x00,0x00,0x00,0x00,0x00,0x06,0xFF,0xF0,0x00,0x00,0x00,0x01,0xFF,0xF4,0x00,0x00,
    0x00,0x00,0x00,0x00,0x00,0x00,0x00,0x07,0xFF,0xF1,0x00,0x00,0x00,0x06,0xFF,0x40,0x00,0x00,0x00,0x00,0x00,0x00,0x00,0x00,
    0x00,0x09,0xFF,0xD0,0x00,0x00,0x00,0x0C,0xE2,0x00,0x00,0x00,0x00,0x00,0x00,0x00,0x00,0x00,0x00,0x08,0xFD,0x10,0x00,0x00,
    0x00,0x1D,0x10,0x00,0x00,0x00,0x00,0x00,0x00,0x00,0x00,0x00,0x00,0x00,0x61,0x00,0x00,0x00,0x00,0x31,0x00,0x00,0x00,0x00,
    0x00,0x00,0x00,0x00,0x00,0x00,0x00,0x00,0x00,0x00,0x00,0x00,0x00,0x00,0x00,0x00,0x00,0x00,0x00,0x00,0x00,0x00,0x00,0x00,
    0x00,0x00,0x10,0x00,0x00,0x00,0x10,0x00,0x00,0x00,0x00,0x00,0x00,0x00,0x00,0x00,0x00,0x00,0x00,0x0B,0xF4,0x00,0x00,0x04,
    0x80,0x00,0x00,0x00,0x00,0x00,0x00,0x00,0x00,0x00,0x00,0x00,0x00,0x0F,0xFE,0x20,0x00,0x6F,0x40,0x00,0x00,0x00,0x00,0x00,
    0x00,0x00,0x00,0x00,0x00,0x00,0x00,0x1F,0xFF,0x60,0x08,0xFE,0x00,0x00,0x00,0x00,0x00,0x00,0x00,0x00,0x00,0x00,0x00,0x00,
    0x00,0x3F,0xFF,0x50,0xAF,0xF9,0x00,0x00,0x00,0x00,0x00,0x00,0x00,0x00,0x00,0x00,0x00,0x00,0x00,0x4F,0xFF,0x45,0xFF,0xF4,
    0x00,0x00,0x00,0x00,0x00,0x00,0x00,0x00,0x00,0x00,0x00,0x00,0x00,0x5F,0xFF,0x1A,0xFF,0xE0,0x00,0x00,0x00,0x00,0x00,0x00,
    0x00,0x00,0x00,0x00,0x00,0x00,0x00,0x7F,0xFC,0x1F,0xFF,0x90,0x00,0x00,0x00,0x00,0x00,0x00,0x00,0x00,0x00,0x00,0x00,0x00,
    0x00,0x8F,0xF7,0x6F,0xFF,0x30,0x00,0x00,0x00,0x00,0x00,0x00,0x00,0x00,0x00,0x00,0x00,0x00,0x00,0x9F,0xF2,0xCF,0xFB,0x00,
    0x00,0x00,0x00,0x00,0x00,0x00,0x00,0x00,0x00,0x00,0x00,0x00,0x00,0xAF,0xC2,0xFF,0xB0,0x00,0x00,0x00,0x00,0x00,0x00,0x00,
    0x00,0x00,0x00,0x00,0x00,0x00,0x00,0xCF,0x78,0xFA,0x00,0x00,0x00,0x00,0x00,0x00,0x00,0x00,0x00,0x00,0x00,0x00,0x00,0x00,
    0x00,0xDF,0x2B,0x50,0x00,0x00,0x00,0x00,0x00,0x00,0x00,0x00,0x00,0x00,0x00,0x00,0x00,0x00,0x00,0xE7,0x00,0x00,0x00,0x00,
    0x00,0x00,0x00,0x00,0x00,0x00,0x00,0x00,0x00,0x00,0x00,0x00,0x00,0x70,0x00,0x00,0x00,0x00,0x00,0x00,0x00,0x00,0x00,0x00,
    0x00,0x00,0x00,0x00,0x00,0x00,0x00,0x00,0x00,0x00,0x00,0x00,0x00,0x00,0x00,0x00,0x00,0x00,0x00,0x00,0x00,0x00,0x00,0x00,
    0x00,0x00,0x00,0x00,0x00,0x00,0x00,0x00,0x00,0x00,0x00,0x00,0x00,0x00,0x00,0x00,0x00,0x00,0x00,0x00,0x00,0x00,0x00,0x00,
    0x00,0x00,0x00,0x00,0x00,0x00,0x00,0x00,0x00,0x00,0x00,0x00,0x00,0x00,0x00,0x00,0x00,0x00,0x00,0x00,0x00,0x00,0x00,0x00,
    0x00,0x00,0x00,0x00,0x00,0x00,
    // HP-41 code 87 (font 87)
    0x00,0x00,0x60,0x00,0x00,0x00,0x00,0x00,0x00,0x00,0x00,0x00,0x02,0x00,0x00,0x00,0x00,0x00,0x00,0x00,0xAB,0x00,0x00,0x00,
    0x00,0x00,0x00,0x00,0x00,0x00,0xA5,0x00,0x00,0x00,0x00,0x00,0x00,0x00,0xCF,0x60,0x00,0x00,0x00,0x00,0x00,0x00,0x00,0x08,
    0xF4,0x00,0x00,0x00,0x00,0x00,0x00,0x00,0xDF,0x80,0x00,0x00,0x00,0x00,0x00,0x00,0x00,0x0E,0xF2,0x00,0x00,0x00,0x00,0x00,
    0x00,0x00,0xEF,0x90,0x00,0x00,0x00,0x00,0x00,0x00,0x00,0x4F,0xF1,0x00,0x00,0x00,0x00,0x00,0x00,0x00,0xFF,0xA0,0x00,0x00,
    0x00,0x00,0x00,0x00,0x00,0x9F,0xF0,0x00,0x00,0x00,0x00,0x00,0x00,0x01,0xFF,0xB0,0x00,0x00,0x00,0x00,0x00,0x00,0x00,0xEF,
    0xE0,0x00,0x00,0x00,0x00,0x00,0x00,0x02,0xFF,0xD0,0x00,0x00,0x00,0x00,0x00,0x00,0x03,0xFF,0xD0,0x00,0x00,0x00,0x00,0x00,
    0x00,0x04,0xFF,0xE0,0x00,0x00,0x00,0x00,0x00,0x00,0x08,0xFF,0xC0,0x00,0x00,0x00,0x00,0x00,0x00,0x05,0xFF,0xF0,0x00,0x00,
    0x00,0x00,0x00,0x00,0x0C,0xFF,0xA0,0x00,0x00,0x00,0x00,0x00,0x00,0x06,0xFF,0xF0,0x00,0x00,0x00,0x00,0x00,0x00,0x0E,0xFF,
    0x90,0x00,0x00,0x00,0x00,0x00,0x00,0x07,0xFF,0xF1,0x00,0x00,0x00,0x00,0x00,0x00,0x0F,0xFF,0x80,0x00,0x00,0x00,0x00,0x00,
    0x00,0x09,0xFF,0xD0,0x00,0x00,0x00,0x00,0x00,0x00,0x0D,0xFF,0x60,0x00,0x00,0x00,0x00,0x00,0x00,0x08,0xFD,0x10,0x00,0x00,
    0x00,0x00,0x00,0x00,0x02,0xFF,0x50,0x00,0x00,0x00,0x00,0x00,0x00,0x00,0x61,0x00,0x00,0x00,0x00,0x00,0x00,0x00,0x00,0x45,
    0x00,0x00,0x00,0x00,0x00,0x00,0x00,0x00,0x00,0x00,0x00,0x00,0x00,0x00,0x00,0x00,0x00,0x00,0x00,0x00,0x00,0x00,0x00,0x00,
    0x00,0x01,0x70,0x00,0x00,0x00,0x30,0x30,0x00,0x00,0x00,0x62,0x00,0x00,0x00,0x00,0x00,0x00,0x00,0x0F,0xF9,0x00,0x00,0x07,
    0x80,0x6C,0x10,0x00,0x08,0xFF,0x00,0x00,0x00,0x00,0x00,0x00,0x00,0x1F,0xFF,0x40,0x00,0x9F,0x30,0x3F,0xE4,0x00,0x7F,0xFF,
    0x00,0x00,0x00,0x00,0x00,0x00,0x00,0x2F,0xFF,0x60,0x1C,0xFD,0x00,0x0F,0xFF,0x10,0xBF,0xFE,0x00,0x00,0x00,0x00,0x00,0x00,
    0x00,0x3F,0xFF,0x41,0xDF,0xF8,0x00,0x0C,0xFF,0x70,0xAF,0xFC,0x00,0x00,0x00,0x00,0x00,0x00,0x00,0x4F,0xFF,0x36,0xFF,0xF2,
    0x00,0x09,0xFF,0xE0,0x8F,0xFB,0x00,0x00,0x00,0x00,0x00,0x00,0x00,0x6F,0xFF,0x0C,0xFF,0xD0,0x00,0x06,0xFF,0xF5,0x7F,0xFA,
    0x00,0x00,0x00,0x00,0x00,0x00,0x00,0x7F,0xFA,0x2F,0xFF,0x70,0x00,0x01,0xFF,0xF7,0x6F,0xF8,0x00,0x00,0x00,0x00,0x00,0x00,
    0x00,0x8F,0xF5,0x8F,0xFF,0x20,0x00,0x00,0xAF,0xF9,0x5F,0xF7,0x00,0x00,0x00,0x00,0x00,0x00,0x00,0xAF,0xF0,0xEF,0xF6,0x00,
    0x00,0x00,0x3F,0xFC,0x4F,0xF6,0x00,0x00,0x00,0x00,0x00,0x00,0x00,0xBF,0xA4,0xFF,0x60,0x00,0x00,0x00,0x0B,0xFE,0x2F,0xF4,
    0x00,0x00,0x00,0x00,0x00,0x00,0x00,0xCF,0x5A,0xE5,0x00,0x00,0x00,0x00,0x00,0x9F,0x2F,0xF3,0x00,0x00,0x00,0x00,0x00,0x00,
    0x00,0xEE,0x17,0x00,0x00,0x00,0x00,0x00,0x00,0x05,0x2F,0xF2,0x00,0x00,0x00,0x00,0x00,0x00,0x00,0xD2,0x00,0x00,0x00,0x00,
    0x00,0x00,0x00,0x00,0x04,0xF0,0x00,0x00,0x00,0x00,0x00,0x00,0x00,0x20,0x00,0x00,0x00,0x00,0x00,0x00,0x00,0x00,0x00,0x70,
    0x00,0x00,0x00,0x00,0x00,0x00,0x00,0x00,0x00,0x00,0x00,0x00,0x00,0x00,0x00,0x00,0x00,0x00,0x00,0x00,0x00,0x00,0x00,0x00,
    0x00,0x00,0x00,0x00,0x00,0x00,0x00,0x00,0x00,0x00,0x00,0x00,0x00,0x00,0x00,0x00,0x00,0x00,0x00,0x00,0x00,0x00,0x00,0x00,
    0x00,0x00,0x00,0x00,0x00,0x00,0x00,0x00,0x00,0x00,0x00,0x00,0x00,0x00,0x00,0x00,0x00,0x00,0x00,0x00,0x00,0x00,0x00,0x00,
    0x00,0x00,0x00,0x00,0x00,0x00,
    // HP-41 code 88 (font 88)
    0x00,0x00,0x00,0x00,0x00,0x00,0x00,0x00,0x00,0x00,0x00,0x00,0x00,0x00,0x00,0x00,0x00,0x00,0x00,0x00,0x00,0x00,0x00,0x00,
    0x00,0x00,0x00,0x00,0x00,0x00,0x00,0x00,0x00,0x00,0x00,0x00,0x00,0x00,0x00,0x00,0x00,0x00,0x00,0x00,0x00,0x00,0x00,0x00,
    0x00,0x00,0x00,0x00,0x00,0x00,0x00,0x00,0x00,0x07,0x10,0x00,0x00,0x00,0x00,0x00,0x04,0x30,0x00,0x00,0x00,0x00,0x00,0x00,
    0x00,0x00,0x00,0x09,0xE3,0x00,0x00,0x00,0x00,0x02,0xBF,0x00,0x00,0x00,0x00,0x00,0x00,0x00,0x00,0x00,0x00,0x07,0xFF,0x20,
    0x00,0x00,0x00,0x2E,0xF9,0x00,0x00,0x00,0x00,0x00,0x00,0x00,0x00,0x00,0x00,0x05,0xFF,0x90,0x00,0x00,0x02,0xEF,0xF3,0x00,
    0x00,0x00,0x00,0x00,0x00,0x00,0x00,0x00,0x00,0x03,0xFF,0xF1,0x00,0x00,0x0C,0xFF,0xD0,0x00,0x00,0x00,0x00,0x00,0x00,0x00,
    0x00,0x00,0x00,0x01,0xFF,0xF7,0x00,0x00,0x1F,0xFF,0x70,0x00,0x00,0x00,0x00,0x00,0x00,0x00,0x00,0x00,0x00,0x00,0xFF,0xFC,
    0x00,0x00,0x7F,0xFF,0x10,0x00,0x00,0x00,0x00,0x00,0x00,0x00,0x00,0x00,0x00,0x00,0x9F,0xFF,0x00,0x00,0xCF,0xFA,0x00,0x00,
    0x00,0x00,0x00,0x00,0x00,0x00,0x00,0x00,0x00,0x00,0x2F,0xFF,0x30,0x02,0xFF,0xE3,0x00,0x00,0x00,0x00,0x00,0x00,0x00,0x00,
    0x00,0x00,0x00,0x00,0x0A,0xFF,0x60,0x07,0xFD,0x20,0x00,0x00,0x00,0x00,0x00,0x00,0x00,0x00,0x00,0x00,0x00,0x00,0x01,0xCF,
    0x90,0x0D,0xC1,0x00,0x00,0x00,0x00,0x00,0x00,0x00,0x00,0x00,0x00,0x00,0x00,0x00,0x00,0x09,0xD0,0x2B,0x00,0x00,0x00,0x00,
    0x00,0x00,0x00,0x00,0x00,0x00,0x00,0x00,0x00,0x00,0x00,0x00,0x50,0x20,0x00,0x00,0x00,0x00,0x00,0x00,0x00,0x00,0x00,0x00,
    0x00,0x00,0x00,0x00,0x00,0x00,0x00,0x00,0x00,0x00,0x00,0x00,0x00,0x00,0x00,0x00,0x00,0x00,0x00,0x00,0x00,0x00,0x00,0x00,
    0x30,0x30,0x00,0x00,0x00,0x00,0x00,0x00,0x00,0x00,0x00,0x00,0x00,0x00,0x00,0x00,0x00,0x07,0x80,0x6C,0x10,0x00,0x00,0x00,
    0x00,0x00,0x00,0x00,0x00,0x00,0x00,0x00,0x00,0x00,0x00,0x9F,0x30,0x3F,0xE4,0x00,0x00,0x00,0x00,0x00,0x00,0x00,0x00,0x00,
    0x00,0x00,0x00,0x00,0x1B,0xFD,0x00,0x0F,0xFF,0x10,0x00,0x00,0x00,0x00,0x00,0x00,0x00,0x00,0x00,0x00,0x00,0x01,0xDF,0xF8,
    0x00,0x0C,0xFF,0x70,0x00,0x00,0x00,0x00,0x00,0x00,0x00,0x00,0x00,0x00,0x00,0x06,0xFF,0xF2,0x00,0x09,0xFF,0xE0,0x00,0x00,
    0x00,0x00,0x00,0x00,0x00,0x00,0x00,0x00,0x00,0x0C,0xFF,0xD0,0x00,0x06,0xFF,0xF4,0x00,0x00,0x00,0x00,0x00,0x00,0x00,0x00,
    0x00,0x00,0x00,0x2F,0xFF,0x70,0x00,0x01,0xFF,0xF7,0x00,0x00,0x00,0x00,0x00,0x00,0x00,0x00,0x00,0x00,0x00,0x8F,0xFF,0x20,
    0x00,0x00,0xAF,0xF9,0x00,0x00,0x00,0x00,0x00,0x00,0x00,0x00,0x00,0x00,0x00,0xDF,0xF7,0x00,0x00,0x00,0x3F,0xFB,0x00,0x00,
    0x00,0x00,0x00,0x00,0x00,0x00,0x00,0x00,0x03,0xFF,0x70,0x00,0x00,0x00,0x0C,0xFE,0x00,0x00,0x00,0x00,0x00,0x00,0x00,0x00,
    0x00,0x00,0x09,0xE6,0x00,0x00,0x00,0x00,0x01,0xAF,0x00,0x00,0x00,0x00,0x00,0x00,0x00,0x00,0x00,0x00,0x08,0x10,0x00,0x00,
    0x00,0x00,0x00,0x06,0x20,0x00,0x00,0x00,0x00,0x00,0x00,0x00,0x00,0x00,0x00,0x00,0x00,0x00,0x00,0x00,0x00,0x00,0x00,0x00,
    0x00,0x00,0x00,0x00,0x00,0x00,0x00,0x00,0x00,0x00,0x00,0x00,0x00,0x00,0x00,0x00,0x00,0x00,0x00,0x00,0x00,0x00,0x00,0x00,
    0x00,0x00,0x00,0x00,0x00,0x00,0x00,0x00,0x00,0x00,0x00,0x00,0x00,0x00,0x00,0x00,0x00,0x00,0x00,0x00,0x00,0x00,0x00,0x00,
    0x00,0x00,0x00,0x00,0x00,0x00,0x00,0x00,0x00,0x00,0x00,0x00,0x00,0x00,0x00,0x00,0x00,0x00,0x00,0x00,0x00,0x00,0x00,0x00,
    0x00,0x00,0x00,0x00,0x00,0x00,
    // HP-41 code 89 (font 89)
    0x00,0x00,0x00,0x00,0x00,0x00,0x00,0x00,0x00,0x00,0x00,0x00,0x00,0x00,0x00,0x00,0x00,0x00,0x00,0x00,0x00,0x00,0x00,0x00,
    0x00,0x00,0x00,0x00,0x00,0x00,0x00,0x00,0x00,0x00,0x00,0x00,0x00,0x00,0x00,0x00,0x00,0x00,0x00,0x00,0x00,0x00,0x00,0x00,
    0x00,0x00,0x00,0x00,0x00,0x00,0x00,0x00,0x00,0x09,0x20,0x00,0x00,0x00,0x00,0x00,0x06,0x30,0x00,0x00,0x00,0x00,0x00,0x00,
    0x00,0x00,0x00,0x09,0xF5,0x00,0x00,0x00,0x00,0x03,0xDE,0x00,0x00,0x00,0x00,0x00,0x00,0x00,0x00,0x00,0x00,0x07,0xFF,0x30,
    0x00,0x00,0x00,0x4F,0xF8,0x00,0x00,0x00,0x00,0x00,0x00,0x00,0x00,0x00,0x00,0x05,0xFF,0xA0,0x00,0x00,0x04,0xFF,0xF2,0x00,
    0x00,0x00,0x00,0x00,0x00,0x00,0x00,0x00,0x00,0x03,0xFF,0xF1,0x00,0x00,0x0D,0xFF,0xC0,0x00,0x00,0x00,0x00,0x00,0x00,0x00,
    0x00,0x00,0x00,0x00,0xFF,0xF8,0x00,0x00,0x2F,0xFF,0x50,0x00,0x00,0x00,0x00,0x00,0x00,0x00,0x00,0x00,0x00,0x00,0xEF,0xFD,
    0x00,0x00,0x8F,0xFF,0x00,0x00,0x00,0x00,0x00,0x00,0x00,0x00,0x00,0x00,0x00,0x00,0x7F,0xFF,0x00,0x00,0xDF,0xF9,0x00,0x00,
    0x00,0x00,0x00,0x00,0x00,0x00,0x00,0x00,0x00,0x00,0x1F,0xFF,0x30,0x03,0xFF,0xC1,0x00,0x00,0x00,0x00,0x00,0x00,0x00,0x00,
    0x00,0x00,0x00,0x00,0x08,0xFF,0x70,0x09,0xFB,0x00,0x00,0x00,0x00,0x00,0x00,0x00,0x00,0x00,0x00,0x00,0x00,0x00,0x00,0x8F,
    0xA0,0x0E,0x90,0x00,0x00,0x00,0x00,0x00,0x00,0x00,0x00,0x00,0x00,0x00,0x00,0x00,0x00,0x04,0xC0,0x47,0x00,0x00,0x00,0x00,
    0x00,0x00,0x00,0x00,0x00,0x00,0x00,0x00,0x00,0x00,0x00,0x00,0x20,0x10,0x00,0x00,0x00,0x00,0x00,0x00,0x00,0x00,0x00,0x00,
    0x00,0x00,0x00,0x00,0x00,0x00,0x00,0x00,0x00,0x00,0x00,0x00,0x00,0x00,0x00,0x00,0x00,0x00,0x00,0x00,0x00,0x00,0x00,0x00,
    0x05,0x00,0x00,0x00,0x00,0x00,0x00,0x00,0x00,0x00,0x00,0x00,0x00,0x00,0x00,0x00,0x00,0x00,0x0D,0x00,0x00,0x00,0x00,0x00,
    0x00,0x00,0x00,0x00,0x00,0x00,0x00,0x00,0x00,0x00,0x00,0x00,0x3F,0x10,0x00,0x00,0x00,0x00,0x00,0x00,0x00,0x00,0x00,0x00,
    0x00,0x00,0x00,0x00,0x00,0x00,0x8F,0x40,0x00,0x00,0x00,0x00,0x00,0x00,0x00,0x00,0x00,0x00,0x00,0x00,0x00,0x00,0x00,0x00,
    0xDF,0x70,0x00,0x00,0x00,0x00,0x00,0x00,0x00,0x00,0x00,0x00,0x00,0x00,0x00,0x00,0x00,0x03,0xFF,0x90,0x00,0x00,0x00,0x00,
    0x00,0x00,0x00,0x00,0x00,0x00,0x00,0x00,0x00,0x00,0x00,0x08,0xFF,0xC0,0x00,0x00,0x00,0x00,0x00,0x00,0x00,0x00,0x00,0x00,
    0x00,0x00,0x00,0x00,0x00,0x0D,0xFF,0xE0,0x00,0x00,0x00,0x00,0x00,0x00,0x00,0x00,0x00,0x00,0x00,0x00,0x00,0x00,0x00,0x2F,
    0xFF,0xF1,0x00,0x00,0x00,0x00,0x00,0x00,0x00,0x00,0x00,0x00,0x00,0x00,0x00,0x00,0x00,0x4F,0xFF,0xF0,0x00,0x00,0x00,0x00,
    0x00,0x00,0x00,0x00,0x00,0x00,0x00,0x00,0x00,0x00,0x00,0x5F,0xFF,0xF0,0x00,0x00,0x00,0x00,0x00,0x00,0x00,0x00,0x00,0x00,
    0x00,0x00,0x00,0x00,0x00,0x00,0x00,0x00,0x00,0x00,0x00,0x00,0x00,0x00,0x00,0x00,0x00,0x00,0x00,0x00,0x00,0x00,0x00,0x00,
    0x00,0x00,0x00,0x00,0x00,0x00,0x00,0x00,0x00,0x00,0x00,0x00,0x00,0x00,0x00,0x00,0x00,0x00,0x00,0x00,0x00,0x00,0x00,0x00,
    0x00,0x00,0x00,0x00,0x00,0x00,0x00,0x00,0x00,0x00,0x00,0x00,0x00,0x00,0x00,0x00,0x00,0x00,0x00,0x00,0x00,0x00,0x00,0x00,
    0x00,0x00,0x00,0x00,0x00,0x00,0x00,0x00,0x00,0x00,0x00,0x00,0x00,0x00,0x00,0x00,0x00,0x00,0x00,0x00,0x00,0x00,0x00,0x00,
    0x00,0x00,0x00,0x00,0x00,0x00,0x00,0x00,0x00,0x00,0x00,0x00,0x00,0x00,0x00,0x00,0x00,0x00,0x00,0x00,0x00,0x00,0x00,0x00,
    0x00,0x00,0x00,0x00,0x00,0x00,
    // HP-41 code 90 (font 90)
    0x00,0x00,0x00,0x6F,0xFF,0xFF,0xFF,0xFF,0xFF,0xFF,0xFF,0xFE,0x20,0x00,0x00,0x00,0x00,0x00,0x00,0x00,0x00,0x09,0xFF,0xFF,
    0xFF,0xFF,0xFF,0xFF,0xFF,0xD2,0x00,0x00,0x00,0x00,0x00,0x00,0x00,0x00,0x00,0x00,0xCF,0xFF,0xFF,0xFF,0xFF,0xFF,0xB4,0x10,
    0x00,0x00,0x00,0x00,0x00,0x00,0x00,0x00,0x00,0x00,0x00,0x00,0x00,0x00,0x00,0x00,0x2B,0x30,0x00,0x00,0x00,0x00,0x00,0x00,
    0x00,0x00,0x00,0x00,0x00,0x00,0x00,0x00,0x00,0x07,0xFD,0x00,0x00,0x00,0x00,0x00,0x00,0x00,0x00,0x00,0x00,0x00,0x00,0x00,
    0x00,0x00,0x00,0x7F,0xF6,0x00,0x00,0x00,0x00,0x00,0x00,0x00,0x00,0x00,0x00,0x00,0x00,0x00,0x00,0x00,0x06,0xFF,0xF1,0x00,
    0x00,0x00,0x00,0x00,0x00,0x00,0x00,0x00,0x00,0x00,0x00,0x00,0x00,0x00,0x0E,0xFF,0xA0,0x00,0x00,0x00,0x00,0x00,0x00,0x00,
    0x00,0x00,0x00,0x00,0x00,0x00,0x00,0x00,0x4F,0xFF,0x40,0x00,0x00,0x00,0x00,0x00,0x00,0x00,0x00,0x00,0x00,0x00,0x00,0x00,
    0x00,0x00,0x9F,0xFE,0x00,0x00,0x00,0x00,0x00,0x00,0x00,0x00,0x00,0x00,0x00,0x00,0x00,0x00,0x00,0x00,0xEF,0xF8,0x00,0x00,
    0x00,0x00,0x00,0x00,0x00,0x00,0x00,0x00,0x00,0x00,0x00,0x00,0x00,0x04,0xFF,0xA0,0x00,0x00,0x00,0x00,0x00,0x00,0x00,0x00,
    0x00,0x00,0x00,0x00,0x00,0x00,0x00,0x0A,0xF8,0x00,0x00,0x00,0x00,0x00,0x00,0x00,0x00,0x00,0x00,0x00,0x00,0x00,0x00,0x00,
    0x00,0x0E,0x60,0x00,0x00,0x00,0x00,0x00,0x00,0x00,0x00,0x00,0x00,0x00,0x00,0x00,0x00,0x00,0x00,0x45,0x00,0x00,0x00,0x00,
    0x00,0x00,0x00,0x00,0x00,0x00,0x00,0x00,0x00,0x00,0x00,0x00,0x00,0x00,0x00,0x00,0x00,0x00,0x00,0x00,0x00,0x00,0x00,0x00,
    0x00,0x00,0x00,0x00,0x00,0x00,0x00,0x00,0x00,0x00,0x00,0x00,0x00,0x00,0x00,0x00,0x00,0x00,0x00,0x00,0x00,0x00,0x00,0x01,
    0x80,0x00,0x00,0x00,0x00,0x00,0x00,0x00,0x00,0x00,0x00,0x00,0x00,0x00,0x00,0x00,0x00,0x3E,0x50,0x00,0x00,0x00,0x00,0x00,
    0x00,0x00,0x00,0x00,0x00,0x00,0x00,0x00,0x00,0x00,0x05,0xFF,0x00,0x00,0x00,0x00,0x00,0x00,0x00,0x00,0x00,0x00,0x00,0x00,
    0x00,0x00,0x00,0x00,0x8F,0xFA,0x00,0x00,0x00,0x00,0x00,0x00,0x00,0x00,0x00,0x00,0x00,0x00,0x00,0x00,0x00,0x04,0xFF,0xF4,
    0x00,0x00,0x00,0x00,0x00,0x00,0x00,0x00,0x00,0x00,0x00,0x00,0x00,0x00,0x00,0x0A,0xFF,0xF0,0x00,0x00,0x00,0x00,0x00,0x00,
    0x00,0x00,0x00,0x00,0x00,0x00,0x00,0x00,0x00,0x0F,0xFF,0x90,0x00,0x00,0x00,0x00,0x00,0x00,0x00,0x00,0x00,0x00,0x00,0x00,
    0x00,0x00,0x00,0x6F,0xFF,0x40,0x00,0x00,0x00,0x00,0x00,0x00,0x00,0x00,0x00,0x00,0x00,0x00,0x00,0x00,0x00,0xBF,0xFC,0x00,
    0x00,0x00,0x00,0x00,0x00,0x00,0x00,0x00,0x00,0x00,0x00,0x00,0x00,0x00,0x01,0xFF,0xC0,0x00,0x00,0x00,0x00,0x00,0x00,0x00,
    0x00,0x00,0x00,0x00,0x00,0x00,0x00,0x00,0x07,0xFB,0x00,0x00,0x00,0x00,0x00,0x00,0x00,0x00,0x00,0x00,0x00,0x00,0x00,0x00,
    0x00,0x00,0x0B,0x50,0x00,0x00,0x00,0x00,0x00,0x00,0x00,0x00,0x00,0x00,0x00,0x00,0x00,0x00,0x00,0x00,0x02,0x8E,0xFF,0xFF,
    0xFF,0xFF,0xFF,0xF3,0x00,0x00,0x00,0x00,0x00,0x00,0x00,0x00,0x00,0x00,0x9F,0xFF,0xFF,0xFF,0xFF,0xFF,0xFF,0xFE,0x10,0x00,
    0x00,0x00,0x00,0x00,0x00,0x00,0x00,0x0A,0xFF,0xFF,0xFF,0xFF,0xFF,0xFF,0xFF,0xFF,0xC0,0x00,0x00,0x00,0x00,0x00,0x00,0x00,
    0x00,0x00,0x00,0x00,0x00,0x00,0x00,0x00,0x00,0x00,0x00,0x00,0x00,0x00,0x00,0x00,0x00,0x00,0x00,0x00,0x00,0x00,0x00,0x00,
    0x00,0x00,0x00,0x00,0x00,0x00,0x00,0x00,0x00,0x00,0x00,0x00,0x00,0x00,0x00,0x00,0x00,0x00,0x00,0x00,0x00,0x00,0x00,0x00,
    0x00,0x00,0x00,0x00,0x00,0x00,
    // HP-41 code 91 (font 91)
    0x00,0x00,0x10,0x6F,0xFF,0xFF,0xFF,0xFF,0xFF,0xFF,0xFF,0xFE,0x20,0x00,0x00,0x00,0x00,0x00,0x00,0x00,0x93,0x09,0xFF,0xFF,
    0xFF,0xFF,0xFF,0xFF,0xFF,0xD2,0x00,0x00,0x00,0x00,0x00,0x00,0x00,0x00,0xBE,0x10,0xCF,0xFF,0xFF,0xFF,0xFF,0xFF,0xB4,0x00,
    0x00,0x00,0x00,0x00,0x00,0x00,0x00,0x00,0xCF,0x70,0x00,0x00,0x00,0x00,0x00,0x00,0x00,0x00,0x00,0x00,0x00,0x00,0x00,0x00,
    0x00,0x00,0xDF,0x80,0x00,0x00,0x00,0x00,0x00,0x00,0x00,0x00,0x00,0x00,0x00,0x00,0x00,0x00,0x00,0x00,0xFF,0xA0,0x00,0x00,
    0x00,0x00,0x00,0x00,0x00,0x00,0x00,0x00,0x00,0x00,0x00,0x00,0x00,0x00,0xFF,0xB0,0x00,0x00,0x00,0x00,0x00,0x00,0x00,0x00,
    0x00,0x00,0x00,0x00,0x00,0x00,0x00,0x01,0xFF,0xC0,0x00,0x00,0x00,0x00,0x00,0x00,0x00,0x00,0x00,0x00,0x00,0x00,0x00,0x00,
    0x00,0x03,0xFF,0xD0,0x00,0x00,0x00,0x00,0x00,0x00,0x00,0x00,0x00,0x00,0x00,0x00,0x00,0x00,0x00,0x04,0xFF,0xE0,0x00,0x00,
    0x00,0x00,0x00,0x00,0x00,0x00,0x00,0x00,0x00,0x00,0x00,0x00,0x00,0x05,0xFF,0xF0,0x00,0x00,0x00,0x00,0x00,0x00,0x00,0x00,
    0x00,0x00,0x00,0x00,0x00,0x00,0x00,0x07,0xFF,0xF0,0x00,0x00,0x00,0x00,0x00,0x00,0x00,0x00,0x00,0x00,0x00,0x00,0x00,0x00,
    0x00,0x08,0xFF,0xF1,0x00,0x00,0x00,0x00,0x00,0x00,0x00,0x00,0x00,0x00,0x00,0x00,0x00,0x00,0x00,0x09,0xFF,0x80,0x00,0x00,
    0x00,0x00,0x00,0x00,0x00,0x00,0x00,0x00,0x00,0x00,0x00,0x00,0x00,0x05,0xE8,0x00,0x00,0x00,0x00,0x00,0x00,0x00,0x00,0x00,
    0x00,0x00,0x00,0x00,0x00,0x00,0x00,0x00,0x00,0x00,0x00,0x00,0x00,0x00,0x00,0x00,0x00,0x00,0x00,0x00,0x00,0x00,0x00,0x00,
    0x00,0x00,0x10,0x00,0x00,0x00,0x00,0x00,0x00,0x00,0x00,0x00,0x00,0x00,0x00,0x00,0x00,0x00,0x00,0x0A,0xF3,0x00,0x00,0x00,
    0x00,0x00,0x00,0x00,0x00,0x00,0x00,0x00,0x00,0x00,0x00,0x00,0x00,0x0F,0xFE,0x10,0x00,0x00,0x00,0x00,0x00,0x00,0x00,0x00,
    0x00,0x00,0x00,0x00,0x00,0x00,0x00,0x1F,0xFF,0x60,0x00,0x00,0x00,0x00,0x00,0x00,0x00,0x00,0x00,0x00,0x00,0x00,0x00,0x00,
    0x00,0x3F,0xFF,0x50,0x00,0x00,0x00,0x00,0x00,0x00,0x00,0x00,0x00,0x00,0x00,0x00,0x00,0x00,0x00,0x4F,0xFF,0x40,0x00,0x00,
    0x00,0x00,0x00,0x00,0x00,0x00,0x00,0x00,0x00,0x00,0x00,0x00,0x00,0x5F,0xFF,0x10,0x00,0x00,0x00,0x00,0x00,0x00,0x00,0x00,
    0x00,0x00,0x00,0x00,0x00,0x00,0x00,0x6F,0xFC,0x00,0x00,0x00,0x00,0x00,0x00,0x00,0x00,0x00,0x00,0x00,0x00,0x00,0x00,0x00,
    0x00,0x8F,0xF7,0x00,0x00,0x00,0x00,0x00,0x00,0x00,0x00,0x00,0x00,0x00,0x00,0x00,0x00,0x00,0x00,0x9F,0xF2,0x00,0x00,0x00,
    0x00,0x00,0x00,0x00,0x00,0x00,0x00,0x00,0x00,0x00,0x00,0x00,0x00,0xAF,0xD0,0x00,0x00,0x00,0x00,0x00,0x00,0x00,0x00,0x00,
    0x00,0x00,0x00,0x00,0x00,0x00,0x00,0xCF,0x70,0x00,0x00,0x00,0x00,0x00,0x00,0x00,0x00,0x00,0x00,0x00,0x00,0x00,0x00,0x00,
    0x00,0xDF,0x20,0x00,0x00,0x00,0x00,0x00,0x00,0x00,0x00,0x00,0x00,0x00,0x00,0x00,0x00,0x00,0x00,0xE8,0x01,0x8E,0xFF,0xFF,
    0xFF,0xFF,0xFF,0xF3,0x00,0x00,0x00,0x00,0x00,0x00,0x00,0x00,0x00,0x80,0x9F,0xFF,0xFF,0xFF,0xFF,0xFF,0xFF,0xFE,0x10,0x00,
    0x00,0x00,0x00,0x00,0x00,0x00,0x00,0x0A,0xFF,0xFF,0xFF,0xFF,0xFF,0xFF,0xFF,0xFF,0xC0,0x00,0x00,0x00,0x00,0x00,0x00,0x00,
    0x00,0x00,0x00,0x00,0x00,0x00,0x00,0x00,0x00,0x00,0x00,0x00,0x00,0x00,0x00,0x00,0x00,0x00,0x00,0x00,0x00,0x00,0x00,0x00,
    0x00,0x00,0x00,0x00,0x00,0x00,0x00,0x00,0x00,0x00,0x00,0x00,0x00,0x00,0x00,0x00,0x00,0x00,0x00,0x00,0x00,0x00,0x00,0x00,
    0x00,0x00,0x00,0x00,0x00,0x00,
    // HP-41 code 92 (font 92)
    0x00,0x00,0x00,0x00,0x00,0x00,0x00,0x00,0x00,0x00,0x00,0x00,0x00,0x00,0x00,0x00,0x00,0x00,0x00,0x00,0x00,0x00,0x00,0x00,
    0x00,0x00,0x00,0x00,0x00,0x00,0x00,0x00,0x00,0x00,0x00,0x00,0x00,0x00,0x00,0x07,0x10,0x00,0x00,0x00,0x00,0x00,0x00,0x00,
    0x00,0x00,0x00,0x00,0x00,0x00,0x00,0x00,0x00,0x09,0xE3,0x00,0x00,0x00,0x00,0x00,0x00,0x00,0x00,0x00,0x00,0x00,0x00,0x00,
    0x00,0x00,0x00,0x07,0xFF,0x20,0x00,0x00,0x00,0x00,0x00,0x00,0x00,0x00,0x00,0x00,0x00,0x00,0x00,0x00,0x00,0x05,0xFF,0x90,
    0x00,0x00,0x00,0x00,0x00,0x00,0x00,0x00,0x00,0x00,0x00,0x00,0x00,0x00,0x00,0x03,0xFF,0xF0,0x00,0x00,0x00,0x00,0x00,0x00,
    0x00,0x00,0x00,0x00,0x00,0x00,0x00,0x00,0x00,0x01,0xFF,0xF7,0x00,0x00,0x00,0x00,0x00,0x00,0x00,0x00,0x00,0x00,0x00,0x00,
    0x00,0x00,0x00,0x00,0xFF,0xFC,0x00,0x00,0x00,0x00,0x00,0x00,0x00,0x00,0x00,0x00,0x00,0x00,0x00,0x00,0x00,0x00,0x9F,0xFF,
    0x00,0x00,0x00,0x00,0x00,0x00,0x00,0x00,0x00,0x00,0x00,0x00,0x00,0x00,0x00,0x00,0x2F,0xFF,0x20,0x00,0x00,0x00,0x00,0x00,
    0x00,0x00,0x00,0x00,0x00,0x00,0x00,0x00,0x00,0x00,0x0A,0xFF,0x60,0x00,0x00,0x00,0x00,0x00,0x00,0x00,0x00,0x00,0x00,0x00,
    0x00,0x00,0x00,0x00,0x01,0xCF,0x90,0x00,0x00,0x00,0x00,0x00,0x00,0x00,0x00,0x00,0x00,0x00,0x00,0x00,0x00,0x00,0x00,0x09,
    0xC0,0x00,0x00,0x00,0x00,0x00,0x00,0x00,0x00,0x00,0x00,0x00,0x00,0x00,0x00,0x00,0x00,0x00,0x50,0x00,0x00,0x00,0x00,0x00,
    0x00,0x00,0x00,0x00,0x00,0x00,0x00,0x00,0x00,0x00,0x00,0x00,0x00,0x00,0x00,0x00,0x00,0x00,0x00,0x00,0x00,0x00,0x00,0x00,
    0x00,0x00,0x00,0x00,0x00,0x00,0x00,0x30,0x00,0x00,0x00,0x00,0x00,0x00,0x00,0x00,0x00,0x00,0x00,0x00,0x00,0x00,0x00,0x00,
    0x00,0x6B,0x10,0x00,0x00,0x00,0x00,0x00,0x00,0x00,0x00,0x00,0x00,0x00,0x00,0x00,0x00,0x00,0x00,0x3F,0xE3,0x00,0x00,0x00,
    0x00,0x00,0x00,0x00,0x00,0x00,0x00,0x00,0x00,0x00,0x00,0x00,0x00,0x0F,0xFF,0x00,0x00,0x00,0x00,0x00,0x00,0x00,0x00,0x00,
    0x00,0x00,0x00,0x00,0x00,0x00,0x00,0x0D,0xFF,0x70,0x00,0x00,0x00,0x00,0x00,0x00,0x00,0x00,0x00,0x00,0x00,0x00,0x00,0x00,
    0x00,0x09,0xFF,0xE0,0x00,0x00,0x00,0x00,0x00,0x00,0x00,0x00,0x00,0x00,0x00,0x00,0x00,0x00,0x00,0x06,0xFF,0xF4,0x00,0x00,
    0x00,0x00,0x00,0x00,0x00,0x00,0x00,0x00,0x00,0x00,0x00,0x00,0x00,0x02,0xFF,0xF7,0x00,0x00,0x00,0x00,0x00,0x00,0x00,0x00,
    0x00,0x00,0x00,0x00,0x00,0x00,0x00,0x00,0xBF,0xF9,0x00,0x00,0x00,0x00,0x00,0x00,0x00,0x00,0x00,0x00,0x00,0x00,0x00,0x00,
    0x00,0x00,0x3F,0xFB,0x00,0x00,0x00,0x00,0x00,0x00,0x00,0x00,0x00,0x00,0x00,0x00,0x00,0x00,0x00,0x00,0x0C,0xFE,0x00,0x00,
    0x00,0x00,0x00,0x00,0x00,0x00,0x00,0x00,0x00,0x00,0x00,0x00,0x00,0x00,0x01,0xCF,0x00,0x00,0x00,0x00,0x00,0x00,0x00,0x00,
    0x00,0x00,0x00,0x00,0x00,0x00,0x00,0x00,0x00,0x07,0x20,0x00,0x00,0x00,0x00,0x00,0x00,0x00,0x00,0x00,0x00,0x00,0x00,0x00,
    0x00,0x00,0x00,0x00,0x00,0x00,0x00,0x00,0x00,0x00,0x00,0x00,0x00,0x00,0x00,0x00,0x00,0x00,0x00,0x00,0x00,0x00,0x00,0x00,
    0x00,0x00,0x00,0x00,0x00,0x00,0x00,0x00,0x00,0x00,0x00,0x00,0x00,0x00,0x00,0x00,0x00,0x00,0x00,0x00,0x00,0x00,0x00,0x00,
    0x00,0x00,0x00,0x00,0x00,0x00,0x00,0x00,0x00,0x00,0x00,0x00,0x00,0x00,0x00,0x00,0x00,0x00,0x00,0x00,0x00,0x00,0x00,0x00,
    0x00,0x00,0x00,0x00,0x00,0x00,0x00,0x00,0x00,0x00,0x00,0x00,0x00,0x00,0x00,0x00,0x00,0x00,0x00,0x00,0x00,0x00,0x00,0x00,
    0x00,0x00,0x00,0x00,0x00,0x00,
    // HP-41 code 93 (font 93)
    0x00,0x00,0x00,0x6F,0xFF,0xFF,0xFF,0xFF,0xFF,0xFF,0xFF,0xFE,0x20,0x00,0x00,0x00,0x00,0x00,0x00,0x00,0x00,0x09,0xFF,0xFF,
    0xFF,0xFF,0xFF,0xFF,0xFF,0xD2,0x24,0x00,0x00,0x00,0x00,0x00,0x00,0x00,0x00,0x00,0xCF,0xFF,0xFF,0xFF,0xFF,0xFF,0xB4,0x02,
    0xE4,0x00,0x00,0x00,0x00,0x00,0x00,0x00,0x00,0x00,0x00,0x00,0x00,0x00,0x00,0x00,0x00,0x0B,0xF3,0x00,0x00,0x00,0x00,0x00,
    0x00,0x00,0x00,0x00,0x00,0x00,0x00,0x00,0x00,0x00,0x00,0x1F,0xF2,0x00,0x00,0x00,0x00,0x00,0x00,0x00,0x00,0x00,0x00,0x00,
    0x00,0x00,0x00,0x00,0x00,0x6F,0xF0,0x00,0x00,0x00,0x00,0x00,0x00,0x00,0x00,0x00,0x00,0x00,0x00,0x00,0x00,0x00,0x00,0xBF,
    0xF0,0x00,0x00,0x00,0x00,0x00,0x00,0x00,0x00,0x00,0x00,0x00,0x00,0x00,0x00,0x00,0x00,0xFF,0xE0,0x00,0x00,0x00,0x00,0x00,
    0x00,0x00,0x00,0x00,0x00,0x00,0x00,0x00,0x00,0x00,0x05,0xFF,0xC0,0x00,0x00,0x00,0x00,0x00,0x00,0x00,0x00,0x00,0x00,0x00,
    0x00,0x00,0x00,0x00,0x0A,0xFF,0xB0,0x00,0x00,0x00,0x00,0x00,0x00,0x00,0x00,0x00,0x00,0x00,0x00,0x00,0x00,0x00,0x0D,0xFF,
    0xA0,0x00,0x00,0x00,0x00,0x00,0x00,0x00,0x00,0x00,0x00,0x00,0x00,0x00,0x00,0x00,0x0E,0xFF,0x80,0x00,0x00,0x00,0x00,0x00,
    0x00,0x00,0x00,0x00,0x00,0x00,0x00,0x00,0x00,0x00,0x0F,0xFF,0x70,0x00,0x00,0x00,0x00,0x00,0x00,0x00,0x00,0x00,0x00,0x00,
    0x00,0x00,0x00,0x00,0x0A,0xFF,0x60,0x00,0x00,0x00,0x00,0x00,0x00,0x00,0x00,0x00,0x00,0x00,0x00,0x00,0x00,0x00,0x00,0xCE,
    0x30,0x00,0x00,0x00,0x00,0x00,0x00,0x00,0x00,0x00,0x00,0x00,0x00,0x00,0x00,0x00,0x00,0x00,0x00,0x00,0x00,0x00,0x00,0x00,
    0x00,0x00,0x00,0x00,0x00,0x00,0x00,0x00,0x00,0x00,0x00,0x00,0x00,0x00,0x00,0x00,0x00,0x00,0x00,0x00,0x00,0x00,0x00,0x00,
    0x00,0x00,0x00,0x00,0x02,0xEA,0x00,0x00,0x00,0x00,0x00,0x00,0x00,0x00,0x00,0x00,0x00,0x00,0x00,0x00,0x00,0x00,0x2E,0xFF,
    0x00,0x00,0x00,0x00,0x00,0x00,0x00,0x00,0x00,0x00,0x00,0x00,0x00,0x00,0x00,0x00,0xBF,0xFE,0x00,0x00,0x00,0x00,0x00,0x00,
    0x00,0x00,0x00,0x00,0x00,0x00,0x00,0x00,0x00,0x00,0xAF,0xFD,0x00,0x00,0x00,0x00,0x00,0x00,0x00,0x00,0x00,0x00,0x00,0x00,
    0x00,0x00,0x00,0x00,0x9F,0xFB,0x00,0x00,0x00,0x00,0x00,0x00,0x00,0x00,0x00,0x00,0x00,0x00,0x00,0x00,0x00,0x00,0x8F,0xFA,
    0x00,0x00,0x00,0x00,0x00,0x00,0x00,0x00,0x00,0x00,0x00,0x00,0x00,0x00,0x00,0x00,0x7F,0xF9,0x00,0x00,0x00,0x00,0x00,0x00,
    0x00,0x00,0x00,0x00,0x00,0x00,0x00,0x00,0x00,0x00,0x5F,0xF8,0x00,0x00,0x00,0x00,0x00,0x00,0x00,0x00,0x00,0x00,0x00,0x00,
    0x00,0x00,0x00,0x00,0x4F,0xF6,0x00,0x00,0x00,0x00,0x00,0x00,0x00,0x00,0x00,0x00,0x00,0x00,0x00,0x00,0x00,0x00,0x3F,0xF5,
    0x00,0x00,0x00,0x00,0x00,0x00,0x00,0x00,0x00,0x00,0x00,0x00,0x00,0x00,0x00,0x00,0x2F,0xF4,0x00,0x00,0x00,0x00,0x00,0x00,
    0x00,0x00,0x00,0x00,0x00,0x00,0x00,0x00,0x00,0x00,0x0F,0xF2,0x00,0x00,0x00,0x00,0x00,0x00,0x00,0x00,0x01,0x8E,0xFF,0xFF,
    0xFF,0xFF,0xFF,0xF3,0x0A,0xF1,0x00,0x00,0x00,0x00,0x00,0x00,0x00,0x00,0x9F,0xFF,0xFF,0xFF,0xFF,0xFF,0xFF,0xFE,0x10,0xC0,
    0x00,0x00,0x00,0x00,0x00,0x00,0x00,0x0A,0xFF,0xFF,0xFF,0xFF,0xFF,0xFF,0xFF,0xFF,0xC0,0x10,0x00,0x00,0x00,0x00,0x00,0x00,
    0x00,0x00,0x00,0x00,0x00,0x00,0x00,0x00,0x00,0x00,0x00,0x00,0x00,0x00,0x00,0x00,0x00,0x00,0x00,0x00,0x00,0x00,0x00,0x00,
    0x00,0x00,0x00,0x00,0x00,0x00,0x00,0x00,0x00,0x00,0x00,0x00,0x00,0x00,0x00,0x00,0x00,0x00,0x00,0x00,0x00,0x00,0x00,0x00,
    0x00,0x00,0x00,0x00,0x00,0x00,
    // HP-41 code 94 (font 94)
    0x00,0x00,0x00,0x6F,0xFF,0xFF,0xFF,0xFF,0xFF,0xFF,0xFF,0xFE,0x20,0x00,0x00,0x00,0x00,0x00,0x00,0x00,0x00,0x09,0xFF,0xFF,
    0xFF,0xFF,0xFF,0xFF,0xFF,0xD2,0x24,0x00,0x00,0x00,0x00,0x00,0x00,0x00,0x00,0x00,0xCF,0xFF,0xFF,0xFF,0xFF,0xFF,0xB4,0x12,
    0xE4,0x00,0x00,0x00,0x00,0x00,0x00,0x00,0x00,0x00,0x00,0x00,0x00,0x00,0x00,0x00,0x2B,0x3B,0xF3,0x00,0x00,0x00,0x00,0x00,
    0x00,0x00,0x00,0x00,0x00,0x00,0x00,0x00,0x00,0x07,0xFD,0x1F,0xF2,0x00,0x00,0x00,0x00,0x00,0x00,0x00,0x00,0x00,0x00,0x00,
    0x00,0x00,0x00,0x7F,0xF6,0x6F,0xF0,0x00,0x00,0x00,0x00,0x00,0x00,0x00,0x00,0x00,0x00,0x00,0x00,0x00,0x06,0xFF,0xF1,0xBF,
    0xF0,0x00,0x00,0x00,0x00,0x00,0x00,0x00,0x00,0x00,0x00,0x00,0x00,0x00,0x0E,0xFF,0xA0,0xFF,0xE0,0x00,0x00,0x00,0x00,0x00,
    0x00,0x00,0x00,0x00,0x00,0x00,0x00,0x00,0x4F,0xFF,0x45,0xFF,0xC0,0x00,0x00,0x00,0x00,0x00,0x00,0x00,0x00,0x00,0x00,0x00,
    0x00,0x00,0x9F,0xFE,0x0A,0xFF,0xB0,0x00,0x00,0x00,0x00,0x00,0x00,0x00,0x00,0x00,0x00,0x00,0x00,0x00,0xEF,0xF8,0x0D,0xFF,
    0xA0,0x00,0x00,0x00,0x00,0x00,0x00,0x00,0x00,0x00,0x00,0x00,0x00,0x04,0xFF,0xA0,0x0E,0xFF,0x80,0x00,0x00,0x00,0x00,0x00,
    0x00,0x00,0x00,0x00,0x00,0x00,0x00,0x0A,0xF8,0x00,0x0F,0xFF,0x70,0x00,0x00,0x00,0x00,0x00,0x00,0x00,0x00,0x00,0x00,0x00,
    0x00,0x0E,0x60,0x00,0x0A,0xFF,0x60,0x00,0x00,0x00,0x00,0x00,0x00,0x00,0x00,0x00,0x00,0x00,0x00,0x45,0x00,0x00,0x00,0xCE,
    0x30,0x00,0x00,0x00,0x00,0x00,0x00,0x00,0x00,0x00,0x00,0x00,0x00,0x00,0x00,0x00,0x00,0x00,0x00,0x00,0x00,0x00,0x00,0x00,
    0x00,0x00,0x00,0x00,0x00,0x00,0x00,0x00,0x00,0x00,0x00,0x00,0x00,0x00,0x00,0x00,0x00,0x00,0x00,0x00,0x00,0x00,0x00,0x01,
    0x80,0x00,0x00,0x00,0x00,0x00,0x00,0x00,0x00,0x00,0x00,0x00,0x00,0x00,0x00,0x00,0x00,0x2E,0x60,0x00,0x00,0x00,0x00,0x00,
    0x00,0x00,0x00,0x00,0x00,0x00,0x00,0x00,0x00,0x00,0x04,0xFF,0x00,0x00,0x00,0x00,0x00,0x00,0x00,0x00,0x00,0x00,0x00,0x00,
    0x00,0x00,0x00,0x00,0x7F,0xFA,0x00,0x00,0x00,0x00,0x00,0x00,0x00,0x00,0x00,0x00,0x00,0x00,0x00,0x00,0x00,0x03,0xFF,0xF5,
    0x00,0x00,0x00,0x00,0x00,0x00,0x00,0x00,0x00,0x00,0x00,0x00,0x00,0x00,0x00,0x09,0xFF,0xF0,0x00,0x00,0x00,0x00,0x00,0x00,
    0x00,0x00,0x00,0x00,0x00,0x00,0x00,0x00,0x00,0x0F,0xFF,0xA0,0x00,0x00,0x00,0x00,0x00,0x00,0x00,0x00,0x00,0x00,0x00,0x00,
    0x00,0x00,0x00,0x5F,0xFF,0x40,0x00,0x00,0x00,0x00,0x00,0x00,0x00,0x00,0x00,0x00,0x00,0x00,0x00,0x00,0x00,0xBF,0xFD,0x00,
    0x00,0x00,0x00,0x00,0x00,0x00,0x00,0x00,0x00,0x00,0x00,0x00,0x00,0x00,0x01,0xFF,0xC1,0x00,0x00,0x00,0x00,0x00,0x00,0x00,
    0x00,0x00,0x00,0x00,0x00,0x00,0x00,0x00,0x07,0xFC,0x10,0x00,0x00,0x00,0x00,0x00,0x00,0x00,0x00,0x00,0x00,0x00,0x00,0x00,
    0x00,0x00,0x0C,0x60,0x00,0x00,0x00,0x00,0x00,0x00,0x00,0x00,0x00,0x00,0x00,0x00,0x00,0x00,0x00,0x00,0x01,0x00,0x00,0x00,
    0x00,0x00,0x00,0x00,0x00,0x00,0x00,0x00,0x00,0x00,0x00,0x00,0x00,0x00,0x00,0x00,0x00,0x00,0x00,0x00,0x00,0x00,0x00,0x00,
    0x00,0x00,0x00,0x00,0x00,0x00,0x00,0x00,0x00,0x00,0x00,0x00,0x00,0x00,0x00,0x00,0x00,0x00,0x00,0x00,0x00,0x00,0x00,0x00,
    0x00,0x00,0x00,0x00,0x00,0x00,0x00,0x00,0x00,0x00,0x00,0x00,0x00,0x00,0x00,0x00,0x00,0x00,0x00,0x00,0x00,0x00,0x00,0x00,
    0x00,0x00,0x00,0x00,0x00,0x00,0x00,0x00,0x00,0x00,0x00,0x00,0x00,0x00,0x00,0x00,0x00,0x00,0x00,0x00,0x00,0x00,0x00,0x00,
    0x00,0x00,0x00,0x00,0x00,0x00,
    // HP-41 code 95 (font 95)
    0x00,0x00,0x00,0x00,0x00,0x00,0x00,0x00,0x00,0x00,0x00,0x00,0x00,0x00,0x00,0x00,0x00,0x00,0x00,0x00,0x00,0x00,0x00,0x00,
    0x00,0x00,0x00,0x00,0x00,0x00,0x00,0x00,0x00,0x00,0x00,0x00,0x00,0x00,0x00,0x00,0x00,0x00,0x00,0x00,0x00,0x00,0x00,0x00,
    0x00,0x00,0x00,0x00,0x00,0x00,0x00,0x00,0x00,0x00,0x00,0x00,0x00,0x00,0x00,0x00,0x00,0x00,0x00,0x00,0x00,0x00,0x00,0x00,
    0x00,0x00,0x00,0x00,0x00,0x00,0x00,0x00,0x00,0x00,0x00,0x00,0x00,0x00,0x00,0x00,0x00,0x00,0x00,0x00,0x00,0x00,0x00,0x00,
    0x00,0x00,0x00,0x00,0x00,0x00,0x00,0x00,0x00,0x00,0x00,0x00,0x00,0x00,0x00,0x00,0x00,0x00,0x00,0x00,0x00,0x00,0x00,0x00,
    0x00,0x00,0x00,0x00,0x00,0x00,0x00,0x00,0x00,0x00,0x00,0x00,0x00,0x00,0x00,0x00,0x00,0x00,0x00,0x00,0x00,0x00,0x00,0x00,
    0x00,0x00,0x00,0x00,0x00,0x00,0x00,0x00,0x00,0x00,0x00,0x00,0x00,0x00,0x00,0x00,0x00,0x00,0x00,0x00,0x00,0x00,0x00,0x00,
    0x00,0x00,0x00,0x00,0x00,0x00,0x00,0x00,0x00,0x00,0x00,0x00,0x00,0x00,0x00,0x00,0x00,0x00,0x00,0x00,0x00,0x00,0x00,0x00,
    0x00,0x00,0x00,0x00,0x00,0x00,0x00,0x00,0x00,0x00,0x00,0x00,0x00,0x00,0x00,0x00,0x00,0x00,0x00,0x00,0x00,0x00,0x00,0x00,
    0x00,0x00,0x00,0x00,0x00,0x00,0x00,0x00,0x00,0x00,0x00,0x00,0x00,0x00,0x00,0x00,0x00,0x00,0x00,0x00,0x00,0x00,0x00,0x00,
    0x00,0x00,0x00,0x00,0x00,0x00,0x00,0x00,0x00,0x00,0x00,0x00,0x00,0x00,0x00,0x00,0x00,0x00,0x00,0x00,0x00,0x00,0x00,0x00,
    0x00,0x00,0x00,0x00,0x00,0x00,0x00,0x00,0x00,0x00,0x00,0x00,0x00,0x00,0x00,0x00,0x00,0x00,0x00,0x00,0x00,0x00,0x00,0x00,
    0x00,0x00,0x00,0x00,0x00,0x00,0x00,0x00,0x00,0x00,0x00,0x00,0x00,0x00,0x00,0x00,0x00,0x00,0x00,0x00,0x00,0x00,0x00,0x00,
    0x00,0x00,0x00,0x00,0x00,0x00,0x00,0x00,0x00,0x00,0x00,0x00,0x00,0x00,0x00,0x00,0x00,0x00,0x00,0x00,0x00,0x00,0x00,0x00,
    0x00,0x00,0x00,0x00,0x00,0x00,0x00,0x00,0x00,0x00,0x00,0x00,0x00,0x00,0x00,0x00,0x00,0x00,0x00,0x00,0x00,0x00,0x00,0x00,
    0x00,0x00,0x00,0x00,0x00,0x00,0x00,0x00,0x00,0x00,0x00,0x00,0x00,0x00,0x00,0x00,0x00,0x00,0x00,0x00,0x00,0x00,0x00,0x00,
    0x00,0x00,0x00,0x00,0x00,0x00,0x00,0x00,0x00,0x00,0x00,0x00,0x00,0x00,0x00,0x00,0x00,0x00,0x00,0x00,0x00,0x00,0x00,0x00,
    0x00,0x00,0x00,0x00,0x00,0x00,0x00,0x00,0x00,0x00,0x00,0x00,0x00,0x00,0x00,0x00,0x00,0x00,0x00,0x00,0x00,0x00,0x00,0x00,
    0x00,0x00,0x00,0x00,0x00,0x00,0x00,0x00,0x00,0x00,0x00,0x00,0x00,0x00,0x00,0x00,0x00,0x00,0x00,0x00,0x00,0x00,0x00,0x00,
    0x00,0x00,0x00,0x00,0x00,0x00,0x00,0x00,0x00,0x00,0x00,0x00,0x00,0x00,0x00,0x00,0x00,0x00,0x00,0x00,0x00,0x00,0x00,0x00,
    0x00,0x00,0x00,0x00,0x00,0x00,0x00,0x00,0x00,0x00,0x00,0x00,0x00,0x00,0x00,0x00,0x00,0x00,0x00,0x00,0x00,0x00,0x00,0x00,
    0x00,0x00,0x00,0x00,0x00,0x00,0x00,0x00,0x00,0x00,0x00,0x00,0x00,0x00,0x00,0x00,0x00,0x00,0x00,0x00,0x01,0x8E,0xFF,0xFF,
    0xFF,0xFF,0xFF,0xF3,0x00,0x00,0x00,0x00,0x00,0x00,0x00,0x00,0x00,0x00,0x9F,0xFF,0xFF,0xFF,0xFF,0xFF,0xFF,0xFE,0x10,0x00,
    0x00,0x00,0x00,0x00,0x00,0x00,0x00,0x0A,0xFF,0xFF,0xFF,0xFF,0xFF,0xFF,0xFF,0xFF,0xC0,0x00,0x00,0x00,0x00,0x00,0x00,0x00,
    0x00,0x00,0x00,0x00,0x00,0x00,0x00,0x00,0x00,0x00,0x00,0x00,0x00,0x00,0x00,0x00,0x00,0x00,0x00,0x00,0x00,0x00,0x00,0x00,
    0x00,0x00,0x00,0x00,0x00,0x00,0x00,0x00,0x00,0x00,0x00,0x00,0x00,0x00,0x00,0x00,0x00,0x00,0x00,0x00,0x00,0x00,0x00,0x00,
    0x00,0x00,0x00,0x00,0x00,0x00,
    // HP-41 code 96 (font 96)
    0x00,0x00,0x00,0x6F,0xFF,0xFF,0xFF,0xFF,0xFF,0xFF,0xFF,0xFE,0x20,0x00,0x00,0x00,0x00,0x00,0x00,0x00,0x00,0x09,0xFF,0xFF,
    0xFF,0xFF,0xFF,0xFF,0xFF,0xD2,0x00,0x00,0x00,0x00,0x00,0x00,0x00,0x00,0x00,0x00,0xCF,0xFF,0xFF,0xFF,0xFF,0xFF,0xB4,0x00,
    0x00,0x00,0x00,0x00,0x00,0x00,0x00,0x00,0x00,0x00,0x00,0x00,0x00,0x00,0x00,0x00,0x00,0x00,0x00,0x00,0x00,0x00,0x00,0x00,
    0x00,0x00,0x00,0x00,0x00,0x00,0x8F,0xFF,0xC0,0x00,0x00,0x00,0x00,0x00,0x00,0x00,0x00,0x00,0x00,0x00,0x00,0x00,0x00,0x00,
    0x9F,0xFF,0xB0,0x00,0x00,0x00,0x00,0x00,0x00,0x00,0x00,0x00,0x00,0x00,0x00,0x00,0x00,0x00,0xAF,0xFF,0x90,0x00,0x00,0x00,
    0x00,0x00,0x00,0x00,0x00,0x00,0x00,0x00,0x00,0x00,0x00,0x00,0x8F,0xFF,0x40,0x00,0x00,0x00,0x00,0x00,0x00,0x00,0x00,0x00,
    0x00,0x00,0x00,0x00,0x00,0x00,0x5F,0xFE,0x00,0x00,0x00,0x00,0x00,0x00,0x00,0x00,0x00,0x00,0x00,0x00,0x00,0x00,0x00,0x00,
    0x3F,0xFA,0x00,0x00,0x00,0x00,0x00,0x00,0x00,0x00,0x00,0x00,0x00,0x00,0x00,0x00,0x00,0x00,0x0F,0xF4,0x00,0x00,0x00,0x00,
    0x00,0x00,0x00,0x00,0x00,0x00,0x00,0x00,0x00,0x00,0x00,0x00,0x0D,0xF0,0x00,0x00,0x00,0x00,0x00,0x00,0x00,0x00,0x00,0x00,
    0x00,0x00,0x00,0x00,0x00,0x00,0x0B,0xA0,0x00,0x00,0x00,0x00,0x00,0x00,0x00,0x00,0x00,0x00,0x00,0x00,0x00,0x00,0x00,0x00,
    0x08,0x50,0x00,0x00,0x00,0x00,0x00,0x00,0x00,0x00,0x00,0x00,0x00,0x00,0x00,0x00,0x00,0x00,0x05,0x00,0x00,0x00,0x00,0x00,
    0x00,0x00,0x00,0x00,0x00,0x00,0x00,0x00,0x00,0x00,0x00,0x00,0x00,0x00,0x00,0x00,0x00,0x00,0x00,0x00,0x00,0x00,0x00,0x00,
    0x00,0x00,0x00,0x00,0x00,0x00,0x00,0x00,0x00,0x00,0x00,0x00,0x00,0x00,0x00,0x00,0x00,0x00,0x00,0x00,0x00,0x00,0x00,0x00,
    0x00,0x00,0x00,0x00,0x00,0x00,0x00,0x00,0x00,0x00,0x00,0x00,0x00,0x00,0x00,0x00,0x00,0x00,0x00,0x00,0x00,0x00,0x00,0x00,
    0x00,0x00,0x00,0x00,0x00,0x00,0x00,0x00,0x00,0x00,0x00,0x00,0x00,0x00,0x00,0x00,0x00,0x00,0x00,0x00,0x00,0x00,0x00,0x00,
    0x00,0x00,0x00,0x00,0x00,0x00,0x00,0x00,0x00,0x00,0x00,0x00,0x00,0x00,0x00,0x00,0x00,0x00,0x00,0x00,0x00,0x00,0x00,0x00,
    0x00,0x00,0x00,0x00,0x00,0x00,0x00,0x00,0x00,0x00,0x00,0x00,0x00,0x00,0x00,0x00,0x00,0x00,0x00,0x00,0x00,0x00,0x00,0x00,
    0x00,0x00,0x00,0x00,0x00,0x00,0x00,0x00,0x00,0x00,0x00,0x00,0x00,0x00,0x00,0x00,0x00,0x00,0x00,0x00,0x00,0x00,0x00,0x00,
    0x00,0x00,0x00,0x00,0x00,0x00,0x00,0x00,0x00,0x00,0x00,0x00,0x00,0x00,0x00,0x00,0x00,0x00,0x00,0x00,0x00,0x00,0x00,0x00,
    0x00,0x00,0x00,0x00,0x00,0x00,0x00,0x00,0x00,0x00,0x00,0x00,0x00,0x00,0x00,0x00,0x00,0x00,0x00,0x00,0x00,0x00,0x00,0x00,
    0x00,0x00,0x00,0x00,0x00,0x00,0x00,0x00,0x00,0x00,0x00,0x00,0x00,0x00,0x00,0x00,0x00,0x00,0x00,0x00,0x00,0x00,0x00,0x00,
    0x00,0x00,0x00,0x00,0x00,0x00,0x00,0x00,0x00,0x00,0x00,0x00,0x00,0x00,0x00,0x00,0x00,0x00,0x00,0x00,0x00,0x00,0x00,0x00,
    0x00,0x00,0x00,0x00,0x00,0x00,0x00,0x00,0x00,0x00,0x00,0x00,0x00,0x00,0x00,0x00,0x00,0x00,0x00,0x00,0x00,0x00,0x00,0x00,
    0x00,0x00,0x00,0x00,0x00,0x00,0x00,0x00,0x00,0x00,0x00,0x00,0x00,0x00,0x00,0x00,0x00,0x00,0x00,0x00,0x00,0x00,0x00,0x00,
    0x00,0x00,0x00,0x00,0x00,0x00,0x00,0x00,0x00,0x00,0x00,0x00,0x00,0x00,0x00,0x00,0x00,0x00,0x00,0x00,0x00,0x00,0x00,0x00,
    0x00,0x00,0x00,0x00,0x00,0x00,0x00,0x00,0x00,0x00,0x00,0x00,0x00,0x00,0x00,0x00,0x00,0x00,0x00,0x00,0x00,0x00,0x00,0x00,
    0x00,0x00,0x00,0x00,0x00,0x00,
    // HP-41 code 97 (font 97)
    0x00,0x00,0x00,0x00,0x00,0x00,0x00,0x00,0x00,0x00,0x00,0x00,0x00,0x00,0x00,0x00,0x00,0x00,0x00,0x00,0x00,0x00,0x00,0x00,
    0x00,0x00,0x00,0x00,0x00,0x00,0x00,0x00,0x00,0x00,0x00,0x00,0x00,0x00,0x00,0x00,0x00,0x00,0x00,0x00,0x00,0x00,0x00,0x00,
    0x00,0x00,0x00,0x00,0x00,0x00,0x00,0x00,0x00,0x00,0x00,0x00,0x00,0x00,0x00,0x00,0x00,0x00,0x00,0x00,0x00,0x00,0x00,0x00,
    0x00,0x00,0x00,0x00,0x00,0x00,0x00,0x00,0x00,0x00,0x00,0x00,0x00,0x00,0x00,0x00,0x00,0x00,0x00,0x00,0x00,0x00,0x00,0x00,
    0x00,0x00,0x00,0x00,0x00,0x00,0x00,0x00,0x00,0x00,0x00,0x00,0x00,0x00,0x00,0x00,0x00,0x00,0x00,0x00,0x00,0x00,0x00,0x00,
    0x00,0x00,0x00,0x00,0x00,0x00,0x00,0x00,0x00,0x00,0x00,0x00,0x00,0x00,0x00,0x00,0x00,0x00,0x00,0x00,0x00,0x00,0x00,0x00,
    0x00,0x00,0x00,0x00,0x00,0x00,0x00,0x00,0x00,0x00,0x00,0x00,0x00,0x00,0x00,0x00,0x00,0x00,0x00,0x00,0x00,0x00,0x00,0x00,
    0x00,0x00,0x00,0x00,0x00,0x00,0x00,0x00,0x00,0x00,0x00,0x00,0x00,0x00,0x00,0x00,0x00,0x00,0x00,0x00,0x00,0x00,0x00,0x00,
    0x00,0x00,0x00,0x00,0x00,0x00,0x00,0x00,0x00,0x00,0x00,0x00,0x00,0x00,0x00,0x00,0x00,0x00,0x00,0x00,0x00,0x00,0x00,0x00,
    0x00,0x00,0x00,0x00,0x00,0x00,0x00,0x00,0x00,0x00,0x00,0x00,0x00,0x00,0x00,0x00,0x00,0x00,0x00,0x00,0x00,0x00,0x00,0x00,
    0x00,0x00,0x00,0x00,0x00,0x00,0x00,0x00,0x00,0x00,0x00,0x00,0x00,0x00,0x00,0xBF,0xFF,0xE3,0x00,0x00,0x00,0x00,0x00,0x00,
    0x00,0x00,0x00,0x00,0x00,0x00,0x00,0x00,0x06,0xFF,0xFF,0xFF,0x70,0x00,0x00,0x00,0x00,0x00,0x00,0x00,0x00,0x00,0x00,0x00,
    0x00,0x00,0x14,0xFF,0xFF,0xFF,0x50,0x00,0x00,0x00,0x00,0x00,0x00,0x00,0x00,0x00,0x00,0x00,0x00,0x0A,0xF3,0x9F,0xFF,0xE3,
    0x00,0x74,0x00,0x00,0x02,0xEA,0x00,0x00,0x00,0x00,0x00,0x00,0x00,0x0F,0xFE,0x10,0x00,0x00,0x00,0x5F,0x70,0x00,0x2E,0xFF,
    0x00,0x00,0x00,0x00,0x00,0x00,0x00,0x1F,0xFF,0x60,0x00,0x00,0x00,0x1F,0xFB,0x00,0xBF,0xFE,0x00,0x00,0x00,0x00,0x00,0x00,
    0x00,0x3F,0xFF,0x50,0x00,0x00,0x00,0x0E,0xFF,0x40,0xAF,0xFD,0x00,0x00,0x00,0x00,0x00,0x00,0x00,0x4F,0xFF,0x40,0x00,0x00,
    0x00,0x0B,0xFF,0xB0,0x9F,0xFB,0x00,0x00,0x00,0x00,0x00,0x00,0x00,0x5F,0xFF,0x10,0x00,0x00,0x00,0x07,0xFF,0xF2,0x8F,0xFA,
    0x00,0x00,0x00,0x00,0x00,0x00,0x00,0x6F,0xFC,0x00,0x00,0x00,0x00,0x04,0xFF,0xF6,0x7F,0xF9,0x00,0x00,0x00,0x00,0x00,0x00,
    0x00,0x8F,0xF7,0x00,0x00,0x00,0x00,0x00,0xDF,0xF8,0x5F,0xF8,0x00,0x00,0x00,0x00,0x00,0x00,0x00,0x9F,0xF2,0x00,0x00,0x00,
    0x00,0x00,0x6F,0xFB,0x4F,0xF6,0x00,0x00,0x00,0x00,0x00,0x00,0x00,0xAF,0xD0,0x00,0x00,0x00,0x00,0x00,0x0E,0xFD,0x3F,0xF5,
    0x00,0x00,0x00,0x00,0x00,0x00,0x00,0xCF,0x70,0x00,0x00,0x00,0x00,0x00,0x04,0xEF,0x2F,0xF4,0x00,0x00,0x00,0x00,0x00,0x00,
    0x00,0xDF,0x20,0x00,0x00,0x00,0x00,0x00,0x00,0x1B,0x2F,0xF2,0x00,0x00,0x00,0x00,0x00,0x00,0x00,0xE8,0x01,0x8E,0xFF,0xFF,
    0xFF,0xFF,0xFF,0xF3,0x0A,0xF1,0x00,0x00,0x00,0x00,0x00,0x00,0x00,0x80,0x9F,0xFF,0xFF,0xFF,0xFF,0xFF,0xFF,0xFE,0x10,0xC0,
    0x00,0x00,0x00,0x00,0x00,0x00,0x00,0x0A,0xFF,0xFF,0xFF,0xFF,0xFF,0xFF,0xFF,0xFF,0xC0,0x10,0x00,0x00,0x00,0x00,0x00,0x00,
    0x00,0x00,0x00,0x00,0x00,0x00,0x00,0x00,0x00,0x00,0x00,0x00,0x00,0x00,0x00,0x00,0x00,0x00,0x00,0x00,0x00,0x00,0x00,0x00,
    0x00,0x00,0x00,0x00,0x00,0x00,0x00,0x00,0x00,0x00,0x00,0x00,0x00,0x00,0x00,0x00,0x00,0x00,0x00,0x00,0x00,0x00,0x00,0x00,
    0x00,0x00,0x00,0x00,0x00,0x00,
    // HP-41 code 98 (font 98)
    0x00,0x00,0x10,0x00,0x00,0x00,0x00,0x00,0x00,0x00,0x00,0x00,0x00,0x00,0x00,0x00,0x00,0x00,0x00,0x00,0x94,0x00,0x00,0x00,
    0x00,0x00,0x00,0x00,0x00,0x00,0x00,0x00,0x00,0x00,0x00,0x00,0x00,0x00,0xBE,0x20,0x00,0x00,0x00,0x00,0x00,0x00,0x00,0x00,
    0x00,0x00,0x00,0x00,0x00,0x00,0x00,0x00,0xCF,0x70,0x00,0x00,0x00,0x00,0x00,0x00,0x00,0x00,0x00,0x00,0x00,0x00,0x00,0x00,
    0x00,0x00,0xEF,0x90,0x00,0x00,0x00,0x00,0x00,0x00,0x00,0x00,0x00,0x00,0x00,0x00,0x00,0x00,0x00,0x00,0xFF,0xA0,0x00,0x00,
    0x00,0x00,0x00,0x00,0x00,0x00,0x00,0x00,0x00,0x00,0x00,0x00,0x00,0x00,0xFF,0xB0,0x00,0x00,0x00,0x00,0x00,0x00,0x00,0x00,
    0x00,0x00,0x00,0x00,0x00,0x00,0x00,0x01,0xFF,0xC0,0x00,0x00,0x00,0x00,0x00,0x00,0x00,0x00,0x00,0x00,0x00,0x00,0x00,0x00,
    0x00,0x03,0xFF,0xD0,0x00,0x00,0x00,0x00,0x00,0x00,0x00,0x00,0x00,0x00,0x00,0x00,0x00,0x00,0x00,0x04,0xFF,0xE0,0x00,0x00,
    0x00,0x00,0x00,0x00,0x00,0x00,0x00,0x00,0x00,0x00,0x00,0x00,0x00,0x05,0xFF,0xF0,0x00,0x00,0x00,0x00,0x00,0x00,0x00,0x00,
    0x00,0x00,0x00,0x00,0x00,0x00,0x00,0x07,0xFF,0xF0,0x00,0x00,0x00,0x00,0x00,0x00,0x00,0x00,0x00,0x00,0x00,0x00,0x00,0x00,
    0x00,0x08,0xFF,0xF1,0x00,0x00,0x00,0x00,0x00,0x00,0x00,0x00,0x00,0x00,0x00,0x00,0x00,0x00,0x00,0x09,0xFF,0x70,0x00,0x00,
    0x00,0x00,0x00,0x00,0x00,0x00,0x00,0x00,0x00,0x00,0x00,0x00,0x00,0x04,0xE7,0xBF,0xFF,0xE3,0x00,0x00,0xAF,0xFF,0xC0,0x00,
    0x00,0x00,0x00,0x00,0x00,0x00,0x00,0x00,0x06,0xFF,0xFF,0xFF,0x70,0x2D,0xFF,0xFF,0xF9,0x00,0x00,0x00,0x00,0x00,0x00,0x00,
    0x00,0x00,0x14,0xFF,0xFF,0xFF,0x50,0x1C,0xFF,0xFF,0xF9,0x00,0x00,0x00,0x00,0x00,0x00,0x00,0x00,0x0A,0xF3,0x9F,0xFF,0xE3,
    0x00,0x00,0xAF,0xFF,0xC3,0xEA,0x00,0x00,0x00,0x00,0x00,0x00,0x00,0x0F,0xFE,0x10,0x00,0x00,0x00,0x00,0x00,0x00,0x2E,0xFF,
    0x00,0x00,0x00,0x00,0x00,0x00,0x00,0x1F,0xFF,0x60,0x00,0x00,0x00,0x00,0x00,0x00,0xBF,0xFE,0x00,0x00,0x00,0x00,0x00,0x00,
    0x00,0x3F,0xFF,0x50,0x00,0x00,0x00,0x00,0x00,0x00,0xAF,0xFD,0x00,0x00,0x00,0x00,0x00,0x00,0x00,0x4F,0xFF,0x40,0x00,0x00,
    0x00,0x00,0x00,0x00,0x9F,0xFB,0x00,0x00,0x00,0x00,0x00,0x00,0x00,0x5F,0xFF,0x10,0x00,0x00,0x00,0x00,0x00,0x00,0x8F,0xFA,
    0x00,0x00,0x00,0x00,0x00,0x00,0x00,0x6F,0xFC,0x00,0x00,0x00,0x00,0x00,0x00,0x00,0x7F,0xF9,0x00,0x00,0x00,0x00,0x00,0x00,
    0x00,0x8F,0xF7,0x00,0x00,0x00,0x00,0x00,0x00,0x00,0x5F,0xF8,0x00,0x00,0x00,0x00,0x00,0x00,0x00,0x9F,0xF2,0x00,0x00,0x00,
    0x00,0x00,0x00,0x00,0x4F,0xF6,0x00,0x00,0x00,0x00,0x00,0x00,0x00,0xAF,0xD0,0x00,0x00,0x00,0x00,0x00,0x00,0x00,0x3F,0xF5,
    0x00,0x00,0x00,0x00,0x00,0x00,0x00,0xCF,0x70,0x00,0x00,0x00,0x00,0x00,0x00,0x00,0x2F,0xF4,0x00,0x00,0x00,0x00,0x00,0x00,
    0x00,0xDF,0x20,0x00,0x00,0x00,0x00,0x00,0x00,0x00,0x0F,0xF2,0x00,0x00,0x00,0x00,0x00,0x00,0x00,0xE8,0x01,0x8E,0xFF,0xFF,
    0xFF,0xFF,0xFF,0xF3,0x0A,0xF1,0x00,0x00,0x00,0x00,0x00,0x00,0x00,0x80,0x9F,0xFF,0xFF,0xFF,0xFF,0xFF,0xFF,0xFE,0x10,0xC0,
    0x00,0x00,0x00,0x00,0x00,0x00,0x00,0x0A,0xFF,0xFF,0xFF,0xFF,0xFF,0xFF,0xFF,0xFF,0xC0,0x10,0x00,0x00,0x00,0x00,0x00,0x00,
    0x00,0x00,0x00,0x00,0x00,0x00,0x00,0x00,0x00,0x00,0x00,0x00,0x00,0x00,0x00,0x00,0x00,0x00,0x00,0x00,0x00,0x00,0x00,0x00,
    0x00,0x00,0x00,0x00,0x00,0x00,0x00,0x00,0x00,0x00,0x00,0x00,0x00,0x00,0x00,0x00,0x00,0x00,0x00,0x00,0x00,0x00,0x00,0x00,
    0x00,0x00,0x00,0x00,0x00,0x00,
    // HP-41 code 99 (font 99)
    0x00,0x00,0x00,0x00,0x00,0x00,0x00,0x00,0x00,0x00,0x00,0x00,0x00,0x00,0x00,0x00,0x00,0x00,0x00,0x00,0x00,0x00,0x00,0x00,
    0x00,0x00,0x00,0x00,0x00,0x00,0x00,0x00,0x00,0x00,0x00,0x00,0x00,0x00,0x00,0x00,0x00,0x00,0x00,0x00,0x00,0x00,0x00,0x00,
    0x00,0x00,0x00,0x00,0x00,0x00,0x00,0x00,0x00,0x00,0x00,0x00,0x00,0x00,0x00,0x00,0x00,0x00,0x00,0x00,0x00,0x00,0x00,0x00,
    0x00,0x00,0x00,0x00,0x00,0x00,0x00,0x00,0x00,0x00,0x00,0x00,0x00,0x00,0x00,0x00,0x00,0x00,0x00,0x00,0x00,0x00,0x00,0x00,
    0x00,0x00,0x00,0x00,0x00,0x00,0x00,0x00,0x00,0x00,0x00,0x00,0x00,0x00,0x00,0x00,0x00,0x00,0x00,0x00,0x00,0x00,0x00,0x00,
    0x00,0x00,0x00,0x00,0x00,0x00,0x00,0x00,0x00,0x00,0x00,0x00,0x00,0x00,0x00,0x00,0x00,0x00,0x00,0x00,0x00,0x00,0x00,0x00,
    0x00,0x00,0x00,0x00,0x00,0x00,0x00,0x00,0x00,0x00,0x00,0x00,0x00,0x00,0x00,0x00,0x00,0x00,0x00,0x00,0x00,0x00,0x00,0x00,
    0x00,0x00,0x00,0x00,0x00,0x00,0x00,0x00,0x00,0x00,0x00,0x00,0x00,0x00,0x00,0x00,0x00,0x00,0x00,0x00,0x00,0x00,0x00,0x00,
    0x00,0x00,0x00,0x00,0x00,0x00,0x00,0x00,0x00,0x00,0x00,0x00,0x00,0x00,0x00,0x00,0x00,0x00,0x00,0x00,0x00,0x00,0x00,0x00,
    0x00,0x00,0x00,0x00,0x00,0x00,0x00,0x00,0x00,0x00,0x00,0x00,0x00,0x00,0x00,0x00,0x00,0x00,0x00,0x00,0x00,0x00,0x00,0x00,
    0x00,0x00,0x00,0x00,0x00,0x00,0x00,0x00,0x00,0x00,0x00,0x00,0x00,0x00,0x00,0xBF,0xFF,0xE3,0x00,0x00,0xAF,0xFF,0xC0,0x00,
    0x00,0x00,0x00,0x00,0x00,0x00,0x00,0x00,0x06,0xFF,0xFF,0xFF,0x70,0x2D,0xFF,0xFF,0xF9,0x00,0x00,0x00,0x00,0x00,0x00,0x00,
    0x00,0x00,0x14,0xFF,0xFF,0xFF,0x50,0x1C,0xFF,0xFF,0xF9,0x00,0x00,0x00,0x00,0x00,0x00,0x00,0x00,0x0A,0xF3,0x9F,0xFF,0xE3,
    0x00,0x00,0xAF,0xFF,0xC0,0x00,0x00,0x00,0x00,0x00,0x00,0x00,0x00,0x0F,0xFE,0x10,0x00,0x00,0x00,0x00,0x00,0x00,0x00,0x00,
    0x00,0x00,0x00,0x00,0x00,0x00,0x00,0x1F,0xFF,0x60,0x00,0x00,0x00,0x00,0x00,0x00,0x00,0x00,0x00,0x00,0x00,0x00,0x00,0x00,
    0x00,0x3F,0xFF,0x50,0x00,0x00,0x00,0x00,0x00,0x00,0x00,0x00,0x00,0x00,0x00,0x00,0x00,0x00,0x00,0x4F,0xFF,0x40,0x00,0x00,
    0x00,0x00,0x00,0x00,0x00,0x00,0x00,0x00,0x00,0x00,0x00,0x00,0x00,0x5F,0xFF,0x10,0x00,0x00,0x00,0x00,0x00,0x00,0x00,0x00,
    0x00,0x00,0x00,0x00,0x00,0x00,0x00,0x6F,0xFC,0x00,0x00,0x00,0x00,0x00,0x00,0x00,0x00,0x00,0x00,0x00,0x00,0x00,0x00,0x00,
    0x00,0x8F,0xF7,0x00,0x00,0x00,0x00,0x00,0x00,0x00,0x00,0x00,0x00,0x00,0x00,0x00,0x00,0x00,0x00,0x9F,0xF2,0x00,0x00,0x00,
    0x00,0x00,0x00,0x00,0x00,0x00,0x00,0x00,0x00,0x00,0x00,0x00,0x00,0xAF,0xD0,0x00,0x00,0x00,0x00,0x00,0x00,0x00,0x00,0x00,
    0x00,0x00,0x00,0x00,0x00,0x00,0x00,0xCF,0x70,0x00,0x00,0x00,0x00,0x00,0x00,0x00,0x00,0x00,0x00,0x00,0x00,0x00,0x00,0x00,
    0x00,0xDF,0x20,0x00,0x00,0x00,0x00,0x00,0x00,0x00,0x00,0x00,0x00,0x00,0x00,0x00,0x00,0x00,0x00,0xE8,0x01,0x8E,0xFF,0xFF,
    0xFF,0xFF,0xFF,0xF3,0x00,0x00,0x00,0x00,0x00,0x00,0x00,0x00,0x00,0x80,0x9F,0xFF,0xFF,0xFF,0xFF,0xFF,0xFF,0xFE,0x10,0x00,
    0x00,0x00,0x00,0x00,0x00,0x00,0x00,0x0A,0xFF,0xFF,0xFF,0xFF,0xFF,0xFF,0xFF,0xFF,0xC0,0x00,0x00,0x00,0x00,0x00,0x00,0x00,
    0x00,0x00,0x00,0x00,0x00,0x00,0x00,0x00,0x00,0x00,0x00,0x00,0x00,0x00,0x00,0x00,0x00,0x00,0x00,0x00,0x00,0x00,0x00,0x00,
    0x00,0x00,0x00,0x00,0x00,0x00,0x00,0x00,0x00,0x00,0x00,0x00,0x00,0x00,0x00,0x00,0x00,0x00,0x00,0x00,0x00,0x00,0x00,0x00,
    0x00,0x00,0x00,0x00,0x00,0x00,
    // HP-41 code 100 (font 100)
    0x00,0x00,0x00,0x00,0x00,0x00,0x00,0x00,0x00,0x00,0x00,0x00,0x00,0x00,0x00,0x00,0x00,0x00,0x00,0x00,0x00,0x00,0x00,0x00,
    0x00,0x00,0x00,0x00,0x00,0x00,0x35,0x00,0x00,0x00,0x00,0x00,0x00,0x00,0x00,0x00,0x00,0x00,0x00,0x00,0x00,0x00,0x00,0x03,
    0xE4,0x00,0x00,0x00,0x00,0x00,0x00,0x00,0x00,0x00,0x00,0x00,0x00,0x00,0x00,0x00,0x00,0x0B,0xF3,0x00,0x00,0x00,0x00,0x00,
    0x00,0x00,0x00,0x00,0x00,0x00,0x00,0x00,0x00,0x00,0x00,0x1F,0xF2,0x00,0x00,0x00,0x00,0x00,0x00,0x00,0x00,0x00,0x00,0x00,
    0x00,0x00,0x00,0x00,0x00,0x6F,0xF0,0x00,0x00,0x00,0x00,0x00,0x00,0x00,0x00,0x00,0x00,0x00,0x00,0x00,0x00,0x00,0x00,0xBF,
    0xF0,0x00,0x00,0x00,0x00,0x00,0x00,0x00,0x00,0x00,0x00,0x00,0x00,0x00,0x00,0x00,0x01,0xFF,0xE0,0x00,0x00,0x00,0x00,0x00,
    0x00,0x00,0x00,0x00,0x00,0x00,0x00,0x00,0x00,0x00,0x05,0xFF,0xC0,0x00,0x00,0x00,0x00,0x00,0x00,0x00,0x00,0x00,0x00,0x00,
    0x00,0x00,0x00,0x00,0x0B,0xFF,0xB0,0x00,0x00,0x00,0x00,0x00,0x00,0x00,0x00,0x00,0x00,0x00,0x00,0x00,0x00,0x00,0x0D,0xFF,
    0xA0,0x00,0x00,0x00,0x00,0x00,0x00,0x00,0x00,0x00,0x00,0x00,0x00,0x00,0x00,0x00,0x0E,0xFF,0x80,0x00,0x00,0x00,0x00,0x00,
    0x00,0x00,0x00,0x00,0x00,0x00,0x00,0x00,0x00,0x00,0x0F,0xFF,0x70,0x00,0x00,0x00,0x00,0x00,0x00,0x00,0x00,0x00,0x00,0x00,
    0x00,0x00,0x00,0x00,0x09,0xFF,0x60,0x00,0x00,0x00,0x00,0x00,0x00,0x00,0x00,0xBF,0xFF,0xE3,0x00,0x00,0xAF,0xFF,0xC0,0xBE,
    0x30,0x00,0x00,0x00,0x00,0x00,0x00,0x00,0x06,0xFF,0xFF,0xFF,0x70,0x2D,0xFF,0xFF,0xF9,0x00,0x00,0x00,0x00,0x00,0x00,0x00,
    0x00,0x00,0x14,0xFF,0xFF,0xFF,0x50,0x1C,0xFF,0xFF,0xF9,0x00,0x00,0x00,0x00,0x00,0x00,0x00,0x00,0x0A,0xF3,0x9F,0xFF,0xE3,
    0x00,0x00,0xAF,0xFF,0xC3,0xEA,0x00,0x00,0x00,0x00,0x00,0x00,0x00,0x0F,0xFE,0x10,0x00,0x00,0x00,0x00,0x00,0x00,0x2E,0xFF,
    0x00,0x00,0x00,0x00,0x00,0x00,0x00,0x1F,0xFF,0x60,0x00,0x00,0x00,0x00,0x00,0x00,0xBF,0xFE,0x00,0x00,0x00,0x00,0x00,0x00,
    0x00,0x3F,0xFF,0x50,0x00,0x00,0x00,0x00,0x00,0x00,0xAF,0xFD,0x00,0x00,0x00,0x00,0x00,0x00,0x00,0x4F,0xFF,0x40,0x00,0x00,
    0x00,0x00,0x00,0x00,0x9F,0xFB,0x00,0x00,0x00,0x00,0x00,0x00,0x00,0x5F,0xFF,0x10,0x00,0x00,0x00,0x00,0x00,0x00,0x8F,0xFA,
    0x00,0x00,0x00,0x00,0x00,0x00,0x00,0x6F,0xFC,0x00,0x00,0x00,0x00,0x00,0x00,0x00,0x7F,0xF9,0x00,0x00,0x00,0x00,0x00,0x00,
    0x00,0x8F,0xF7,0x00,0x00,0x00,0x00,0x00,0x00,0x00,0x5F,0xF8,0x00,0x00,0x00,0x00,0x00,0x00,0x00,0x9F,0xF2,0x00,0x00,0x00,
    0x00,0x00,0x00,0x00,0x4F,0xF6,0x00,0x00,0x00,0x00,0x00,0x00,0x00,0xAF,0xD0,0x00,0x00,0x00,0x00,0x00,0x00,0x00,0x3F,0xF5,
    0x00,0x00,0x00,0x00,0x00,0x00,0x00,0xCF,0x70,0x00,0x00,0x00,0x00,0x00,0x00,0x00,0x2F,0xF4,0x00,0x00,0x00,0x00,0x00,0x00,
    0x00,0xDF,0x20,0x00,0x00,0x00,0x00,0x00,0x00,0x00,0x0F,0xF2,0x00,0x00,0x00,0x00,0x00,0x00,0x00,0xE8,0x01,0x8E,0xFF,0xFF,
    0xFF,0xFF,0xFF,0xF3,0x0A,0xF1,0x00,0x00,0x00,0x00,0x00,0x00,0x00,0x80,0x9F,0xFF,0xFF,0xFF,0xFF,0xFF,0xFF,0xFE,0x10,0xC0,
    0x00,0x00,0x00,0x00,0x00,0x00,0x00,0x0A,0xFF,0xFF,0xFF,0xFF,0xFF,0xFF,0xFF,0xFF,0xC0,0x10,0x00,0x00,0x00,0x00,0x00,0x00,
    0x00,0x00,0x00,0x00,0x00,0x00,0x00,0x00,0x00,0x00,0x00,0x00,0x00,0x00,0x00,0x00,0x00,0x00,0x00,0x00,0x00,0x00,0x00,0x00,
    0x00,0x00,0x00,0x00,0x00,0x00,0x00,0x00,0x00,0x00,0x00,0x00,0x00,0x00,0x00,0x00,0x00,0x00,0x00,0x00,0x00,0x00,0x00,0x00,
    0x00,0x00,0x00,0x00,0x00,0x00,
    // HP-41 code 101 (font 101)
    0x00,0x00,0x00,0x00,0x00,0x00,0x00,0x00,0x00,0x00,0x00,0x00,0x00,0x00,0x00,0x00,0x00,0x00,0x00,0x00,0x00,0x00,0x00,0x00,
    0x00,0x00,0x00,0x00,0x00,0x00,0x00,0x00,0x00,0x00,0x00,0x00,0x00,0x00,0x00,0x00,0x00,0x00,0x00,0x00,0x00,0x00,0x00,0x00,
    0x00,0x00,0x00,0x00,0x00,0x00,0x00,0x00,0x00,0x00,0x00,0x00,0x00,0x00,0x00,0x00,0x00,0x00,0x00,0x00,0x00,0x00,0x00,0x00,
    0x00,0x00,0x00,0x00,0x00,0x00,0x00,0x00,0x00,0x00,0x00,0x00,0x00,0x00,0x00,0x00,0x00,0x00,0x00,0x00,0x00,0x00,0x00,0x00,
    0x00,0x00,0x00,0x00,0x00,0x00,0x00,0x00,0x00,0x00,0x00,0x00,0x00,0x00,0x00,0x00,0x00,0x00,0x00,0x00,0x00,0x00,0x00,0x00,
    0x00,0x00,0x00,0x00,0x00,0x00,0x00,0x00,0x00,0x00,0x00,0x00,0x00,0x00,0x00,0x00,0x00,0x00,0x00,0x00,0x00,0x00,0x00,0x00,
    0x00,0x00,0x00,0x00,0x00,0x00,0x00,0x00,0x00,0x00,0x00,0x00,0x00,0x00,0x00,0x00,0x00,0x00,0x00,0x00,0x00,0x00,0x00,0x00,
    0x00,0x00,0x00,0x00,0x00,0x00,0x00,0x00,0x00,0x00,0x00,0x00,0x00,0x00,0x00,0x00,0x00,0x00,0x00,0x00,0x00,0x00,0x00,0x00,
    0x00,0x00,0x00,0x00,0x00,0x00,0x00,0x00,0x00,0x00,0x00,0x00,0x00,0x00,0x00,0x00,0x00,0x00,0x00,0x00,0x00,0x00,0x00,0x00,
    0x00,0x00,0x00,0x00,0x00,0x00,0x00,0x00,0x00,0x00,0x00,0x00,0x00,0x00,0x00,0x00,0x00,0x00,0x00,0x00,0x00,0x00,0x00,0x00,
    0x00,0x00,0x00,0x00,0x00,0x00,0x00,0x00,0x00,0x00,0x00,0x00,0x00,0x00,0x00,0xBF,0xFF,0xE3,0x00,0x00,0x00,0x00,0x00,0x00,
    0x00,0x00,0x00,0x00,0x00,0x00,0x00,0x00,0x06,0xFF,0xFF,0xFF,0x70,0x00,0x00,0x00,0x00,0x00,0x00,0x00,0x00,0x00,0x00,0x00,
    0x00,0x00,0x14,0xFF,0xFF,0xFF,0x50,0x00,0x00,0x00,0x00,0x00,0x00,0x00,0x00,0x00,0x00,0x00,0x00,0x0A,0xF3,0x9F,0xFF,0xE4,
    0x70,0x00,0x00,0x00,0x00,0x00,0x00,0x00,0x00,0x00,0x00,0x00,0x00,0x0F,0xFE,0x10,0x00,0x2D,0x60,0x00,0x00,0x00,0x00,0x00,
    0x00,0x00,0x00,0x00,0x00,0x00,0x00,0x1F,0xFF,0x60,0x04,0xFF,0x10,0x00,0x00,0x00,0x00,0x00,0x00,0x00,0x00,0x00,0x00,0x00,
    0x00,0x3F,0xFF,0x50,0x6F,0xFA,0x00,0x00,0x00,0x00,0x00,0x00,0x00,0x00,0x00,0x00,0x00,0x00,0x00,0x4F,0xFF,0x43,0xFF,0xF5,
    0x00,0x00,0x00,0x00,0x00,0x00,0x00,0x00,0x00,0x00,0x00,0x00,0x00,0x5F,0xFF,0x19,0xFF,0xF0,0x00,0x00,0x00,0x00,0x00,0x00,
    0x00,0x00,0x00,0x00,0x00,0x00,0x00,0x6F,0xFC,0x0F,0xFF,0xA0,0x00,0x00,0x00,0x00,0x00,0x00,0x00,0x00,0x00,0x00,0x00,0x00,
    0x00,0x8F,0xF7,0x5F,0xFF,0x40,0x00,0x00,0x00,0x00,0x00,0x00,0x00,0x00,0x00,0x00,0x00,0x00,0x00,0x9F,0xF2,0xBF,0xFC,0x00,
    0x00,0x00,0x00,0x00,0x00,0x00,0x00,0x00,0x00,0x00,0x00,0x00,0x00,0xAF,0xD1,0xFF,0xC0,0x00,0x00,0x00,0x00,0x00,0x00,0x00,
    0x00,0x00,0x00,0x00,0x00,0x00,0x00,0xCF,0x77,0xFB,0x00,0x00,0x00,0x00,0x00,0x00,0x00,0x00,0x00,0x00,0x00,0x00,0x00,0x00,
    0x00,0xDF,0x2B,0x50,0x00,0x00,0x00,0x00,0x00,0x00,0x00,0x00,0x00,0x00,0x00,0x00,0x00,0x00,0x00,0xE8,0x02,0x8E,0xFF,0xFF,
    0xFF,0xFF,0xFF,0xF3,0x00,0x00,0x00,0x00,0x00,0x00,0x00,0x00,0x00,0x80,0x9F,0xFF,0xFF,0xFF,0xFF,0xFF,0xFF,0xFE,0x10,0x00,
    0x00,0x00,0x00,0x00,0x00,0x00,0x00,0x0A,0xFF,0xFF,0xFF,0xFF,0xFF,0xFF,0xFF,0xFF,0xC0,0x00,0x00,0x00,0x00,0x00,0x00,0x00,
    0x00,0x00,0x00,0x00,0x00,0x00,0x00,0x00,0x00,0x00,0x00,0x00,0x00,0x00,0x00,0x00,0x00,0x00,0x00,0x00,0x00,0x00,0x00,0x00,
    0x00,0x00,0x00,0x00,0x00,0x00,0x00,0x00,0x00,0x00,0x00,0x00,0x00,0x00,0x00,0x00,0x00,0x00,0x00,0x00,0x00,0x00,0x00,0x00,
    0x00,0x00,0x00,0x00,0x00,0x00,
    // HP-41 code 102 (font 102)
    0x00,0x00,0x00,0x00,0x00,0x00,0x00,0x00,0x00,0x00,0x00,0x00,0x00,0x00,0x00,0x00,0x00,0x00,0x00,0x00,0x00,0x00,0x00,0x00,
    0x00,0x00,0x00,0x00,0x00,0x00,0x00,0x00,0x00,0x00,0x00,0x00,0x00,0x00,0x00,0x00,0x00,0x00,0x00,0x00,0x00,0x00,0x00,0x00,
    0x00,0x00,0x00,0x00,0x00,0x00,0x00,0x00,0x00,0x00,0x00,0x00,0x00,0x00,0x00,0x00,0x03,0x30,0x00,0x00,0x00,0x00,0x00,0x00,
    0x00,0x00,0x00,0x00,0x00,0x00,0x00,0x00,0x00,0x01,0x9F,0x00,0x00,0x00,0x00,0x00,0x00,0x00,0x00,0x00,0x00,0x00,0x00,0x00,
    0x00,0x00,0x00,0x1D,0xFA,0x00,0x00,0x00,0x00,0x00,0x00,0x00,0x00,0x00,0x00,0x00,0x00,0x00,0x00,0x00,0x01,0xDF,0xF4,0x00,
    0x00,0x00,0x00,0x00,0x00,0x00,0x00,0x00,0x00,0x00,0x00,0x00,0x00,0x00,0x0B,0xFF,0xD0,0x00,0x00,0x00,0x00,0x00,0x00,0x00,
    0x00,0x00,0x00,0x00,0x00,0x00,0x00,0x00,0x1F,0xFF,0x70,0x00,0x00,0x00,0x00,0x00,0x00,0x00,0x00,0x00,0x00,0x00,0x00,0x00,
    0x00,0x00,0x6F,0xFF,0x10,0x00,0x00,0x00,0x00,0x00,0x00,0x00,0x00,0x00,0x00,0x00,0x00,0x00,0x00,0x00,0xCF,0xFB,0x00,0x00,
    0x00,0x00,0x00,0x00,0x00,0x00,0x00,0x00,0x00,0x00,0x00,0x00,0x00,0x01,0xFF,0xF3,0x00,0x00,0x00,0x00,0x00,0x00,0x00,0x00,
    0x00,0x00,0x00,0x00,0x00,0x00,0x00,0x07,0xFE,0x30,0x00,0x00,0x00,0x00,0x00,0x00,0x00,0x00,0x00,0x00,0x00,0x00,0x00,0x00,
    0x00,0x0C,0xD2,0x00,0x00,0x00,0x00,0x00,0x00,0x00,0x00,0x00,0x00,0x00,0x00,0x00,0x00,0x00,0x00,0x2C,0x10,0x00,0x00,0x00,
    0x00,0x00,0x00,0x00,0x00,0x00,0x00,0x00,0x00,0x00,0x00,0x00,0x00,0x33,0xBF,0xFF,0xD1,0x00,0x00,0x00,0x00,0x00,0x00,0x00,
    0x00,0x00,0x00,0x00,0x00,0x00,0x00,0x3F,0xFF,0xFF,0xFC,0x00,0x00,0x00,0x00,0x00,0x00,0x00,0x00,0x00,0x00,0x00,0x00,0x00,
    0x03,0x02,0xCF,0xFF,0xD1,0x00,0x00,0x00,0x00,0x00,0x00,0x00,0x00,0x00,0x00,0x00,0x00,0x00,0x0B,0x00,0x00,0x00,0x00,0x00,
    0x00,0x00,0x00,0x00,0x00,0x00,0x00,0x00,0x00,0x00,0x00,0x00,0x2F,0x10,0x00,0x00,0x00,0x00,0x00,0x00,0x00,0x00,0x00,0x00,
    0x00,0x00,0x00,0x00,0x00,0x00,0x7F,0x30,0x00,0x00,0x00,0x00,0x00,0x00,0x00,0x00,0x00,0x00,0x00,0x00,0x00,0x00,0x00,0x00,
    0xCF,0x60,0x00,0x00,0x00,0x00,0x00,0x00,0x00,0x00,0x00,0x00,0x00,0x00,0x00,0x00,0x00,0x01,0xFF,0x80,0x00,0x00,0x00,0x00,
    0x00,0x00,0x00,0x00,0x00,0x00,0x00,0x00,0x00,0x00,0x00,0x06,0xFF,0xB0,0x00,0x00,0x00,0x00,0x00,0x00,0x00,0x00,0x00,0x00,
    0x00,0x00,0x00,0x00,0x00,0x0C,0xFF,0xE0,0x00,0x00,0x00,0x00,0x00,0x00,0x00,0x00,0x00,0x00,0x00,0x00,0x00,0x00,0x00,0x1F,
    0xFF,0xF0,0x00,0x00,0x00,0x00,0x00,0x00,0x00,0x00,0x00,0x00,0x00,0x00,0x00,0x00,0x00,0x4F,0xFF,0xF1,0x00,0x00,0x00,0x00,
    0x00,0x00,0x00,0x00,0x00,0x00,0x00,0x00,0x00,0x00,0x00,0x5F,0xFF,0xF0,0x00,0x00,0x00,0x00,0x00,0x00,0x00,0x00,0x00,0x00,
    0x00,0x00,0x00,0x00,0x00,0x25,0x55,0x50,0x00,0x00,0x00,0x00,0x00,0x00,0x00,0x00,0x00,0x00,0x00,0x00,0x00,0x00,0x00,0x00,
    0x00,0x00,0x00,0x00,0x00,0x00,0x00,0x00,0x00,0x00,0x00,0x00,0x00,0x00,0x00,0x00,0x00,0x00,0x00,0x00,0x00,0x00,0x00,0x00,
    0x00,0x00,0x00,0x00,0x00,0x00,0x00,0x00,0x00,0x00,0x00,0x00,0x00,0x00,0x00,0x00,0x00,0x00,0x00,0x00,0x00,0x00,0x00,0x00,
    0x00,0x00,0x00,0x00,0x00,0x00,0x00,0x00,0x00,0x00,0x00,0x00,0x00,0x00,0x00,0x00,0x00,0x00,0x00,0x00,0x00,0x00,0x00,0x00,
    0x00,0x00,0x00,0x00,0x00,0x00,0x00,0x00,0x00,0x00,0x00,0x00,0x00,0x00,0x00,0x00,0x00,0x00,0x00,0x00,0x00,0x00,0x00,0x00,
    0x00,0x00,0x00,0x00,0x00,0x00,
    // HP-41 code 103 (font 103)
    0x00,0x00,0x00,0x00,0x00,0x00,0x00,0x00,0x00,0x00,0x00,0x00,0x00,0x00,0x00,0x00,0x00,0x00,0x00,0x00,0x00,0x00,0x00,0x00,
    0x00,0x00,0x00,0x00,0x00,0x00,0x00,0x00,0x00,0x00,0x00,0x00,0x00,0x00,0x00,0x00,0x00,0x00,0x00,0x00,0x00,0x00,0x00,0x00,
    0x00,0x00,0x00,0x00,0x00,0x00,0x00,0x00,0x00,0x00,0x00,0x00,0x00,0x00,0x00,0x00,0x00,0x00,0x00,0x00,0x00,0x00,0x00,0x00,
    0x00,0x00,0x00,0x00,0x00,0x00,0x00,0x00,0x00,0x00,0x00,0x00,0x00,0x00,0x00,0x00,0x00,0x00,0x00,0x00,0x00,0x00,0x00,0x00,
    0x00,0x00,0x00,0x00,0x00,0x00,0x00,0x00,0x00,0x00,0x00,0x00,0x00,0x00,0x00,0x00,0x00,0x00,0x00,0x00,0x00,0x00,0x00,0x00,
    0x00,0x00,0x00,0x00,0x00,0x00,0x00,0x00,0x00,0x00,0x00,0x00,0x00,0x00,0x00,0x00,0x00,0x00,0x00,0x00,0x00,0x00,0x00,0x00,
    0x00,0x00,0x00,0x00,0x00,0x00,0x00,0x00,0x00,0x00,0x00,0x00,0x00,0x00,0x00,0x00,0x00,0x00,0x00,0x00,0x00,0x00,0x00,0x00,
    0x00,0x00,0x00,0x00,0x00,0x00,0x00,0x00,0x00,0x00,0x00,0x00,0x00,0x00,0x00,0x00,0x00,0x00,0x00,0x00,0x00,0x00,0x00,0x00,
    0x00,0x00,0x00,0x00,0x00,0x00,0x00,0x00,0x00,0x00,0x00,0x00,0x00,0x00,0x00,0x00,0x00,0x00,0x00,0x00,0x00,0x00,0x00,0x00,
    0x00,0x00,0x00,0x00,0x00,0x00,0x00,0x00,0x00,0x00,0x00,0x00,0x00,0x00,0x00,0x00,0x00,0x00,0x00,0x00,0x00,0x00,0x00,0x00,
    0x00,0x00,0x00,0x00,0x00,0x00,0x00,0x00,0x00,0x00,0x00,0x00,0x00,0x00,0x00,0x00,0x00,0x00,0x00,0x00,0x00,0x00,0x00,0x00,
    0x00,0x00,0x00,0x00,0x00,0x00,0x00,0x00,0x00,0x00,0x00,0x00,0x00,0x02,0xBF,0xFF,0xD1,0x00,0x00,0x00,0x00,0x00,0x00,0x00,
    0x00,0x00,0x00,0x00,0x00,0x00,0x00,0x3F,0xFF,0xFF,0xFC,0x00,0x00,0x00,0x00,0x00,0x00,0x00,0x00,0x00,0x00,0x00,0x00,0x00,
    0x00,0x43,0xCF,0xFF,0xD4,0xEA,0x00,0x00,0x00,0x00,0x00,0x00,0x00,0x00,0x00,0x00,0x00,0x00,0x00,0x6E,0x30,0x00,0x2E,0xFF,
    0x00,0x00,0x00,0x00,0x00,0x00,0x00,0x00,0x00,0x00,0x00,0x00,0x00,0x2F,0xF6,0x00,0xBF,0xFE,0x00,0x00,0x00,0x00,0x00,0x00,
    0x00,0x00,0x00,0x00,0x00,0x00,0x00,0x0F,0xFF,0x20,0xAF,0xFD,0x00,0x00,0x00,0x00,0x00,0x00,0x00,0x00,0x00,0x00,0x00,0x00,
    0x00,0x0B,0xFF,0x90,0x9F,0xFB,0x00,0x00,0x00,0x00,0x00,0x00,0x00,0x00,0x00,0x00,0x00,0x00,0x00,0x08,0xFF,0xF1,0x8F,0xFA,
    0x00,0x00,0x00,0x00,0x00,0x00,0x00,0x00,0x00,0x00,0x00,0x00,0x00,0x04,0xFF,0xF6,0x7F,0xF9,0x00,0x00,0x00,0x00,0x00,0x00,
    0x00,0x00,0x00,0x00,0x00,0x00,0x00,0x00,0xEF,0xF8,0x5F,0xF8,0x00,0x00,0x00,0x00,0x00,0x00,0x00,0x00,0x00,0x00,0x00,0x00,
    0x00,0x00,0x7F,0xFA,0x4F,0xF6,0x00,0x00,0x00,0x00,0x00,0x00,0x00,0x00,0x00,0x00,0x00,0x00,0x00,0x00,0x0E,0xFD,0x3F,0xF5,
    0x00,0x00,0x00,0x00,0x00,0x00,0x00,0x00,0x00,0x00,0x00,0x00,0x00,0x00,0x05,0xFF,0x2F,0xF4,0x00,0x00,0x00,0x00,0x00,0x00,
    0x00,0x00,0x00,0x00,0x00,0x00,0x00,0x00,0x00,0x1B,0x2F,0xF2,0x00,0x00,0x00,0x00,0x00,0x00,0x00,0x00,0x01,0x8E,0xFF,0xFF,
    0xFF,0xFF,0xFF,0xF3,0x0A,0xF1,0x00,0x00,0x00,0x00,0x00,0x00,0x00,0x00,0x9F,0xFF,0xFF,0xFF,0xFF,0xFF,0xFF,0xFE,0x10,0xC0,
    0x00,0x00,0x00,0x00,0x00,0x00,0x00,0x0A,0xFF,0xFF,0xFF,0xFF,0xFF,0xFF,0xFF,0xFF,0xC0,0x10,0x00,0x00,0x00,0x00,0x00,0x00,
    0x00,0x00,0x00,0x00,0x00,0x00,0x00,0x00,0x00,0x00,0x00,0x00,0x00,0x00,0x00,0x00,0x00,0x00,0x00,0x00,0x00,0x00,0x00,0x00,
    0x00,0x00,0x00,0x00,0x00,0x00,0x00,0x00,0x00,0x00,0x00,0x00,0x00,0x00,0x00,0x00,0x00,0x00,0x00,0x00,0x00,0x00,0x00,0x00,
    0x00,0x00,0x00,0x00,0x00,0x00,
    // HP-41 code 104 (font 104)
    0x00,0x00,0x10,0x00,0x00,0x00,0x00,0x00,0x00,0x00,0x00,0x00,0x00,0x00,0x00,0x00,0x00,0x00,0x00,0x00,0x94,0x00,0x00,0x00,
    0x00,0x00,0x00,0x00,0x00,0x00,0x00,0x00,0x00,0x00,0x00,0x00,0x00,0x00,0xBE,0x20,0x00,0x00,0x00,0x00,0x00,0x00,0x00,0x00,
    0x00,0x00,0x00,0x00,0x00,0x00,0x00,0x00,0xCF,0x70,0x00,0x00,0x00,0x00,0x00,0x00,0x00,0x00,0x00,0x00,0x00,0x00,0x00,0x00,
    0x00,0x00,0xEF,0x90,0x00,0x00,0x00,0x00,0x00,0x00,0x00,0x00,0x00,0x00,0x00,0x00,0x00,0x00,0x00,0x00,0xFF,0xA0,0x00,0x00,
    0x00,0x00,0x00,0x00,0x00,0x00,0x00,0x00,0x00,0x00,0x00,0x00,0x00,0x00,0xFF,0xB0,0x00,0x00,0x00,0x00,0x00,0x00,0x00,0x00,
    0x00,0x00,0x00,0x00,0x00,0x00,0x00,0x01,0xFF,0xC0,0x00,0x00,0x00,0x00,0x00,0x00,0x00,0x00,0x00,0x00,0x00,0x00,0x00,0x00,
    0x00,0x03,0xFF,0xD0,0x00,0x00,0x00,0x00,0x00,0x00,0x00,0x00,0x00,0x00,0x00,0x00,0x00,0x00,0x00,0x04,0xFF,0xE0,0x00,0x00,
    0x00,0x00,0x00,0x00,0x00,0x00,0x00,0x00,0x00,0x00,0x00,0x00,0x00,0x05,0xFF,0xF0,0x00,0x00,0x00,0x00,0x00,0x00,0x00,0x00,
    0x00,0x00,0x00,0x00,0x00,0x00,0x00,0x07,0xFF,0xF0,0x00,0x00,0x00,0x00,0x00,0x00,0x00,0x00,0x00,0x00,0x00,0x00,0x00,0x00,
    0x00,0x08,0xFF,0xF1,0x00,0x00,0x00,0x00,0x00,0x00,0x00,0x00,0x00,0x00,0x00,0x00,0x00,0x00,0x00,0x09,0xFF,0x70,0x00,0x00,
    0x00,0x00,0x00,0x00,0x00,0x00,0x00,0x00,0x00,0x00,0x00,0x00,0x00,0x04,0xE7,0xBF,0xFF,0xE3,0x00,0x00,0xAF,0xFF,0xC0,0x00,
    0x00,0x00,0x00,0x00,0x00,0x00,0x00,0x00,0x06,0xFF,0xFF,0xFF,0x70,0x2D,0xFF,0xFF,0xF9,0x00,0x00,0x00,0x00,0x00,0x00,0x00,
    0x00,0x00,0x04,0xFF,0xFF,0xFF,0x50,0x1C,0xFF,0xFF,0xF9,0x00,0x00,0x00,0x00,0x00,0x00,0x00,0x00,0x0A,0xF3,0x9F,0xFF,0xE3,
    0x00,0x00,0xAF,0xFF,0xC2,0xEA,0x00,0x00,0x00,0x00,0x00,0x00,0x00,0x0F,0xFE,0x10,0x00,0x00,0x00,0x00,0x00,0x00,0x2E,0xFF,
    0x00,0x00,0x00,0x00,0x00,0x00,0x00,0x1F,0xFF,0x60,0x00,0x00,0x00,0x00,0x00,0x00,0xBF,0xFE,0x00,0x00,0x00,0x00,0x00,0x00,
    0x00,0x3F,0xFF,0x50,0x00,0x00,0x00,0x00,0x00,0x00,0xAF,0xFD,0x00,0x00,0x00,0x00,0x00,0x00,0x00,0x4F,0xFF,0x40,0x00,0x00,
    0x00,0x00,0x00,0x00,0x9F,0xFB,0x00,0x00,0x00,0x00,0x00,0x00,0x00,0x5F,0xFF,0x20,0x00,0x00,0x00,0x00,0x00,0x00,0x8F,0xFA,
    0x00,0x00,0x00,0x00,0x00,0x00,0x00,0x6F,0xFC,0x00,0x00,0x00,0x00,0x00,0x00,0x00,0x7F,0xF9,0x00,0x00,0x00,0x00,0x00,0x00,
    0x00,0x8F,0xF7,0x00,0x00,0x00,0x00,0x00,0x00,0x00,0x5F,0xF8,0x00,0x00,0x00,0x00,0x00,0x00,0x00,0x9F,0xF2,0x00,0x00,0x00,
    0x00,0x00,0x00,0x00,0x4F,0xF6,0x00,0x00,0x00,0x00,0x00,0x00,0x00,0xAF,0xD0,0x00,0x00,0x00,0x00,0x00,0x00,0x00,0x3F,0xF5,
    0x00,0x00,0x00,0x00,0x00,0x00,0x00,0xCF,0x70,0x00,0x00,0x00,0x00,0x00,0x00,0x00,0x2F,0xF4,0x00,0x00,0x00,0x00,0x00,0x00,
    0x00,0xDF,0x20,0x00,0x00,0x00,0x00,0x00,0x00,0x00,0x0F,0xF2,0x00,0x00,0x00,0x00,0x00,0x00,0x00,0xE8,0x00,0x00,0x00,0x00,
    0x00,0x00,0x00,0x00,0x0A,0xF1,0x00,0x00,0x00,0x00,0x00,0x00,0x00,0x80,0x00,0x00,0x00,0x00,0x00,0x00,0x00,0x00,0x00,0xC0,
    0x00,0x00,0x00,0x00,0x00,0x00,0x00,0x00,0x00,0x00,0x00,0x00,0x00,0x00,0x00,0x00,0x00,0x10,0x00,0x00,0x00,0x00,0x00,0x00,
    0x00,0x00,0x00,0x00,0x00,0x00,0x00,0x00,0x00,0x00,0x00,0x00,0x00,0x00,0x00,0x00,0x00,0x00,0x00,0x00,0x00,0x00,0x00,0x00,
    0x00,0x00,0x00,0x00,0x00,0x00,0x00,0x00,0x00,0x00,0x00,0x00,0x00,0x00,0x00,0x00,0x00,0x00,0x00,0x00,0x00,0x00,0x00,0x00,
    0x00,0x00,0x00,0x00,0x00,0x00,
    // HP-41 code 105 (font 105)
    0x00,0x00,0x00,0x00,0x00,0x00,0x00,0x00,0x00,0x00,0x00,0x00,0x00,0x00,0x00,0x00,0x00,0x00,0x00,0x00,0x00,0x00,0x00,0x00,
    0x00,0x00,0x00,0x00,0x00,0x00,0x00,0x00,0x00,0x00,0x00,0x00,0x00,0x00,0x00,0x00,0x00,0x00,0x00,0x00,0x00,0x00,0x00,0x00,
    0x00,0x00,0x00,0x00,0x00,0x00,0x00,0x00,0x00,0x00,0x00,0x00,0x00,0x00,0x00,0x00,0x00,0x00,0x00,0x00,0x00,0x00,0x00,0x00,
    0x00,0x00,0x00,0x00,0x00,0x00,0x00,0x00,0x00,0x00,0x00,0x00,0x00,0x00,0x00,0x00,0x00,0x00,0x00,0x00,0x00,0x00,0x00,0x00,
    0x00,0x00,0x00,0x00,0x00,0x00,0x00,0x00,0x00,0x00,0x00,0x00,0x00,0x00,0x00,0x00,0x00,0x00,0x00,0x00,0x00,0x00,0x00,0x00,
    0x00,0x00,0x00,0x00,0x00,0x00,0x00,0x00,0x00,0x00,0x00,0x00,0x00,0x00,0x00,0x00,0x00,0x00,0x00,0x00,0x00,0x00,0x00,0x00,
    0x00,0x00,0x00,0x00,0x00,0x00,0x00,0x00,0x00,0x00,0x00,0x00,0x00,0x00,0x00,0x00,0x00,0x00,0x00,0x00,0x00,0x00,0x00,0x00,
    0x00,0x00,0x00,0x00,0x00,0x00,0x00,0x00,0x00,0x00,0x00,0x00,0x00,0x00,0x00,0x00,0x00,0x00,0x00,0x00,0x00,0x00,0x00,0x00,
    0x00,0x00,0x00,0x00,0x00,0x00,0x00,0x00,0x00,0x00,0x00,0x00,0x00,0x00,0x00,0x00,0x00,0x00,0x00,0x00,0x00,0x00,0x00,0x00,
    0x00,0x00,0x00,0x00,0x00,0x00,0x00,0x00,0x00,0x00,0x00,0x00,0x00,0x00,0x00,0x00,0x00,0x00,0x00,0x00,0x00,0x00,0x00,0x00,
    0x00,0x00,0x00,0x00,0x00,0x00,0x00,0x00,0x00,0x00,0x00,0x00,0x00,0x00,0x00,0x00,0x00,0x00,0x00,0x00,0x00,0x00,0x00,0x00,
    0x00,0x00,0x00,0x00,0x00,0x00,0x00,0x00,0x00,0x00,0x00,0x00,0x00,0x00,0x00,0x00,0x00,0x00,0x00,0x00,0x00,0x00,0x00,0x00,
    0x00,0x00,0x00,0x00,0x00,0x00,0x00,0x00,0x00,0x00,0x00,0x00,0x00,0x00,0x00,0x00,0x00,0x00,0x00,0x00,0x00,0x00,0x00,0x00,
    0x04,0x00,0x00,0x00,0x00,0x00,0x00,0x00,0x00,0x00,0x00,0x00,0x00,0x00,0x00,0x00,0x00,0x00,0x0C,0x00,0x00,0x00,0x00,0x00,
    0x00,0x00,0x00,0x00,0x00,0x00,0x00,0x00,0x00,0x00,0x00,0x00,0x2F,0x10,0x00,0x00,0x00,0x00,0x00,0x00,0x00,0x00,0x00,0x00,
    0x00,0x00,0x00,0x00,0x00,0x00,0x8F,0x40,0x00,0x00,0x00,0x00,0x00,0x00,0x00,0x00,0x00,0x00,0x00,0x00,0x00,0x00,0x00,0x00,
    0xDF,0x60,0x00,0x00,0x00,0x00,0x00,0x00,0x00,0x00,0x00,0x00,0x00,0x00,0x00,0x00,0x00,0x02,0xFF,0x90,0x00,0x00,0x00,0x00,
    0x00,0x00,0x00,0x00,0x00,0x00,0x00,0x00,0x00,0x00,0x00,0x08,0xFF,0xC0,0x00,0x00,0x00,0x00,0x00,0x00,0x00,0x00,0x00,0x00,
    0x00,0x00,0x00,0x00,0x00,0x0D,0xFF,0xE0,0x00,0x00,0x00,0x00,0x00,0x00,0x00,0x00,0x00,0x00,0x00,0x00,0x00,0x00,0x00,0x2F,
    0xFF,0xF1,0x00,0x00,0x00,0x00,0x00,0x00,0x00,0x00,0x00,0x00,0x00,0x00,0x00,0x00,0x00,0x4F,0xFF,0xF0,0x00,0x00,0x00,0x00,
    0x00,0x00,0x00,0x00,0x00,0x00,0x00,0x00,0x00,0x00,0x00,0x5F,0xFF,0xF0,0x00,0x00,0x00,0x00,0x00,0x00,0x00,0x00,0x00,0x00,
    0x00,0x00,0x00,0x00,0x00,0x00,0x00,0x00,0x00,0x00,0x00,0x00,0x00,0x00,0x00,0x00,0x00,0x00,0x00,0x00,0x00,0x00,0x00,0x00,
    0x00,0x00,0x00,0x00,0x00,0x00,0x00,0x00,0x00,0x00,0x00,0x00,0x00,0x00,0x00,0x00,0x00,0x00,0x00,0x00,0x00,0x00,0x00,0x00,
    0x00,0x00,0x00,0x00,0x00,0x00,0x00,0x00,0x00,0x00,0x00,0x00,0x00,0x00,0x00,0x00,0x00,0x00,0x00,0x00,0x00,0x00,0x00,0x00,
    0x00,0x00,0x00,0x00,0x00,0x00,0x00,0x00,0x00,0x00,0x00,0x00,0x00,0x00,0x00,0x00,0x00,0x00,0x00,0x00,0x00,0x00,0x00,0x00,
    0x00,0x00,0x00,0x00,0x00,0x00,0x00,0x00,0x00,0x00,0x00,0x00,0x00,0x00,0x00,0x00,0x00,0x00,0x00,0x00,0x00,0x00,0x00,0x00,
    0x00,0x00,0x00,0x00,0x00,0x00,
    // HP-41 code 106 (font 106)
    0x00,0x00,0x00,0x00,0x00,0x00,0x00,0x00,0x00,0x00,0x00,0x00,0x00,0x00,0x00,0x00,0x00,0x00,0x00,0x00,0x00,0x00,0x00,0x00,
    0x00,0x00,0x00,0x00,0x00,0x00,0x00,0x00,0x00,0x00,0x00,0x00,0x00,0x00,0x00,0x00,0x00,0x00,0x00,0x00,0x00,0x00,0x00,0x00,
    0x00,0x00,0x00,0x00,0x00,0x00,0x00,0x00,0x00,0x00,0x00,0x00,0x00,0x00,0x00,0x00,0x00,0x00,0x00,0x00,0x00,0x00,0x00,0x00,
    0x00,0x00,0x00,0x00,0x00,0x00,0x00,0x00,0x00,0x00,0x00,0x00,0x00,0x00,0x00,0x00,0x00,0x00,0x00,0x00,0x00,0x00,0x00,0x00,
    0x00,0x00,0x00,0x00,0x00,0x00,0x00,0x00,0x00,0x00,0x00,0x00,0x00,0x00,0x00,0x00,0x00,0x00,0x00,0x00,0x00,0x00,0x00,0x00,
    0x00,0x00,0x00,0x00,0x00,0x00,0x00,0x00,0x00,0x00,0x00,0x00,0x00,0x00,0x00,0x00,0x00,0x00,0x00,0x00,0x00,0x00,0x00,0x00,
    0x00,0x00,0x00,0x00,0x00,0x00,0x00,0x00,0x00,0x00,0x00,0x00,0x00,0x00,0x00,0x00,0x00,0x00,0x00,0x00,0x00,0x00,0x00,0x00,
    0x00,0x00,0x00,0x00,0x00,0x00,0x00,0x00,0x00,0x00,0x00,0x00,0x00,0x00,0x00,0x00,0x00,0x00,0x00,0x00,0x00,0x00,0x00,0x00,
    0x00,0x00,0x00,0x00,0x00,0x00,0x00,0x00,0x00,0x00,0x00,0x00,0x00,0x00,0x00,0x00,0x00,0x00,0x00,0x00,0x00,0x00,0x00,0x00,
    0x00,0x00,0x00,0x00,0x00,0x00,0x00,0x00,0x00,0x00,0x00,0x00,0x00,0x00,0x00,0x00,0x00,0x00,0x00,0x00,0x00,0x00,0x00,0x00,
    0x00,0x00,0x00,0x00,0x00,0x00,0x00,0x00,0x00,0x00,0x00,0x00,0x00,0x00,0x00,0x00,0x00,0x00,0x00,0x00,0x00,0x00,0x00,0x00,
    0x00,0x00,0x00,0x00,0x00,0x00,0x00,0x00,0x00,0x00,0x00,0x00,0x00,0x00,0x00,0x00,0x00,0x00,0x00,0x00,0x00,0x00,0x00,0x00,
    0x00,0x00,0x00,0x00,0x00,0x00,0x00,0x00,0x00,0x00,0x00,0x00,0x00,0x00,0x00,0x00,0x00,0x00,0x00,0x00,0x00,0x00,0x00,0x00,
    0x00,0x00,0x00,0x00,0x02,0xEA,0x00,0x00,0x00,0x00,0x00,0x00,0x00,0x00,0x00,0x00,0x00,0x00,0x00,0x00,0x00,0x00,0x2E,0xFF,
    0x00,0x00,0x00,0x00,0x00,0x00,0x00,0x00,0x00,0x00,0x00,0x00,0x00,0x00,0x00,0x00,0xBF,0xFE,0x00,0x00,0x00,0x00,0x00,0x00,
    0x00,0x00,0x00,0x00,0x00,0x00,0x00,0x00,0x00,0x00,0xAF,0xFD,0x00,0x00,0x00,0x00,0x00,0x00,0x00,0x00,0x00,0x00,0x00,0x00,
    0x00,0x00,0x00,0x00,0x9F,0xFB,0x00,0x00,0x00,0x00,0x00,0x00,0x00,0x00,0x00,0x00,0x00,0x00,0x00,0x00,0x00,0x00,0x8F,0xFA,
    0x00,0x00,0x00,0x00,0x00,0x00,0x00,0x00,0x00,0x00,0x00,0x00,0x00,0x00,0x00,0x00,0x7F,0xF9,0x00,0x00,0x00,0x00,0x00,0x00,
    0x00,0x00,0x00,0x00,0x00,0x00,0x00,0x00,0x00,0x00,0x5F,0xF8,0x00,0x00,0x00,0x00,0x00,0x00,0x00,0x00,0x00,0x00,0x00,0x00,
    0x00,0x00,0x00,0x00,0x4F,0xF6,0x00,0x00,0x00,0x00,0x00,0x00,0x00,0x00,0x00,0x00,0x00,0x00,0x00,0x00,0x00,0x00,0x3F,0xF5,
    0x00,0x00,0x00,0x00,0x00,0x00,0x00,0x00,0x00,0x00,0x00,0x00,0x00,0x00,0x00,0x00,0x2F,0xF4,0x00,0x00,0x00,0x00,0x00,0x00,
    0x00,0x00,0x00,0x00,0x00,0x00,0x00,0x00,0x00,0x00,0x0F,0xF2,0x00,0x00,0x00,0x00,0x00,0x00,0x00,0x00,0x01,0x8E,0xFF,0xFF,
    0xFF,0xFF,0xFF,0xF3,0x0A,0xF1,0x00,0x00,0x00,0x00,0x00,0x00,0x00,0x00,0x9F,0xFF,0xFF,0xFF,0xFF,0xFF,0xFF,0xFE,0x10,0xC0,
    0x00,0x00,0x00,0x00,0x00,0x00,0x00,0x0A,0xFF,0xFF,0xFF,0xFF,0xFF,0xFF,0xFF,0xFF,0xC0,0x10,0x00,0x00,0x00,0x00,0x00,0x00,
    0x00,0x00,0x00,0x00,0x00,0x00,0x00,0x00,0x00,0x00,0x00,0x00,0x00,0x00,0x00,0x00,0x00,0x00,0x00,0x00,0x00,0x00,0x00,0x00,
    0x00,0x00,0x00,0x00,0x00,0x00,0x00,0x00,0x00,0x00,0x00,0x00,0x00,0x00,0x00,0x00,0x00,0x00,0x00,0x00,0x00,0x00,0x00,0x00,
    0x00,0x00,0x00,0x00,0x00,0x00,
    // HP-41 code 107 (font 107)
    0x00,0x00,0x10,0x00,0x00,0x00,0x00,0x00,0x00,0x00,0x00,0x00,0x00,0x00,0x00,0x00,0x00,0x00,0x00,0x00,0x94,0x00,0x00,0x00,
    0x00,0x00,0x00,0x00,0x00,0x00,0x00,0x00,0x00,0x00,0x00,0x00,0x00,0x00,0xBE,0x20,0x00,0x00,0x00,0x00,0x00,0x00,0x00,0x00,
    0x00,0x00,0x00,0x00,0x00,0x00,0x00,0x00,0xCF,0x70,0x00,0x00,0x00,0x00,0x00,0x00,0x00,0x00,0x00,0x00,0x00,0x00,0x00,0x00,
    0x00,0x00,0xEF,0x90,0x00,0x00,0x00,0x00,0x00,0x00,0x00,0x00,0x00,0x00,0x00,0x00,0x00,0x00,0x00,0x00,0xFF,0xA0,0x00,0x00,
    0x00,0x00,0x00,0x00,0x00,0x00,0x00,0x00,0x00,0x00,0x00,0x00,0x00,0x00,0xFF,0xB0,0x00,0x00,0x00,0x00,0x00,0x00,0x00,0x00,
    0x00,0x00,0x00,0x00,0x00,0x00,0x00,0x01,0xFF,0xC0,0x00,0x00,0x00,0x00,0x00,0x00,0x00,0x00,0x00,0x00,0x00,0x00,0x00,0x00,
    0x00,0x03,0xFF,0xD0,0x00,0x00,0x00,0x00,0x00,0x00,0x00,0x00,0x00,0x00,0x00,0x00,0x00,0x00,0x00,0x04,0xFF,0xE0,0x00,0x00,
    0x00,0x00,0x00,0x00,0x00,0x00,0x00,0x00,0x00,0x00,0x00,0x00,0x00,0x05,0xFF,0xF0,0x00,0x00,0x00,0x00,0x00,0x00,0x00,0x00,
    0x00,0x00,0x00,0x00,0x00,0x00,0x00,0x07,0xFF,0xF0,0x00,0x00,0x00,0x00,0x00,0x00,0x00,0x00,0x00,0x00,0x00,0x00,0x00,0x00,
    0x00,0x08,0xFF,0xF1,0x00,0x00,0x00,0x00,0x00,0x00,0x00,0x00,0x00,0x00,0x00,0x00,0x00,0x00,0x00,0x09,0xFF,0x70,0x00,0x00,
    0x00,0x00,0x00,0x00,0x00,0x00,0x00,0x00,0x00,0x00,0x00,0x00,0x00,0x04,0xE7,0xBF,0xFF,0xE3,0x00,0x00,0xAF,0xFF,0xC0,0x00,
    0x00,0x00,0x00,0x00,0x00,0x00,0x00,0x00,0x06,0xFF,0xFF,0xFF,0x70,0x2D,0xFF,0xFF,0xF9,0x00,0x00,0x00,0x00,0x00,0x00,0x00,
    0x00,0x00,0x04,0xFF,0xFF,0xFF,0x50,0x2C,0xFF,0xFF,0xF9,0x00,0x00,0x00,0x00,0x00,0x00,0x00,0x00,0x0A,0xF3,0x9F,0xFF,0xE3,
    0x00,0x75,0xAF,0xFF,0xC0,0x00,0x00,0x00,0x00,0x00,0x00,0x00,0x00,0x0F,0xFE,0x10,0x00,0x00,0x00,0x5F,0x70,0x00,0x00,0x00,
    0x00,0x00,0x00,0x00,0x00,0x00,0x00,0x1F,0xFF,0x60,0x00,0x00,0x00,0x1F,0xFA,0x00,0x00,0x00,0x00,0x00,0x00,0x00,0x00,0x00,
    0x00,0x3F,0xFF,0x50,0x00,0x00,0x00,0x0E,0xFF,0x30,0x00,0x00,0x00,0x00,0x00,0x00,0x00,0x00,0x00,0x4F,0xFF,0x40,0x00,0x00,
    0x00,0x0B,0xFF,0xB0,0x00,0x00,0x00,0x00,0x00,0x00,0x00,0x00,0x00,0x5F,0xFF,0x20,0x00,0x00,0x00,0x07,0xFF,0xF2,0x00,0x00,
    0x00,0x00,0x00,0x00,0x00,0x00,0x00,0x6F,0xFC,0x00,0x00,0x00,0x00,0x04,0xFF,0xF6,0x00,0x00,0x00,0x00,0x00,0x00,0x00,0x00,
    0x00,0x8F,0xF7,0x00,0x00,0x00,0x00,0x00,0xDF,0xF8,0x00,0x00,0x00,0x00,0x00,0x00,0x00,0x00,0x00,0x9F,0xF2,0x00,0x00,0x00,
    0x00,0x00,0x6F,0xFA,0x00,0x00,0x00,0x00,0x00,0x00,0x00,0x00,0x00,0xAF,0xD0,0x00,0x00,0x00,0x00,0x00,0x0E,0xFD,0x00,0x00,
    0x00,0x00,0x00,0x00,0x00,0x00,0x00,0xCF,0x70,0x00,0x00,0x00,0x00,0x00,0x05,0xFF,0x00,0x00,0x00,0x00,0x00,0x00,0x00,0x00,
    0x00,0xDF,0x20,0x00,0x00,0x00,0x00,0x00,0x00,0x2C,0x10,0x00,0x00,0x00,0x00,0x00,0x00,0x00,0x00,0xE8,0x00,0x00,0x00,0x00,
    0x00,0x00,0x00,0x00,0x00,0x00,0x00,0x00,0x00,0x00,0x00,0x00,0x00,0x80,0x00,0x00,0x00,0x00,0x00,0x00,0x00,0x00,0x00,0x00,
    0x00,0x00,0x00,0x00,0x00,0x00,0x00,0x00,0x00,0x00,0x00,0x00,0x00,0x00,0x00,0x00,0x00,0x00,0x00,0x00,0x00,0x00,0x00,0x00,
    0x00,0x00,0x00,0x00,0x00,0x00,0x00,0x00,0x00,0x00,0x00,0x00,0x00,0x00,0x00,0x00,0x00,0x00,0x00,0x00,0x00,0x00,0x00,0x00,
    0x00,0x00,0x00,0x00,0x00,0x00,0x00,0x00,0x00,0x00,0x00,0x00,0x00,0x00,0x00,0x00,0x00,0x00,0x00,0x00,0x00,0x00,0x00,0x00,
    0x00,0x00,0x00,0x00,0x00,0x00,
    // HP-41 code 108 (font 108)
    0x00,0x00,0x60,0x00,0x00,0x00,0x00,0x00,0x00,0x00,0x00,0x00,0x00,0x00,0x00,0x00,0x00,0x00,0x00,0x00,0xAB,0x00,0x00,0x00,
    0x00,0x00,0x00,0x00,0x00,0x00,0x00,0x00,0x00,0x00,0x00,0x00,0x00,0x00,0xCF,0x60,0x00,0x00,0x00,0x00,0x00,0x00,0x00,0x00,
    0x00,0x00,0x00,0x00,0x00,0x00,0x00,0x00,0xDF,0x80,0x00,0x00,0x00,0x00,0x00,0x00,0x00,0x00,0x00,0x00,0x00,0x00,0x00,0x00,
    0x00,0x00,0xEF,0x90,0x00,0x00,0x00,0x00,0x00,0x00,0x00,0x00,0x00,0x00,0x00,0x00,0x00,0x00,0x00,0x00,0xFF,0xA0,0x00,0x00,
    0x00,0x00,0x00,0x00,0x00,0x00,0x00,0x00,0x00,0x00,0x00,0x00,0x00,0x01,0xFF,0xB0,0x00,0x00,0x00,0x00,0x00,0x00,0x00,0x00,
    0x00,0x00,0x00,0x00,0x00,0x00,0x00,0x02,0xFF,0xD0,0x00,0x00,0x00,0x00,0x00,0x00,0x00,0x00,0x00,0x00,0x00,0x00,0x00,0x00,
    0x00,0x04,0xFF,0xE0,0x00,0x00,0x00,0x00,0x00,0x00,0x00,0x00,0x00,0x00,0x00,0x00,0x00,0x00,0x00,0x05,0xFF,0xF0,0x00,0x00,
    0x00,0x00,0x00,0x00,0x00,0x00,0x00,0x00,0x00,0x00,0x00,0x00,0x00,0x06,0xFF,0xF0,0x00,0x00,0x00,0x00,0x00,0x00,0x00,0x00,
    0x00,0x00,0x00,0x00,0x00,0x00,0x00,0x07,0xFF,0xF1,0x00,0x00,0x00,0x00,0x00,0x00,0x00,0x00,0x00,0x00,0x00,0x00,0x00,0x00,
    0x00,0x09,0xFF,0xD0,0x00,0x00,0x00,0x00,0x00,0x00,0x00,0x00,0x00,0x00,0x00,0x00,0x00,0x00,0x00,0x08,0xFD,0x10,0x00,0x00,
    0x00,0x00,0x00,0x00,0x00,0x00,0x00,0x00,0x00,0x00,0x00,0x00,0x00,0x00,0x61,0x00,0x00,0x00,0x00,0x00,0x00,0x00,0x00,0x00,
    0x00,0x00,0x00,0x00,0x00,0x00,0x00,0x00,0x00,0x00,0x00,0x00,0x00,0x00,0x00,0x00,0x00,0x00,0x00,0x00,0x00,0x00,0x00,0x00,
    0x00,0x00,0x10,0x00,0x00,0x00,0x00,0x00,0x00,0x00,0x00,0x00,0x00,0x00,0x00,0x00,0x00,0x00,0x00,0x0B,0xF4,0x00,0x00,0x00,
    0x00,0x00,0x00,0x00,0x00,0x00,0x00,0x00,0x00,0x00,0x00,0x00,0x00,0x0F,0xFE,0x20,0x00,0x00,0x00,0x00,0x00,0x00,0x00,0x00,
    0x00,0x00,0x00,0x00,0x00,0x00,0x00,0x1F,0xFF,0x60,0x00,0x00,0x00,0x00,0x00,0x00,0x00,0x00,0x00,0x00,0x00,0x00,0x00,0x00,
    0x00,0x3F,0xFF,0x50,0x00,0x00,0x00,0x00,0x00,0x00,0x00,0x00,0x00,0x00,0x00,0x00,0x00,0x00,0x00,0x4F,0xFF,0x40,0x00,0x00,
    0x00,0x00,0x00,0x00,0x00,0x00,0x00,0x00,0x00,0x00,0x00,0x00,0x00,0x5F,0xFF,0x10,0x00,0x00,0x00,0x00,0x00,0x00,0x00,0x00,
    0x00,0x00,0x00,0x00,0x00,0x00,0x00,0x7F,0xFC,0x00,0x00,0x00,0x00,0x00,0x00,0x00,0x00,0x00,0x00,0x00,0x00,0x00,0x00,0x00,
    0x00,0x8F,0xF7,0x00,0x00,0x00,0x00,0x00,0x00,0x00,0x00,0x00,0x00,0x00,0x00,0x00,0x00,0x00,0x00,0x9F,0xF2,0x00,0x00,0x00,
    0x00,0x00,0x00,0x00,0x00,0x00,0x00,0x00,0x00,0x00,0x00,0x00,0x00,0xAF,0xC0,0x00,0x00,0x00,0x00,0x00,0x00,0x00,0x00,0x00,
    0x00,0x00,0x00,0x00,0x00,0x00,0x00,0xCF,0x70,0x00,0x00,0x00,0x00,0x00,0x00,0x00,0x00,0x00,0x00,0x00,0x00,0x00,0x00,0x00,
    0x00,0xDF,0x20,0x00,0x00,0x00,0x00,0x00,0x00,0x00,0x00,0x00,0x00,0x00,0x00,0x00,0x00,0x00,0x00,0xE7,0x00,0x00,0x00,0x00,
    0x00,0x00,0x00,0x00,0x00,0x00,0x00,0x00,0x00,0x00,0x00,0x00,0x00,0x70,0x00,0x00,0x00,0x00,0x00,0x00,0x00,0x00,0x00,0x00,
    0x00,0x00,0x00,0x00,0x00,0x00,0x00,0x00,0x00,0x00,0x00,0x00,0x00,0x00,0x00,0x00,0x00,0x00,0x00,0x00,0x00,0x00,0x00,0x00,
    0x00,0x00,0x00,0x00,0x00,0x00,0x00,0x00,0x00,0x00,0x00,0x00,0x00,0x00,0x00,0x00,0x00,0x00,0x00,0x00,0x00,0x00,0x00,0x00,
    0x00,0x00,0x00,0x00,0x00,0x00,0x00,0x00,0x00,0x00,0x00,0x00,0x00,0x00,0x00,0x00,0x00,0x00,0x00,0x00,0x00,0x00,0x00,0x00,
    0x00,0x00,0x00,0x00,0x00,0x00,
    // HP-41 code 109 (font 109)
    0x00,0x00,0x00,0x00,0x00,0x00,0x00,0x00,0x00,0x00,0x00,0x00,0x00,0x00,0x00,0x00,0x00,0x00,0x00,0x00,0x00,0x00,0x00,0x00,
    0x00,0x00,0x00,0x00,0x00,0x00,0x00,0x00,0x00,0x00,0x00,0x00,0x00,0x00,0x00,0x00,0x00,0x00,0x00,0x00,0x00,0x00,0x00,0x00,
    0x00,0x00,0x00,0x00,0x00,0x00,0x00,0x00,0x00,0x00,0x00,0x00,0x00,0x00,0x00,0x00,0x00,0x00,0x00,0x00,0x00,0x00,0x00,0x00,
    0x00,0x00,0x00,0x00,0x00,0x00,0x00,0x00,0x00,0x00,0x00,0x00,0x00,0x00,0x00,0x00,0x00,0x00,0x00,0x00,0x00,0x00,0x00,0x00,
    0x00,0x00,0x00,0x00,0x00,0x00,0x00,0x00,0x00,0x00,0x00,0x00,0x00,0x00,0x00,0x00,0x00,0x00,0x00,0x00,0x00,0x00,0x00,0x00,
    0x00,0x00,0x00,0x00,0x00,0x00,0x00,0x00,0x00,0x00,0x00,0x00,0x00,0x00,0x00,0x00,0x00,0x00,0x00,0x00,0x00,0x00,0x00,0x00,
    0x00,0x00,0x00,0x00,0x00,0x00,0x00,0x00,0x00,0x00,0x00,0x00,0x00,0x00,0x00,0x00,0x00,0x00,0x00,0x00,0x00,0x00,0x00,0x00,
    0x00,0x00,0x00,0x00,0x00,0x00,0x00,0x00,0x00,0x00,0x00,0x00,0x00,0x00,0x00,0x00,0x00,0x00,0x00,0x00,0x00,0x00,0x00,0x00,
    0x00,0x00,0x00,0x00,0x00,0x00,0x00,0x00,0x00,0x00,0x00,0x00,0x00,0x00,0x00,0x00,0x00,0x00,0x00,0x00,0x00,0x00,0x00,0x00,
    0x00,0x00,0x00,0x00,0x00,0x00,0x00,0x00,0x00,0x00,0x00,0x00,0x00,0x00,0x00,0x00,0x00,0x00,0x00,0x00,0x00,0x00,0x00,0x00,
    0x00,0x00,0x00,0x00,0x00,0x00,0x00,0x00,0x00,0x00,0x00,0x00,0x00,0x00,0x00,0xBF,0xFF,0xE3,0x00,0x00,0xAF,0xFF,0xC0,0x00,
    0x00,0x00,0x00,0x00,0x00,0x00,0x00,0x00,0x06,0xFF,0xFF,0xFF,0x70,0x2D,0xFF,0xFF,0xF9,0x00,0x00,0x00,0x00,0x00,0x00,0x00,
    0x00,0x00,0x04,0xFF,0xFF,0xFF,0x50,0x1C,0xFF,0xFF,0xF9,0x00,0x00,0x00,0x00,0x00,0x00,0x00,0x00,0x0A,0xF3,0x9F,0xFF,0xE3,
    0x06,0x00,0xAF,0xFF,0xC2,0xEA,0x00,0x00,0x00,0x00,0x00,0x00,0x00,0x0F,0xFE,0x10,0x00,0x00,0x0D,0x00,0x00,0x00,0x2E,0xFF,
    0x00,0x00,0x00,0x00,0x00,0x00,0x00,0x1F,0xFF,0x60,0x00,0x00,0x4F,0x20,0x00,0x00,0xBF,0xFE,0x00,0x00,0x00,0x00,0x00,0x00,
    0x00,0x3F,0xFF,0x50,0x00,0x00,0x9F,0x40,0x00,0x00,0xAF,0xFD,0x00,0x00,0x00,0x00,0x00,0x00,0x00,0x4F,0xFF,0x40,0x00,0x00,
    0xEF,0x70,0x00,0x00,0x9F,0xFB,0x00,0x00,0x00,0x00,0x00,0x00,0x00,0x5F,0xFF,0x20,0x00,0x03,0xFF,0x90,0x00,0x00,0x8F,0xFA,
    0x00,0x00,0x00,0x00,0x00,0x00,0x00,0x6F,0xFC,0x00,0x00,0x08,0xFF,0xC0,0x00,0x00,0x7F,0xF9,0x00,0x00,0x00,0x00,0x00,0x00,
    0x00,0x8F,0xF7,0x00,0x00,0x0E,0xFF,0xF0,0x00,0x00,0x5F,0xF8,0x00,0x00,0x00,0x00,0x00,0x00,0x00,0x9F,0xF2,0x00,0x00,0x3F,
    0xFF,0xF1,0x00,0x00,0x4F,0xF6,0x00,0x00,0x00,0x00,0x00,0x00,0x00,0xAF,0xD0,0x00,0x00,0x4F,0xFF,0xF0,0x00,0x00,0x3F,0xF5,
    0x00,0x00,0x00,0x00,0x00,0x00,0x00,0xCF,0x70,0x00,0x00,0x5F,0xFF,0xE0,0x00,0x00,0x2F,0xF4,0x00,0x00,0x00,0x00,0x00,0x00,
    0x00,0xDF,0x20,0x00,0x00,0x00,0x00,0x00,0x00,0x00,0x0F,0xF2,0x00,0x00,0x00,0x00,0x00,0x00,0x00,0xE8,0x00,0x00,0x00,0x00,
    0x00,0x00,0x00,0x00,0x0A,0xF1,0x00,0x00,0x00,0x00,0x00,0x00,0x00,0x80,0x00,0x00,0x00,0x00,0x00,0x00,0x00,0x00,0x00,0xC0,
    0x00,0x00,0x00,0x00,0x00,0x00,0x00,0x00,0x00,0x00,0x00,0x00,0x00,0x00,0x00,0x00,0x00,0x10,0x00,0x00,0x00,0x00,0x00,0x00,
    0x00,0x00,0x00,0x00,0x00,0x00,0x00,0x00,0x00,0x00,0x00,0x00,0x00,0x00,0x00,0x00,0x00,0x00,0x00,0x00,0x00,0x00,0x00,0x00,
    0x00,0x00,0x00,0x00,0x00,0x00,0x00,0x00,0x00,0x00,0x00,0x00,0x00,0x00,0x00,0x00,0x00,0x00,0x00,0x00,0x00,0x00,0x00,0x00,
    0x00,0x00,0x00,0x00,0x00,0x00,
    // HP-41 code 110 (font 110)
    0x00,0x00,0x00,0x00,0x00,0x00,0x00,0x00,0x00,0x00,0x00,0x00,0x00,0x00,0x00,0x00,0x00,0x00,0x00,0x00,0x00,0x00,0x00,0x00,
    0x00,0x00,0x00,0x00,0x00,0x00,0x00,0x00,0x00,0x00,0x00,0x00,0x00,0x00,0x00,0x00,0x00,0x00,0x00,0x00,0x00,0x00,0x00,0x00,
    0x00,0x00,0x00,0x00,0x00,0x00,0x00,0x00,0x00,0x00,0x00,0x00,0x00,0x00,0x00,0x00,0x00,0x00,0x00,0x00,0x00,0x00,0x00,0x00,
    0x00,0x00,0x00,0x00,0x00,0x00,0x00,0x00,0x00,0x00,0x00,0x00,0x00,0x00,0x00,0x00,0x00,0x00,0x00,0x00,0x00,0x00,0x00,0x00,
    0x00,0x00,0x00,0x00,0x00,0x00,0x00,0x00,0x00,0x00,0x00,0x00,0x00,0x00,0x00,0x00,0x00,0x00,0x00,0x00,0x00,0x00,0x00,0x00,
    0x00,0x00,0x00,0x00,0x00,0x00,0x00,0x00,0x00,0x00,0x00,0x00,0x00,0x00,0x00,0x00,0x00,0x00,0x00,0x00,0x00,0x00,0x00,0x00,
    0x00,0x00,0x00,0x00,0x00,0x00,0x00,0x00,0x00,0x00,0x00,0x00,0x00,0x00,0x00,0x00,0x00,0x00,0x00,0x00,0x00,0x00,0x00,0x00,
    0x00,0x00,0x00,0x00,0x00,0x00,0x00,0x00,0x00,0x00,0x00,0x00,0x00,0x00,0x00,0x00,0x00,0x00,0x00,0x00,0x00,0x00,0x00,0x00,
    0x00,0x00,0x00,0x00,0x00,0x00,0x00,0x00,0x00,0x00,0x00,0x00,0x00,0x00,0x00,0x00,0x00,0x00,0x00,0x00,0x00,0x00,0x00,0x00,
    0x00,0x00,0x00,0x00,0x00,0x00,0x00,0x00,0x00,0x00,0x00,0x00,0x00,0x00,0x00,0x00,0x00,0x00,0x00,0x00,0x00,0x00,0x00,0x00,
    0x00,0x00,0x00,0x00,0x00,0x00,0x00,0x00,0x00,0x00,0x00,0x00,0x00,0x00,0x00,0xBF,0xFF,0xE3,0x00,0x00,0xAF,0xFF,0xC0,0x00,
    0x00,0x00,0x00,0x00,0x00,0x00,0x00,0x00,0x06,0xFF,0xFF,0xFF,0x70,0x2D,0xFF,0xFF,0xF9,0x00,0x00,0x00,0x00,0x00,0x00,0x00,
    0x00,0x00,0x04,0xFF,0xFF,0xFF,0x50,0x1C,0xFF,0xFF,0xF9,0x00,0x00,0x00,0x00,0x00,0x00,0x00,0x00,0x0A,0xF3,0x9F,0xFF,0xE3,
    0x00,0x00,0xAF,0xFF,0xC2,0xEA,0x00,0x00,0x00,0x00,0x00,0x00,0x00,0x0F,0xFE,0x10,0x00,0x00,0x00,0x00,0x00,0x00,0x2E,0xFF,
    0x00,0x00,0x00,0x00,0x00,0x00,0x00,0x1F,0xFF,0x60,0x00,0x00,0x00,0x00,0x00,0x00,0xBF,0xFE,0x00,0x00,0x00,0x00,0x00,0x00,
    0x00,0x3F,0xFF,0x50,0x00,0x00,0x00,0x00,0x00,0x00,0xAF,0xFD,0x00,0x00,0x00,0x00,0x00,0x00,0x00,0x4F,0xFF,0x40,0x00,0x00,
    0x00,0x00,0x00,0x00,0x9F,0xFB,0x00,0x00,0x00,0x00,0x00,0x00,0x00,0x5F,0xFF,0x20,0x00,0x00,0x00,0x00,0x00,0x00,0x8F,0xFA,
    0x00,0x00,0x00,0x00,0x00,0x00,0x00,0x6F,0xFC,0x00,0x00,0x00,0x00,0x00,0x00,0x00,0x7F,0xF9,0x00,0x00,0x00,0x00,0x00,0x00,
    0x00,0x8F,0xF7,0x00,0x00,0x00,0x00,0x00,0x00,0x00,0x5F,0xF8,0x00,0x00,0x00,0x00,0x00,0x00,0x00,0x9F,0xF2,0x00,0x00,0x00,
    0x00,0x00,0x00,0x00,0x4F,0xF6,0x00,0x00,0x00,0x00,0x00,0x00,0x00,0xAF,0xD0,0x00,0x00,0x00,0x00,0x00,0x00,0x00,0x3F,0xF5,
    0x00,0x00,0x00,0x00,0x00,0x00,0x00,0xCF,0x70,0x00,0x00,0x00,0x00,0x00,0x00,0x00,0x2F,0xF4,0x00,0x00,0x00,0x00,0x00,0x00,
    0x00,0xDF,0x20,0x00,0x00,0x00,0x00,0x00,0x00,0x00,0x0F,0xF2,0x00,0x00,0x00,0x00,0x00,0x00,0x00,0xE8,0x00,0x00,0x00,0x00,
    0x00,0x00,0x00,0x00,0x0A,0xF1,0x00,0x00,0x00,0x00,0x00,0x00,0x00,0x80,0x00,0x00,0x00,0x00,0x00,0x00,0x00,0x00,0x00,0xC0,
    0x00,0x00,0x00,0x00,0x00,0x00,0x00,0x00,0x00,0x00,0x00,0x00,0x00,0x00,0x00,0x00,0x00,0x10,0x00,0x00,0x00,0x00,0x00,0x00,
    0x00,0x00,0x00,0x00,0x00,0x00,0x00,0x00,0x00,0x00,0x00,0x00,0x00,0x00,0x00,0x00,0x00,0x00,0x00,0x00,0x00,0x00,0x00,0x00,
    0x00,0x00,0x00,0x00,0x00,0x00,0x00,0x00,0x00,0x00,0x00,0x00,0x00,0x00,0x00,0x00,0x00,0x00,0x00,0x00,0x00,0x00,0x00,0x00,
    0x00,0x00,0x00,0x00,0x00,0x00,
    // HP-41 code 111 (font 111)
    0x00,0x00,0x00,0x00,0x00,0x00,0x00,0x00,0x00,0x00,0x00,0x00,0x00,0x00,0x00,0x00,0x00,0x00,0x00,0x00,0x00,0x00,0x00,0x00,
    0x00,0x00,0x00,0x00,0x00,0x00,0x00,0x00,0x00,0x00,0x00,0x00,0x00,0x00,0x00,0x00,0x00,0x00,0x00,0x00,0x00,0x00,0x00,0x00,
    0x00,0x00,0x00,0x00,0x00,0x00,0x00,0x00,0x00,0x00,0x00,0x00,0x00,0x00,0x00,0x00,0x00,0x00,0x00,0x00,0x00,0x00,0x00,0x00,
    0x00,0x00,0x00,0x00,0x00,0x00,0x00,0x00,0x00,0x00,0x00,0x00,0x00,0x00,0x00,0x00,0x00,0x00,0x00,0x00,0x00,0x00,0x00,0x00,
    0x00,0x00,0x00,0x00,0x00,0x00,0x00,0x00,0x00,0x00,0x00,0x00,0x00,0x00,0x00,0x00,0x00,0x00,0x00,0x00,0x00,0x00,0x00,0x00,
    0x00,0x00,0x00,0x00,0x00,0x00,0x00,0x00,0x00,0x00,0x00,0x00,0x00,0x00,0x00,0x00,0x00,0x00,0x00,0x00,0x00,0x00,0x00,0x00,
    0x00,0x00,0x00,0x00,0x00,0x00,0x00,0x00,0x00,0x00,0x00,0x00,0x00,0x00,0x00,0x00,0x00,0x00,0x00,0x00,0x00,0x00,0x00,0x00,
    0x00,0x00,0x00,0x00,0x00,0x00,0x00,0x00,0x00,0x00,0x00,0x00,0x00,0x00,0x00,0x00,0x00,0x00,0x00,0x00,0x00,0x00,0x00,0x00,
    0x00,0x00,0x00,0x00,0x00,0x00,0x00,0x00,0x00,0x00,0x00,0x00,0x00,0x00,0x00,0x00,0x00,0x00,0x00,0x00,0x00,0x00,0x00,0x00,
    0x00,0x00,0x00,0x00,0x00,0x00,0x00,0x00,0x00,0x00,0x00,0x00,0x00,0x00,0x00,0x00,0x00,0x00,0x00,0x00,0x00,0x00,0x00,0x00,
    0x00,0x00,0x00,0x00,0x00,0x00,0x00,0x00,0x00,0x00,0x00,0x00,0x00,0x00,0x00,0xBF,0xFF,0xE3,0x00,0x00,0xAF,0xFF,0xC0,0x00,
    0x00,0x00,0x00,0x00,0x00,0x00,0x00,0x00,0x06,0xFF,0xFF,0xFF,0x70,0x2D,0xFF,0xFF,0xF9,0x00,0x00,0x00,0x00,0x00,0x00,0x00,
    0x00,0x00,0x14,0xFF,0xFF,0xFF,0x50,0x1C,0xFF,0xFF,0xF9,0x00,0x00,0x00,0x00,0x00,0x00,0x00,0x00,0x0A,0xF3,0x9F,0xFF,0xE3,
    0x00,0x00,0xAF,0xFF,0xC3,0xEA,0x00,0x00,0x00,0x00,0x00,0x00,0x00,0x0F,0xFE,0x10,0x00,0x00,0x00,0x00,0x00,0x00,0x2E,0xFF,
    0x00,0x00,0x00,0x00,0x00,0x00,0x00,0x1F,0xFF,0x60,0x00,0x00,0x00,0x00,0x00,0x00,0xBF,0xFE,0x00,0x00,0x00,0x00,0x00,0x00,
    0x00,0x3F,0xFF,0x50,0x00,0x00,0x00,0x00,0x00,0x00,0xAF,0xFD,0x00,0x00,0x00,0x00,0x00,0x00,0x00,0x4F,0xFF,0x40,0x00,0x00,
    0x00,0x00,0x00,0x00,0x9F,0xFB,0x00,0x00,0x00,0x00,0x00,0x00,0x00,0x5F,0xFF,0x10,0x00,0x00,0x00,0x00,0x00,0x00,0x8F,0xFA,
    0x00,0x00,0x00,0x00,0x00,0x00,0x00,0x6F,0xFC,0x00,0x00,0x00,0x00,0x00,0x00,0x00,0x7F,0xF9,0x00,0x00,0x00,0x00,0x00,0x00,
    0x00,0x8F,0xF7,0x00,0x00,0x00,0x00,0x00,0x00,0x00,0x5F,0xF8,0x00,0x00,0x00,0x00,0x00,0x00,0x00,0x9F,0xF2,0x00,0x00,0x00,
    0x00,0x00,0x00,0x00,0x4F,0xF6,0x00,0x00,0x00,0x00,0x00,0x00,0x00,0xAF,0xD0,0x00,0x00,0x00,0x00,0x00,0x00,0x00,0x3F,0xF5,
    0x00,0x00,0x00,0x00,0x00,0x00,0x00,0xCF,0x70,0x00,0x00,0x00,0x00,0x00,0x00,0x00,0x2F,0xF4,0x00,0x00,0x00,0x00,0x00,0x00,
    0x00,0xDF,0x20,0x00,0x00,0x00,0x00,0x00,0x00,0x00,0x0F,0xF2,0x00,0x00,0x00,0x00,0x00,0x00,0x00,0xE8,0x01,0x8E,0xFF,0xFF,
    0xFF,0xFF,0xFF,0xF3,0x0A,0xF1,0x00,0x00,0x00,0x00,0x00,0x00,0x00,0x80,0x9F,0xFF,0xFF,0xFF,0xFF,0xFF,0xFF,0xFE,0x10,0xC0,
    0x00,0x00,0x00,0x00,0x00,0x00,0x00,0x0A,0xFF,0xFF,0xFF,0xFF,0xFF,0xFF,0xFF,0xFF,0xC0,0x10,0x00,0x00,0x00,0x00,0x00,0x00,
    0x00,0x00,0x00,0x00,0x00,0x00,0x00,0x00,0x00,0x00,0x00,0x00,0x00,0x00,0x00,0x00,0x00,0x00,0x00,0x00,0x00,0x00,0x00,0x00,
    0x00,0x00,0x00,0x00,0x00,0x00,0x00,0x00,0x00,0x00,0x00,0x00,0x00,0x00,0x00,0x00,0x00,0x00,0x00,0x00,0x00,0x00,0x00,0x00,
    0x00,0x00,0x00,0x00,0x00,0x00,
    // HP-41 code 112 (font 112)
    0x00,0x00,0x10,0x00,0x00,0x00,0x00,0x00,0x00,0x00,0x00,0x00,0x00,0x00,0x00,0x00,0x00,0x00,0x00,0x00,0x94,0x00,0x00,0x00,
    0x00,0x00,0x00,0x00,0x00,0x00,0x00,0x00,0x00,0x00,0x00,0x00,0x00,0x00,0xBE,0x22,0x00,0x00,0x00,0x00,0x00,0x00,0x00,0x00,
    0x00,0x00,0x00,0x00,0x00,0x00,0x00,0x00,0xCF,0x7A,0x70,0x00,0x00,0x00,0x00,0x00,0x00,0x00,0x00,0x00,0x00,0x00,0x00,0x00,
    0x00,0x00,0xEF,0x98,0xFB,0x00,0x00,0x00,0x00,0x00,0x00,0x00,0x00,0x00,0x00,0x00,0x00,0x00,0x00,0x00,0xFF,0xA6,0xFF,0x50,
    0x00,0x00,0x00,0x00,0x00,0x00,0x00,0x00,0x00,0x00,0x00,0x00,0x00,0x00,0xFF,0xB4,0xFF,0xD0,0x00,0x00,0x00,0x00,0x00,0x00,
    0x00,0x00,0x00,0x00,0x00,0x00,0x00,0x01,0xFF,0xC2,0xFF,0xF4,0x00,0x00,0x00,0x00,0x00,0x00,0x00,0x00,0x00,0x00,0x00,0x00,
    0x00,0x03,0xFF,0xD0,0xFF,0xFA,0x00,0x00,0x00,0x00,0x00,0x00,0x00,0x00,0x00,0x00,0x00,0x00,0x00,0x04,0xFF,0xE0,0xCF,0xFE,
    0x00,0x00,0x00,0x00,0x00,0x00,0x00,0x00,0x00,0x00,0x00,0x00,0x00,0x05,0xFF,0xF0,0x5F,0xFF,0x10,0x00,0x00,0x00,0x00,0x00,
    0x00,0x00,0x00,0x00,0x00,0x00,0x00,0x07,0xFF,0xF0,0x0D,0xFF,0x50,0x00,0x00,0x00,0x00,0x00,0x00,0x00,0x00,0x00,0x00,0x00,
    0x00,0x08,0xFF,0xF1,0x05,0xFF,0x80,0x00,0x00,0x00,0x00,0x00,0x00,0x00,0x00,0x00,0x00,0x00,0x00,0x09,0xFF,0x70,0x00,0x3D,
    0xB0,0x00,0x00,0x00,0x00,0x00,0x00,0x00,0x00,0x00,0x00,0x00,0x00,0x04,0xE7,0xBF,0xFF,0xE5,0xA0,0x00,0x00,0x00,0x00,0x00,
    0x00,0x00,0x00,0x00,0x00,0x00,0x00,0x00,0x06,0xFF,0xFF,0xFF,0x70,0x00,0x00,0x00,0x00,0x00,0x00,0x00,0x00,0x00,0x00,0x00,
    0x00,0x00,0x04,0xFF,0xFF,0xFF,0x50,0x00,0x00,0x00,0x00,0x00,0x00,0x00,0x00,0x00,0x00,0x00,0x00,0x0A,0xF3,0x9F,0xFF,0xE3,
    0x00,0x00,0x00,0x00,0x00,0x00,0x00,0x00,0x00,0x00,0x00,0x00,0x00,0x0F,0xFE,0x10,0x00,0x00,0x00,0x00,0x00,0x00,0x00,0x00,
    0x00,0x00,0x00,0x00,0x00,0x00,0x00,0x1F,0xFF,0x60,0x00,0x00,0x00,0x00,0x00,0x00,0x00,0x00,0x00,0x00,0x00,0x00,0x00,0x00,
    0x00,0x3F,0xFF,0x50,0x00,0x00,0x00,0x00,0x00,0x00,0x00,0x00,0x00,0x00,0x00,0x00,0x00,0x00,0x00,0x4F,0xFF,0x40,0x00,0x00,
    0x00,0x00,0x00,0x00,0x00,0x00,0x00,0x00,0x00,0x00,0x00,0x00,0x00,0x5F,0xFF,0x20,0x00,0x00,0x00,0x00,0x00,0x00,0x00,0x00,
    0x00,0x00,0x00,0x00,0x00,0x00,0x00,0x6F,0xFC,0x00,0x00,0x00,0x00,0x00,0x00,0x00,0x00,0x00,0x00,0x00,0x00,0x00,0x00,0x00,
    0x00,0x8F,0xF7,0x00,0x00,0x00,0x00,0x00,0x00,0x00,0x00,0x00,0x00,0x00,0x00,0x00,0x00,0x00,0x00,0x9F,0xF2,0x00,0x00,0x00,
    0x00,0x00,0x00,0x00,0x00,0x00,0x00,0x00,0x00,0x00,0x00,0x00,0x00,0xAF,0xD0,0x00,0x00,0x00,0x00,0x00,0x00,0x00,0x00,0x00,
    0x00,0x00,0x00,0x00,0x00,0x00,0x00,0xCF,0x70,0x00,0x00,0x00,0x00,0x00,0x00,0x00,0x00,0x00,0x00,0x00,0x00,0x00,0x00,0x00,
    0x00,0xDF,0x20,0x00,0x00,0x00,0x00,0x00,0x00,0x00,0x00,0x00,0x00,0x00,0x00,0x00,0x00,0x00,0x00,0xE8,0x00,0x00,0x00,0x00,
    0x00,0x00,0x00,0x00,0x00,0x00,0x00,0x00,0x00,0x00,0x00,0x00,0x00,0x80,0x00,0x00,0x00,0x00,0x00,0x00,0x00,0x00,0x00,0x00,
    0x00,0x00,0x00,0x00,0x00,0x00,0x00,0x00,0x00,0x00,0x00,0x00,0x00,0x00,0x00,0x00,0x00,0x00,0x00,0x00,0x00,0x00,0x00,0x00,
    0x00,0x00,0x00,0x00,0x00,0x00,0x00,0x00,0x00,0x00,0x00,0x00,0x00,0x00,0x00,0x00,0x00,0x00,0x00,0x00,0x00,0x00,0x00,0x00,
    0x00,0x00,0x00,0x00,0x00,0x00,0x00,0x00,0x00,0x00,0x00,0x00,0x00,0x00,0x00,0x00,0x00,0x00,0x00,0x00,0x00,0x00,0x00,0x00,
    0x00,0x00,0x00,0x00,0x00,0x00,
    // HP-41 code 113 (font 113)
    0x00,0x00,0x10,0x00,0x00,0x00,0x00,0x00,0x00,0x00,0x00,0x00,0x00,0x00,0x00,0x00,0x00,0x00,0x00,0x00,0x94,0x00,0x00,0x00,
    0x00,0x00,0x00,0x00,0x00,0x00,0x00,0x00,0x00,0x00,0x00,0x00,0x00,0x00,0xBE,0x22,0x00,0x00,0x00,0x00,0x00,0x00,0x00,0x00,
    0x00,0x00,0x00,0x00,0x00,0x00,0x00,0x00,0xCF,0x7A,0x70,0x00,0x00,0x00,0x00,0x00,0x00,0x00,0x00,0x00,0x00,0x00,0x00,0x00,
    0x00,0x00,0xEF,0x98,0xFB,0x00,0x00,0x00,0x00,0x00,0x00,0x00,0x00,0x00,0x00,0x00,0x00,0x00,0x00,0x00,0xFF,0xA6,0xFF,0x50,
    0x00,0x00,0x00,0x00,0x00,0x00,0x00,0x00,0x00,0x00,0x00,0x00,0x00,0x00,0xFF,0xB4,0xFF,0xD0,0x00,0x00,0x00,0x00,0x00,0x00,
    0x00,0x00,0x00,0x00,0x00,0x00,0x00,0x01,0xFF,0xC2,0xFF,0xF4,0x00,0x00,0x00,0x00,0x00,0x00,0x00,0x00,0x00,0x00,0x00,0x00,
    0x00,0x03,0xFF,0xD0,0xFF,0xFA,0x00,0x00,0x00,0x00,0x00,0x00,0x00,0x00,0x00,0x00,0x00,0x00,0x00,0x04,0xFF,0xE0,0xCF,0xFE,
    0x00,0x00,0x00,0x00,0x00,0x00,0x00,0x00,0x00,0x00,0x00,0x00,0x00,0x05,0xFF,0xF0,0x5F,0xFF,0x10,0x00,0x00,0x00,0x00,0x00,
    0x00,0x00,0x00,0x00,0x00,0x00,0x00,0x07,0xFF,0xF0,0x0D,0xFF,0x50,0x00,0x00,0x00,0x00,0x00,0x00,0x00,0x00,0x00,0x00,0x00,
    0x00,0x08,0xFF,0xF1,0x05,0xFF,0x80,0x00,0x00,0x00,0x00,0x00,0x00,0x00,0x00,0x00,0x00,0x00,0x00,0x09,0xFF,0x70,0x00,0x3D,
    0xB0,0x00,0x00,0x00,0x00,0x00,0x00,0x00,0x00,0x00,0x00,0x00,0x00,0x04,0xE7,0xBF,0xFF,0xE5,0xA0,0x00,0x00,0x00,0x00,0x00,
    0x00,0x00,0x00,0x00,0x00,0x00,0x00,0x00,0x06,0xFF,0xFF,0xFF,0x70,0x00,0x00,0x00,0x00,0x00,0x00,0x00,0x00,0x00,0x00,0x00,
    0x00,0x00,0x04,0xFF,0xFF,0xFF,0x50,0x00,0x00,0x00,0x00,0x00,0x00,0x00,0x00,0x00,0x00,0x00,0x00,0x00,0x00,0x9F,0xFF,0xE3,
    0x00,0x74,0x00,0x00,0x00,0x00,0x00,0x00,0x00,0x00,0x00,0x00,0x00,0x00,0x00,0x00,0x00,0x00,0x00,0x5F,0x70,0x00,0x00,0x00,
    0x00,0x00,0x00,0x00,0x00,0x00,0x00,0x00,0x00,0x00,0x00,0x00,0x00,0x1F,0xFA,0x00,0x00,0x00,0x00,0x00,0x00,0x00,0x00,0x00,
    0x00,0x00,0x00,0x00,0x00,0x00,0x00,0x0E,0xFF,0x30,0x00,0x00,0x00,0x00,0x00,0x00,0x00,0x00,0x00,0x00,0x00,0x00,0x00,0x00,
    0x00,0x0B,0xFF,0xB0,0x00,0x00,0x00,0x00,0x00,0x00,0x00,0x00,0x00,0x00,0x00,0x00,0x00,0x00,0x00,0x07,0xFF,0xF2,0x00,0x00,
    0x00,0x00,0x00,0x00,0x00,0x00,0x00,0x00,0x00,0x00,0x00,0x00,0x00,0x04,0xFF,0xF6,0x00,0x00,0x00,0x00,0x00,0x00,0x00,0x00,
    0x00,0x00,0x00,0x00,0x00,0x00,0x00,0x00,0xDF,0xF8,0x00,0x00,0x00,0x00,0x00,0x00,0x00,0x00,0x00,0x00,0x00,0x00,0x00,0x00,
    0x00,0x00,0x6F,0xFA,0x00,0x00,0x00,0x00,0x00,0x00,0x00,0x00,0x00,0x00,0x00,0x00,0x00,0x00,0x00,0x00,0x0E,0xFD,0x00,0x00,
    0x00,0x00,0x00,0x00,0x00,0x00,0x00,0x00,0x00,0x00,0x00,0x00,0x00,0x00,0x05,0xFF,0x00,0x00,0x00,0x00,0x00,0x00,0x00,0x00,
    0x00,0x00,0x00,0x00,0x00,0x00,0x00,0x00,0x00,0x2C,0x10,0x00,0x00,0x00,0x00,0x00,0x00,0x00,0x00,0x00,0x00,0x00,0x00,0x00,
    0x00,0x00,0x00,0x00,0x00,0x00,0x00,0x00,0x00,0x00,0x00,0x00,0x00,0x00,0x00,0x00,0x00,0x00,0x00,0x00,0x00,0x00,0x00,0x00,
    0x00,0x00,0x00,0x00,0x00,0x00,0x00,0x00,0x00,0x00,0x00,0x00,0x00,0x00,0x00,0x00,0x00,0x00,0x00,0x00,0x00,0x00,0x00,0x00,
    0x00,0x00,0x00,0x00,0x00,0x00,0x00,0x00,0x00,0x00,0x00,0x00,0x00,0x00,0x00,0x00,0x00,0x00,0x00,0x00,0x00,0x00,0x00,0x00,
    0x00,0x00,0x00,0x00,0x00,0x00,0x00,0x00,0x00,0x00,0x00,0x00,0x00,0x00,0x00,0x00,0x00,0x00,0x00,0x00,0x00,0x00,0x00,0x00,
    0x00,0x00,0x00,0x00,0x00,0x00,
    // HP-41 code 114 (font 114)
    0x00,0x00,0x00,0x00,0x00,0x00,0x00,0x00,0x00,0x00,0x00,0x00,0x00,0x00,0x00,0x00,0x00,0x00,0x00,0x00,0x00,0x00,0x00,0x00,
    0x00,0x00,0x00,0x00,0x00,0x00,0x00,0x00,0x00,0x00,0x00,0x00,0x00,0x00,0x00,0x00,0x00,0x00,0x00,0x00,0x00,0x00,0x00,0x00,
    0x00,0x00,0x00,0x00,0x00,0x00,0x00,0x00,0x00,0x00,0x00,0x00,0x00,0x00,0x00,0x00,0x00,0x00,0x00,0x00,0x00,0x00,0x00,0x00,
    0x00,0x00,0x00,0x00,0x00,0x00,0x00,0x00,0x00,0x00,0x00,0x00,0x00,0x00,0x00,0x00,0x00,0x00,0x00,0x00,0x00,0x00,0x00,0x00,
    0x00,0x00,0x00,0x00,0x00,0x00,0x00,0x00,0x00,0x00,0x00,0x00,0x00,0x00,0x00,0x00,0x00,0x00,0x00,0x00,0x00,0x00,0x00,0x00,
    0x00,0x00,0x00,0x00,0x00,0x00,0x00,0x00,0x00,0x00,0x00,0x00,0x00,0x00,0x00,0x00,0x00,0x00,0x00,0x00,0x00,0x00,0x00,0x00,
    0x00,0x00,0x00,0x00,0x00,0x00,0x00,0x00,0x00,0x00,0x00,0x00,0x00,0x00,0x00,0x00,0x00,0x00,0x00,0x00,0x00,0x00,0x00,0x00,
    0x00,0x00,0x00,0x00,0x00,0x00,0x00,0x00,0x00,0x00,0x00,0x00,0x00,0x00,0x00,0x00,0x00,0x00,0x00,0x00,0x00,0x00,0x00,0x00,
    0x00,0x00,0x00,0x00,0x00,0x00,0x00,0x00,0x00,0x00,0x00,0x00,0x00,0x00,0x00,0x00,0x00,0x00,0x00,0x00,0x00,0x00,0x00,0x00,
    0x00,0x00,0x00,0x00,0x00,0x00,0x00,0x00,0x00,0x00,0x00,0x00,0x00,0x00,0x00,0x00,0x00,0x00,0x00,0x00,0x00,0x00,0x00,0x00,
    0x00,0x00,0x00,0x00,0x00,0x00,0x00,0x00,0x00,0x00,0x00,0x00,0x00,0x00,0x00,0xBF,0xFF,0xE3,0x00,0x00,0xAF,0xFF,0xC0,0x00,
    0x00,0x00,0x00,0x00,0x00,0x00,0x00,0x00,0x06,0xFF,0xFF,0xFF,0x70,0x2D,0xFF,0xFF,0xF9,0x00,0x00,0x00,0x00,0x00,0x00,0x00,
    0x00,0x00,0x04,0xFF,0xFF,0xFF,0x50,0x1C,0xFF,0xFF,0xF9,0x00,0x00,0x00,0x00,0x00,0x00,0x00,0x00,0x0A,0xF3,0x9F,0xFF,0xE3,
    0x00,0x00,0xAF,0xFF,0xC0,0x00,0x00,0x00,0x00,0x00,0x00,0x00,0x00,0x0F,0xFE,0x10,0x00,0x00,0x00,0x00,0x00,0x00,0x00,0x00,
    0x00,0x00,0x00,0x00,0x00,0x00,0x00,0x1F,0xFF,0x60,0x00,0x00,0x00,0x00,0x00,0x00,0x00,0x00,0x00,0x00,0x00,0x00,0x00,0x00,
    0x00,0x3F,0xFF,0x50,0x00,0x00,0x00,0x00,0x00,0x00,0x00,0x00,0x00,0x00,0x00,0x00,0x00,0x00,0x00,0x4F,0xFF,0x40,0x00,0x00,
    0x00,0x00,0x00,0x00,0x00,0x00,0x00,0x00,0x00,0x00,0x00,0x00,0x00,0x5F,0xFF,0x20,0x00,0x00,0x00,0x00,0x00,0x00,0x00,0x00,
    0x00,0x00,0x00,0x00,0x00,0x00,0x00,0x6F,0xFC,0x00,0x00,0x00,0x00,0x00,0x00,0x00,0x00,0x00,0x00,0x00,0x00,0x00,0x00,0x00,
    0x00,0x8F,0xF7,0x00,0x00,0x00,0x00,0x00,0x00,0x00,0x00,0x00,0x00,0x00,0x00,0x00,0x00,0x00,0x00,0x9F,0xF2,0x00,0x00,0x00,
    0x00,0x00,0x00,0x00,0x00,0x00,0x00,0x00,0x00,0x00,0x00,0x00,0x00,0xAF,0xD0,0x00,0x00,0x00,0x00,0x00,0x00,0x00,0x00,0x00,
    0x00,0x00,0x00,0x00,0x00,0x00,0x00,0xCF,0x70,0x00,0x00,0x00,0x00,0x00,0x00,0x00,0x00,0x00,0x00,0x00,0x00,0x00,0x00,0x00,
    0x00,0xDF,0x20,0x00,0x00,0x00,0x00,0x00,0x00,0x00,0x00,0x00,0x00,0x00,0x00,0x00,0x00,0x00,0x00,0xE8,0x00,0x00,0x00,0x00,
    0x00,0x00,0x00,0x00,0x00,0x00,0x00,0x00,0x00,0x00,0x00,0x00,0x00,0x80,0x00,0x00,0x00,0x00,0x00,0x00,0x00,0x00,0x00,0x00,
    0x00,0x00,0x00,0x00,0x00,0x00,0x00,0x00,0x00,0x00,0x00,0x00,0x00,0x00,0x00,0x00,0x00,0x00,0x00,0x00,0x00,0x00,0x00,0x00,
    0x00,0x00,0x00,0x00,0x00,0x00,0x00,0x00,0x00,0x00,0x00,0x00,0x00,0x00,0x00,0x00,0x00,0x00,0x00,0x00,0x00,0x00,0x00,0x00,
    0x00,0x00,0x00,0x00,0x00,0x00,0x00,0x00,0x00,0x00,0x00,0x00,0x00,0x00,0x00,0x00,0x00,0x00,0x00,0x00,0x00,0x00,0x00,0x00,
    0x00,0x00,0x00,0x00,0x00,0x00,
    // HP-41 code 115 (font 115)
    0x00,0x00,0x00,0x00,0x00,0x00,0x00,0x00,0x00,0x00,0x00,0x00,0x00,0x00,0x00,0x00,0x00,0x00,0x00,0x00,0x00,0x00,0x00,0x00,
    0x00,0x00,0x00,0x00,0x00,0x00,0x00,0x00,0x00,0x00,0x00,0x00,0x00,0x00,0x00,0x00,0x00,0x00,0x00,0x00,0x00,0x00,0x00,0x00,
    0x00,0x00,0x00,0x00,0x00,0x00,0x00,0x00,0x00,0x00,0x00,0x00,0x00,0x00,0x00,0x00,0x00,0x00,0x00,0x00,0x00,0x00,0x00,0x00,
    0x00,0x00,0x00,0x00,0x00,0x00,0x00,0x00,0x00,0x00,0x00,0x00,0x00,0x00,0x00,0x00,0x00,0x00,0x00,0x00,0x00,0x00,0x00,0x00,
    0x00,0x00,0x00,0x00,0x00,0x00,0x00,0x00,0x00,0x00,0x00,0x00,0x00,0x00,0x00,0x00,0x00,0x00,0x00,0x00,0x00,0x00,0x00,0x00,
    0x00,0x00,0x00,0x00,0x00,0x00,0x00,0x00,0x00,0x00,0x00,0x00,0x00,0x00,0x00,0x00,0x00,0x00,0x00,0x00,0x00,0x00,0x00,0x00,
    0x00,0x00,0x00,0x00,0x00,0x00,0x00,0x00,0x00,0x00,0x00,0x00,0x00,0x00,0x00,0x00,0x00,0x00,0x00,0x00,0x00,0x00,0x00,0x00,
    0x00,0x00,0x00,0x00,0x00,0x00,0x00,0x00,0x00,0x00,0x00,0x00,0x00,0x00,0x00,0x00,0x00,0x00,0x00,0x00,0x00,0x00,0x00,0x00,
    0x00,0x00,0x00,0x00,0x00,0x00,0x00,0x00,0x00,0x00,0x00,0x00,0x00,0x00,0x00,0x00,0x00,0x00,0x00,0x00,0x00,0x00,0x00,0x00,
    0x00,0x00,0x00,0x00,0x00,0x00,0x00,0x00,0x00,0x00,0x00,0x00,0x00,0x00,0x00,0x00,0x00,0x00,0x00,0x00,0x00,0x00,0x00,0x00,
    0x00,0x00,0x00,0x00,0x00,0x00,0x00,0x00,0x00,0x00,0x00,0x00,0x00,0x00,0x00,0x00,0x00,0x00,0x00,0x00,0x00,0x00,0x00,0x00,
    0x00,0x00,0x00,0x00,0x00,0x00,0x00,0x00,0x00,0x00,0x00,0x00,0x00,0x02,0xBF,0xFF,0xD1,0x00,0x00,0x00,0x00,0x00,0x00,0x00,
    0x00,0x00,0x00,0x00,0x00,0x00,0x00,0x3F,0xFF,0xFF,0xFC,0x00,0x00,0x00,0x00,0x00,0x00,0x00,0x00,0x00,0x00,0x00,0x00,0x00,
    0x00,0x43,0xCF,0xFF,0xD1,0x00,0x00,0x00,0x00,0x00,0x00,0x00,0x00,0x00,0x00,0x00,0x00,0x00,0x00,0x6E,0x30,0x00,0x00,0x00,
    0x00,0x00,0x00,0x00,0x00,0x00,0x00,0x00,0x00,0x00,0x00,0x00,0x00,0x2F,0xF6,0x00,0x00,0x00,0x00,0x00,0x00,0x00,0x00,0x00,
    0x00,0x00,0x00,0x00,0x00,0x00,0x00,0x0F,0xFF,0x20,0x00,0x00,0x00,0x00,0x00,0x00,0x00,0x00,0x00,0x00,0x00,0x00,0x00,0x00,
    0x00,0x0B,0xFF,0x90,0x00,0x00,0x00,0x00,0x00,0x00,0x00,0x00,0x00,0x00,0x00,0x00,0x00,0x00,0x00,0x08,0xFF,0xF1,0x00,0x00,
    0x00,0x00,0x00,0x00,0x00,0x00,0x00,0x00,0x00,0x00,0x00,0x00,0x00,0x04,0xFF,0xF6,0x00,0x00,0x00,0x00,0x00,0x00,0x00,0x00,
    0x00,0x00,0x00,0x00,0x00,0x00,0x00,0x00,0xEF,0xF8,0x00,0x00,0x00,0x00,0x00,0x00,0x00,0x00,0x00,0x00,0x00,0x00,0x00,0x00,
    0x00,0x00,0x7F,0xFA,0x00,0x00,0x00,0x00,0x00,0x00,0x00,0x00,0x00,0x00,0x00,0x00,0x00,0x00,0x00,0x00,0x0E,0xFD,0x00,0x00,
    0x00,0x00,0x00,0x00,0x00,0x00,0x00,0x00,0x00,0x00,0x00,0x00,0x00,0x00,0x05,0xFF,0x00,0x00,0x00,0x00,0x00,0x00,0x00,0x00,
    0x00,0x00,0x00,0x00,0x00,0x00,0x00,0x00,0x00,0x1B,0x20,0x00,0x00,0x00,0x00,0x00,0x00,0x00,0x00,0x00,0x01,0x8E,0xFF,0xFF,
    0xFF,0xFF,0xFF,0xF3,0x00,0x00,0x00,0x00,0x00,0x00,0x00,0x00,0x00,0x00,0x9F,0xFF,0xFF,0xFF,0xFF,0xFF,0xFF,0xFE,0x10,0x00,
    0x00,0x00,0x00,0x00,0x00,0x00,0x00,0x0A,0xFF,0xFF,0xFF,0xFF,0xFF,0xFF,0xFF,0xFF,0xC0,0x00,0x00,0x00,0x00,0x00,0x00,0x00,
    0x00,0x00,0x00,0x00,0x00,0x00,0x00,0x00,0x00,0x00,0x00,0x00,0x00,0x00,0x00,0x00,0x00,0x00,0x00,0x00,0x00,0x00,0x00,0x00,
    0x00,0x00,0x00,0x00,0x00,0x00,0x00,0x00,0x00,0x00,0x00,0x00,0x00,0x00,0x00,0x00,0x00,0x00,0x00,0x00,0x00,0x00,0x00,0x00,
    0x00,0x00,0x00,0x00,0x00,0x00,
    // HP-41 code 116 (font 116)
    0x00,0x00,0x00,0x00,0x00,0x00,0x00,0x00,0x00,0x00,0x00,0x00,0x00,0x00,0x00,0x00,0x00,0x00,0x00,0x00,0x00,0x00,0x00,0x00,
    0x00,0x00,0x00,0x00,0x00,0x00,0x00,0x00,0x00,0x00,0x00,0x00,0x00,0x00,0x00,0x00,0x00,0x00,0x00,0x00,0x00,0x00,0x00,0x00,
    0x00,0x00,0x00,0x00,0x00,0x00,0x00,0x00,0x00,0x00,0x00,0x00,0x00,0x00,0x00,0x00,0x00,0x00,0x00,0x00,0x00,0x00,0x00,0x00,
    0x00,0x00,0x00,0x00,0x00,0x00,0x8F,0xFF,0xC0,0x00,0x00,0x00,0x00,0x00,0x00,0x00,0x00,0x00,0x00,0x00,0x00,0x00,0x00,0x00,
    0x9F,0xFF,0xB0,0x00,0x00,0x00,0x00,0x00,0x00,0x00,0x00,0x00,0x00,0x00,0x00,0x00,0x00,0x00,0xAF,0xFF,0x90,0x00,0x00,0x00,
    0x00,0x00,0x00,0x00,0x00,0x00,0x00,0x00,0x00,0x00,0x00,0x00,0x8F,0xFF,0x40,0x00,0x00,0x00,0x00,0x00,0x00,0x00,0x00,0x00,
    0x00,0x00,0x00,0x00,0x00,0x00,0x5F,0xFE,0x00,0x00,0x00,0x00,0x00,0x00,0x00,0x00,0x00,0x00,0x00,0x00,0x00,0x00,0x00,0x00,
    0x2F,0xF9,0x00,0x00,0x00,0x00,0x00,0x00,0x00,0x00,0x00,0x00,0x00,0x00,0x00,0x00,0x00,0x00,0x0F,0xF4,0x00,0x00,0x00,0x00,
    0x00,0x00,0x00,0x00,0x00,0x00,0x00,0x00,0x00,0x00,0x00,0x00,0x0D,0xE0,0x00,0x00,0x00,0x00,0x00,0x00,0x00,0x00,0x00,0x00,
    0x00,0x00,0x00,0x00,0x00,0x00,0x0B,0xA0,0x00,0x00,0x00,0x00,0x00,0x00,0x00,0x00,0x00,0x00,0x00,0x00,0x00,0x00,0x00,0x00,
    0x08,0x40,0x00,0x00,0x00,0x00,0x00,0x00,0x00,0x00,0x00,0x00,0x00,0x00,0x00,0xBF,0xFF,0xE3,0x05,0x00,0xAF,0xFF,0xC0,0x00,
    0x00,0x00,0x00,0x00,0x00,0x00,0x00,0x00,0x06,0xFF,0xFF,0xFF,0x70,0x2D,0xFF,0xFF,0xF9,0x00,0x00,0x00,0x00,0x00,0x00,0x00,
    0x00,0x00,0x04,0xFF,0xFF,0xFF,0x50,0x2C,0xFF,0xFF,0xF9,0x00,0x00,0x00,0x00,0x00,0x00,0x00,0x00,0x00,0x00,0x9F,0xFF,0xE3,
    0x00,0x75,0xAF,0xFF,0xC0,0x00,0x00,0x00,0x00,0x00,0x00,0x00,0x00,0x00,0x00,0x00,0x00,0x00,0x00,0x5F,0x70,0x00,0x00,0x00,
    0x00,0x00,0x00,0x00,0x00,0x00,0x00,0x00,0x00,0x00,0x00,0x00,0x00,0x1F,0xFA,0x00,0x00,0x00,0x00,0x00,0x00,0x00,0x00,0x00,
    0x00,0x00,0x00,0x00,0x00,0x00,0x00,0x0E,0xFF,0x30,0x00,0x00,0x00,0x00,0x00,0x00,0x00,0x00,0x00,0x00,0x00,0x00,0x00,0x00,
    0x00,0x0B,0xFF,0xB0,0x00,0x00,0x00,0x00,0x00,0x00,0x00,0x00,0x00,0x00,0x00,0x00,0x00,0x00,0x00,0x07,0xFF,0xF2,0x00,0x00,
    0x00,0x00,0x00,0x00,0x00,0x00,0x00,0x00,0x00,0x00,0x00,0x00,0x00,0x04,0xFF,0xF6,0x00,0x00,0x00,0x00,0x00,0x00,0x00,0x00,
    0x00,0x00,0x00,0x00,0x00,0x00,0x00,0x00,0xDF,0xF8,0x00,0x00,0x00,0x00,0x00,0x00,0x00,0x00,0x00,0x00,0x00,0x00,0x00,0x00,
    0x00,0x00,0x6F,0xFA,0x00,0x00,0x00,0x00,0x00,0x00,0x00,0x00,0x00,0x00,0x00,0x00,0x00,0x00,0x00,0x00,0x0E,0xFD,0x00,0x00,
    0x00,0x00,0x00,0x00,0x00,0x00,0x00,0x00,0x00,0x00,0x00,0x00,0x00,0x00,0x05,0xFF,0x00,0x00,0x00,0x00,0x00,0x00,0x00,0x00,
    0x00,0x00,0x00,0x00,0x00,0x00,0x00,0x00,0x00,0x2C,0x10,0x00,0x00,0x00,0x00,0x00,0x00,0x00,0x00,0x00,0x00,0x00,0x00,0x00,
    0x00,0x00,0x00,0x00,0x00,0x00,0x00,0x00,0x00,0x00,0x00,0x00,0x00,0x00,0x00,0x00,0x00,0x00,0x00,0x00,0x00,0x00,0x00,0x00,
    0x00,0x00,0x00,0x00,0x00,0x00,0x00,0x00,0x00,0x00,0x00,0x00,0x00,0x00,0x00,0x00,0x00,0x00,0x00,0x00,0x00,0x00,0x00,0x00,
    0x00,0x00,0x00,0x00,0x00,0x00,0x00,0x00,0x00,0x00,0x00,0x00,0x00,0x00,0x00,0x00,0x00,0x00,0x00,0x00,0x00,0x00,0x00,0x00,
    0x00,0x00,0x00,0x00,0x00,0x00,0x00,0x00,0x00,0x00,0x00,0x00,0x00,0x00,0x00,0x00,0x00,0x00,0x00,0x00,0x00,0x00,0x00,0x00,
    0x00,0x00,0x00,0x00,0x00,0x00,
    // HP-41 code 117 (font 117)
    0x00,0x00,0x00,0x00,0x00,0x00,0x00,0x00,0x00,0x00,0x00,0x00,0x00,0x00,0x00,0x00,0x00,0x00,0x00,0x00,0x00,0x00,0x00,0x00,
    0x00,0x00,0x00,0x00,0x00,0x00,0x00,0x00,0x00,0x00,0x00,0x00,0x00,0x00,0x00,0x00,0x00,0x00,0x00,0x00,0x00,0x00,0x00,0x00,
    0x00,0x00,0x00,0x00,0x00,0x00,0x00,0x00,0x00,0x00,0x00,0x00,0x00,0x00,0x00,0x00,0x00,0x00,0x00,0x00,0x00,0x00,0x00,0x00,
    0x00,0x00,0x00,0x00,0x00,0x00,0x00,0x00,0x00,0x00,0x00,0x00,0x00,0x00,0x00,0x00,0x00,0x00,0x00,0x00,0x00,0x00,0x00,0x00,
    0x00,0x00,0x00,0x00,0x00,0x00,0x00,0x00,0x00,0x00,0x00,0x00,0x00,0x00,0x00,0x00,0x00,0x00,0x00,0x00,0x00,0x00,0x00,0x00,
    0x00,0x00,0x00,0x00,0x00,0x00,0x00,0x00,0x00,0x00,0x00,0x00,0x00,0x00,0x00,0x00,0x00,0x00,0x00,0x00,0x00,0x00,0x00,0x00,
    0x00,0x00,0x00,0x00,0x00,0x00,0x00,0x00,0x00,0x00,0x00,0x00,0x00,0x00,0x00,0x00,0x00,0x00,0x00,0x00,0x00,0x00,0x00,0x00,
    0x00,0x00,0x00,0x00,0x00,0x00,0x00,0x00,0x00,0x00,0x00,0x00,0x00,0x00,0x00,0x00,0x00,0x00,0x00,0x00,0x00,0x00,0x00,0x00,
    0x00,0x00,0x00,0x00,0x00,0x00,0x00,0x00,0x00,0x00,0x00,0x00,0x00,0x00,0x00,0x00,0x00,0x00,0x00,0x00,0x00,0x00,0x00,0x00,
    0x00,0x00,0x00,0x00,0x00,0x00,0x00,0x00,0x00,0x00,0x00,0x00,0x00,0x00,0x00,0x00,0x00,0x00,0x00,0x00,0x00,0x00,0x00,0x00,
    0x00,0x00,0x00,0x00,0x00,0x00,0x00,0x00,0x00,0x00,0x00,0x00,0x00,0x00,0x00,0x00,0x00,0x00,0x00,0x00,0x00,0x00,0x00,0x00,
    0x00,0x00,0x00,0x00,0x00,0x00,0x00,0x00,0x00,0x00,0x00,0x00,0x00,0x00,0x00,0x00,0x00,0x00,0x00,0x00,0x00,0x00,0x00,0x00,
    0x00,0x00,0x10,0x00,0x00,0x00,0x00,0x00,0x00,0x00,0x00,0x00,0x00,0x00,0x00,0x00,0x00,0x00,0x00,0x0A,0xF3,0x00,0x00,0x00,
    0x00,0x00,0x00,0x00,0x02,0xEA,0x00,0x00,0x00,0x00,0x00,0x00,0x00,0x0F,0xFE,0x10,0x00,0x00,0x00,0x00,0x00,0x00,0x2E,0xFF,
    0x00,0x00,0x00,0x00,0x00,0x00,0x00,0x1F,0xFF,0x60,0x00,0x00,0x00,0x00,0x00,0x00,0xBF,0xFE,0x00,0x00,0x00,0x00,0x00,0x00,
    0x00,0x3F,0xFF,0x50,0x00,0x00,0x00,0x00,0x00,0x00,0xAF,0xFD,0x00,0x00,0x00,0x00,0x00,0x00,0x00,0x4F,0xFF,0x40,0x00,0x00,
    0x00,0x00,0x00,0x00,0x9F,0xFB,0x00,0x00,0x00,0x00,0x00,0x00,0x00,0x5F,0xFF,0x10,0x00,0x00,0x00,0x00,0x00,0x00,0x8F,0xFA,
    0x00,0x00,0x00,0x00,0x00,0x00,0x00,0x6F,0xFC,0x00,0x00,0x00,0x00,0x00,0x00,0x00,0x7F,0xF9,0x00,0x00,0x00,0x00,0x00,0x00,
    0x00,0x8F,0xF7,0x00,0x00,0x00,0x00,0x00,0x00,0x00,0x5F,0xF8,0x00,0x00,0x00,0x00,0x00,0x00,0x00,0x9F,0xF2,0x00,0x00,0x00,
    0x00,0x00,0x00,0x00,0x4F,0xF6,0x00,0x00,0x00,0x00,0x00,0x00,0x00,0xAF,0xD0,0x00,0x00,0x00,0x00,0x00,0x00,0x00,0x3F,0xF5,
    0x00,0x00,0x00,0x00,0x00,0x00,0x00,0xCF,0x70,0x00,0x00,0x00,0x00,0x00,0x00,0x00,0x2F,0xF4,0x00,0x00,0x00,0x00,0x00,0x00,
    0x00,0xDF,0x20,0x00,0x00,0x00,0x00,0x00,0x00,0x00,0x0F,0xF2,0x00,0x00,0x00,0x00,0x00,0x00,0x00,0xE8,0x01,0x8E,0xFF,0xFF,
    0xFF,0xFF,0xFF,0xF3,0x0A,0xF1,0x00,0x00,0x00,0x00,0x00,0x00,0x00,0x80,0x9F,0xFF,0xFF,0xFF,0xFF,0xFF,0xFF,0xFE,0x10,0xC0,
    0x00,0x00,0x00,0x00,0x00,0x00,0x00,0x0A,0xFF,0xFF,0xFF,0xFF,0xFF,0xFF,0xFF,0xFF,0xC0,0x10,0x00,0x00,0x00,0x00,0x00,0x00,
    0x00,0x00,0x00,0x00,0x00,0x00,0x00,0x00,0x00,0x00,0x00,0x00,0x00,0x00,0x00,0x00,0x00,0x00,0x00,0x00,0x00,0x00,0x00,0x00,
    0x00,0x00,0x00,0x00,0x00,0x00,0x00,0x00,0x00,0x00,0x00,0x00,0x00,0x00,0x00,0x00,0x00,0x00,0x00,0x00,0x00,0x00,0x00,0x00,
    0x00,0x00,0x00,0x00,0x00,0x00,
    // HP-41 code 118 (font 118)
    0x00,0x00,0x00,0x00,0x00,0x00,0x00,0x00,0x00,0x00,0x00,0x00,0x00,0x00,0x00,0x00,0x00,0x00,0x00,0x00,0x00,0x00,0x00,0x00,
    0x00,0x00,0x00,0x00,0x00,0x00,0x00,0x00,0x00,0x00,0x00,0x00,0x00,0x00,0x00,0x00,0x00,0x00,0x00,0x00,0x00,0x00,0x00,0x00,
    0x00,0x00,0x00,0x00,0x00,0x00,0x00,0x00,0x00,0x00,0x00,0x00,0x00,0x00,0x00,0x00,0x00,0x00,0x00,0x00,0x00,0x00,0x00,0x00,
    0x00,0x00,0x00,0x00,0x00,0x00,0x00,0x00,0x00,0x00,0x00,0x00,0x00,0x00,0x00,0x00,0x00,0x00,0x00,0x00,0x00,0x00,0x00,0x00,
    0x00,0x00,0x00,0x00,0x00,0x00,0x00,0x00,0x00,0x00,0x00,0x00,0x00,0x00,0x00,0x00,0x00,0x00,0x00,0x00,0x00,0x00,0x00,0x00,
    0x00,0x00,0x00,0x00,0x00,0x00,0x00,0x00,0x00,0x00,0x00,0x00,0x00,0x00,0x00,0x00,0x00,0x00,0x00,0x00,0x00,0x00,0x00,0x00,
    0x00,0x00,0x00,0x00,0x00,0x00,0x00,0x00,0x00,0x00,0x00,0x00,0x00,0x00,0x00,0x00,0x00,0x00,0x00,0x00,0x00,0x00,0x00,0x00,
    0x00,0x00,0x00,0x00,0x00,0x00,0x00,0x00,0x00,0x00,0x00,0x00,0x00,0x00,0x00,0x00,0x00,0x00,0x00,0x00,0x00,0x00,0x00,0x00,
    0x00,0x00,0x00,0x00,0x00,0x00,0x00,0x00,0x00,0x00,0x00,0x00,0x00,0x00,0x00,0x00,0x00,0x00,0x00,0x00,0x00,0x00,0x00,0x00,
    0x00,0x00,0x00,0x00,0x00,0x00,0x00,0x00,0x00,0x00,0x00,0x00,0x00,0x00,0x00,0x00,0x00,0x00,0x00,0x00,0x00,0x00,0x00,0x00,
    0x00,0x00,0x00,0x00,0x00,0x00,0x00,0x00,0x00,0x00,0x00,0x00,0x00,0x00,0x00,0x00,0x00,0x00,0x00,0x00,0x00,0x00,0x00,0x00,
    0x00,0x00,0x00,0x00,0x00,0x00,0x00,0x00,0x00,0x00,0x00,0x00,0x00,0x00,0x00,0x00,0x00,0x00,0x00,0x00,0x00,0x00,0x00,0x00,
    0x00,0x00,0x00,0x00,0x00,0x00,0x00,0x00,0x00,0x00,0x00,0x00,0x00,0x00,0x00,0x00,0x00,0x00,0x00,0x07,0xD2,0x00,0x00,0x01,
    0x80,0x00,0x00,0x00,0x00,0x00,0x00,0x00,0x00,0x00,0x00,0x00,0x00,0x0F,0xFD,0x00,0x00,0x3E,0x50,0x00,0x00,0x00,0x00,0x00,
    0x00,0x00,0x00,0x00,0x00,0x00,0x00,0x1F,0xFF,0x60,0x05,0xFF,0x00,0x00,0x00,0x00,0x00,0x00,0x00,0x00,0x00,0x00,0x00,0x00,
    0x00,0x2F,0xFF,0x50,0x7F,0xFA,0x00,0x00,0x00,0x00,0x00,0x00,0x00,0x00,0x00,0x00,0x00,0x00,0x00,0x4F,0xFF,0x44,0xFF,0xF5,
    0x00,0x00,0x00,0x00,0x00,0x00,0x00,0x00,0x00,0x00,0x00,0x00,0x00,0x5F,0xFF,0x2A,0xFF,0xF0,0x00,0x00,0x00,0x00,0x00,0x00,
    0x00,0x00,0x00,0x00,0x00,0x00,0x00,0x6F,0xFD,0x0F,0xFF,0xA0,0x00,0x00,0x00,0x00,0x00,0x00,0x00,0x00,0x00,0x00,0x00,0x00,
    0x00,0x8F,0xF7,0x5F,0xFF,0x40,0x00,0x00,0x00,0x00,0x00,0x00,0x00,0x00,0x00,0x00,0x00,0x00,0x00,0x9F,0xF2,0xBF,0xFC,0x00,
    0x00,0x00,0x00,0x00,0x00,0x00,0x00,0x00,0x00,0x00,0x00,0x00,0x00,0xAF,0xD1,0xFF,0xC1,0x00,0x00,0x00,0x00,0x00,0x00,0x00,
    0x00,0x00,0x00,0x00,0x00,0x00,0x00,0xCF,0x77,0xFC,0x00,0x00,0x00,0x00,0x00,0x00,0x00,0x00,0x00,0x00,0x00,0x00,0x00,0x00,
    0x00,0xDF,0x2B,0x60,0x00,0x00,0x00,0x00,0x00,0x00,0x00,0x00,0x00,0x00,0x00,0x00,0x00,0x00,0x00,0xE8,0x00,0x00,0x00,0x00,
    0x00,0x00,0x00,0x00,0x00,0x00,0x00,0x00,0x00,0x00,0x00,0x00,0x00,0x70,0x00,0x00,0x00,0x00,0x00,0x00,0x00,0x00,0x00,0x00,
    0x00,0x00,0x00,0x00,0x00,0x00,0x00,0x00,0x00,0x00,0x00,0x00,0x00,0x00,0x00,0x00,0x00,0x00,0x00,0x00,0x00,0x00,0x00,0x00,
    0x00,0x00,0x00,0x00,0x00,0x00,0x00,0x00,0x00,0x00,0x00,0x00,0x00,0x00,0x00,0x00,0x00,0x00,0x00,0x00,0x00,0x00,0x00,0x00,
    0x00,0x00,0x00,0x00,0x00,0x00,0x00,0x00,0x00,0x00,0x00,0x00,0x00,0x00,0x00,0x00,0x00,0x00,0x00,0x00,0x00,0x00,0x00,0x00,
    0x00,0x00,0x00,0x00,0x00,0x00,
    // HP-41 code 119 (font 119)
    0x00,0x00,0x00,0x00,0x00,0x00,0x00,0x00,0x00,0x00,0x00,0x00,0x00,0x00,0x00,0x00,0x00,0x00,0x00,0x00,0x00,0x00,0x00,0x00,
    0x00,0x00,0x00,0x00,0x00,0x00,0x00,0x00,0x00,0x00,0x00,0x00,0x00,0x00,0x00,0x00,0x00,0x00,0x00,0x00,0x00,0x00,0x00,0x00,
    0x00,0x00,0x00,0x00,0x00,0x00,0x00,0x00,0x00,0x00,0x00,0x00,0x00,0x00,0x00,0x00,0x00,0x00,0x00,0x00,0x00,0x00,0x00,0x00,
    0x00,0x00,0x00,0x00,0x00,0x00,0x00,0x00,0x00,0x00,0x00,0x00,0x00,0x00,0x00,0x00,0x00,0x00,0x00,0x00,0x00,0x00,0x00,0x00,
    0x00,0x00,0x00,0x00,0x00,0x00,0x00,0x00,0x00,0x00,0x00,0x00,0x00,0x00,0x00,0x00,0x00,0x00,0x00,0x00,0x00,0x00,0x00,0x00,
    0x00,0x00,0x00,0x00,0x00,0x00,0x00,0x00,0x00,0x00,0x00,0x00,0x00,0x00,0x00,0x00,0x00,0x00,0x00,0x00,0x00,0x00,0x00,0x00,
    0x00,0x00,0x00,0x00,0x00,0x00,0x00,0x00,0x00,0x00,0x00,0x00,0x00,0x00,0x00,0x00,0x00,0x00,0x00,0x00,0x00,0x00,0x00,0x00,
    0x00,0x00,0x00,0x00,0x00,0x00,0x00,0x00,0x00,0x00,0x00,0x00,0x00,0x00,0x00,0x00,0x00,0x00,0x00,0x00,0x00,0x00,0x00,0x00,
    0x00,0x00,0x00,0x00,0x00,0x00,0x00,0x00,0x00,0x00,0x00,0x00,0x00,0x00,0x00,0x00,0x00,0x00,0x00,0x00,0x00,0x00,0x00,0x00,
    0x00,0x00,0x00,0x00,0x00,0x00,0x00,0x00,0x00,0x00,0x00,0x00,0x00,0x00,0x00,0x00,0x00,0x00,0x00,0x00,0x00,0x00,0x00,0x00,
    0x00,0x00,0x00,0x00,0x00,0x00,0x00,0x00,0x00,0x00,0x00,0x00,0x00,0x00,0x00,0x00,0x00,0x00,0x00,0x00,0x00,0x00,0x00,0x00,
    0x00,0x00,0x00,0x00,0x00,0x00,0x00,0x00,0x00,0x00,0x00,0x00,0x00,0x00,0x00,0x00,0x00,0x00,0x00,0x00,0x00,0x00,0x00,0x00,
    0x00,0x00,0x00,0x00,0x00,0x00,0x00,0x00,0x00,0x00,0x00,0x00,0x00,0x00,0x00,0x00,0x00,0x00,0x00,0x02,0x70,0x00,0x00,0x00,
    0x30,0x30,0x00,0x00,0x00,0xB7,0x00,0x00,0x00,0x00,0x00,0x00,0x00,0x0F,0xF9,0x00,0x00,0x07,0x80,0x6C,0x10,0x00,0x0C,0xFF,
    0x00,0x00,0x00,0x00,0x00,0x00,0x00,0x1F,0xFF,0x50,0x00,0xAF,0x30,0x3F,0xE4,0x00,0xAF,0xFE,0x00,0x00,0x00,0x00,0x00,0x00,
    0x00,0x2F,0xFF,0x60,0x1C,0xFD,0x00,0x0F,0xFF,0x10,0xBF,0xFD,0x00,0x00,0x00,0x00,0x00,0x00,0x00,0x3F,0xFF,0x41,0xDF,0xF8,
    0x00,0x0C,0xFF,0x70,0x9F,0xFC,0x00,0x00,0x00,0x00,0x00,0x00,0x00,0x4F,0xFF,0x36,0xFF,0xF2,0x00,0x09,0xFF,0xE0,0x8F,0xFB,
    0x00,0x00,0x00,0x00,0x00,0x00,0x00,0x6F,0xFF,0x0C,0xFF,0xD0,0x00,0x06,0xFF,0xF5,0x7F,0xF9,0x00,0x00,0x00,0x00,0x00,0x00,
    0x00,0x7F,0xFA,0x2F,0xFF,0x70,0x00,0x01,0xFF,0xF7,0x6F,0xF8,0x00,0x00,0x00,0x00,0x00,0x00,0x00,0x8F,0xF5,0x8F,0xFF,0x10,
    0x00,0x00,0xAF,0xF9,0x5F,0xF7,0x00,0x00,0x00,0x00,0x00,0x00,0x00,0xAF,0xF0,0xEF,0xF6,0x00,0x00,0x00,0x2F,0xFC,0x3F,0xF6,
    0x00,0x00,0x00,0x00,0x00,0x00,0x00,0xBF,0xA4,0xFF,0x60,0x00,0x00,0x00,0x0B,0xFE,0x2F,0xF4,0x00,0x00,0x00,0x00,0x00,0x00,
    0x00,0xCF,0x5A,0xE4,0x00,0x00,0x00,0x00,0x00,0x9F,0x2F,0xF3,0x00,0x00,0x00,0x00,0x00,0x00,0x00,0xEE,0x17,0x00,0x00,0x00,
    0x00,0x00,0x00,0x04,0x2E,0xF2,0x00,0x00,0x00,0x00,0x00,0x00,0x00,0xD2,0x00,0x00,0x00,0x00,0x00,0x00,0x00,0x00,0x04,0xF0,
    0x00,0x00,0x00,0x00,0x00,0x00,0x00,0x20,0x00,0x00,0x00,0x00,0x00,0x00,0x00,0x00,0x00,0x70,0x00,0x00,0x00,0x00,0x00,0x00,
    0x00,0x00,0x00,0x00,0x00,0x00,0x00,0x00,0x00,0x00,0x00,0x00,0x00,0x00,0x00,0x00,0x00,0x00,0x00,0x00,0x00,0x00,0x00,0x00,
    0x00,0x00,0x00,0x00,0x00,0x00,0x00,0x00,0x00,0x00,0x00,0x00,0x00,0x00,0x00,0x00,0x00,0x00,0x00,0x00,0x00,0x00,0x00,0x00,
    0x00,0x00,0x00,0x00,0x00,0x00,
    // HP-41 code 120 (font 120)
    0x00,0x00,0x00,0x00,0x00,0x00,0x00,0x00,0x00,0x00,0x00,0x00,0x00,0x00,0x00,0x00,0x00,0x00,0x00,0x00,0x00,0x00,0x00,0x00,
    0x00,0x00,0x00,0x00,0x00,0x00,0x00,0x00,0x00,0x00,0x00,0x00,0x00,0x00,0x00,0x00,0x00,0x00,0x00,0x00,0x00,0x00,0x00,0x00,
    0x00,0x00,0x00,0x00,0x00,0x00,0x00,0x00,0x00,0x00,0x00,0x00,0x00,0x00,0x00,0x00,0x00,0x00,0x00,0x00,0x00,0x00,0x00,0x00,
    0x00,0x00,0x00,0x00,0x00,0x00,0x00,0x00,0x00,0x00,0x00,0x00,0x00,0x00,0x00,0x00,0x00,0x00,0x00,0x00,0x00,0x00,0x00,0x00,
    0x00,0x00,0x00,0x00,0x00,0x00,0x00,0x00,0x00,0x00,0x00,0x00,0x00,0x00,0x00,0x00,0x00,0x00,0x00,0x00,0x00,0x00,0x00,0x00,
    0x00,0x00,0x00,0x00,0x00,0x00,0x00,0x00,0x00,0x00,0x00,0x00,0x00,0x00,0x00,0x00,0x00,0x00,0x00,0x00,0x00,0x00,0x00,0x00,
    0x00,0x00,0x00,0x00,0x00,0x00,0x00,0x00,0x00,0x00,0x00,0x00,0x00,0x00,0x00,0x00,0x00,0x00,0x00,0x00,0x00,0x00,0x00,0x00,
    0x00,0x00,0x00,0x00,0x00,0x00,0x00,0x00,0x00,0x00,0x00,0x00,0x00,0x00,0x00,0x00,0x00,0x00,0x00,0x00,0x00,0x00,0x00,0x00,
    0x00,0x00,0x00,0x00,0x00,0x00,0x00,0x00,0x00,0x00,0x00,0x00,0x00,0x00,0x00,0x00,0x00,0x00,0x00,0x00,0x00,0x00,0x00,0x00,
    0x00,0x00,0x00,0x00,0x00,0x00,0x00,0x00,0x00,0x00,0x00,0x00,0x00,0x00,0x00,0x00,0x00,0x00,0x00,0x00,0x00,0x00,0x00,0x00,
    0x00,0x00,0x00,0x00,0x00,0x00,0x00,0x00,0x00,0x00,0x00,0x00,0x00,0x00,0x00,0xBF,0xFF,0xE3,0x00,0x00,0xAF,0xFF,0xC0,0x00,
    0x00,0x00,0x00,0x00,0x00,0x00,0x00,0x00,0x06,0xFF,0xFF,0xFF,0x70,0x2D,0xFF,0xFF,0xF9,0x00,0x00,0x00,0x00,0x00,0x00,0x00,
    0x00,0x00,0x04,0xFF,0xFF,0xFF,0x50,0x1C,0xFF,0xFF,0xF9,0x00,0x00,0x00,0x00,0x00,0x00,0x00,0x00,0x00,0x00,0x9F,0xFF,0xE4,
    0x76,0x00,0xAF,0xFF,0xC0,0x00,0x00,0x00,0x00,0x00,0x00,0x00,0x00,0x00,0x00,0x00,0x00,0x2D,0x6D,0x00,0x00,0x00,0x00,0x00,
    0x00,0x00,0x00,0x00,0x00,0x00,0x00,0x00,0x00,0x00,0x04,0xEF,0x5F,0x20,0x00,0x00,0x00,0x00,0x00,0x00,0x00,0x00,0x00,0x00,
    0x00,0x00,0x00,0x00,0x6F,0xFB,0x9F,0x40,0x00,0x00,0x00,0x00,0x00,0x00,0x00,0x00,0x00,0x00,0x00,0x00,0x00,0x03,0xFF,0xF5,
    0xEF,0x70,0x00,0x00,0x00,0x00,0x00,0x00,0x00,0x00,0x00,0x00,0x00,0x00,0x00,0x09,0xFF,0xF4,0xFF,0x90,0x00,0x00,0x00,0x00,
    0x00,0x00,0x00,0x00,0x00,0x00,0x00,0x00,0x00,0x0E,0xFF,0xA8,0xFF,0xC0,0x00,0x00,0x00,0x00,0x00,0x00,0x00,0x00,0x00,0x00,
    0x00,0x00,0x00,0x5F,0xFF,0x4E,0xFF,0xF0,0x00,0x00,0x00,0x00,0x00,0x00,0x00,0x00,0x00,0x00,0x00,0x00,0x00,0xBF,0xFD,0x3F,
    0xFF,0xF1,0x00,0x00,0x00,0x00,0x00,0x00,0x00,0x00,0x00,0x00,0x00,0x00,0x01,0xFF,0xD1,0x4F,0xFF,0xF0,0x00,0x00,0x00,0x00,
    0x00,0x00,0x00,0x00,0x00,0x00,0x00,0x00,0x07,0xFD,0x10,0x5F,0xFF,0xE0,0x00,0x00,0x00,0x00,0x00,0x00,0x00,0x00,0x00,0x00,
    0x00,0x00,0x0C,0x70,0x00,0x00,0x00,0x00,0x00,0x00,0x00,0x00,0x00,0x00,0x00,0x00,0x00,0x00,0x00,0x00,0x01,0x00,0x00,0x00,
    0x00,0x00,0x00,0x00,0x00,0x00,0x00,0x00,0x00,0x00,0x00,0x00,0x00,0x00,0x00,0x00,0x00,0x00,0x00,0x00,0x00,0x00,0x00,0x00,
    0x00,0x00,0x00,0x00,0x00,0x00,0x00,0x00,0x00,0x00,0x00,0x00,0x00,0x00,0x00,0x00,0x00,0x00,0x00,0x00,0x00,0x00,0x00,0x00,
    0x00,0x00,0x00,0x00,0x00,0x00,0x00,0x00,0x00,0x00,0x00,0x00,0x00,0x00,0x00,0x00,0x00,0x00,0x00,0x00,0x00,0x00,0x00,0x00,
    0x00,0x00,0x00,0x00,0x00,0x00,0x00,0x00,0x00,0x00,0x00,0x00,0x00,0x00,0x00,0x00,0x00,0x00,0x00,0x00,0x00,0x00,0x00,0x00,
    0x00,0x00,0x00,0x00,0x00,0x00,
    // HP-41 code 121 (font 121)
    0x00,0x00,0x00,0x00,0x00,0x00,0x00,0x00,0x00,0x00,0x00,0x00,0x00,0x00,0x00,0x00,0x00,0x00,0x00,0x00,0x00,0x00,0x00,0x00,
    0x00,0x00,0x00,0x00,0x00,0x00,0x00,0x00,0x00,0x00,0x00,0x00,0x00,0x00,0x00,0x00,0x00,0x00,0x00,0x00,0x00,0x00,0x00,0x00,
    0x00,0x00,0x00,0x00,0x00,0x00,0x00,0x00,0x00,0x00,0x00,0x00,0x00,0x00,0x00,0x00,0x00,0x00,0x00,0x00,0x00,0x00,0x00,0x00,
    0x00,0x00,0x00,0x00,0x00,0x00,0x00,0x00,0x00,0x00,0x00,0x00,0x00,0x00,0x00,0x00,0x00,0x00,0x00,0x00,0x00,0x00,0x00,0x00,
    0x00,0x00,0x00,0x00,0x00,0x00,0x00,0x00,0x00,0x00,0x00,0x00,0x00,0x00,0x00,0x00,0x00,0x00,0x00,0x00,0x00,0x00,0x00,0x00,
    0x00,0x00,0x00,0x00,0x00,0x00,0x00,0x00,0x00,0x00,0x00,0x00,0x00,0x00,0x00,0x00,0x00,0x00,0x00,0x00,0x00,0x00,0x00,0x00,
    0x00,0x00,0x00,0x00,0x00,0x00,0x00,0x00,0x00,0x00,0x00,0x00,0x00,0x00,0x00,0x00,0x00,0x00,0x00,0x00,0x00,0x00,0x00,0x00,
    0x00,0x00,0x00,0x00,0x00,0x00,0x00,0x00,0x00,0x00,0x00,0x00,0x00,0x00,0x00,0x00,0x00,0x00,0x00,0x00,0x00,0x00,0x00,0x00,
    0x00,0x00,0x00,0x00,0x00,0x00,0x00,0x00,0x00,0x00,0x00,0x00,0x00,0x00,0x00,0x00,0x00,0x00,0x00,0x00,0x00,0x00,0x00,0x00,
    0x00,0x00,0x00,0x00,0x00,0x00,0x00,0x00,0x00,0x00,0x00,0x00,0x00,0x00,0x00,0x00,0x00,0x00,0x00,0x00,0x00,0x00,0x00,0x00,
    0x00,0x00,0x00,0x00,0x00,0x00,0x00,0x00,0x00,0x00,0x00,0x00,0x00,0x00,0x00,0x00,0x00,0x00,0x00,0x00,0x00,0x00,0x00,0x00,
    0x00,0x00,0x00,0x00,0x00,0x00,0x00,0x00,0x00,0x00,0x00,0x00,0x00,0x00,0x00,0x00,0x00,0x00,0x00,0x00,0x00,0x00,0x00,0x00,
    0x00,0x00,0x00,0x00,0x00,0x00,0x00,0x00,0x00,0x00,0x00,0x00,0x00,0x00,0x00,0x00,0x00,0x00,0x00,0x00,0x00,0x00,0x00,0x00,
    0x00,0x75,0x00,0x00,0x02,0xEA,0x00,0x00,0x00,0x00,0x00,0x00,0x00,0x00,0x00,0x00,0x00,0x00,0x00,0x4F,0x90,0x00,0x2E,0xFF,
    0x00,0x00,0x00,0x00,0x00,0x00,0x00,0x00,0x00,0x00,0x00,0x00,0x00,0x1F,0xFC,0x00,0xBF,0xFE,0x00,0x00,0x00,0x00,0x00,0x00,
    0x00,0x00,0x00,0x00,0x00,0x00,0x00,0x0E,0xFF,0x40,0xAF,0xFD,0x00,0x00,0x00,0x00,0x00,0x00,0x00,0x00,0x00,0x00,0x00,0x00,
    0x00,0x0A,0xFF,0xC0,0x9F,0xFB,0x00,0x00,0x00,0x00,0x00,0x00,0x00,0x00,0x00,0x00,0x00,0x00,0x00,0x07,0xFF,0xF3,0x8F,0xFA,
    0x00,0x00,0x00,0x00,0x00,0x00,0x00,0x00,0x00,0x00,0x00,0x00,0x00,0x03,0xFF,0xF6,0x7F,0xF9,0x00,0x00,0x00,0x00,0x00,0x00,
    0x00,0x00,0x00,0x00,0x00,0x00,0x00,0x00,0xDF,0xF8,0x5F,0xF8,0x00,0x00,0x00,0x00,0x00,0x00,0x00,0x00,0x00,0x00,0x00,0x00,
    0x00,0x00,0x6F,0xFB,0x4F,0xF6,0x00,0x00,0x00,0x00,0x00,0x00,0x00,0x00,0x00,0x00,0x00,0x00,0x00,0x00,0x0E,0xFD,0x3F,0xF5,
    0x00,0x00,0x00,0x00,0x00,0x00,0x00,0x00,0x00,0x00,0x00,0x00,0x00,0x00,0x04,0xEF,0x2F,0xF4,0x00,0x00,0x00,0x00,0x00,0x00,
    0x00,0x00,0x00,0x00,0x00,0x00,0x00,0x00,0x00,0x1B,0x2F,0xF2,0x00,0x00,0x00,0x00,0x00,0x00,0x00,0x00,0x01,0x8E,0xFF,0xFF,
    0xFF,0xFF,0xFF,0xF3,0x0A,0xF1,0x00,0x00,0x00,0x00,0x00,0x00,0x00,0x00,0x9F,0xFF,0xFF,0xFF,0xFF,0xFF,0xFF,0xFE,0x10,0xC0,
    0x00,0x00,0x00,0x00,0x00,0x00,0x00,0x0A,0xFF,0xFF,0xFF,0xFF,0xFF,0xFF,0xFF,0xFF,0xC0,0x10,0x00,0x00,0x00,0x00,0x00,0x00,
    0x00,0x00,0x00,0x00,0x00,0x00,0x00,0x00,0x00,0x00,0x00,0x00,0x00,0x00,0x00,0x00,0x00,0x00,0x00,0x00,0x00,0x00,0x00,0x00,
    0x00,0x00,0x00,0x00,0x00,0x00,0x00,0x00,0x00,0x00,0x00,0x00,0x00,0x00,0x00,0x00,0x00,0x00,0x00,0x00,0x00,0x00,0x00,0x00,
    0x00,0x00,0x00,0x00,0x00,0x00,
    // HP-41 code 122 (font 122)
    0x00,0x00,0x00,0x00,0x00,0x00,0x00,0x00,0x00,0x00,0x00,0x00,0x00,0x00,0x00,0x00,0x00,0x00,0x00,0x00,0x00,0x00,0x00,0x00,
    0x00,0x00,0x00,0x00,0x00,0x00,0x00,0x00,0x00,0x00,0x00,0x00,0x00,0x00,0x00,0x00,0x00,0x00,0x00,0x00,0x00,0x00,0x00,0x00,
    0x00,0x00,0x00,0x00,0x00,0x00,0x00,0x00,0x00,0x00,0x00,0x00,0x00,0x00,0x00,0x00,0x00,0x00,0x00,0x00,0x00,0x00,0x00,0x00,
    0x00,0x00,0x00,0x00,0x00,0x00,0x00,0x00,0x00,0x00,0x00,0x00,0x00,0x00,0x00,0x00,0x00,0x00,0x00,0x00,0x00,0x00,0x00,0x00,
    0x00,0x00,0x00,0x00,0x00,0x00,0x00,0x00,0x00,0x00,0x00,0x00,0x00,0x00,0x00,0x00,0x00,0x00,0x00,0x00,0x00,0x00,0x00,0x00,
    0x00,0x00,0x00,0x00,0x00,0x00,0x00,0x00,0x00,0x00,0x00,0x00,0x00,0x00,0x00,0x00,0x00,0x00,0x00,0x00,0x00,0x00,0x00,0x00,
    0x00,0x00,0x00,0x00,0x00,0x00,0x00,0x00,0x00,0x00,0x00,0x00,0x00,0x00,0x00,0x00,0x00,0x00,0x00,0x00,0x00,0x00,0x00,0x00,
    0x00,0x00,0x00,0x00,0x00,0x00,0x00,0x00,0x00,0x00,0x00,0x00,0x00,0x00,0x00,0x00,0x00,0x00,0x00,0x00,0x00,0x00,0x00,0x00,
    0x00,0x00,0x00,0x00,0x00,0x00,0x00,0x00,0x00,0x00,0x00,0x00,0x00,0x00,0x00,0x00,0x00,0x00,0x00,0x00,0x00,0x00,0x00,0x00,
    0x00,0x00,0x00,0x00,0x00,0x00,0x00,0x00,0x00,0x00,0x00,0x00,0x00,0x00,0x00,0x00,0x00,0x00,0x00,0x00,0x00,0x00,0x00,0x00,
    0x00,0x00,0x00,0x00,0x00,0x00,0x00,0x00,0x00,0x00,0x00,0x00,0x00,0x00,0x00,0xBF,0xFF,0xE3,0x00,0x00,0x00,0x00,0x00,0x00,
    0x00,0x00,0x00,0x00,0x00,0x00,0x00,0x00,0x06,0xFF,0xFF,0xFF,0x70,0x00,0x00,0x00,0x00,0x00,0x00,0x00,0x00,0x00,0x00,0x00,
    0x00,0x00,0x04,0xFF,0xFF,0xFF,0x50,0x00,0x00,0x00,0x00,0x00,0x00,0x00,0x00,0x00,0x00,0x00,0x00,0x00,0x00,0x9F,0xFF,0xE4,
    0x70,0x00,0x00,0x00,0x00,0x00,0x00,0x00,0x00,0x00,0x00,0x00,0x00,0x00,0x00,0x00,0x00,0x2D,0x60,0x00,0x00,0x00,0x00,0x00,
    0x00,0x00,0x00,0x00,0x00,0x00,0x00,0x00,0x00,0x00,0x04,0xFF,0x10,0x00,0x00,0x00,0x00,0x00,0x00,0x00,0x00,0x00,0x00,0x00,
    0x00,0x00,0x00,0x00,0x6F,0xFA,0x00,0x00,0x00,0x00,0x00,0x00,0x00,0x00,0x00,0x00,0x00,0x00,0x00,0x00,0x00,0x03,0xFF,0xF5,
    0x00,0x00,0x00,0x00,0x00,0x00,0x00,0x00,0x00,0x00,0x00,0x00,0x00,0x00,0x00,0x09,0xFF,0xF0,0x00,0x00,0x00,0x00,0x00,0x00,
    0x00,0x00,0x00,0x00,0x00,0x00,0x00,0x00,0x00,0x0F,0xFF,0xA0,0x00,0x00,0x00,0x00,0x00,0x00,0x00,0x00,0x00,0x00,0x00,0x00,
    0x00,0x00,0x00,0x5F,0xFF,0x40,0x00,0x00,0x00,0x00,0x00,0x00,0x00,0x00,0x00,0x00,0x00,0x00,0x00,0x00,0x00,0xBF,0xFC,0x00,
    0x00,0x00,0x00,0x00,0x00,0x00,0x00,0x00,0x00,0x00,0x00,0x00,0x00,0x00,0x01,0xFF,0xC0,0x00,0x00,0x00,0x00,0x00,0x00,0x00,
    0x00,0x00,0x00,0x00,0x00,0x00,0x00,0x00,0x07,0xFB,0x00,0x00,0x00,0x00,0x00,0x00,0x00,0x00,0x00,0x00,0x00,0x00,0x00,0x00,
    0x00,0x00,0x0B,0x50,0x00,0x00,0x00,0x00,0x00,0x00,0x00,0x00,0x00,0x00,0x00,0x00,0x00,0x00,0x00,0x00,0x02,0x8E,0xFF,0xFF,
    0xFF,0xFF,0xFF,0xF3,0x00,0x00,0x00,0x00,0x00,0x00,0x00,0x00,0x00,0x00,0x9F,0xFF,0xFF,0xFF,0xFF,0xFF,0xFF,0xFE,0x10,0x00,
    0x00,0x00,0x00,0x00,0x00,0x00,0x00,0x0A,0xFF,0xFF,0xFF,0xFF,0xFF,0xFF,0xFF,0xFF,0xC0,0x00,0x00,0x00,0x00,0x00,0x00,0x00,
    0x00,0x00,0x00,0x00,0x00,0x00,0x00,0x00,0x00,0x00,0x00,0x00,0x00,0x00,0x00,0x00,0x00,0x00,0x00,0x00,0x00,0x00,0x00,0x00,
    0x00,0x00,0x00,0x00,0x00,0x00,0x00,0x00,0x00,0x00,0x00,0x00,0x00,0x00,0x00,0x00,0x00,0x00,0x00,0x00,0x00,0x00,0x00,0x00,
    0x00,0x00,0x00,0x00,0x00,0x00,
    // HP-41 code 123 (font 123)
    0x00,0x00,0x00,0x00,0x00,0x00,0x00,0x00,0x00,0x00,0x00,0x00,0x00,0x00,0x00,0x00,0x00,0x00,0x00,0x00,0x00,0x00,0x00,0x00,
    0x00,0x00,0x00,0x00,0x00,0x00,0x00,0x00,0x00,0x00,0x00,0x00,0x00,0x00,0x00,0x00,0x00,0x00,0x00,0x00,0x00,0x00,0x00,0x00,
    0x00,0x00,0x00,0x00,0x00,0x00,0x00,0x00,0x00,0x00,0x00,0x00,0x00,0x00,0x00,0x00,0x03,0x30,0x00,0x00,0x00,0x00,0x00,0x00,
    0x00,0x00,0x00,0x00,0x00,0x00,0x00,0x00,0x00,0x01,0x9F,0x00,0x00,0x00,0x00,0x00,0x00,0x00,0x00,0x00,0x00,0x00,0x00,0x00,
    0x00,0x00,0x00,0x1D,0xFA,0x00,0x00,0x00,0x00,0x00,0x00,0x00,0x00,0x00,0x00,0x00,0x00,0x00,0x00,0x00,0x01,0xDF,0xF4,0x00,
    0x00,0x00,0x00,0x00,0x00,0x00,0x00,0x00,0x00,0x00,0x00,0x00,0x00,0x00,0x0B,0xFF,0xD0,0x00,0x00,0x00,0x00,0x00,0x00,0x00,
    0x00,0x00,0x00,0x00,0x00,0x00,0x00,0x00,0x1F,0xFF,0x70,0x00,0x00,0x00,0x00,0x00,0x00,0x00,0x00,0x00,0x00,0x00,0x00,0x00,
    0x00,0x00,0x6F,0xFF,0x10,0x00,0x00,0x00,0x00,0x00,0x00,0x00,0x00,0x00,0x00,0x00,0x00,0x00,0x00,0x00,0xCF,0xFB,0x00,0x00,
    0x00,0x00,0x00,0x00,0x00,0x00,0x00,0x00,0x00,0x00,0x00,0x00,0x00,0x01,0xFF,0xF3,0x00,0x00,0x00,0x00,0x00,0x00,0x00,0x00,
    0x00,0x00,0x00,0x00,0x00,0x00,0x00,0x07,0xFE,0x30,0x00,0x00,0x00,0x00,0x00,0x00,0x00,0x00,0x00,0x00,0x00,0x00,0x00,0x00,
    0x00,0x0C,0xD2,0x00,0x00,0x00,0x00,0x00,0x00,0x00,0x00,0x00,0x00,0x00,0x00,0x00,0x00,0x00,0x00,0x2C,0x10,0x00,0x00,0x00,
    0x00,0x00,0x00,0x00,0x00,0x00,0x00,0x00,0x00,0x00,0x00,0x00,0x00,0x33,0xBF,0xFF,0xD1,0x00,0x00,0x00,0x00,0x00,0x00,0x00,
    0x00,0x00,0x00,0x00,0x00,0x00,0x00,0x3F,0xFF,0xFF,0xFC,0x00,0x00,0x00,0x00,0x00,0x00,0x00,0x00,0x00,0x00,0x00,0x00,0x00,
    0x00,0x43,0xCF,0xFF,0xD1,0x00,0x00,0x00,0x00,0x00,0x00,0x00,0x00,0x00,0x00,0x00,0x00,0x00,0x00,0x6D,0x20,0x00,0x00,0x00,
    0x00,0x00,0x00,0x00,0x00,0x00,0x00,0x00,0x00,0x00,0x00,0x00,0x00,0x2F,0xF5,0x00,0x00,0x00,0x00,0x00,0x00,0x00,0x00,0x00,
    0x00,0x00,0x00,0x00,0x00,0x00,0x00,0x0F,0xFF,0x10,0x00,0x00,0x00,0x00,0x00,0x00,0x00,0x00,0x00,0x00,0x00,0x00,0x00,0x00,
    0x00,0x0C,0xFF,0x80,0x00,0x00,0x00,0x00,0x00,0x00,0x00,0x00,0x00,0x00,0x00,0x00,0x00,0x00,0x00,0x09,0xFF,0xF0,0x00,0x00,
    0x00,0x00,0x00,0x00,0x00,0x00,0x00,0x00,0x00,0x00,0x00,0x00,0x00,0x05,0xFF,0xF5,0x00,0x00,0x00,0x00,0x00,0x00,0x00,0x00,
    0x00,0x00,0x00,0x00,0x00,0x00,0x00,0x01,0xFF,0xF7,0x00,0x00,0x00,0x00,0x00,0x00,0x00,0x00,0x00,0x00,0x00,0x00,0x00,0x00,
    0x00,0x00,0x9F,0xFA,0x00,0x00,0x00,0x00,0x00,0x00,0x00,0x00,0x00,0x00,0x00,0x00,0x00,0x00,0x00,0x00,0x2F,0xFC,0x00,0x00,
    0x00,0x00,0x00,0x00,0x00,0x00,0x00,0x00,0x00,0x00,0x00,0x00,0x00,0x00,0x0A,0xFE,0x00,0x00,0x00,0x00,0x00,0x00,0x00,0x00,
    0x00,0x00,0x00,0x00,0x00,0x00,0x00,0x00,0x00,0x7F,0x10,0x00,0x00,0x00,0x00,0x00,0x00,0x00,0x00,0x00,0x00,0x00,0x00,0x00,
    0x00,0x00,0x00,0x03,0x10,0x00,0x00,0x00,0x00,0x00,0x00,0x00,0x00,0x00,0x00,0x00,0x00,0x00,0x00,0x00,0x00,0x00,0x00,0x00,
    0x00,0x00,0x00,0x00,0x00,0x00,0x00,0x00,0x00,0x00,0x00,0x00,0x00,0x00,0x00,0x00,0x00,0x00,0x00,0x00,0x00,0x00,0x00,0x00,
    0x00,0x00,0x00,0x00,0x00,0x00,0x00,0x00,0x00,0x00,0x00,0x00,0x00,0x00,0x00,0x00,0x00,0x00,0x00,0x00,0x00,0x00,0x00,0x00,
    0x00,0x00,0x00,0x00,0x00,0x00,0x00,0x00,0x00,0x00,0x00,0x00,0x00,0x00,0x00,0x00,0x00,0x00,0x00,0x00,0x00,0x00,0x00,0x00,
    0x00,0x00,0x00,0x00,0x00,0x00,
    // HP-41 code 124 (font 124)
    0x00,0x00,0x00,0x00,0x00,0x00,0x00,0x00,0x00,0x00,0x00,0x00,0x00,0x00,0x00,0x00,0x00,0x00,0x00,0x00,0x00,0x00,0x00,0x00,
    0x00,0x00,0x00,0x00,0x00,0x00,0x00,0x00,0x00,0x00,0x00,0x00,0x00,0x00,0x00,0x00,0x00,0x00,0x00,0x00,0x00,0x00,0x00,0x10,
    0x00,0x00,0x00,0x00,0x00,0x00,0x00,0x00,0x00,0x00,0x00,0x00,0x00,0x00,0x00,0x00,0x3C,0x20,0x00,0x00,0x00,0x00,0x00,0x00,
    0x00,0x00,0x00,0x00,0x00,0x00,0x00,0x00,0x00,0x08,0xFC,0x00,0x00,0x00,0x00,0x00,0x00,0x00,0x00,0x00,0x00,0x00,0x00,0x00,
    0x00,0x00,0x00,0x8F,0xF6,0x00,0x00,0x00,0x00,0x00,0x00,0x00,0x00,0x00,0x00,0x00,0x00,0x00,0x00,0x00,0x07,0xFF,0xF1,0x00,
    0x00,0x00,0x00,0x00,0x00,0x00,0x00,0x00,0x00,0x00,0x00,0x00,0x00,0x00,0x0E,0xFF,0xA0,0x00,0x00,0x00,0x00,0x00,0x00,0x00,
    0x00,0x00,0x00,0x00,0x00,0x00,0x00,0x00,0x4F,0xFF,0x40,0x00,0x00,0x00,0x00,0x00,0x00,0x00,0x00,0x00,0x00,0x00,0x00,0x00,
    0x00,0x00,0x9F,0xFE,0x00,0x00,0x00,0x00,0x00,0x00,0x00,0x00,0x00,0x00,0x00,0x00,0x00,0x00,0x00,0x00,0xEF,0xF7,0x00,0x00,
    0x00,0x00,0x00,0x00,0x00,0x00,0x00,0x00,0x00,0x00,0x00,0x00,0x00,0x04,0xFF,0x90,0x00,0x00,0x00,0x00,0x00,0x00,0x00,0x00,
    0x00,0x00,0x00,0x00,0x00,0x00,0x00,0x0A,0xF7,0x00,0x00,0x00,0x00,0x00,0x00,0x00,0x00,0x00,0x00,0x00,0x00,0x00,0x00,0x00,
    0x00,0x0E,0x50,0x00,0x00,0x00,0x00,0x00,0x00,0x00,0x00,0x00,0x00,0x00,0x00,0x00,0x00,0x00,0x00,0x44,0x00,0x00,0x00,0x00,
    0x00,0x00,0x00,0x00,0x00,0x00,0x00,0x00,0x00,0x00,0x00,0x00,0x00,0x00,0x00,0x00,0x00,0x00,0x00,0x00,0x00,0x00,0x00,0x00,
    0x00,0x00,0x00,0x00,0x00,0x00,0x00,0x00,0x00,0x00,0x00,0x00,0x00,0x00,0x00,0x00,0x00,0x00,0x00,0x00,0x00,0x00,0x00,0x01,
    0x80,0x75,0x00,0x00,0x00,0x00,0x00,0x00,0x00,0x00,0x00,0x00,0x00,0x00,0x00,0x00,0x00,0x3E,0x50,0x4F,0x90,0x00,0x00,0x00,
    0x00,0x00,0x00,0x00,0x00,0x00,0x00,0x00,0x00,0x00,0x05,0xFF,0x00,0x1F,0xFC,0x00,0x00,0x00,0x00,0x00,0x00,0x00,0x00,0x00,
    0x00,0x00,0x00,0x00,0x8F,0xFA,0x00,0x0E,0xFF,0x40,0x00,0x00,0x00,0x00,0x00,0x00,0x00,0x00,0x00,0x00,0x00,0x04,0xFF,0xF4,
    0x00,0x0A,0xFF,0xC0,0x00,0x00,0x00,0x00,0x00,0x00,0x00,0x00,0x00,0x00,0x00,0x0A,0xFF,0xF0,0x00,0x07,0xFF,0xF3,0x00,0x00,
    0x00,0x00,0x00,0x00,0x00,0x00,0x00,0x00,0x00,0x0F,0xFF,0x90,0x00,0x03,0xFF,0xF6,0x00,0x00,0x00,0x00,0x00,0x00,0x00,0x00,
    0x00,0x00,0x00,0x6F,0xFF,0x40,0x00,0x00,0xDF,0xF8,0x00,0x00,0x00,0x00,0x00,0x00,0x00,0x00,0x00,0x00,0x00,0xBF,0xFC,0x00,
    0x00,0x00,0x6F,0xFB,0x00,0x00,0x00,0x00,0x00,0x00,0x00,0x00,0x00,0x00,0x01,0xFF,0xC0,0x00,0x00,0x00,0x0E,0xFD,0x00,0x00,
    0x00,0x00,0x00,0x00,0x00,0x00,0x00,0x00,0x07,0xFB,0x00,0x00,0x00,0x00,0x04,0xEF,0x00,0x00,0x00,0x00,0x00,0x00,0x00,0x00,
    0x00,0x00,0x0B,0x50,0x00,0x00,0x00,0x00,0x00,0x1B,0x20,0x00,0x00,0x00,0x00,0x00,0x00,0x00,0x00,0x00,0x02,0x8E,0xFF,0xFF,
    0xFF,0xFF,0xFF,0xF3,0x00,0x00,0x00,0x00,0x00,0x00,0x00,0x00,0x00,0x00,0x9F,0xFF,0xFF,0xFF,0xFF,0xFF,0xFF,0xFE,0x10,0x00,
    0x00,0x00,0x00,0x00,0x00,0x00,0x00,0x0A,0xFF,0xFF,0xFF,0xFF,0xFF,0xFF,0xFF,0xFF,0xC0,0x00,0x00,0x00,0x00,0x00,0x00,0x00,
    0x00,0x00,0x00,0x00,0x00,0x00,0x00,0x00,0x00,0x00,0x00,0x00,0x00,0x00,0x00,0x00,0x00,0x00,0x00,0x00,0x00,0x00,0x00,0x00,
    0x00,0x00,0x00,0x00,0x00,0x00,0x00,0x00,0x00,0x00,0x00,0x00,0x00,0x00,0x00,0x00,0x00,0x00,0x00,0x00,0x00,0x00,0x00,0x00,
    0x00,0x00,0x00,0x00,0x00,0x00,
    // HP-41 code 125 (font 125)
    0x00,0x00,0x00,0x00,0x00,0x00,0x00,0x00,0x00,0x00,0x00,0x00,0x00,0x00,0x00,0x00,0x00,0x00,0x00,0x00,0x00,0x00,0x00,0x00,
    0x00,0x00,0x00,0x00,0x00,0x00,0x00,0x00,0x00,0x00,0x00,0x00,0x00,0x00,0x00,0x02,0x00,0x00,0x00,0x00,0x00,0x00,0x00,0x00,
    0x00,0x00,0x00,0x00,0x00,0x00,0x00,0x00,0x00,0x0A,0x70,0x00,0x00,0x00,0x00,0x00,0x00,0x00,0x00,0x00,0x00,0x00,0x00,0x00,
    0x00,0x00,0x00,0x08,0xFB,0x00,0x00,0x00,0x00,0x00,0x00,0x00,0x00,0x00,0x00,0x00,0x00,0x00,0x00,0x00,0x00,0x06,0xFF,0x50,
    0x00,0x00,0x00,0x00,0x00,0x00,0x00,0x00,0x00,0x00,0x00,0x00,0x00,0x00,0x00,0x04,0xFF,0xD0,0x00,0x00,0x00,0x00,0x00,0x00,
    0x00,0x00,0x00,0x00,0x00,0x00,0x00,0x00,0x00,0x02,0xFF,0xF4,0x00,0x00,0x00,0x00,0x00,0x00,0x00,0x00,0x00,0x00,0x00,0x00,
    0x00,0x00,0x00,0x00,0xFF,0xFA,0x00,0x00,0x00,0x00,0x00,0x00,0x00,0x00,0x00,0x00,0x00,0x00,0x00,0x00,0x00,0x00,0xCF,0xFE,
    0x00,0x00,0x00,0x00,0x00,0x00,0x00,0x00,0x00,0x00,0x00,0x00,0x00,0x00,0x00,0x00,0x5F,0xFF,0x10,0x00,0x00,0x00,0x00,0x00,
    0x00,0x00,0x00,0x00,0x00,0x00,0x00,0x00,0x00,0x00,0x0D,0xFF,0x50,0x00,0x00,0x00,0x00,0x00,0x00,0x00,0x00,0x00,0x00,0x00,
    0x00,0x00,0x00,0x00,0x05,0xFF,0x80,0x00,0x00,0x00,0x00,0x00,0x00,0x00,0x00,0x00,0x00,0x00,0x00,0x00,0x00,0x00,0x00,0x3D,
    0xB0,0x00,0x00,0x00,0x00,0x00,0x00,0x00,0x00,0x00,0x00,0x00,0x00,0x00,0x00,0xBF,0xFF,0xE5,0xA0,0x00,0x00,0x00,0x00,0x00,
    0x00,0x00,0x00,0x00,0x00,0x00,0x00,0x00,0x06,0xFF,0xFF,0xFF,0x70,0x00,0x00,0x00,0x00,0x00,0x00,0x00,0x00,0x00,0x00,0x00,
    0x00,0x00,0x04,0xFF,0xFF,0xFF,0x50,0x00,0x00,0x00,0x00,0x00,0x00,0x00,0x00,0x00,0x00,0x00,0x00,0x00,0x00,0x9F,0xFF,0xE4,
    0x70,0x00,0x00,0x00,0x00,0x00,0x00,0x00,0x00,0x00,0x00,0x00,0x00,0x00,0x00,0x00,0x00,0x2D,0x60,0x00,0x00,0x00,0x00,0x00,
    0x00,0x00,0x00,0x00,0x00,0x00,0x00,0x00,0x00,0x00,0x04,0xEF,0x10,0x00,0x00,0x00,0x00,0x00,0x00,0x00,0x00,0x00,0x00,0x00,
    0x00,0x00,0x00,0x00,0x6F,0xFB,0x00,0x00,0x00,0x00,0x00,0x00,0x00,0x00,0x00,0x00,0x00,0x00,0x00,0x00,0x00,0x03,0xFF,0xF5,
    0x00,0x00,0x00,0x00,0x00,0x00,0x00,0x00,0x00,0x00,0x00,0x00,0x00,0x00,0x00,0x09,0xFF,0xF0,0x00,0x00,0x00,0x00,0x00,0x00,
    0x00,0x00,0x00,0x00,0x00,0x00,0x00,0x00,0x00,0x0E,0xFF,0xA0,0x00,0x00,0x00,0x00,0x00,0x00,0x00,0x00,0x00,0x00,0x00,0x00,
    0x00,0x00,0x00,0x5F,0xFF,0x40,0x00,0x00,0x00,0x00,0x00,0x00,0x00,0x00,0x00,0x00,0x00,0x00,0x00,0x00,0x00,0xBF,0xFD,0x00,
    0x00,0x00,0x00,0x00,0x00,0x00,0x00,0x00,0x00,0x00,0x00,0x00,0x00,0x00,0x01,0xFF,0xD1,0x00,0x00,0x00,0x00,0x00,0x00,0x00,
    0x00,0x00,0x00,0x00,0x00,0x00,0x00,0x00,0x07,0xFD,0x10,0x00,0x00,0x00,0x00,0x00,0x00,0x00,0x00,0x00,0x00,0x00,0x00,0x00,
    0x00,0x00,0x0C,0x70,0x00,0x00,0x00,0x00,0x00,0x00,0x00,0x00,0x00,0x00,0x00,0x00,0x00,0x00,0x00,0x00,0x01,0x00,0x00,0x00,
    0x00,0x00,0x00,0x00,0x00,0x00,0x00,0x00,0x00,0x00,0x00,0x00,0x00,0x00,0x00,0x00,0x00,0x00,0x00,0x00,0x00,0x00,0x00,0x00,
    0x00,0x00,0x00,0x00,0x00,0x00,0x00,0x00,0x00,0x00,0x00,0x00,0x00,0x00,0x00,0x00,0x00,0x00,0x00,0x00,0x00,0x00,0x00,0x00,
    0x00,0x00,0x00,0x00,0x00,0x00,0x00,0x00,0x00,0x00,0x00,0x00,0x00,0x00,0x00,0x00,0x00,0x00,0x00,0x00,0x00,0x00,0x00,0x00,
    0x00,0x00,0x00,0x00,0x00,0x00,0x00,0x00,0x00,0x00,0x00,0x00,0x00,0x00,0x00,0x00,0x00,0x00,0x00,0x00,0x00,0x00,0x00,0x00,
    0x00,0x00,0x00,0x00,0x00,0x00,
    // HP-41 code 126 (font 126)
    0x00,0x00,0x00,0x6F,0xFF,0xFF,0xFF,0xFF,0xFF,0xFF,0xFF,0xFE,0x20,0x00,0x00,0x00,0x00,0x00,0x00,0x00,0x00,0x09,0xFF,0xFF,
    0xFF,0xFF,0xFF,0xFF,0xFF,0xD2,0x00,0x00,0x00,0x00,0x00,0x00,0x00,0x00,0x00,0x01,0xCF,0xFF,0xFF,0xFF,0xFF,0xFF,0xB4,0x00,
    0x00,0x00,0x00,0x00,0x00,0x00,0x00,0x00,0x00,0x0A,0x40,0x00,0x00,0x00,0x00,0x00,0x00,0x00,0x00,0x00,0x00,0x00,0x00,0x00,
    0x00,0x00,0x00,0x09,0xF7,0x00,0x00,0x00,0x00,0x00,0x00,0x00,0x00,0x00,0x00,0x00,0x00,0x00,0x00,0x00,0x00,0x07,0xFF,0x40,
    0x00,0x00,0x00,0x00,0x00,0x00,0x00,0x00,0x00,0x00,0x00,0x00,0x00,0x00,0x00,0x04,0xFF,0xB0,0x00,0x00,0x00,0x00,0x00,0x00,
    0x00,0x00,0x00,0x00,0x00,0x00,0x00,0x00,0x00,0x02,0xFF,0xF2,0x00,0x00,0x00,0x00,0x00,0x00,0x00,0x00,0x00,0x00,0x00,0x00,
    0x00,0x00,0x00,0x00,0xFF,0xF9,0x00,0x00,0x00,0x00,0x00,0x00,0x00,0x00,0x00,0x00,0x00,0x00,0x00,0x00,0x00,0x00,0xDF,0xFD,
    0x00,0x00,0x00,0x00,0x00,0x00,0x00,0x00,0x00,0x00,0x00,0x00,0x00,0x00,0x00,0x00,0x6F,0xFF,0x00,0x00,0x00,0x00,0x00,0x00,
    0x00,0x00,0x00,0x00,0x00,0x00,0x00,0x00,0x00,0x00,0x0E,0xFF,0x40,0x00,0x00,0x00,0x00,0x00,0x00,0x00,0x00,0x00,0x00,0x00,
    0x00,0x00,0x00,0x00,0x07,0xFF,0x70,0x00,0x00,0x00,0x00,0x00,0x00,0x00,0x00,0x00,0x00,0x00,0x00,0x00,0x00,0x00,0x00,0x6F,
    0xB0,0x00,0x00,0x00,0x00,0x00,0x00,0x00,0x00,0x00,0x00,0x00,0x00,0x00,0x00,0x00,0x00,0x03,0xC0,0x00,0x00,0x00,0x00,0x00,
    0x00,0x00,0x00,0x00,0x00,0x00,0x00,0x00,0x00,0x00,0x00,0x00,0x00,0x00,0x00,0x00,0x00,0x00,0x00,0x00,0x00,0x00,0x00,0x00,
    0x00,0x00,0x00,0x00,0x00,0x00,0x00,0x00,0x00,0x00,0x00,0x00,0x00,0x00,0x00,0x00,0x00,0x00,0x00,0x00,0x00,0x00,0x00,0x01,
    0x80,0x00,0x00,0x00,0x00,0x00,0x00,0x00,0x00,0x00,0x00,0x00,0x00,0x00,0x00,0x00,0x00,0x3E,0x50,0x00,0x00,0x00,0x00,0x00,
    0x00,0x00,0x00,0x00,0x00,0x00,0x00,0x00,0x00,0x00,0x05,0xFF,0x00,0x00,0x00,0x00,0x00,0x00,0x00,0x00,0x00,0x00,0x00,0x00,
    0x00,0x00,0x00,0x00,0x8F,0xFA,0x00,0x00,0x00,0x00,0x00,0x00,0x00,0x00,0x00,0x00,0x00,0x00,0x00,0x00,0x00,0x04,0xFF,0xF4,
    0x00,0x00,0x00,0x00,0x00,0x00,0x00,0x00,0x00,0x00,0x00,0x00,0x00,0x00,0x00,0x0A,0xFF,0xF0,0x00,0x00,0x00,0x00,0x00,0x00,
    0x00,0x00,0x00,0x00,0x00,0x00,0x00,0x00,0x00,0x0F,0xFF,0x90,0x00,0x00,0x00,0x00,0x00,0x00,0x00,0x00,0x00,0x00,0x00,0x00,
    0x00,0x00,0x00,0x6F,0xFF,0x40,0x00,0x00,0x00,0x00,0x00,0x00,0x00,0x00,0x00,0x00,0x00,0x00,0x00,0x00,0x00,0xBF,0xFC,0x00,
    0x00,0x00,0x00,0x00,0x00,0x00,0x00,0x00,0x00,0x00,0x00,0x00,0x00,0x00,0x01,0xFF,0xC0,0x00,0x00,0x00,0x00,0x00,0x00,0x00,
    0x00,0x00,0x00,0x00,0x00,0x00,0x00,0x00,0x07,0xFB,0x00,0x00,0x00,0x00,0x00,0x00,0x00,0x00,0x00,0x00,0x00,0x00,0x00,0x00,
    0x00,0x00,0x0B,0x50,0x00,0x00,0x00,0x00,0x00,0x00,0x00,0x00,0x00,0x00,0x00,0x00,0x00,0x00,0x00,0x00,0x02,0x8E,0xFF,0xFF,
    0xFF,0xFF,0xFF,0xF3,0x00,0x00,0x00,0x00,0x00,0x00,0x00,0x00,0x00,0x00,0x9F,0xFF,0xFF,0xFF,0xFF,0xFF,0xFF,0xFE,0x10,0x00,
    0x00,0x00,0x00,0x00,0x00,0x00,0x00,0x0A,0xFF,0xFF,0xFF,0xFF,0xFF,0xFF,0xFF,0xFF,0xC0,0x00,0x00,0x00,0x00,0x00,0x00,0x00,
    0x00,0x00,0x00,0x00,0x00,0x00,0x00,0x00,0x00,0x00,0x00,0x00,0x00,0x00,0x00,0x00,0x00,0x00,0x00,0x00,0x00,0x00,0x00,0x00,
    0x00,0x00,0x00,0x00,0x00,0x00,0x00,0x00,0x00,0x00,0x00,0x00,0x00,0x00,0x00,0x00,0x00,0x00,0x00,0x00,0x00,0x00,0x00,0x00,
    0x00,0x00,0x00,0x00,0x00,0x00,
    // HP-41 code 127 (font 133)
    0x00,0x00,0x10,0x00,0x00,0x00,0x00,0x00,0x00,0x00,0x00,0x00,0x00,0x00,0x00,0x00,0x00,0x00,0x00,0x00,0x94,0x00,0x00,0x00,
    0x00,0x00,0x00,0x00,0x00,0x00,0x00,0x00,0x00,0x00,0x00,0x00,0x00,0x00,0xBE,0x20,0x00,0x00,0x00,0x00,0x00,0x00,0x00,0x00,
    0x00,0x00,0x00,0x00,0x00,0x00,0x00,0x00,0xCF,0x70,0x00,0x00,0x00,0x00,0x00,0x00,0x00,0x00,0x00,0x00,0x00,0x00,0x00,0x00,
    0x00,0x00,0xEF,0x90,0x00,0x00,0x00,0x00,0x00,0x00,0x00,0x00,0x00,0x00,0x00,0x00,0x00,0x00,0x00,0x00,0xFF,0xA0,0x00,0x00,
    0x00,0x00,0x00,0x00,0x00,0x00,0x00,0x00,0x00,0x00,0x00,0x00,0x00,0x00,0xFF,0xB0,0x00,0x00,0x00,0x00,0x00,0x00,0x00,0x00,
    0x00,0x00,0x00,0x00,0x00,0x00,0x00,0x01,0xFF,0xC0,0x00,0x00,0x00,0x00,0x00,0x00,0x00,0x00,0x00,0x00,0x00,0x00,0x00,0x00,
    0x00,0x03,0xFF,0xD0,0x00,0x00,0x00,0x00,0x00,0x00,0x00,0x00,0x00,0x00,0x00,0x00,0x00,0x00,0x00,0x04,0xFF,0xE0,0x00,0x00,
    0x00,0x00,0x00,0x00,0x00,0x00,0x00,0x00,0x00,0x00,0x00,0x00,0x00,0x05,0xFF,0xF0,0x00,0x00,0x00,0x00,0x00,0x00,0x00,0x00,
    0x00,0x00,0x00,0x00,0x00,0x00,0x00,0x07,0xFF,0xF0,0x00,0x00,0x00,0x00,0x00,0x00,0x00,0x00,0x00,0x00,0x00,0x00,0x00,0x00,
    0x00,0x08,0xFF,0xF1,0x00,0x00,0x00,0x00,0x00,0x00,0x00,0x00,0x00,0x00,0x00,0x00,0x00,0x00,0x00,0x09,0xFF,0x70,0x00,0x00,
    0x00,0x00,0x00,0x00,0x00,0x00,0x00,0x00,0x00,0x00,0x00,0x00,0x00,0x04,0xE7,0xBF,0xFF,0xE3,0x00,0x00,0xAF,0xFF,0xC0,0x00,
    0x00,0x00,0x00,0x00,0x00,0x00,0x00,0x00,0x06,0xFF,0xFF,0xFF,0x70,0x2D,0xFF,0xFF,0xF9,0x00,0x00,0x00,0x00,0x00,0x00,0x00,
    0x00,0x00,0x04,0xFF,0xFF,0xFF,0x50,0x1C,0xFF,0xFF,0xF9,0x00,0x00,0x00,0x00,0x00,0x00,0x00,0x00,0x0A,0xF3,0x9F,0xFF,0xE3,
    0x00,0x00,0xAF,0xFF,0xC0,0x00,0x00,0x00,0x00,0x00,0x00,0x00,0x00,0x0F,0xFE,0x10,0x00,0x00,0x00,0x00,0x00,0x00,0x00,0x00,
    0x00,0x00,0x00,0x00,0x00,0x00,0x00,0x1F,0xFF,0x60,0x00,0x00,0x00,0x00,0x00,0x00,0x00,0x00,0x00,0x00,0x00,0x00,0x00,0x00,
    0x00,0x3F,0xFF,0x50,0x00,0x00,0x00,0x00,0x00,0x00,0x00,0x00,0x00,0x00,0x00,0x00,0x00,0x00,0x00,0x4F,0xFF,0x40,0x00,0x00,
    0x00,0x00,0x00,0x00,0x00,0x00,0x00,0x00,0x00,0x00,0x00,0x00,0x00,0x5F,0xFF,0x20,0x00,0x00,0x00,0x00,0x00,0x00,0x00,0x00,
    0x00,0x00,0x00,0x00,0x00,0x00,0x00,0x6F,0xFC,0x00,0x00,0x00,0x00,0x00,0x00,0x00,0x00,0x00,0x00,0x00,0x00,0x00,0x00,0x00,
    0x00,0x8F,0xF7,0x00,0x00,0x00,0x00,0x00,0x00,0x00,0x00,0x00,0x00,0x00,0x00,0x00,0x00,0x00,0x00,0x9F,0xF2,0x00,0x00,0x00,
    0x00,0x00,0x00,0x00,0x00,0x00,0x00,0x00,0x00,0x00,0x00,0x00,0x00,0xAF,0xD0,0x00,0x00,0x00,0x00,0x00,0x00,0x00,0x00,0x00,
    0x00,0x00,0x00,0x00,0x00,0x00,0x00,0xCF,0x70,0x00,0x00,0x00,0x00,0x00,0x00,0x00,0x00,0x00,0x00,0x00,0x00,0x00,0x00,0x00,
    0x00,0xDF,0x20,0x00,0x00,0x00,0x00,0x00,0x00,0x00,0x00,0x00,0x00,0x00,0x00,0x00,0x00,0x00,0x00,0xE8,0x00,0x00,0x00,0x00,
    0x00,0x00,0x00,0x00,0x00,0x00,0x00,0x00,0x00,0x00,0x00,0x00,0x00,0x80,0x00,0x00,0x00,0x00,0x00,0x00,0x00,0x00,0x00,0x00,
    0x00,0x00,0x00,0x00,0x00,0x00,0x00,0x00,0x00,0x00,0x00,0x00,0x00,0x00,0x00,0x00,0x00,0x00,0x00,0x00,0x00,0x00,0x00,0x00,
    0x00,0x00,0x00,0x00,0x00,0x00,0x00,0x00,0x00,0x00,0x00,0x00,0x00,0x00,0x00,0x00,0x00,0x00,0x00,0x00,0x00,0x00,0x00,0x00,
    0x00,0x00,0x00,0x00,0x00,0x00,0x00,0x00,0x00,0x00,0x00,0x00,0x00,0x00,0x00,0x00,0x00,0x00,0x00,0x00,0x00,0x00,0x00,0x00,
    0x00,0x00,0x00,0x00,0x00,0x00,
};

static const GlyphFont::Glyph kCharTableFont_glyphs[] = {
    { 0, 35, 0, 35, 0 },
    { 1, 35, 0, 35, 630 },
    { 2, 35, 0, 35, 1260 },
    { 3, 35, 0, 35, 1890 },
    { 4, 35, 0, 35, 2520 },
    { 5, 35, 0, 35, 3150 },
    { 6, 35, 0, 35, 3780 },
    { 7, 35, 0, 35, 4410 },
    { 8, 35, 0, 35, 5040 },
    { 9, 35, 0, 35, 5670 },
    { 10, 35, 0, 35, 6300 },
    { 11, 35, 0, 35, 6930 },
    { 12, 35, 0, 35, 7560 },
    { 13, 35, 0, 35, 8190 },
    { 14, 35, 0, 35, 8820 },
    { 15, 35, 0, 35, 9450 },
    { 16, 35, 0, 35, 10080 },
    { 17, 35, 0, 35, 10710 },
    { 18, 35, 0, 35, 11340 },
    { 19, 35, 0, 35, 11970 },
    { 20, 35, 0, 35, 12600 },
    { 21, 35, 0, 35, 13230 },
    { 22, 35, 0, 35, 13860 },
    { 23, 35, 0, 35, 14490 },
    { 24, 35, 0, 35, 15120 },
    { 25, 35, 0, 35, 15750 },
    { 26, 35, 0, 35, 16380 },
    { 27, 35, 0, 35, 17010 },
    { 28, 35, 0, 35, 17640 },
    { 29, 31, 0, 31, 18270 },
    { 30, 35, 0, 35, 18830 },
    { 31, 35, 0, 35, 19460 },
    { 32, 35, 0, 35, 20090 },
    { 33, 35, 0, 35, 20720 },
    { 34, 35, 0, 35, 21350 },
    { 35, 35, 0, 35, 21980 },
    { 36, 35, 0, 35, 22610 },
    { 37, 35, 0, 35, 23240 },
    { 38, 35, 0, 35, 23870 },
    { 39, 35, 0, 35, 24500 },
    { 40, 35, 0, 35, 25130 },
    { 41, 35, 0, 35, 25760 },
    { 42, 35, 0, 35, 26390 },
    { 43, 35, 0, 35, 27020 },
    { 44, 11, 0, 11, 27650 },
    { 45, 35, 0, 35, 27860 },
    { 46, 9, 0, 9, 28490 },
    { 47, 35, 0, 35, 28665 },
    { 48, 35, 0, 35, 29295 },
    { 49, 35, 0, 35, 29925 },
    { 50, 35, 0, 35, 30555 },
    { 51, 35, 0, 35, 31185 },
    { 52, 35, 0, 35, 31815 },
    { 53, 35, 0, 35, 32445 },
    { 54, 35, 0, 35, 33075 },
    { 55, 35, 0, 35, 33705 },
    { 56, 35, 0, 35, 34335 },
    { 57, 35, 0, 35, 34965 },
    { 58, 9, 0, 9, 35595 },
    { 59, 35, 0, 35, 35770 },
    { 60, 35, 0, 35, 36400 },
    { 61, 35, 0, 35, 37030 },
    { 62, 35, 0, 35, 37660 },
    { 63, 35, 0, 35, 38290 },
    { 64, 35, 0, 35, 38920 },
    { 65, 35, 0, 35, 39550 },
    { 66, 35, 0, 35, 40180 },
    { 67, 35, 0, 35, 40810 },
    { 68, 35, 0, 35, 41440 },
    { 69, 35, 0, 35, 42070 },
    { 70, 35, 0, 35, 42700 },
    { 71, 35, 0, 35, 43330 },
    { 72, 35, 0, 35, 43960 },
    { 73, 35, 0, 35, 44590 },
    { 74, 35, 0, 35, 45220 },
    { 75, 35, 0, 35, 45850 },
    { 76, 35, 0, 35, 46480 },
    { 77, 35, 0, 35, 47110 },
    { 78, 35, 0, 35, 47740 },
    { 79, 35, 0, 35, 48370 },
    { 80, 35, 0, 35, 49000 },
    { 81, 35, 0, 35, 49630 },
    { 82, 35, 0, 35, 50260 },
    { 83, 35, 0, 35, 50890 },
    { 84, 35, 0, 35, 51520 },
    { 85, 35, 0, 35, 52150 },
    { 86, 35, 0, 35, 52780 },
    { 87, 35, 0, 35, 53410 },
    { 88, 35, 0, 35, 54040 },
    { 89, 35, 0, 35, 54670 },
    { 90, 35, 0, 35, 55300 },
    { 91, 35, 0, 35, 55930 },
    { 92, 35, 0, 35, 56560 },
    { 93, 35, 0, 35, 57190 },
    { 94, 35, 0, 35, 57820 },
    { 95, 35, 0, 35, 58450 },
    { 96, 35, 0, 35, 59080 },
    { 97, 35, 0, 35, 59710 },
    { 98, 35, 0, 35, 60340 },
    { 99, 35, 0, 35, 60970 },
    { 100, 35, 0, 35, 61600 },
    { 101, 35, 0, 35, 62230 },
    { 102, 35, 0, 35, 62860 },
    { 103, 35, 0, 35, 63490 },
    { 104, 35, 0, 35, 64120 },
    { 105, 35, 0, 35, 64750 },
    { 106, 35, 0, 35, 65380 },
    { 107, 35, 0, 35, 66010 },
    { 108, 35, 0, 35, 66640 },
    { 109, 35, 0, 35, 67270 },
    { 110, 35, 0, 35, 67900 },
    { 111, 35, 0, 35, 68530 },
    { 112, 35, 0, 35, 69160 },
    { 113, 35, 0, 35, 69790 },
    { 114, 35, 0, 35, 70420 },
    { 115, 35, 0, 35, 71050 },
    { 116, 35, 0, 35, 71680 },
    { 117, 35, 0, 35, 72310 },
    { 118, 35, 0, 35, 72940 },
    { 119, 35, 0, 35, 73570 },
    { 120, 35, 0, 35, 74200 },
    { 121, 35, 0, 35, 74830 },
    { 122, 35, 0, 35, 75460 },
    { 123, 35, 0, 35, 76090 },
    { 124, 35, 0, 35, 76720 },
    { 125, 35, 0, 35, 77350 },
    { 126, 35, 0, 35, 77980 },
    { 127, 35, 0, 35, 78610 },
};

extern const GlyphFont kCharTableFont = { 35, 128, kCharTableFont_glyphs, kCharTableFont_data };

}  // namespace hipi
