// Generated by scripts/ttf_to_glyphs.py from resources/fonts/41charset_x.ttf at size 50 -- do not edit.
#include "glyph_font.h"

namespace hipi {

static const std::uint8_t kClockFontSmall_data[] = {
    // ' ' (advance 44 px)
    0x00,0x00,0x00,0x00,0x00,0x00,0x00,0x00,0x00,0x00,0x00,0x00,0x00,0x00,0x00,0x00,0x00,0x00,0x00,0x00,0x00,0x00,0x00,0x00,
    0x00,0x00,0x00,0x00,0x00,0x00,0x00,0x00,0x00,0x00,0x00,0x00,0x00,0x00,0x00,0x00,0x00,0x00,0x00,0x00,0x00,0x00,0x00,0x00,
    0x00,0x00,0x00,0x00,0x00,0x00,0x00,0x00,0x00,0x00,0x00,0x00,0x00,0x00,0x00,0x00,0x00,0x00,0x00,0x00,0x00,0x00,0x00,0x00,
    0x00,0x00,0x00,0x00,0x00,0x00,0x00,0x00,0x00,0x00,0x00,0x00,0x00,0x00,0x00,0x00,0x00,0x00,0x00,0x00,0x00,0x00,0x00,0x00,
    0x00,0x00,0x00,0x00,0x00,0x00,0x00,0x00,0x00,0x00,0x00,0x00,0x00,0x00,0x00,0x00,0x00,0x00,0x00,0x00,0x00,0x00,0x00,0x00,
    0x00,0x00,0x00,0x00,0x00,0x00,0x00,0x00,0x00,0x00,0x00,0x00,0x00,0x00,0x00,0x00,0x00,0x00,0x00,0x00,0x00,0x00,0x00,0x00,
    0x00,0x00,0x00,0x00,0x00,0x00,0x00,0x00,0x00,0x00,0x00,0x00,0x00,0x00,0x00,0x00,0x00,0x00,0x00,0x00,0x00,0x00,0x00,0x00,
    0x00,0x00,0x00,0x00,0x00,0x00,0x00,0x00,0x00,0x00,0x00,0x00,0x00,0x00,0x00,0x00,0x00,0x00,0x00,0x00,0x00,0x00,0x00,0x00,
    0x00,0x00,0x00,0x00,0x00,0x00,0x00,0x00,0x00,0x00,0x00,0x00,0x00,0x00,0x00,0x00,0x00,0x00,0x00,0x00,0x00,0x00,0x00,0x00,
    0x00,0x00,0x00,0x00,0x00,0x00,0x00,0x00,0x00,0x00,0x00,0x00,0x00,0x00,0x00,0x00,0x00,0x00,0x00,0x00,0x00,0x00,0x00,0x00,
    0x00,0x00,0x00,0x00,0x00,0x00,0x00,0x00,0x00,0x00,0x00,0x00,0x00,0x00,0x00,0x00,0x00,0x00,0x00,0x00,0x00,0x00,0x00,0x00,
    0x00,0x00,0x00,0x00,0x00,0x00,0x00,0x00,0x00,0x00,0x00,0x00,0x00,0x00,0x00,0x00,0x00,0x00,0x00,0x00,0x00,0x00,0x00,0x00,
    0x00,0x00,0x00,0x00,0x00,0x00,0x00,0x00,0x00,0x00,0x00,0x00,0x00,0x00,0x00,0x00,0x00,0x00,0x00,0x00,0x00,0x00,0x00,0x00,
    0x00,0x00,0x00,0x00,0x00,0x00,0x00,0x00,0x00,0x00,0x00,0x00,0x00,0x00,0x00,0x00,0x00,0x00,0x00,0x00,0x00,0x00,0x00,0x00,
    0x00,0x00,0x00,0x00,0x00,0x00,0x00,0x00,0x00,0x00,0x00,0x00,0x00,0x00,0x00,0x00,0x00,0x00,0x00,0x00,0x00,0x00,0x00,0x00,
    0x00,0x00,0x00,0x00,0x00,0x00,0x00,0x00,0x00,0x00,0x00,0x00,0x00,0x00,0x00,0x00,0x00,0x00,0x00,0x00,0x00,0x00,0x00,0x00,
    0x00,0x00,0x00,0x00,0x00,0x00,0x00,0x00,0x00,0x00,0x00,0x00,0x00,0x00,0x00,0x00,0x00,0x00,0x00,0x00,0x00,0x00,0x00,0x00,
    0x00,0x00,0x00,0x00,0x00,0x00,0x00,0x00,0x00,0x00,0x00,0x00,0x00,0x00,0x00,0x00,0x00,0x00,0x00,0x00,0x00,0x00,0x00,0x00,
    0x00,0x00,0x00,0x00,0x00,0x00,0x00,0x00,0x00,0x00,0x00,0x00,0x00,0x00,0x00,0x00,0x00,0x00,0x00,0x00,0x00,0x00,0x00,0x00,
    0x00,0x00,0x00,0x00,0x00,0x00,0x00,0x00,0x00,0x00,0x00,0x00,0x00,0x00,0x00,0x00,0x00,0x00,0x00,0x00,0x00,0x00,0x00,0x00,
    0x00,0x00,0x00,0x00,0x00,0x00,0x00,0x00,0x00,0x00,0x00,0x00,0x00,0x00,0x00,0x00,0x00,0x00,0x00,0x00,0x00,0x00,0x00,0x00,
    0x00,0x00,0x00,0x00,0x00,0x00,0x00,0x00,0x00,0x00,0x00,0x00,0x00,0x00,0x00,0x00,0x00,0x00,0x00,0x00,0x00,0x00,0x00,0x00,
    0x00,0x00,0x00,0x00,0x00,0x00,0x00,0x00,0x00,0x00,0x00,0x00,0x00,0x00,0x00,0x00,0x00,0x00,0x00,0x00,0x00,0x00,0x00,0x00,
    0x00,0x00,0x00,0x00,0x00,0x00,0x00,0x00,0x00,0x00,0x00,0x00,0x00,0x00,0x00,0x00,0x00,0x00,0x00,0x00,0x00,0x00,0x00,0x00,
    0x00,0x00,0x00,0x00,0x00,0x00,0x00,0x00,0x00,0x00,0x00,0x00,0x00,0x00,0x00,0x00,0x00,0x00,0x00,0x00,0x00,0x00,0x00,0x00,
    0x00,0x00,0x00,0x00,0x00,0x00,0x00,0x00,0x00,0x00,0x00,0x00,0x00,0x00,0x00,0x00,0x00,0x00,0x00,0x00,0x00,0x00,0x00,0x00,
    0x00,0x00,0x00,0x00,0x00,0x00,0x00,0x00,0x00,0x00,0x00,0x00,0x00,0x00,0x00,0x00,0x00,0x00,0x00,0x00,0x00,0x00,0x00,0x00,
    0x00,0x00,0x00,0x00,0x00,0x00,0x00,0x00,0x00,0x00,0x00,0x00,0x00,0x00,0x00,0x00,0x00,0x00,0x00,0x00,0x00,0x00,0x00,0x00,
    0x00,0x00,0x00,0x00,0x00,0x00,0x00,0x00,0x00,0x00,0x00,0x00,0x00,0x00,0x00,0x00,0x00,0x00,0x00,0x00,0x00,0x00,0x00,0x00,
    0x00,0x00,0x00,0x00,0x00,0x00,0x00,0x00,0x00,0x00,0x00,0x00,0x00,0x00,0x00,0x00,0x00,0x00,0x00,0x00,0x00,0x00,0x00,0x00,
    0x00,0x00,0x00,0x00,0x00,0x00,0x00,0x00,0x00,0x00,0x00,0x00,0x00,0x00,0x00,0x00,0x00,0x00,0x00,0x00,0x00,0x00,0x00,0x00,
    0x00,0x00,0x00,0x00,0x00,0x00,0x00,0x00,0x00,0x00,0x00,0x00,0x00,0x00,0x00,0x00,0x00,0x00,0x00,0x00,0x00,0x00,0x00,0x00,
    0x00,0x00,0x00,0x00,0x00,0x00,0x00,0x00,0x00,0x00,0x00,0x00,0x00,0x00,0x00,0x00,0x00,0x00,0x00,0x00,0x00,0x00,0x00,0x00,
    0x00,0x00,0x00,0x00,0x00,0x00,0x00,0x00,0x00,0x00,0x00,0x00,0x00,0x00,0x00,0x00,0x00,0x00,0x00,0x00,0x00,0x00,0x00,0x00,
    0x00,0x00,0x00,0x00,0x00,0x00,0x00,0x00,0x00,0x00,0x00,0x00,0x00,0x00,0x00,0x00,0x00,0x00,0x00,0x00,0x00,0x00,0x00,0x00,
    0x00,0x00,0x00,0x00,0x00,0x00,0x00,0x00,0x00,0x00,0x00,0x00,0x00,0x00,0x00,0x00,0x00,0x00,0x00,0x00,0x00,0x00,0x00,0x00,
    0x00,0x00,0x00,0x00,0x00,0x00,0x00,0x00,0x00,0x00,0x00,0x00,0x00,0x00,0x00,0x00,0x00,0x00,0x00,0x00,0x00,0x00,0x00,0x00,
    0x00,0x00,0x00,0x00,0x00,0x00,0x00,0x00,0x00,0x00,0x00,0x00,0x00,0x00,0x00,0x00,0x00,0x00,0x00,0x00,0x00,0x00,0x00,0x00,
    0x00,0x00,0x00,0x00,0x00,0x00,0x00,0x00,0x00,0x00,0x00,0x00,0x00,0x00,0x00,0x00,0x00,0x00,0x00,0x00,0x00,0x00,0x00,0x00,
    0x00,0x00,0x00,0x00,0x00,0x00,0x00,0x00,0x00,0x00,0x00,0x00,0x00,0x00,0x00,0x00,0x00,0x00,0x00,0x00,0x00,0x00,0x00,0x00,
    0x00,0x00,0x00,0x00,0x00,0x00,0x00,0x00,
    // ',' (advance 0 px)
    0x00,0x00,0x00,0x00,0x00,0x00,0x00,0x00,0x00,0x00,0x00,0x00,0x00,0x00,0x00,0x00,0x00,0x00,0x00,0x00,0x00,0x00,0x00,0x00,
    0x00,0x00,0x00,0x00,0x00,0x00,0x00,0x00,0x00,0x00,0x00,0x00,0x00,0x00,0x00,0x00,0x00,0x00,0x00,0x00,0x00,0x00,0x00,0x00,
    0x00,0x00,0x00,0x00,0x00,0x00,0x00,0x00,0x00,0x00,0x00,0x00,0x00,0x00,0x00,0x00,0x00,0x00,0x00,0x00,0x00,0x00,0x00,0x00,
    0x00,0x00,0x00,0x00,0x00,0x00,0x00,0x00,0x00,0x00,0x00,0x00,0x00,0x00,0x00,0x00,0x00,0x00,0x00,0x00,0x00,0x00,0x00,0x00,
    0x00,0x00,0x00,0x00,0x00,0x00,0x00,0x00,0x00,0x00,0x00,0x00,0x00,0x00,0x00,0x00,0x00,0x00,0x00,0x00,0x00,0x00,0x00,0x00,
    0x00,0x00,0x00,0x00,0x00,0x00,0x00,0x00,0x00,0x00,0x00,0x00,0x00,0x00,0x00,0x00,0x00,0x00,0x00,0x00,0x00,0x00,0x00,0x00,
    0x00,0x00,0x00,0x00,0x00,0x00,0x00,0x00,0x00,0x00,0x00,0x00,0x00,0x00,0x00,0x00,0x00,0x00,0x00,0x00,0x00,0x00,0x00,0x00,
    0x00,0x00,0x00,0x00,0x00,0x00,0x00,0x00,0x00,0x00,0x00,0x00,0x00,0x00,0x00,0x00,0x00,0x00,0x00,0x00,0x00,0x00,0x00,0x00,
    0x00,0x00,0x00,0x00,0x00,0x00,0x00,0x00,0x00,0x00,0x00,0x00,0x00,0x00,0x00,0x00,0x00,0x00,0x00,0x00,0x00,0x00,0x00,0x00,
    0x00,0x00,0x00,0x00,0x00,0x00,0x00,0x00,0x00,0x01,0xBF,0xD5,0x00,0x00,0x00,0x00,0x0D,0xFF,0xFF,0x40,0x00,0x00,0x00,0x4F,
    0xFF,0xFF,0xA0,0x00,0x00,0x00,0x4F,0xFF,0xFF,0xA0,0x00,0x00,0x00,0x0D,0xFF,0xFF,0x40,0x00,0x00,0x00,0x32,0xBF,0xD5,0x00,
    0x00,0x00,0x00,0x8C,0x40,0x23,0x00,0x00,0x00,0x00,0xBF,0xFF,0xF3,0x00,0x00,0x00,0x00,0xFF,0xFF,0xB0,0x00,0x00,0x00,0x05,
    0xFF,0xFD,0x10,0x00,0x00,0x00,0x0D,0xFF,0xA0,0x00,0x00,0x00,0x00,0x5E,0xA3,0x00,0x00,0x00,0x00,0x00,
    // '-' (advance 44 px)
    0x00,0x00,0x00,0x00,0x00,0x00,0x00,0x00,0x00,0x00,0x00,0x00,0x00,0x00,0x00,0x00,0x00,0x00,0x00,0x00,0x00,0x00,0x00,0x00,
    0x00,0x00,0x00,0x00,0x00,0x00,0x00,0x00,0x00,0x00,0x00,0x00,0x00,0x00,0x00,0x00,0x00,0x00,0x00,0x00,0x00,0x00,0x00,0x00,
    0x00,0x00,0x00,0x00,0x00,0x00,0x00,0x00,0x00,0x00,0x00,0x00,0x00,0x00,0x00,0x00,0x00,0x00,0x00,0x00,0x00,0x00,0x00,0x00,
    0x00,0x00,0x00,0x00,0x00,0x00,0x00,0x00,0x00,0x00,0x00,0x00,0x00,0x00,0x00,0x00,0x00,0x00,0x00,0x00,0x00,0x00,0x00,0x00,
    0x00,0x00,0x00,0x00,0x00,0x00,0x00,0x00,0x00,0x00,0x00,0x00,0x00,0x00,0x00,0x00,0x00,0x00,0x00,0x00,0x00,0x00,0x00,0x00,
    0x00,0x00,0x00,0x00,0x00,0x00,0x00,0x00,0x00,0x00,0x00,0x00,0x00,0x00,0x00,0x00,0x00,0x00,0x00,0x00,0x00,0x00,0x00,0x00,
    0x00,0x00,0x00,0x00,0x00,0x00,0x00,0x00,0x00,0x00,0x00,0x00,0x00,0x00,0x00,0x00,0x00,0x00,0x00,0x00,0x00,0x00,0x00,0x00,
    0x00,0x00,0x00,0x00,0x00,0x00,0x00,0x00,0x00,0x00,0x00,0x00,0x00,0x00,0x00,0x00,0x00,0x00,0x00,0x00,0x00,0x00,0x00,0x00,
    0x00,0x00,0x00,0x00,0x00,0x00,0x00,0x00,0x00,0x00,0x00,0x00,0x00,0x00,0x00,0x00,0x00,0x00,0x00,0x00,0x00,0x00,0x00,0x00,
    0x00,0x00,0x00,0x00,0x00,0x00,0x00,0x00,0x00,0x00,0x00,0x00,0x00,0x00,0x00,0x00,0x00,0x00,0x00,0x00,0x00,0x00,0x00,0x00,
    0x00,0x00,0x00,0x00,0x00,0x00,0x00,0x00,0x00,0x00,0x00,0x00,0x00,0x00,0x00,0x00,0x00,0x00,0x00,0x00,0x00,0x00,0x00,0x00,
    0x00,0x00,0x00,0x00,0x00,0x00,0x00,0x00,0x00,0x00,0x00,0x00,0x00,0x00,0x00,0x00,0x00,0x00,0x00,0x00,0x00,0x00,0x00,0x00,
    0x00,0x00,0x00,0x00,0x00,0x00,0x00,0x00,0x00,0x00,0x00,0x00,0x00,0x00,0x00,0x00,0x00,0x00,0x00,0x00,0x00,0x00,0x00,0x00,
    0x00,0x00,0x00,0x00,0x00,0x00,0x00,0x00,0x00,0x00,0x00,0x00,0x00,0x00,0x00,0x00,0x00,0x00,0x00,0x00,0x00,0x00,0x00,0x00,
    0x00,0x00,0x00,0x00,0x00,0x00,0x00,0x00,0x00,0x00,0x00,0x00,0x00,0x00,0x00,0x00,0x00,0x00,0x00,0x00,0x00,0x00,0x00,0x00,
    0x00,0x00,0x00,0x00,0x00,0x00,0x00,0x00,0x00,0x00,0x00,0x00,0x00,0x00,0x00,0x00,0x00,0x00,0x00,0x00,0x00,0x00,0x00,0x00,
    0x00,0x00,0x00,0x00,0x00,0x00,0x00,0x00,0x00,0x00,0x00,0x00,0x00,0x00,0x00,0x03,0xFF,0xFF,0xFC,0x20,0x00,0x00,0x9F,0xFF,
    0xFE,0x20,0x00,0x00,0x00,0x00,0x00,0x00,0x00,0x00,0x00,0x00,0x00,0x1E,0xFF,0xFF,0xFF,0xF8,0x00,0x5E,0xFF,0xFF,0xFF,0xE2,
    0x00,0x00,0x00,0x00,0x00,0x00,0x00,0x00,0x00,0x00,0x00,0x0C,0xFF,0xFF,0xFF,0xF6,0x00,0x4E,0xFF,0xFF,0xFF,0xE2,0x00,0x00,
    0x00,0x00,0x00,0x00,0x00,0x00,0x00,0x00,0x00,0x01,0xDF,0xFF,0xFB,0x20,0x00,0x00,0x9F,0xFF,0xFE,0x20,0x00,0x00,0x00,0x00,
    0x00,0x00,0x00,0x00,0x00,0x00,0x00,0x00,0x00,0x00,0x00,0x00,0x00,0x00,0x00,0x00,0x00,0x00,0x00,0x00,0x00,0x00,0x00,0x00,
    0x00,0x00,0x00,0x00,0x00,0x00,0x00,0x00,0x00,0x00,0x00,0x00,0x00,0x00,0x00,0x00,0x00,0x00,0x00,0x00,0x00,0x00,0x00,0x00,
    0x00,0x00,0x00,0x00,0x00,0x00,0x00,0x00,0x00,0x00,0x00,0x00,0x00,0x00,0x00,0x00,0x00,0x00,0x00,0x00,0x00,0x00,0x00,0x00,
    0x00,0x00,0x00,0x00,0x00,0x00,0x00,0x00,0x00,0x00,0x00,0x00,0x00,0x00,0x00,0x00,0x00,0x00,0x00,0x00,0x00,0x00,0x00,0x00,
    0x00,0x00,0x00,0x00,0x00,0x00,0x00,0x00,0x00,0x00,0x00,0x00,0x00,0x00,0x00,0x00,0x00,0x00,0x00,0x00,0x00,0x00,0x00,0x00,
    0x00,0x00,0x00,0x00,0x00,0x00,0x00,0x00,0x00,0x00,0x00,0x00,0x00,0x00,0x00,0x00,0x00,0x00,0x00,0x00,0x00,0x00,0x00,0x00,
    0x00,0x00,0x00,0x00,0x00,0x00,0x00,0x00,0x00,0x00,0x00,0x00,0x00,0x00,0x00,0x00,0x00,0x00,0x00,0x00,0x00,0x00,0x00,0x00,
    0x00,0x00,0x00,0x00,0x00,0x00,0x00,0x00,0x00,0x00,0x00,0x00,0x00,0x00,0x00,0x00,0x00,0x00,0x00,0x00,0x00,0x00,0x00,0x00,
    0x00,0x00,0x00,0x00,0x00,0x00,0x00,0x00,0x00,0x00,0x00,0x00,0x00,0x00,0x00,0x00,0x00,0x00,0x00,0x00,0x00,0x00,0x00,0x00,
    0x00,0x00,0x00,0x00,0x00,0x00,0x00,0x00,0x00,0x00,0x00,0x00,0x00,0x00,0x00,0x00,0x00,0x00,0x00,0x00,0x00,0x00,0x00,0x00,
    0x00,0x00,0x00,0x00,0x00,0x00,0x00,0x00,0x00,0x00,0x00,0x00,0x00,0x00,0x00,0x00,0x00,0x00,0x00,0x00,0x00,0x00,0x00,0x00,
    0x00,0x00,0x00,0x00,0x00,0x00,0x00,0x00,0x00,0x00,0x00,0x00,0x00,0x00,0x00,0x00,0x00,0x00,0x00,0x00,0x00,0x00,0x00,0x00,
    0x00,0x00,0x00,0x00,0x00,0x00,0x00,0x00,0x00,0x00,0x00,0x00,0x00,0x00,0x00,0x00,0x00,0x00,0x00,0x00,0x00,0x00,0x00,0x00,
    0x00,0x00,0x00,0x00,0x00,0x00,0x00,0x00,0x00,0x00,0x00,0x00,0x00,0x00,0x00,0x00,0x00,0x00,0x00,0x00,0x00,0x00,0x00,0x00,
    0x00,0x00,0x00,0x00,0x00,0x00,0x00,0x00,0x00,0x00,0x00,0x00,0x00,0x00,0x00,0x00,0x00,0x00,0x00,0x00,0x00,0x00,0x00,0x00,
    0x00,0x00,0x00,0x00,0x00,0x00,0x00,0x00,0x00,0x00,0x00,0x00,0x00,0x00,0x00,0x00,0x00,0x00,0x00,0x00,0x00,0x00,0x00,0x00,
    0x00,0x00,0x00,0x00,0x00,0x00,0x00,0x00,0x00,0x00,0x00,0x00,0x00,0x00,0x00,0x00,0x00,0x00,0x00,0x00,0x00,0x00,0x00,0x00,
    0x00,0x00,0x00,0x00,0x00,0x00,0x00,0x00,0x00,0x00,0x00,0x00,0x00,0x00,0x00,0x00,0x00,0x00,0x00,0x00,0x00,0x00,0x00,0x00,
    0x00,0x00,0x00,0x00,0x00,0x00,0x00,0x00,0x00,0x00,0x00,0x00,0x00,0x00,0x00,0x00,0x00,0x00,0x00,0x00,0x00,0x00,0x00,0x00,
    0x00,0x00,0x00,0x00,0x00,0x00,0x00,0x00,0x00,0x00,0x00,0x00,0x00,0x00,0x00,0x00,0x00,0x00,0x00,0x00,0x00,0x00,0x00,0x00,
    0x00,0x00,0x00,0x00,0x00,0x00,0x00,0x00,
    // '.' (advance 0 px)
    0x00,0x00,0x00,0x00,0x00,0x00,0x00,0x00,0x00,0x00,0x00,0x00,0x00,0x00,0x00,0x00,0x00,0x00,0x00,0x00,0x00,0x00,0x00,0x00,
    0x00,0x00,0x00,0x00,0x00,0x00,0x00,0x00,0x00,0x00,0x00,0x00,0x00,0x00,0x00,0x00,0x00,0x00,0x00,0x00,0x00,0x00,0x00,0x00,
    0x00,0x00,0x00,0x00,0x00,0x00,0x00,0x00,0x00,0x00,0x00,0x00,0x00,0x00,0x00,0x00,0x00,0x00,0x00,0x00,0x00,0x00,0x00,0x00,
    0x00,0x00,0x00,0x00,0x00,0x00,0x00,0x00,0x00,0x00,0x00,0x00,0x00,0x00,0x00,0x00,0x00,0x00,0x00,0x00,0x00,0x00,0x00,0x00,
    0x00,0x00,0x00,0x00,0x00,0x00,0x00,0x00,0x00,0x00,0x00,0x00,0x00,0x00,0x00,0x00,0x00,0x00,0x00,0x00,0x00,0x00,0x00,0x00,
    0x00,0x00,0x00,0x00,0x00,0x00,0x00,0x00,0x00,0x00,0x00,0x00,0x00,0x00,0x00,0x00,0x00,0x00,0x00,0x00,0x00,0x00,0x00,0x00,
    0x00,0x00,0x00,0x00,0x00,0x00,0x00,0x00,0x00,0x00,0x00,0x00,0x00,0x00,0x00,0x00,0x00,0x00,0x00,0x00,0x00,0x00,0x00,0x00,
    0x00,0x00,0x00,0x00,0x00,0x00,0x00,0x00,0x00,0x00,0x00,0x00,0x00,0x00,0x00,0x00,0x00,0x00,0x00,0x00,0x00,0x00,0x00,0x00,
    0x01,0xBF,0xD5,0x00,0x00,0x00,0x0D,0xFF,0xFF,0x40,0x00,0x00,0x4F,0xFF,0xFF,0xA0,0x00,0x00,0x4F,0xFF,0xFF,0xA0,0x00,0x00,
    0x0D,0xFF,0xFF,0x40,0x00,0x00,0x02,0xBF,0xD5,0x00,0x00,0x00,0x00,0x00,0x00,0x00,0x00,0x00,0x00,0x00,0x00,0x00,0x00,0x00,
    0x00,0x00,0x00,0x00,0x00,0x00,0x00,0x00,0x00,0x00,0x00,0x00,0x00,0x00,0x00,0x00,0x00,0x00,0x00,0x00,0x00,0x00,0x00,0x00,
    // '/' (advance 44 px)
    0x00,0x00,0x00,0x00,0x00,0x00,0x00,0x00,0x00,0x00,0x00,0x00,0x00,0x00,0x00,0x00,0x00,0x00,0x00,0x00,0x00,0x00,0x00,0x00,
    0x00,0x00,0x00,0x00,0x00,0x00,0x00,0x00,0x00,0x00,0x00,0x00,0x00,0x00,0x00,0x00,0x00,0x00,0x00,0x00,0x00,0x00,0x00,0x00,
    0x00,0x00,0x00,0x00,0x00,0x00,0x00,0x00,0x00,0x00,0x00,0x00,0x00,0x00,0x00,0x00,0x00,0x00,0x00,0x00,0x00,0x00,0x00,0x00,
    0x00,0x00,0x00,0x00,0x00,0x00,0x00,0x00,0x00,0x00,0x00,0x00,0x00,0x00,0x00,0x00,0x00,0x00,0x00,0x00,0x00,0x00,0x00,0x00,
    0x00,0x00,0x00,0x00,0x00,0x18,0x00,0x00,0x00,0x00,0x00,0x00,0x00,0x00,0x00,0x00,0x00,0x00,0x00,0x00,0x00,0x00,0x00,0x00,
    0x00,0x00,0x08,0xF8,0x00,0x00,0x00,0x00,0x00,0x00,0x00,0x00,0x00,0x00,0x00,0x00,0x00,0x00,0x00,0x00,0x00,0x00,0x00,0x01,
    0xCF,0xF2,0x00,0x00,0x00,0x00,0x00,0x00,0x00,0x00,0x00,0x00,0x00,0x00,0x00,0x00,0x00,0x00,0x00,0x00,0x00,0x1D,0xFF,0xC0,
    0x00,0x00,0x00,0x00,0x00,0x00,0x00,0x00,0x00,0x00,0x00,0x00,0x00,0x00,0x00,0x00,0x00,0x00,0x01,0xDF,0xFF,0x60,0x00,0x00,
    0x00,0x00,0x00,0x00,0x00,0x00,0x00,0x00,0x00,0x00,0x00,0x00,0x00,0x00,0x00,0x00,0x08,0xFF,0xFF,0x00,0x00,0x00,0x00,0x00,
    0x00,0x00,0x00,0x00,0x00,0x00,0x00,0x00,0x00,0x00,0x00,0x00,0x00,0x00,0x0D,0xFF,0xF9,0x00,0x00,0x00,0x00,0x00,0x00,0x00,
    0x00,0x00,0x00,0x00,0x00,0x00,0x00,0x00,0x00,0x00,0x00,0x00,0x3F,0xFF,0xF3,0x00,0x00,0x00,0x00,0x00,0x00,0x00,0x00,0x00,
    0x00,0x00,0x00,0x00,0x00,0x00,0x00,0x00,0x00,0x00,0x8F,0xFF,0xD0,0x00,0x00,0x00,0x00,0x00,0x00,0x00,0x00,0x00,0x00,0x00,
    0x00,0x00,0x00,0x00,0x00,0x00,0x00,0x00,0xEF,0xFF,0x70,0x00,0x00,0x00,0x00,0x00,0x00,0x00,0x00,0x00,0x00,0x00,0x00,0x00,
    0x00,0x00,0x00,0x00,0x00,0x03,0xFF,0xFB,0x00,0x00,0x00,0x00,0x00,0x00,0x00,0x00,0x00,0x00,0x00,0x00,0x00,0x00,0x00,0x00,
    0x00,0x00,0x00,0x09,0xFF,0x90,0x00,0x00,0x00,0x00,0x00,0x00,0x00,0x00,0x00,0x00,0x00,0x00,0x00,0x00,0x00,0x00,0x00,0x00,
    0x00,0x0E,0xF7,0x00,0x00,0x00,0x00,0x00,0x00,0x00,0x00,0x00,0x00,0x00,0x00,0x00,0x00,0x00,0x00,0x00,0x00,0x00,0x00,0x4F,
    0x50,0x00,0x00,0x00,0x00,0x00,0x00,0x00,0x00,0x00,0x00,0x00,0x00,0x00,0x00,0x00,0x00,0x00,0x00,0x00,0x00,0x93,0x00,0x00,
    0x00,0x00,0x00,0x00,0x00,0x00,0x00,0x00,0x00,0x00,0x00,0x00,0x00,0x00,0x00,0x00,0x00,0x00,0x00,0x10,0x00,0x00,0x00,0x00,
    0x00,0x00,0x00,0x00,0x00,0x00,0x00,0x00,0x00,0x00,0x00,0x00,0x00,0x00,0x00,0x00,0x00,0x00,0x00,0x00,0x00,0x00,0x00,0x00,
    0x00,0x00,0x00,0x00,0x00,0x00,0x00,0x00,0x00,0x00,0x00,0x00,0x00,0x01,0x00,0x00,0x00,0x00,0x00,0x00,0x00,0x00,0x00,0x00,
    0x00,0x00,0x00,0x00,0x00,0x00,0x00,0x00,0x00,0x00,0x00,0x2B,0x00,0x00,0x00,0x00,0x00,0x00,0x00,0x00,0x00,0x00,0x00,0x00,
    0x00,0x00,0x00,0x00,0x00,0x00,0x00,0x00,0x04,0xF8,0x00,0x00,0x00,0x00,0x00,0x00,0x00,0x00,0x00,0x00,0x00,0x00,0x00,0x00,
    0x00,0x00,0x00,0x00,0x00,0x00,0x7F,0xF2,0x00,0x00,0x00,0x00,0x00,0x00,0x00,0x00,0x00,0x00,0x00,0x00,0x00,0x00,0x00,0x00,
    0x00,0x00,0x00,0x0A,0xFF,0xC0,0x00,0x00,0x00,0x00,0x00,0x00,0x00,0x00,0x00,0x00,0x00,0x00,0x00,0x00,0x00,0x00,0x00,0x00,
    0x00,0xCF,0xFF,0x70,0x00,0x00,0x00,0x00,0x00,0x00,0x00,0x00,0x00,0x00,0x00,0x00,0x00,0x00,0x00,0x00,0x00,0x00,0x06,0xFF,
    0xFF,0x10,0x00,0x00,0x00,0x00,0x00,0x00,0x00,0x00,0x00,0x00,0x00,0x00,0x00,0x00,0x00,0x00,0x00,0x00,0x0C,0xFF,0xFB,0x00,
    0x00,0x00,0x00,0x00,0x00,0x00,0x00,0x00,0x00,0x00,0x00,0x00,0x00,0x00,0x00,0x00,0x00,0x00,0x2F,0xFF,0xF6,0x00,0x00,0x00,
    0x00,0x00,0x00,0x00,0x00,0x00,0x00,0x00,0x00,0x00,0x00,0x00,0x00,0x00,0x00,0x00,0x8F,0xFF,0xF0,0x00,0x00,0x00,0x00,0x00,
    0x00,0x00,0x00,0x00,0x00,0x00,0x00,0x00,0x00,0x00,0x00,0x00,0x00,0x00,0xEF,0xFF,0xA0,0x00,0x00,0x00,0x00,0x00,0x00,0x00,
    0x00,0x00,0x00,0x00,0x00,0x00,0x00,0x00,0x00,0x00,0x00,0x04,0xFF,0xFE,0x20,0x00,0x00,0x00,0x00,0x00,0x00,0x00,0x00,0x00,
    0x00,0x00,0x00,0x00,0x00,0x00,0x00,0x00,0x00,0x0A,0xFF,0xE2,0x00,0x00,0x00,0x00,0x00,0x00,0x00,0x00,0x00,0x00,0x00,0x00,
    0x00,0x00,0x00,0x00,0x00,0x00,0x00,0x0F,0xFE,0x20,0x00,0x00,0x00,0x00,0x00,0x00,0x00,0x00,0x00,0x00,0x00,0x00,0x00,0x00,
    0x00,0x00,0x00,0x00,0x00,0x6F,0x91,0x00,0x00,0x00,0x00,0x00,0x00,0x00,0x00,0x00,0x00,0x00,0x00,0x00,0x00,0x00,0x00,0x00,
    0x00,0x00,0x00,0x72,0x00,0x00,0x00,0x00,0x00,0x00,0x00,0x00,0x00,0x00,0x00,0x00,0x00,0x00,0x00,0x00,0x00,0x00,0x00,0x00,
    0x00,0x00,0x00,0x00,0x00,0x00,0x00,0x00,0x00,0x00,0x00,0x00,0x00,0x00,0x00,0x00,0x00,0x00,0x00,0x00,0x00,0x00,0x00,0x00,
    0x00,0x00,0x00,0x00,0x00,0x00,0x00,0x00,0x00,0x00,0x00,0x00,0x00,0x00,0x00,0x00,0x00,0x00,0x00,0x00,0x00,0x00,0x00,0x00,
    0x00,0x00,0x00,0x00,0x00,0x00,0x00,0x00,0x00,0x00,0x00,0x00,0x00,0x00,0x00,0x00,0x00,0x00,0x00,0x00,0x00,0x00,0x00,0x00,
    0x00,0x00,0x00,0x00,0x00,0x00,0x00,0x00,0x00,0x00,0x00,0x00,0x00,0x00,0x00,0x00,0x00,0x00,0x00,0x00,0x00,0x00,0x00,0x00,
    0x00,0x00,0x00,0x00,0x00,0x00,0x00,0x00,0x00,0x00,0x00,0x00,0x00,0x00,0x00,0x00,0x00,0x00,0x00,0x00,0x00,0x00,0x00,0x00,
    0x00,0x00,0x00,0x00,0x00,0x00,0x00,0x00,0x00,0x00,0x00,0x00,0x00,0x00,0x00,0x00,0x00,0x00,0x00,0x00,0x00,0x00,0x00,0x00,
    0x00,0x00,0x00,0x00,0x00,0x00,0x00,0x00,
    // '0' (advance 44 px)
    0x00,0x00,0x00,0x00,0xDF,0xFF,0xFF,0xFF,0xFF,0xFF,0xFF,0xFF,0xFF,0xFF,0xFF,0x40,0x00,0x00,0x00,0x00,0x00,0x00,0x00,0x00,
    0x07,0x30,0x2F,0xFF,0xFF,0xFF,0xFF,0xFF,0xFF,0xFF,0xFF,0xFF,0xF5,0x01,0x00,0x00,0x00,0x00,0x00,0x00,0x00,0x00,0x09,0xE1,
    0x06,0xFF,0xFF,0xFF,0xFF,0xFF,0xFF,0xFF,0xFF,0xFC,0x40,0x3A,0x00,0x00,0x00,0x00,0x00,0x00,0x00,0x00,0x0A,0xFD,0x00,0xAF,
    0xFF,0xFF,0xFF,0xFF,0xFF,0xFF,0xFA,0x31,0x03,0xF9,0x00,0x00,0x00,0x00,0x00,0x00,0x00,0x00,0x0B,0xFF,0x10,0x00,0x00,0x00,
    0x00,0x00,0x00,0x00,0x00,0x7B,0x0D,0xF8,0x00,0x00,0x00,0x00,0x00,0x00,0x00,0x00,0x0D,0xFF,0x20,0x00,0x00,0x00,0x00,0x00,
    0x00,0x00,0x3D,0xF6,0x3F,0xF7,0x00,0x00,0x00,0x00,0x00,0x00,0x00,0x00,0x0E,0xFF,0x40,0x00,0x00,0x00,0x00,0x00,0x00,0x04,
    0xFF,0xF0,0x8F,0xF5,0x00,0x00,0x00,0x00,0x00,0x00,0x00,0x00,0x0F,0xFF,0x50,0x00,0x00,0x00,0x00,0x00,0x00,0x4F,0xFF,0xA0,
    0xDF,0xF4,0x00,0x00,0x00,0x00,0x00,0x00,0x00,0x00,0x1F,0xFF,0x60,0x00,0x00,0x00,0x00,0x00,0x03,0xFF,0xFF,0x42,0xFF,0xF3,
    0x00,0x00,0x00,0x00,0x00,0x00,0x00,0x00,0x2F,0xFF,0x70,0x00,0x00,0x00,0x00,0x00,0x09,0xFF,0xFD,0x07,0xFF,0xF1,0x00,0x00,
    0x00,0x00,0x00,0x00,0x00,0x00,0x3F,0xFF,0x80,0x00,0x00,0x00,0x00,0x00,0x0E,0xFF,0xF7,0x0D,0xFF,0xF0,0x00,0x00,0x00,0x00,
    0x00,0x00,0x00,0x00,0x5F,0xFF,0x90,0x00,0x00,0x00,0x00,0x00,0x4F,0xFF,0xF1,0x2F,0xFF,0xF0,0x00,0x00,0x00,0x00,0x00,0x00,
    0x00,0x00,0x6F,0xFF,0xA0,0x00,0x00,0x00,0x00,0x00,0xAF,0xFF,0xB0,0x7F,0xFF,0xD0,0x00,0x00,0x00,0x00,0x00,0x00,0x00,0x00,
    0x7F,0xFF,0xC0,0x00,0x00,0x00,0x00,0x00,0xFF,0xFF,0x50,0x8F,0xFF,0xC0,0x00,0x00,0x00,0x00,0x00,0x00,0x00,0x00,0x9F,0xFF,
    0xD0,0x00,0x00,0x00,0x00,0x05,0xFF,0xF7,0x00,0xAF,0xFF,0xB0,0x00,0x00,0x00,0x00,0x00,0x00,0x00,0x00,0xAF,0xFF,0xE0,0x00,
    0x00,0x00,0x00,0x0A,0xFF,0x50,0x00,0xBF,0xFF,0xA0,0x00,0x00,0x00,0x00,0x00,0x00,0x00,0x00,0xBF,0xFF,0x80,0x00,0x00,0x00,
    0x00,0x0F,0xE4,0x00,0x00,0xAF,0xFF,0x80,0x00,0x00,0x00,0x00,0x00,0x00,0x00,0x00,0xCF,0xF8,0x00,0x00,0x00,0x00,0x00,0x5E,
    0x20,0x00,0x00,0x1E,0xFF,0x70,0x00,0x00,0x00,0x00,0x00,0x00,0x00,0x00,0x1B,0x70,0x00,0x00,0x00,0x00,0x00,0x81,0x00,0x00,
    0x00,0x03,0xFE,0x40,0x00,0x00,0x00,0x00,0x00,0x00,0x00,0x00,0x00,0x00,0x00,0x00,0x00,0x00,0x00,0x00,0x00,0x00,0x00,0x00,
    0x20,0x00,0x00,0x00,0x00,0x00,0x00,0x00,0x00,0x00,0x00,0x00,0x00,0x00,0x00,0x00,0x00,0x00,0x00,0x00,0x00,0x00,0x00,0x00,
    0x00,0x00,0x00,0x00,0x00,0x00,0x00,0x00,0x7E,0x40,0x00,0x00,0x00,0x09,0x00,0x00,0x00,0x00,0x00,0x04,0xD4,0x00,0x00,0x00,
    0x00,0x00,0x00,0x00,0x00,0x03,0xFF,0xF2,0x00,0x00,0x01,0xD9,0x00,0x00,0x00,0x00,0x00,0x4F,0xFF,0x00,0x00,0x00,0x00,0x00,
    0x00,0x00,0x00,0x05,0xFF,0xFD,0x00,0x00,0x3E,0xF3,0x00,0x00,0x00,0x00,0x04,0xFF,0xFF,0x00,0x00,0x00,0x00,0x00,0x00,0x00,
    0x00,0x06,0xFF,0xFF,0x00,0x05,0xFF,0xE0,0x00,0x00,0x00,0x00,0x0A,0xFF,0xFD,0x00,0x00,0x00,0x00,0x00,0x00,0x00,0x00,0x07,
    0xFF,0xFE,0x00,0x8F,0xFF,0x80,0x00,0x00,0x00,0x00,0x09,0xFF,0xFC,0x00,0x00,0x00,0x00,0x00,0x00,0x00,0x00,0x09,0xFF,0xFD,
    0x04,0xFF,0xFF,0x30,0x00,0x00,0x00,0x00,0x08,0xFF,0xFB,0x00,0x00,0x00,0x00,0x00,0x00,0x00,0x00,0x0A,0xFF,0xFC,0x0A,0xFF,
    0xFD,0x00,0x00,0x00,0x00,0x00,0x07,0xFF,0xFA,0x00,0x00,0x00,0x00,0x00,0x00,0x00,0x00,0x0B,0xFF,0xF7,0x0F,0xFF,0xF7,0x00,
    0x00,0x00,0x00,0x00,0x05,0xFF,0xF8,0x00,0x00,0x00,0x00,0x00,0x00,0x00,0x00,0x0C,0xFF,0xF2,0x6F,0xFF,0xF2,0x00,0x00,0x00,
    0x00,0x00,0x04,0xFF,0xF7,0x00,0x00,0x00,0x00,0x00,0x00,0x00,0x00,0x0E,0xFF,0xD0,0xCF,0xFF,0xC0,0x00,0x00,0x00,0x00,0x00,
    0x03,0xFF,0xF6,0x00,0x00,0x00,0x00,0x00,0x00,0x00,0x00,0x0F,0xFF,0x82,0xFF,0xFF,0x50,0x00,0x00,0x00,0x00,0x00,0x02,0xFF,
    0xF4,0x00,0x00,0x00,0x00,0x00,0x00,0x00,0x00,0x0F,0xFF,0x37,0xFF,0xF6,0x00,0x00,0x00,0x00,0x00,0x00,0x01,0xFF,0xF3,0x00,
    0x00,0x00,0x00,0x00,0x00,0x00,0x00,0x2F,0xFD,0x0D,0xFF,0x60,0x00,0x00,0x00,0x00,0x00,0x00,0x00,0xFF,0xF2,0x00,0x00,0x00,
    0x00,0x00,0x00,0x00,0x00,0x3F,0xF8,0x3F,0xE5,0x00,0x00,0x00,0x00,0x00,0x00,0x00,0x00,0xEF,0xF0,0x00,0x00,0x00,0x00,0x00,
    0x00,0x00,0x00,0x4F,0xF3,0x99,0x10,0x00,0x00,0x00,0x00,0x00,0x00,0x00,0x00,0xDF,0xF0,0x00,0x00,0x00,0x00,0x00,0x00,0x00,
    0x00,0x6F,0xA0,0x11,0x8F,0xFF,0xFF,0xFF,0xFF,0xFF,0xFF,0xFD,0x00,0x9F,0xE0,0x00,0x00,0x00,0x00,0x00,0x00,0x00,0x00,0x7A,
    0x02,0xAF,0xFF,0xFF,0xFF,0xFF,0xFF,0xFF,0xFF,0xFF,0xA0,0x0C,0xC0,0x00,0x00,0x00,0x00,0x00,0x00,0x00,0x00,0x30,0x2E,0xFF,
    0xFF,0xFF,0xFF,0xFF,0xFF,0xFF,0xFF,0xFF,0xF6,0x01,0x90,0x00,0x00,0x00,0x00,0x00,0x00,0x00,0x00,0x01,0xDF,0xFF,0xFF,0xFF,
    0xFF,0xFF,0xFF,0xFF,0xFF,0xFF,0xFF,0x30,0x00,0x00,0x00,0x00,0x00,0x00,0x00,0x00,0x00,0x00,0x00,0x00,0x00,0x00,0x00,0x00,
    0x00,0x00,0x00,0x00,0x00,0x00,0x00,0x00,0x00,0x00,0x00,0x00,0x00,0x00,0x00,0x00,0x00,0x00,0x00,0x00,0x00,0x00,0x00,0x00,
    0x00,0x00,0x00,0x00,0x00,0x00,0x00,0x00,0x00,0x00,0x00,0x00,0x00,0x00,0x00,0x00,0x00,0x00,0x00,0x00,0x00,0x00,0x00,0x00,
    0x00,0x00,0x00,0x00,0x00,0x00,0x00,0x00,0x00,0x00,0x00,0x00,0x00,0x00,0x00,0x00,0x00,0x00,0x00,0x00,0x00,0x00,0x00,0x00,
    0x00,0x00,0x00,0x00,0x00,0x00,0x00,0x00,
    // '1' (advance 44 px)
    0x00,0x00,0x00,0x00,0x00,0x00,0x00,0x00,0x00,0x00,0x00,0x00,0x00,0x00,0x00,0x00,0x00,0x00,0x00,0x00,0x00,0x00,0x00,0x00,
    0x00,0x00,0x00,0x00,0x00,0x00,0x00,0x00,0x00,0x00,0x00,0x00,0x00,0x06,0x00,0x00,0x00,0x00,0x00,0x00,0x00,0x00,0x00,0x00,
    0x00,0x00,0x00,0x00,0x00,0x00,0x00,0x00,0x00,0x00,0x00,0xBA,0x00,0x00,0x00,0x00,0x00,0x00,0x00,0x00,0x00,0x00,0x00,0x00,
    0x00,0x00,0x00,0x00,0x00,0x00,0x00,0x00,0x0A,0xF9,0x00,0x00,0x00,0x00,0x00,0x00,0x00,0x00,0x00,0x00,0x00,0x00,0x00,0x00,
    0x00,0x00,0x00,0x00,0x00,0x00,0x0F,0xF7,0x00,0x00,0x00,0x00,0x00,0x00,0x00,0x00,0x00,0x00,0x00,0x00,0x00,0x00,0x00,0x00,
    0x00,0x00,0x00,0x00,0x5F,0xF6,0x00,0x00,0x00,0x00,0x00,0x00,0x00,0x00,0x00,0x00,0x00,0x00,0x00,0x00,0x00,0x00,0x00,0x00,
    0x00,0x00,0xAF,0xF5,0x00,0x00,0x00,0x00,0x00,0x00,0x00,0x00,0x00,0x00,0x00,0x00,0x00,0x00,0x00,0x00,0x00,0x00,0x00,0x00,
    0xFF,0xF3,0x00,0x00,0x00,0x00,0x00,0x00,0x00,0x00,0x00,0x00,0x00,0x00,0x00,0x00,0x00,0x00,0x00,0x00,0x00,0x05,0xFF,0xF2,
    0x00,0x00,0x00,0x00,0x00,0x00,0x00,0x00,0x00,0x00,0x00,0x00,0x00,0x00,0x00,0x00,0x00,0x00,0x00,0x0A,0xFF,0xF1,0x00,0x00,
    0x00,0x00,0x00,0x00,0x00,0x00,0x00,0x00,0x00,0x00,0x00,0x00,0x00,0x00,0x00,0x00,0x00,0x0F,0xFF,0xF0,0x00,0x00,0x00,0x00,
    0x00,0x00,0x00,0x00,0x00,0x00,0x00,0x00,0x00,0x00,0x00,0x00,0x00,0x00,0x00,0x5F,0xFF,0xE0,0x00,0x00,0x00,0x00,0x00,0x00,
    0x00,0x00,0x00,0x00,0x00,0x00,0x00,0x00,0x00,0x00,0x00,0x00,0x00,0x8F,0xFF,0xD0,0x00,0x00,0x00,0x00,0x00,0x00,0x00,0x00,
    0x00,0x00,0x00,0x00,0x00,0x00,0x00,0x00,0x00,0x00,0x00,0x9F,0xFF,0xC0,0x00,0x00,0x00,0x00,0x00,0x00,0x00,0x00,0x00,0x00,
    0x00,0x00,0x00,0x00,0x00,0x00,0x00,0x00,0x00,0xAF,0xFF,0xA0,0x00,0x00,0x00,0x00,0x00,0x00,0x00,0x00,0x00,0x00,0x00,0x00,
    0x00,0x00,0x00,0x00,0x00,0x00,0x00,0xBF,0xFF,0x90,0x00,0x00,0x00,0x00,0x00,0x00,0x00,0x00,0x00,0x00,0x00,0x00,0x00,0x00,
    0x00,0x00,0x00,0x00,0x00,0x6F,0xFF,0x80,0x00,0x00,0x00,0x00,0x00,0x00,0x00,0x00,0x00,0x00,0x00,0x00,0x00,0x00,0x00,0x00,
    0x00,0x00,0x00,0x09,0xFF,0x60,0x00,0x00,0x00,0x00,0x00,0x00,0x00,0x00,0x00,0x00,0x00,0x00,0x00,0x00,0x00,0x00,0x00,0x00,
    0x00,0x00,0x96,0x00,0x00,0x00,0x00,0x00,0x00,0x00,0x00,0x00,0x00,0x00,0x00,0x00,0x00,0x00,0x00,0x00,0x00,0x00,0x00,0x00,
    0x00,0x00,0x00,0x00,0x00,0x00,0x00,0x00,0x00,0x00,0x00,0x00,0x00,0x00,0x00,0x00,0x00,0x00,0x00,0x00,0x00,0x00,0x20,0x00,
    0x00,0x00,0x00,0x00,0x00,0x00,0x00,0x00,0x00,0x00,0x00,0x00,0x00,0x00,0x00,0x00,0x00,0x00,0x00,0x08,0xF8,0x00,0x00,0x00,
    0x00,0x00,0x00,0x00,0x00,0x00,0x00,0x00,0x00,0x00,0x00,0x00,0x00,0x00,0x00,0x00,0x00,0x8F,0xFF,0x00,0x00,0x00,0x00,0x00,
    0x00,0x00,0x00,0x00,0x00,0x00,0x00,0x00,0x00,0x00,0x00,0x00,0x00,0x00,0x07,0xFF,0xFE,0x00,0x00,0x00,0x00,0x00,0x00,0x00,
    0x00,0x00,0x00,0x00,0x00,0x00,0x00,0x00,0x00,0x00,0x00,0x00,0x0A,0xFF,0xFD,0x00,0x00,0x00,0x00,0x00,0x00,0x00,0x00,0x00,
    0x00,0x00,0x00,0x00,0x00,0x00,0x00,0x00,0x00,0x00,0x09,0xFF,0xFC,0x00,0x00,0x00,0x00,0x00,0x00,0x00,0x00,0x00,0x00,0x00,
    0x00,0x00,0x00,0x00,0x00,0x00,0x00,0x00,0x07,0xFF,0xFB,0x00,0x00,0x00,0x00,0x00,0x00,0x00,0x00,0x00,0x00,0x00,0x00,0x00,
    0x00,0x00,0x00,0x00,0x00,0x00,0x06,0xFF,0xF9,0x00,0x00,0x00,0x00,0x00,0x00,0x00,0x00,0x00,0x00,0x00,0x00,0x00,0x00,0x00,
    0x00,0x00,0x00,0x00,0x05,0xFF,0xF8,0x00,0x00,0x00,0x00,0x00,0x00,0x00,0x00,0x00,0x00,0x00,0x00,0x00,0x00,0x00,0x00,0x00,
    0x00,0x00,0x04,0xFF,0xF7,0x00,0x00,0x00,0x00,0x00,0x00,0x00,0x00,0x00,0x00,0x00,0x00,0x00,0x00,0x00,0x00,0x00,0x00,0x00,
    0x03,0xFF,0xF5,0x00,0x00,0x00,0x00,0x00,0x00,0x00,0x00,0x00,0x00,0x00,0x00,0x00,0x00,0x00,0x00,0x00,0x00,0x00,0x01,0xFF,
    0xF4,0x00,0x00,0x00,0x00,0x00,0x00,0x00,0x00,0x00,0x00,0x00,0x00,0x00,0x00,0x00,0x00,0x00,0x00,0x00,0x00,0xFF,0xF3,0x00,
    0x00,0x00,0x00,0x00,0x00,0x00,0x00,0x00,0x00,0x00,0x00,0x00,0x00,0x00,0x00,0x00,0x00,0x00,0x00,0xFF,0xF1,0x00,0x00,0x00,
    0x00,0x00,0x00,0x00,0x00,0x00,0x00,0x00,0x00,0x00,0x00,0x00,0x00,0x00,0x00,0x00,0x00,0xEF,0xF0,0x00,0x00,0x00,0x00,0x00,
    0x00,0x00,0x00,0x00,0x00,0x00,0x00,0x00,0x00,0x00,0x00,0x00,0x00,0x00,0x00,0xDF,0xF0,0x00,0x00,0x00,0x00,0x00,0x00,0x00,
    0x00,0x00,0x00,0x00,0x00,0x00,0x00,0x00,0x00,0x00,0x00,0x00,0x00,0x6F,0xD0,0x00,0x00,0x00,0x00,0x00,0x00,0x00,0x00,0x00,
    0x00,0x00,0x00,0x00,0x00,0x00,0x00,0x00,0x00,0x00,0x00,0x09,0xC0,0x00,0x00,0x00,0x00,0x00,0x00,0x00,0x00,0x00,0x00,0x00,
    0x00,0x00,0x00,0x00,0x00,0x00,0x00,0x00,0x00,0x00,0x60,0x00,0x00,0x00,0x00,0x00,0x00,0x00,0x00,0x00,0x00,0x00,0x00,0x00,
    0x00,0x00,0x00,0x00,0x00,0x00,0x00,0x00,0x00,0x00,0x00,0x00,0x00,0x00,0x00,0x00,0x00,0x00,0x00,0x00,0x00,0x00,0x00,0x00,
    0x00,0x00,0x00,0x00,0x00,0x00,0x00,0x00,0x00,0x00,0x00,0x00,0x00,0x00,0x00,0x00,0x00,0x00,0x00,0x00,0x00,0x00,0x00,0x00,
    0x00,0x00,0x00,0x00,0x00,0x00,0x00,0x00,0x00,0x00,0x00,0x00,0x00,0x00,0x00,0x00,0x00,0x00,0x00,0x00,0x00,0x00,0x00,0x00,
    0x00,0x00,0x00,0x00,0x00,0x00,0x00,0x00,0x00,0x00,0x00,0x00,0x00,0x00,0x00,0x00,0x00,0x00,0x00,0x00,0x00,0x00,0x00,0x00,
    0x00,0x00,0x00,0x00,0x00,0x00,0x00,0x00,
    // '2' (advance 44 px)
    0x00,0x00,0x00,0x00,0xDF,0xFF,0xFF,0xFF,0xFF,0xFF,0xFF,0xFF,0xFF,0xFF,0xFF,0x40,0x00,0x00,0x00,0x00,0x00,0x00,0x00,0x00,
    0x00,0x00,0x2F,0xFF,0xFF,0xFF,0xFF,0xFF,0xFF,0xFF,0xFF,0xFF,0xF5,0x01,0x00,0x00,0x00,0x00,0x00,0x00,0x00,0x00,0x00,0x00,
    0x06,0xFF,0xFF,0xFF,0xFF,0xFF,0xFF,0xFF,0xFF,0xFC,0x40,0x3A,0x00,0x00,0x00,0x00,0x00,0x00,0x00,0x00,0x00,0x00,0x00,0xAF,
    0xFF,0xFF,0xFF,0xFF,0xFF,0xFF,0xFA,0x30,0x03,0xF9,0x00,0x00,0x00,0x00,0x00,0x00,0x00,0x00,0x00,0x00,0x00,0x00,0x00,0x00,
    0x00,0x00,0x00,0x00,0x00,0x00,0x0D,0xF8,0x00,0x00,0x00,0x00,0x00,0x00,0x00,0x00,0x00,0x00,0x00,0x00,0x00,0x00,0x00,0x00,
    0x00,0x00,0x00,0x00,0x3F,0xF7,0x00,0x00,0x00,0x00,0x00,0x00,0x00,0x00,0x00,0x00,0x00,0x00,0x00,0x00,0x00,0x00,0x00,0x00,
    0x00,0x00,0x8F,0xF5,0x00,0x00,0x00,0x00,0x00,0x00,0x00,0x00,0x00,0x00,0x00,0x00,0x00,0x00,0x00,0x00,0x00,0x00,0x00,0x00,
    0xDF,0xF4,0x00,0x00,0x00,0x00,0x00,0x00,0x00,0x00,0x00,0x00,0x00,0x00,0x00,0x00,0x00,0x00,0x00,0x00,0x00,0x02,0xFF,0xF3,
    0x00,0x00,0x00,0x00,0x00,0x00,0x00,0x00,0x00,0x00,0x00,0x00,0x00,0x00,0x00,0x00,0x00,0x00,0x00,0x07,0xFF,0xF1,0x00,0x00,
    0x00,0x00,0x00,0x00,0x00,0x00,0x00,0x00,0x00,0x00,0x00,0x00,0x00,0x00,0x00,0x00,0x00,0x0D,0xFF,0xF0,0x00,0x00,0x00,0x00,
    0x00,0x00,0x00,0x00,0x00,0x00,0x00,0x00,0x00,0x00,0x00,0x00,0x00,0x00,0x00,0x2F,0xFF,0xF0,0x00,0x00,0x00,0x00,0x00,0x00,
    0x00,0x00,0x00,0x00,0x00,0x00,0x00,0x00,0x00,0x00,0x00,0x00,0x00,0x7F,0xFF,0xD0,0x00,0x00,0x00,0x00,0x00,0x00,0x00,0x00,
    0x00,0x00,0x00,0x00,0x00,0x00,0x00,0x00,0x00,0x00,0x00,0x8F,0xFF,0xC0,0x00,0x00,0x00,0x00,0x00,0x00,0x00,0x00,0x00,0x00,
    0x00,0x00,0x00,0x00,0x00,0x00,0x00,0x00,0x00,0xAF,0xFF,0xB0,0x00,0x00,0x00,0x00,0x00,0x00,0x00,0x00,0x00,0x00,0x00,0x00,
    0x00,0x00,0x00,0x00,0x00,0x00,0x00,0xBF,0xFF,0xA0,0x00,0x00,0x00,0x00,0x00,0x00,0x00,0x00,0x00,0x00,0x00,0x00,0x00,0x00,
    0x00,0x00,0x00,0x00,0x00,0xAF,0xFF,0x80,0x00,0x00,0x00,0x00,0x00,0x00,0x00,0x00,0x00,0x00,0x00,0x00,0x00,0x00,0x00,0x00,
    0x00,0x00,0x00,0x1E,0xFF,0x70,0x00,0x00,0x00,0x00,0x00,0x00,0x00,0x00,0x00,0x03,0xFF,0xFF,0xFC,0x20,0x00,0x00,0x9F,0xFF,
    0xFD,0x23,0xFE,0x40,0x00,0x00,0x00,0x00,0x00,0x00,0x00,0x00,0x00,0x1E,0xFF,0xFF,0xFF,0xF8,0x00,0x5E,0xFF,0xFF,0xFF,0xE2,
    0x20,0x00,0x00,0x00,0x00,0x00,0x00,0x00,0x00,0x00,0x00,0x0C,0xFF,0xFF,0xFF,0xF6,0x00,0x4E,0xFF,0xFF,0xFF,0xE2,0x00,0x00,
    0x00,0x00,0x00,0x00,0x00,0x00,0x00,0x00,0x7E,0x41,0xDF,0xFF,0xFB,0x20,0x00,0x00,0x9F,0xFF,0xFD,0x20,0x00,0x00,0x00,0x00,
    0x00,0x00,0x00,0x00,0x00,0x03,0xFF,0xF2,0x00,0x00,0x00,0x00,0x00,0x00,0x00,0x00,0x00,0x00,0x00,0x00,0x00,0x00,0x00,0x00,
    0x00,0x00,0x00,0x05,0xFF,0xFD,0x00,0x00,0x00,0x00,0x00,0x00,0x00,0x00,0x00,0x00,0x00,0x00,0x00,0x00,0x00,0x00,0x00,0x00,
    0x00,0x06,0xFF,0xFF,0x00,0x00,0x00,0x00,0x00,0x00,0x00,0x00,0x00,0x00,0x00,0x00,0x00,0x00,0x00,0x00,0x00,0x00,0x00,0x07,
    0xFF,0xFE,0x00,0x00,0x00,0x00,0x00,0x00,0x00,0x00,0x00,0x00,0x00,0x00,0x00,0x00,0x00,0x00,0x00,0x00,0x00,0x09,0xFF,0xFD,
    0x00,0x00,0x00,0x00,0x00,0x00,0x00,0x00,0x00,0x00,0x00,0x00,0x00,0x00,0x00,0x00,0x00,0x00,0x00,0x0A,0xFF,0xFC,0x00,0x00,
    0x00,0x00,0x00,0x00,0x00,0x00,0x00,0x00,0x00,0x00,0x00,0x00,0x00,0x00,0x00,0x00,0x00,0x0B,0xFF,0xF7,0x00,0x00,0x00,0x00,
    0x00,0x00,0x00,0x00,0x00,0x00,0x00,0x00,0x00,0x00,0x00,0x00,0x00,0x00,0x00,0x0C,0xFF,0xF2,0x00,0x00,0x00,0x00,0x00,0x00,
    0x00,0x00,0x00,0x00,0x00,0x00,0x00,0x00,0x00,0x00,0x00,0x00,0x00,0x0E,0xFF,0xD0,0x00,0x00,0x00,0x00,0x00,0x00,0x00,0x00,
    0x00,0x00,0x00,0x00,0x00,0x00,0x00,0x00,0x00,0x00,0x00,0x0F,0xFF,0x80,0x00,0x00,0x00,0x00,0x00,0x00,0x00,0x00,0x00,0x00,
    0x00,0x00,0x00,0x00,0x00,0x00,0x00,0x00,0x00,0x0F,0xFF,0x30,0x00,0x00,0x00,0x00,0x00,0x00,0x00,0x00,0x00,0x00,0x00,0x00,
    0x00,0x00,0x00,0x00,0x00,0x00,0x00,0x2F,0xFD,0x00,0x00,0x00,0x00,0x00,0x00,0x00,0x00,0x00,0x00,0x00,0x00,0x00,0x00,0x00,
    0x00,0x00,0x00,0x00,0x00,0x3F,0xF8,0x00,0x00,0x00,0x00,0x00,0x00,0x00,0x00,0x00,0x00,0x00,0x00,0x00,0x00,0x00,0x00,0x00,
    0x00,0x00,0x00,0x4F,0xF3,0x00,0x00,0x00,0x00,0x00,0x00,0x00,0x00,0x00,0x00,0x00,0x00,0x00,0x00,0x00,0x00,0x00,0x00,0x00,
    0x00,0x6F,0xA0,0x01,0x8F,0xFF,0xFF,0xFF,0xFF,0xFF,0xFF,0xFD,0x00,0x00,0x00,0x00,0x00,0x00,0x00,0x00,0x00,0x00,0x00,0x7A,
    0x02,0xAF,0xFF,0xFF,0xFF,0xFF,0xFF,0xFF,0xFF,0xFF,0xA0,0x00,0x00,0x00,0x00,0x00,0x00,0x00,0x00,0x00,0x00,0x30,0x2E,0xFF,
    0xFF,0xFF,0xFF,0xFF,0xFF,0xFF,0xFF,0xFF,0xF6,0x00,0x00,0x00,0x00,0x00,0x00,0x00,0x00,0x00,0x00,0x01,0xDF,0xFF,0xFF,0xFF,
    0xFF,0xFF,0xFF,0xFF,0xFF,0xFF,0xFF,0x30,0x00,0x00,0x00,0x00,0x00,0x00,0x00,0x00,0x00,0x00,0x00,0x00,0x00,0x00,0x00,0x00,
    0x00,0x00,0x00,0x00,0x00,0x00,0x00,0x00,0x00,0x00,0x00,0x00,0x00,0x00,0x00,0x00,0x00,0x00,0x00,0x00,0x00,0x00,0x00,0x00,
    0x00,0x00,0x00,0x00,0x00,0x00,0x00,0x00,0x00,0x00,0x00,0x00,0x00,0x00,0x00,0x00,0x00,0x00,0x00,0x00,0x00,0x00,0x00,0x00,
    0x00,0x00,0x00,0x00,0x00,0x00,0x00,0x00,0x00,0x00,0x00,0x00,0x00,0x00,0x00,0x00,0x00,0x00,0x00,0x00,0x00,0x00,0x00,0x00,
    0x00,0x00,0x00,0x00,0x00,0x00,0x00,0x00,
    // '3' (advance 44 px)
    0x00,0x00,0x00,0x00,0xDF,0xFF,0xFF,0xFF,0xFF,0xFF,0xFF,0xFF,0xFF,0xFF,0xFF,0x40,0x00,0x00,0x00,0x00,0x00,0x00,0x00,0x00,
    0x00,0x00,0x2F,0xFF,0xFF,0xFF,0xFF,0xFF,0xFF,0xFF,0xFF,0xFF,0xF5,0x01,0x00,0x00,0x00,0x00,0x00,0x00,0x00,0x00,0x00,0x00,
    0x06,0xFF,0xFF,0xFF,0xFF,0xFF,0xFF,0xFF,0xFF,0xFC,0x40,0x3A,0x00,0x00,0x00,0x00,0x00,0x00,0x00,0x00,0x00,0x00,0x00,0xAF,
    0xFF,0xFF,0xFF,0xFF,0xFF,0xFF,0xFA,0x30,0x03,0xF9,0x00,0x00,0x00,0x00,0x00,0x00,0x00,0x00,0x00,0x00,0x00,0x00,0x00,0x00,
    0x00,0x00,0x00,0x00,0x00,0x00,0x0D,0xF8,0x00,0x00,0x00,0x00,0x00,0x00,0x00,0x00,0x00,0x00,0x00,0x00,0x00,0x00,0x00,0x00,
    0x00,0x00,0x00,0x00,0x3F,0xF7,0x00,0x00,0x00,0x00,0x00,0x00,0x00,0x00,0x00,0x00,0x00,0x00,0x00,0x00,0x00,0x00,0x00,0x00,
    0x00,0x00,0x8F,0xF5,0x00,0x00,0x00,0x00,0x00,0x00,0x00,0x00,0x00,0x00,0x00,0x00,0x00,0x00,0x00,0x00,0x00,0x00,0x00,0x00,
    0xDF,0xF4,0x00,0x00,0x00,0x00,0x00,0x00,0x00,0x00,0x00,0x00,0x00,0x00,0x00,0x00,0x00,0x00,0x00,0x00,0x00,0x02,0xFF,0xF3,
    0x00,0x00,0x00,0x00,0x00,0x00,0x00,0x00,0x00,0x00,0x00,0x00,0x00,0x00,0x00,0x00,0x00,0x00,0x00,0x07,0xFF,0xF1,0x00,0x00,
    0x00,0x00,0x00,0x00,0x00,0x00,0x00,0x00,0x00,0x00,0x00,0x00,0x00,0x00,0x00,0x00,0x00,0x0D,0xFF,0xF0,0x00,0x00,0x00,0x00,
    0x00,0x00,0x00,0x00,0x00,0x00,0x00,0x00,0x00,0x00,0x00,0x00,0x00,0x00,0x00,0x2F,0xFF,0xF0,0x00,0x00,0x00,0x00,0x00,0x00,
    0x00,0x00,0x00,0x00,0x00,0x00,0x00,0x00,0x00,0x00,0x00,0x00,0x00,0x7F,0xFF,0xD0,0x00,0x00,0x00,0x00,0x00,0x00,0x00,0x00,
    0x00,0x00,0x00,0x00,0x00,0x00,0x00,0x00,0x00,0x00,0x00,0x8F,0xFF,0xC0,0x00,0x00,0x00,0x00,0x00,0x00,0x00,0x00,0x00,0x00,
    0x00,0x00,0x00,0x00,0x00,0x00,0x00,0x00,0x00,0xAF,0xFF,0xB0,0x00,0x00,0x00,0x00,0x00,0x00,0x00,0x00,0x00,0x00,0x00,0x00,
    0x00,0x00,0x00,0x00,0x00,0x00,0x00,0xBF,0xFF,0xA0,0x00,0x00,0x00,0x00,0x00,0x00,0x00,0x00,0x00,0x00,0x00,0x00,0x00,0x00,
    0x00,0x00,0x00,0x00,0x00,0xAF,0xFF,0x80,0x00,0x00,0x00,0x00,0x00,0x00,0x00,0x00,0x00,0x00,0x00,0x00,0x00,0x00,0x00,0x00,
    0x00,0x00,0x00,0x1E,0xFF,0x70,0x00,0x00,0x00,0x00,0x00,0x00,0x00,0x00,0x00,0x03,0xFF,0xFF,0xFC,0x20,0x00,0x00,0x9F,0xFF,
    0xFD,0x23,0xFE,0x40,0x00,0x00,0x00,0x00,0x00,0x00,0x00,0x00,0x00,0x1E,0xFF,0xFF,0xFF,0xF8,0x00,0x5E,0xFF,0xFF,0xFF,0xE2,
    0x20,0x00,0x00,0x00,0x00,0x00,0x00,0x00,0x00,0x00,0x00,0x0C,0xFF,0xFF,0xFF,0xF6,0x00,0x4E,0xFF,0xFF,0xFF,0xE2,0x00,0x00,
    0x00,0x00,0x00,0x00,0x00,0x00,0x00,0x00,0x00,0x01,0xDF,0xFF,0xFB,0x20,0x00,0x00,0x9F,0xFF,0xFD,0x24,0xD4,0x00,0x00,0x00,
    0x00,0x00,0x00,0x00,0x00,0x00,0x00,0x00,0x00,0x00,0x00,0x00,0x00,0x00,0x00,0x00,0x00,0x4F,0xFF,0x00,0x00,0x00,0x00,0x00,
    0x00,0x00,0x00,0x00,0x00,0x00,0x00,0x00,0x00,0x00,0x00,0x00,0x00,0x00,0x04,0xFF,0xFF,0x00,0x00,0x00,0x00,0x00,0x00,0x00,
    0x00,0x00,0x00,0x00,0x00,0x00,0x00,0x00,0x00,0x00,0x00,0x00,0x0A,0xFF,0xFD,0x00,0x00,0x00,0x00,0x00,0x00,0x00,0x00,0x00,
    0x00,0x00,0x00,0x00,0x00,0x00,0x00,0x00,0x00,0x00,0x09,0xFF,0xFC,0x00,0x00,0x00,0x00,0x00,0x00,0x00,0x00,0x00,0x00,0x00,
    0x00,0x00,0x00,0x00,0x00,0x00,0x00,0x00,0x08,0xFF,0xFB,0x00,0x00,0x00,0x00,0x00,0x00,0x00,0x00,0x00,0x00,0x00,0x00,0x00,
    0x00,0x00,0x00,0x00,0x00,0x00,0x07,0xFF,0xFA,0x00,0x00,0x00,0x00,0x00,0x00,0x00,0x00,0x00,0x00,0x00,0x00,0x00,0x00,0x00,
    0x00,0x00,0x00,0x00,0x05,0xFF,0xF8,0x00,0x00,0x00,0x00,0x00,0x00,0x00,0x00,0x00,0x00,0x00,0x00,0x00,0x00,0x00,0x00,0x00,
    0x00,0x00,0x04,0xFF,0xF7,0x00,0x00,0x00,0x00,0x00,0x00,0x00,0x00,0x00,0x00,0x00,0x00,0x00,0x00,0x00,0x00,0x00,0x00,0x00,
    0x03,0xFF,0xF6,0x00,0x00,0x00,0x00,0x00,0x00,0x00,0x00,0x00,0x00,0x00,0x00,0x00,0x00,0x00,0x00,0x00,0x00,0x00,0x02,0xFF,
    0xF4,0x00,0x00,0x00,0x00,0x00,0x00,0x00,0x00,0x00,0x00,0x00,0x00,0x00,0x00,0x00,0x00,0x00,0x00,0x00,0x01,0xFF,0xF3,0x00,
    0x00,0x00,0x00,0x00,0x00,0x00,0x00,0x00,0x00,0x00,0x00,0x00,0x00,0x00,0x00,0x00,0x00,0x00,0x00,0xFF,0xF2,0x00,0x00,0x00,
    0x00,0x00,0x00,0x00,0x00,0x00,0x00,0x00,0x00,0x00,0x00,0x00,0x00,0x00,0x00,0x00,0x00,0xEF,0xF0,0x00,0x00,0x00,0x00,0x00,
    0x00,0x00,0x00,0x00,0x00,0x00,0x00,0x00,0x00,0x00,0x00,0x00,0x00,0x00,0x00,0xDF,0xF0,0x00,0x00,0x00,0x00,0x00,0x00,0x00,
    0x00,0x00,0x00,0x01,0x8F,0xFF,0xFF,0xFF,0xFF,0xFF,0xFF,0xFD,0x00,0x9F,0xE0,0x00,0x00,0x00,0x00,0x00,0x00,0x00,0x00,0x00,
    0x02,0xAF,0xFF,0xFF,0xFF,0xFF,0xFF,0xFF,0xFF,0xFF,0xA0,0x0C,0xC0,0x00,0x00,0x00,0x00,0x00,0x00,0x00,0x00,0x00,0x2E,0xFF,
    0xFF,0xFF,0xFF,0xFF,0xFF,0xFF,0xFF,0xFF,0xF6,0x01,0x90,0x00,0x00,0x00,0x00,0x00,0x00,0x00,0x00,0x01,0xDF,0xFF,0xFF,0xFF,
    0xFF,0xFF,0xFF,0xFF,0xFF,0xFF,0xFF,0x30,0x00,0x00,0x00,0x00,0x00,0x00,0x00,0x00,0x00,0x00,0x00,0x00,0x00,0x00,0x00,0x00,
    0x00,0x00,0x00,0x00,0x00,0x00,0x00,0x00,0x00,0x00,0x00,0x00,0x00,0x00,0x00,0x00,0x00,0x00,0x00,0x00,0x00,0x00,0x00,0x00,
    0x00,0x00,0x00,0x00,0x00,0x00,0x00,0x00,0x00,0x00,0x00,0x00,0x00,0x00,0x00,0x00,0x00,0x00,0x00,0x00,0x00,0x00,0x00,0x00,
    0x00,0x00,0x00,0x00,0x00,0x00,0x00,0x00,0x00,0x00,0x00,0x00,0x00,0x00,0x00,0x00,0x00,0x00,0x00,0x00,0x00,0x00,0x00,0x00,
    0x00,0x00,0x00,0x00,0x00,0x00,0x00,0x00,
    // '4' (advance 44 px)
    0x00,0x00,0x00,0x00,0x00,0x00,0x00,0x00,0x00,0x00,0x00,0x00,0x00,0x00,0x00,0x00,0x00,0x00,0x00,0x00,0x00,0x00,0x00,0x00,
    0x07,0x40,0x00,0x00,0x00,0x00,0x00,0x00,0x00,0x00,0x00,0x00,0x00,0x04,0x00,0x00,0x00,0x00,0x00,0x00,0x00,0x00,0x09,0xE2,
    0x00,0x00,0x00,0x00,0x00,0x00,0x00,0x00,0x00,0x00,0x00,0x8A,0x00,0x00,0x00,0x00,0x00,0x00,0x00,0x00,0x0A,0xFD,0x00,0x00,
    0x00,0x00,0x00,0x00,0x00,0x00,0x00,0x00,0x07,0xF9,0x00,0x00,0x00,0x00,0x00,0x00,0x00,0x00,0x0C,0xFF,0x10,0x00,0x00,0x00,
    0x00,0x00,0x00,0x00,0x00,0x00,0x0F,0xF8,0x00,0x00,0x00,0x00,0x00,0x00,0x00,0x00,0x0D,0xFF,0x30,0x00,0x00,0x00,0x00,0x00,
    0x00,0x00,0x00,0x00,0x4F,0xF6,0x00,0x00,0x00,0x00,0x00,0x00,0x00,0x00,0x0E,0xFF,0x40,0x00,0x00,0x00,0x00,0x00,0x00,0x00,
    0x00,0x00,0xAF,0xF5,0x00,0x00,0x00,0x00,0x00,0x00,0x00,0x00,0x0F,0xFF,0x50,0x00,0x00,0x00,0x00,0x00,0x00,0x00,0x00,0x00,
    0xEF,0xF4,0x00,0x00,0x00,0x00,0x00,0x00,0x00,0x00,0x1F,0xFF,0x60,0x00,0x00,0x00,0x00,0x00,0x00,0x00,0x00,0x04,0xFF,0xF2,
    0x00,0x00,0x00,0x00,0x00,0x00,0x00,0x00,0x2F,0xFF,0x70,0x00,0x00,0x00,0x00,0x00,0x00,0x00,0x00,0x09,0xFF,0xF1,0x00,0x00,
    0x00,0x00,0x00,0x00,0x00,0x00,0x3F,0xFF,0x80,0x00,0x00,0x00,0x00,0x00,0x00,0x00,0x00,0x0E,0xFF,0xF0,0x00,0x00,0x00,0x00,
    0x00,0x00,0x00,0x00,0x5F,0xFF,0x90,0x00,0x00,0x00,0x00,0x00,0x00,0x00,0x00,0x4F,0xFF,0xE0,0x00,0x00,0x00,0x00,0x00,0x00,
    0x00,0x00,0x6F,0xFF,0xA0,0x00,0x00,0x00,0x00,0x00,0x00,0x00,0x00,0x7F,0xFF,0xD0,0x00,0x00,0x00,0x00,0x00,0x00,0x00,0x00,
    0x7F,0xFF,0xC0,0x00,0x00,0x00,0x00,0x00,0x00,0x00,0x00,0x9F,0xFF,0xC0,0x00,0x00,0x00,0x00,0x00,0x00,0x00,0x00,0x9F,0xFF,
    0xD0,0x00,0x00,0x00,0x00,0x00,0x00,0x00,0x00,0xAF,0xFF,0xA0,0x00,0x00,0x00,0x00,0x00,0x00,0x00,0x00,0xAF,0xFF,0xE0,0x00,
    0x00,0x00,0x00,0x00,0x00,0x00,0x00,0xBF,0xFF,0x90,0x00,0x00,0x00,0x00,0x00,0x00,0x00,0x00,0xBF,0xFF,0x70,0x00,0x00,0x00,
    0x00,0x00,0x00,0x00,0x00,0x8F,0xFF,0x80,0x00,0x00,0x00,0x00,0x00,0x00,0x00,0x00,0xCF,0xF7,0x00,0x00,0x00,0x00,0x00,0x00,
    0x00,0x00,0x00,0x0B,0xFF,0x60,0x00,0x00,0x00,0x00,0x00,0x00,0x00,0x00,0x1A,0x63,0xFF,0xFF,0xFC,0x20,0x00,0x00,0x9F,0xFF,
    0xFD,0x20,0xC9,0x20,0x00,0x00,0x00,0x00,0x00,0x00,0x00,0x00,0x00,0x1E,0xFF,0xFF,0xFF,0xF8,0x00,0x5E,0xFF,0xFF,0xFF,0xE2,
    0x00,0x00,0x00,0x00,0x00,0x00,0x00,0x00,0x00,0x00,0x00,0x0C,0xFF,0xFF,0xFF,0xF6,0x00,0x4E,0xFF,0xFF,0xFF,0xE2,0x00,0x00,
    0x00,0x00,0x00,0x00,0x00,0x00,0x00,0x00,0x00,0x01,0xDF,0xFF,0xFB,0x20,0x00,0x00,0x9F,0xFF,0xFD,0x23,0xC4,0x00,0x00,0x00,
    0x00,0x00,0x00,0x00,0x00,0x00,0x00,0x00,0x00,0x00,0x00,0x00,0x00,0x00,0x00,0x00,0x00,0x3F,0xFF,0x00,0x00,0x00,0x00,0x00,
    0x00,0x00,0x00,0x00,0x00,0x00,0x00,0x00,0x00,0x00,0x00,0x00,0x00,0x00,0x04,0xFF,0xFF,0x00,0x00,0x00,0x00,0x00,0x00,0x00,
    0x00,0x00,0x00,0x00,0x00,0x00,0x00,0x00,0x00,0x00,0x00,0x00,0x0A,0xFF,0xFE,0x00,0x00,0x00,0x00,0x00,0x00,0x00,0x00,0x00,
    0x00,0x00,0x00,0x00,0x00,0x00,0x00,0x00,0x00,0x00,0x09,0xFF,0xFC,0x00,0x00,0x00,0x00,0x00,0x00,0x00,0x00,0x00,0x00,0x00,
    0x00,0x00,0x00,0x00,0x00,0x00,0x00,0x00,0x08,0xFF,0xFB,0x00,0x00,0x00,0x00,0x00,0x00,0x00,0x00,0x00,0x00,0x00,0x00,0x00,
    0x00,0x00,0x00,0x00,0x00,0x00,0x07,0xFF,0xFA,0x00,0x00,0x00,0x00,0x00,0x00,0x00,0x00,0x00,0x00,0x00,0x00,0x00,0x00,0x00,
    0x00,0x00,0x00,0x00,0x05,0xFF,0xF8,0x00,0x00,0x00,0x00,0x00,0x00,0x00,0x00,0x00,0x00,0x00,0x00,0x00,0x00,0x00,0x00,0x00,
    0x00,0x00,0x04,0xFF,0xF7,0x00,0x00,0x00,0x00,0x00,0x00,0x00,0x00,0x00,0x00,0x00,0x00,0x00,0x00,0x00,0x00,0x00,0x00,0x00,
    0x03,0xFF,0xF6,0x00,0x00,0x00,0x00,0x00,0x00,0x00,0x00,0x00,0x00,0x00,0x00,0x00,0x00,0x00,0x00,0x00,0x00,0x00,0x02,0xFF,
    0xF4,0x00,0x00,0x00,0x00,0x00,0x00,0x00,0x00,0x00,0x00,0x00,0x00,0x00,0x00,0x00,0x00,0x00,0x00,0x00,0x01,0xFF,0xF3,0x00,
    0x00,0x00,0x00,0x00,0x00,0x00,0x00,0x00,0x00,0x00,0x00,0x00,0x00,0x00,0x00,0x00,0x00,0x00,0x00,0xFF,0xF2,0x00,0x00,0x00,
    0x00,0x00,0x00,0x00,0x00,0x00,0x00,0x00,0x00,0x00,0x00,0x00,0x00,0x00,0x00,0x00,0x00,0xEF,0xF0,0x00,0x00,0x00,0x00,0x00,
    0x00,0x00,0x00,0x00,0x00,0x00,0x00,0x00,0x00,0x00,0x00,0x00,0x00,0x00,0x00,0xDF,0xF0,0x00,0x00,0x00,0x00,0x00,0x00,0x00,
    0x00,0x00,0x00,0x00,0x00,0x00,0x00,0x00,0x00,0x00,0x00,0x00,0x00,0x9F,0xE0,0x00,0x00,0x00,0x00,0x00,0x00,0x00,0x00,0x00,
    0x00,0x00,0x00,0x00,0x00,0x00,0x00,0x00,0x00,0x00,0x00,0x0C,0xC0,0x00,0x00,0x00,0x00,0x00,0x00,0x00,0x00,0x00,0x00,0x00,
    0x00,0x00,0x00,0x00,0x00,0x00,0x00,0x00,0x00,0x01,0x90,0x00,0x00,0x00,0x00,0x00,0x00,0x00,0x00,0x00,0x00,0x00,0x00,0x00,
    0x00,0x00,0x00,0x00,0x00,0x00,0x00,0x00,0x00,0x00,0x00,0x00,0x00,0x00,0x00,0x00,0x00,0x00,0x00,0x00,0x00,0x00,0x00,0x00,
    0x00,0x00,0x00,0x00,0x00,0x00,0x00,0x00,0x00,0x00,0x00,0x00,0x00,0x00,0x00,0x00,0x00,0x00,0x00,0x00,0x00,0x00,0x00,0x00,
    0x00,0x00,0x00,0x00,0x00,0x00,0x00,0x00,0x00,0x00,0x00,0x00,0x00,0x00,0x00,0x00,0x00,0x00,0x00,0x00,0x00,0x00,0x00,0x00,
    0x00,0x00,0x00,0x00,0x00,0x00,0x00,0x00,0x00,0x00,0x00,0x00,0x00,0x00,0x00,0x00,0x00,0x00,0x00,0x00,0x00,0x00,0x00,0x00,
    0x00,0x00,0x00,0x00,0x00,0x00,0x00,0x00,
    // '5' (advance 44 px)
    0x00,0x00,0x00,0x00,0xDF,0xFF,0xFF,0xFF,0xFF,0xFF,0xFF,0xFF,0xFF,0xFF,0xFF,0x40,0x00,0x00,0x00,0x00,0x00,0x00,0x00,0x00,
    0x00,0x00,0x2F,0xFF,0xFF,0xFF,0xFF,0xFF,0xFF,0xFF,0xFF,0xFF,0xF5,0x00,0x00,0x00,0x00,0x00,0x00,0x00,0x00,0x00,0x00,0x00,
    0x06,0xFF,0xFF,0xFF,0xFF,0xFF,0xFF,0xFF,0xFF,0xFC,0x40,0x00,0x00,0x00,0x00,0x00,0x00,0x00,0x00,0x00,0x00,0x00,0x01,0xAF,
    0xFF,0xFF,0xFF,0xFF,0xFF,0xFF,0xFA,0x30,0x00,0x00,0x00,0x00,0x00,0x00,0x00,0x00,0x00,0x00,0x00,0x00,0x0C,0x30,0x00,0x00,
    0x00,0x00,0x00,0x00,0x00,0x00,0x00,0x00,0x00,0x00,0x00,0x00,0x00,0x00,0x00,0x00,0x00,0x00,0x0C,0xF7,0x00,0x00,0x00,0x00,
    0x00,0x00,0x00,0x00,0x00,0x00,0x00,0x00,0x00,0x00,0x00,0x00,0x00,0x00,0x00,0x00,0x0A,0xFF,0x80,0x00,0x00,0x00,0x00,0x00,
    0x00,0x00,0x00,0x00,0x00,0x00,0x00,0x00,0x00,0x00,0x00,0x00,0x00,0x00,0x07,0xFF,0xF1,0x00,0x00,0x00,0x00,0x00,0x00,0x00,
    0x00,0x00,0x00,0x00,0x00,0x00,0x00,0x00,0x00,0x00,0x00,0x00,0x05,0xFF,0xF8,0x00,0x00,0x00,0x00,0x00,0x00,0x00,0x00,0x00,
    0x00,0x00,0x00,0x00,0x00,0x00,0x00,0x00,0x00,0x00,0x03,0xFF,0xFE,0x00,0x00,0x00,0x00,0x00,0x00,0x00,0x00,0x00,0x00,0x00,
    0x00,0x00,0x00,0x00,0x00,0x00,0x00,0x00,0x01,0xFF,0xFF,0x60,0x00,0x00,0x00,0x00,0x00,0x00,0x00,0x00,0x00,0x00,0x00,0x00,
    0x00,0x00,0x00,0x00,0x00,0x00,0x00,0xFF,0xFF,0xB0,0x00,0x00,0x00,0x00,0x00,0x00,0x00,0x00,0x00,0x00,0x00,0x00,0x00,0x00,
    0x00,0x00,0x00,0x00,0x00,0x9F,0xFF,0xE0,0x00,0x00,0x00,0x00,0x00,0x00,0x00,0x00,0x00,0x00,0x00,0x00,0x00,0x00,0x00,0x00,
    0x00,0x00,0x00,0x2F,0xFF,0xF2,0x00,0x00,0x00,0x00,0x00,0x00,0x00,0x00,0x00,0x00,0x00,0x00,0x00,0x00,0x00,0x00,0x00,0x00,
    0x00,0x0A,0xFF,0xF5,0x00,0x00,0x00,0x00,0x00,0x00,0x00,0x00,0x00,0x00,0x00,0x00,0x00,0x00,0x00,0x00,0x00,0x00,0x00,0x03,
    0xFF,0xF9,0x00,0x00,0x00,0x00,0x00,0x00,0x00,0x00,0x00,0x00,0x00,0x00,0x00,0x00,0x00,0x00,0x00,0x00,0x00,0x00,0x4E,0xFC,
    0x00,0x00,0x00,0x00,0x00,0x00,0x00,0x00,0x00,0x00,0x00,0x00,0x00,0x00,0x00,0x00,0x00,0x00,0x00,0x00,0x01,0xCF,0x00,0x00,
    0x00,0x00,0x00,0x00,0x00,0x00,0x00,0x00,0x00,0x00,0x00,0x00,0x00,0x00,0x00,0x00,0x00,0x00,0x00,0x08,0x30,0x00,0x9F,0xFF,
    0xFD,0x20,0x00,0x00,0x00,0x00,0x00,0x00,0x00,0x00,0x00,0x00,0x00,0x00,0x00,0x00,0x00,0x00,0x00,0x4E,0xFF,0xFF,0xFF,0xE2,
    0x00,0x00,0x00,0x00,0x00,0x00,0x00,0x00,0x00,0x00,0x00,0x00,0x00,0x00,0x00,0x00,0x00,0x5E,0xFF,0xFF,0xFF,0xE2,0x00,0x00,
    0x00,0x00,0x00,0x00,0x00,0x00,0x00,0x00,0x00,0x00,0x00,0x00,0x00,0x00,0x00,0x01,0x9F,0xFF,0xFD,0x24,0xD4,0x00,0x00,0x00,
    0x00,0x00,0x00,0x00,0x00,0x00,0x00,0x00,0x00,0x00,0x00,0x00,0x00,0x00,0x00,0x00,0x00,0x4F,0xFF,0x00,0x00,0x00,0x00,0x00,
    0x00,0x00,0x00,0x00,0x00,0x00,0x00,0x00,0x00,0x00,0x00,0x00,0x00,0x00,0x04,0xFF,0xFF,0x00,0x00,0x00,0x00,0x00,0x00,0x00,
    0x00,0x00,0x00,0x00,0x00,0x00,0x00,0x00,0x00,0x00,0x00,0x00,0x0A,0xFF,0xFD,0x00,0x00,0x00,0x00,0x00,0x00,0x00,0x00,0x00,
    0x00,0x00,0x00,0x00,0x00,0x00,0x00,0x00,0x00,0x00,0x09,0xFF,0xFC,0x00,0x00,0x00,0x00,0x00,0x00,0x00,0x00,0x00,0x00,0x00,
    0x00,0x00,0x00,0x00,0x00,0x00,0x00,0x00,0x08,0xFF,0xFB,0x00,0x00,0x00,0x00,0x00,0x00,0x00,0x00,0x00,0x00,0x00,0x00,0x00,
    0x00,0x00,0x00,0x00,0x00,0x00,0x07,0xFF,0xFA,0x00,0x00,0x00,0x00,0x00,0x00,0x00,0x00,0x00,0x00,0x00,0x00,0x00,0x00,0x00,
    0x00,0x00,0x00,0x00,0x05,0xFF,0xF8,0x00,0x00,0x00,0x00,0x00,0x00,0x00,0x00,0x00,0x00,0x00,0x00,0x00,0x00,0x00,0x00,0x00,
    0x00,0x00,0x04,0xFF,0xF7,0x00,0x00,0x00,0x00,0x00,0x00,0x00,0x00,0x00,0x00,0x00,0x00,0x00,0x00,0x00,0x00,0x00,0x00,0x00,
    0x03,0xFF,0xF6,0x00,0x00,0x00,0x00,0x00,0x00,0x00,0x00,0x00,0x00,0x00,0x00,0x00,0x00,0x00,0x00,0x00,0x00,0x00,0x02,0xFF,
    0xF4,0x00,0x00,0x00,0x00,0x00,0x00,0x00,0x00,0x00,0x00,0x00,0x00,0x00,0x00,0x00,0x00,0x00,0x00,0x00,0x01,0xFF,0xF3,0x00,
    0x00,0x00,0x00,0x00,0x00,0x00,0x00,0x00,0x00,0x00,0x00,0x00,0x00,0x00,0x00,0x00,0x00,0x00,0x00,0xFF,0xF2,0x00,0x00,0x00,
    0x00,0x00,0x00,0x00,0x00,0x00,0x00,0x00,0x00,0x00,0x00,0x00,0x00,0x00,0x00,0x00,0x00,0xEF,0xF0,0x00,0x00,0x00,0x00,0x00,
    0x00,0x00,0x00,0x00,0x00,0x00,0x00,0x00,0x00,0x00,0x00,0x00,0x00,0x00,0x00,0xDF,0xF0,0x00,0x00,0x00,0x00,0x00,0x00,0x00,
    0x00,0x00,0x00,0x01,0x8F,0xFF,0xFF,0xFF,0xFF,0xFF,0xFF,0xFD,0x00,0x9F,0xE0,0x00,0x00,0x00,0x00,0x00,0x00,0x00,0x00,0x00,
    0x02,0xAF,0xFF,0xFF,0xFF,0xFF,0xFF,0xFF,0xFF,0xFF,0xA0,0x0C,0xC0,0x00,0x00,0x00,0x00,0x00,0x00,0x00,0x00,0x00,0x2E,0xFF,
    0xFF,0xFF,0xFF,0xFF,0xFF,0xFF,0xFF,0xFF,0xF6,0x01,0x90,0x00,0x00,0x00,0x00,0x00,0x00,0x00,0x00,0x01,0xDF,0xFF,0xFF,0xFF,
    0xFF,0xFF,0xFF,0xFF,0xFF,0xFF,0xFF,0x30,0x00,0x00,0x00,0x00,0x00,0x00,0x00,0x00,0x00,0x00,0x00,0x00,0x00,0x00,0x00,0x00,
    0x00,0x00,0x00,0x00,0x00,0x00,0x00,0x00,0x00,0x00,0x00,0x00,0x00,0x00,0x00,0x00,0x00,0x00,0x00,0x00,0x00,0x00,0x00,0x00,
    0x00,0x00,0x00,0x00,0x00,0x00,0x00,0x00,0x00,0x00,0x00,0x00,0x00,0x00,0x00,0x00,0x00,0x00,0x00,0x00,0x00,0x00,0x00,0x00,
    0x00,0x00,0x00,0x00,0x00,0x00,0x00,0x00,0x00,0x00,0x00,0x00,0x00,0x00,0x00,0x00,0x00,0x00,0x00,0x00,0x00,0x00,0x00,0x00,
    0x00,0x00,0x00,0x00,0x00,0x00,0x00,0x00,
    // '6' (advance 44 px)
    0x00,0x00,0x00,0x00,0xDF,0xFF,0xFF,0xFF,0xFF,0xFF,0xFF,0xFF,0xFF,0xFF,0xFF,0x40,0x00,0x00,0x00,0x00,0x00,0x00,0x00,0x00,
    0x05,0x10,0x2F,0xFF,0xFF,0xFF,0xFF,0xFF,0xFF,0xFF,0xFF,0xFF,0xF5,0x00,0x00,0x00,0x00,0x00,0x00,0x00,0x00,0x00,0x08,0xC0,
    0x06,0xFF,0xFF,0xFF,0xFF,0xFF,0xFF,0xFF,0xFF,0xFC,0x40,0x00,0x00,0x00,0x00,0x00,0x00,0x00,0x00,0x00,0x0A,0xFA,0x00,0xAF,
    0xFF,0xFF,0xFF,0xFF,0xFF,0xFF,0xFA,0x30,0x00,0x00,0x00,0x00,0x00,0x00,0x00,0x00,0x00,0x00,0x0B,0xFF,0x10,0x00,0x00,0x00,
    0x00,0x00,0x00,0x00,0x00,0x00,0x00,0x00,0x00,0x00,0x00,0x00,0x00,0x00,0x00,0x00,0x0C,0xFF,0x20,0x00,0x00,0x00,0x00,0x00,
    0x00,0x00,0x00,0x00,0x00,0x00,0x00,0x00,0x00,0x00,0x00,0x00,0x00,0x00,0x0E,0xFF,0x30,0x00,0x00,0x00,0x00,0x00,0x00,0x00,
    0x00,0x00,0x00,0x00,0x00,0x00,0x00,0x00,0x00,0x00,0x00,0x00,0x0F,0xFF,0x40,0x00,0x00,0x00,0x00,0x00,0x00,0x00,0x00,0x00,
    0x00,0x00,0x00,0x00,0x00,0x00,0x00,0x00,0x00,0x00,0x0F,0xFF,0x60,0x00,0x00,0x00,0x00,0x00,0x00,0x00,0x00,0x00,0x00,0x00,
    0x00,0x00,0x00,0x00,0x00,0x00,0x00,0x00,0x2F,0xFF,0x70,0x00,0x00,0x00,0x00,0x00,0x00,0x00,0x00,0x00,0x00,0x00,0x00,0x00,
    0x00,0x00,0x00,0x00,0x00,0x00,0x3F,0xFF,0x80,0x00,0x00,0x00,0x00,0x00,0x00,0x00,0x00,0x00,0x00,0x00,0x00,0x00,0x00,0x00,
    0x00,0x00,0x00,0x00,0x4F,0xFF,0x90,0x00,0x00,0x00,0x00,0x00,0x00,0x00,0x00,0x00,0x00,0x00,0x00,0x00,0x00,0x00,0x00,0x00,
    0x00,0x00,0x6F,0xFF,0xA0,0x00,0x00,0x00,0x00,0x00,0x00,0x00,0x00,0x00,0x00,0x00,0x00,0x00,0x00,0x00,0x00,0x00,0x00,0x00,
    0x7F,0xFF,0xB0,0x00,0x00,0x00,0x00,0x00,0x00,0x00,0x00,0x00,0x00,0x00,0x00,0x00,0x00,0x00,0x00,0x00,0x00,0x00,0x8F,0xFF,
    0xC0,0x00,0x00,0x00,0x00,0x00,0x00,0x00,0x00,0x00,0x00,0x00,0x00,0x00,0x00,0x00,0x00,0x00,0x00,0x00,0xAF,0xFF,0xE0,0x00,
    0x00,0x00,0x00,0x00,0x00,0x00,0x00,0x00,0x00,0x00,0x00,0x00,0x00,0x00,0x00,0x00,0x00,0x00,0xBF,0xFF,0xB0,0x00,0x00,0x00,
    0x00,0x00,0x00,0x00,0x00,0x00,0x00,0x00,0x00,0x00,0x00,0x00,0x00,0x00,0x00,0x00,0xCF,0xFB,0x00,0x00,0x00,0x00,0x00,0x00,
    0x00,0x00,0x00,0x00,0x00,0x00,0x00,0x00,0x00,0x00,0x00,0x00,0x00,0x00,0x4E,0xB3,0xFF,0xFF,0xFC,0x20,0x00,0x00,0x9F,0xFF,
    0xFD,0x20,0x00,0x00,0x00,0x00,0x00,0x00,0x00,0x00,0x00,0x00,0x01,0x2E,0xFF,0xFF,0xFF,0xF8,0x00,0x5E,0xFF,0xFF,0xFF,0xE2,
    0x00,0x00,0x00,0x00,0x00,0x00,0x00,0x00,0x00,0x00,0x00,0x0C,0xFF,0xFF,0xFF,0xF6,0x00,0x4E,0xFF,0xFF,0xFF,0xE2,0x00,0x00,
    0x00,0x00,0x00,0x00,0x00,0x00,0x00,0x00,0x7E,0x41,0xDF,0xFF,0xFB,0x20,0x00,0x00,0x9F,0xFF,0xFD,0x24,0xD4,0x00,0x00,0x00,
    0x00,0x00,0x00,0x00,0x00,0x03,0xFF,0xF2,0x00,0x00,0x00,0x00,0x00,0x00,0x00,0x00,0x00,0x4F,0xFF,0x00,0x00,0x00,0x00,0x00,
    0x00,0x00,0x00,0x05,0xFF,0xFD,0x00,0x00,0x00,0x00,0x00,0x00,0x00,0x00,0x04,0xFF,0xFF,0x00,0x00,0x00,0x00,0x00,0x00,0x00,
    0x00,0x06,0xFF,0xFF,0x00,0x00,0x00,0x00,0x00,0x00,0x00,0x00,0x0A,0xFF,0xFD,0x00,0x00,0x00,0x00,0x00,0x00,0x00,0x00,0x07,
    0xFF,0xFE,0x00,0x00,0x00,0x00,0x00,0x00,0x00,0x00,0x09,0xFF,0xFC,0x00,0x00,0x00,0x00,0x00,0x00,0x00,0x00,0x09,0xFF,0xFD,
    0x00,0x00,0x00,0x00,0x00,0x00,0x00,0x00,0x08,0xFF,0xFB,0x00,0x00,0x00,0x00,0x00,0x00,0x00,0x00,0x0A,0xFF,0xFC,0x00,0x00,
    0x00,0x00,0x00,0x00,0x00,0x00,0x07,0xFF,0xFA,0x00,0x00,0x00,0x00,0x00,0x00,0x00,0x00,0x0B,0xFF,0xF7,0x00,0x00,0x00,0x00,
    0x00,0x00,0x00,0x00,0x05,0xFF,0xF8,0x00,0x00,0x00,0x00,0x00,0x00,0x00,0x00,0x0C,0xFF,0xF2,0x00,0x00,0x00,0x00,0x00,0x00,
    0x00,0x00,0x04,0xFF,0xF7,0x00,0x00,0x00,0x00,0x00,0x00,0x00,0x00,0x0E,0xFF,0xD0,0x00,0x00,0x00,0x00,0x00,0x00,0x00,0x00,
    0x03,0xFF,0xF6,0x00,0x00,0x00,0x00,0x00,0x00,0x00,0x00,0x0F,0xFF,0x80,0x00,0x00,0x00,0x00,0x00,0x00,0x00,0x00,0x02,0xFF,
    0xF4,0x00,0x00,0x00,0x00,0x00,0x00,0x00,0x00,0x0F,0xFF,0x30,0x00,0x00,0x00,0x00,0x00,0x00,0x00,0x00,0x01,0xFF,0xF3,0x00,
    0x00,0x00,0x00,0x00,0x00,0x00,0x00,0x2F,0xFD,0x00,0x00,0x00,0x00,0x00,0x00,0x00,0x00,0x00,0x00,0xFF,0xF2,0x00,0x00,0x00,
    0x00,0x00,0x00,0x00,0x00,0x3F,0xF8,0x00,0x00,0x00,0x00,0x00,0x00,0x00,0x00,0x00,0x00,0xEF,0xF0,0x00,0x00,0x00,0x00,0x00,
    0x00,0x00,0x00,0x4F,0xF3,0x00,0x00,0x00,0x00,0x00,0x00,0x00,0x00,0x00,0x00,0xDF,0xF0,0x00,0x00,0x00,0x00,0x00,0x00,0x00,
    0x00,0x6F,0xA0,0x01,0x8F,0xFF,0xFF,0xFF,0xFF,0xFF,0xFF,0xFD,0x00,0x9F,0xE0,0x00,0x00,0x00,0x00,0x00,0x00,0x00,0x00,0x7A,
    0x02,0xAF,0xFF,0xFF,0xFF,0xFF,0xFF,0xFF,0xFF,0xFF,0xA0,0x0C,0xC0,0x00,0x00,0x00,0x00,0x00,0x00,0x00,0x00,0x30,0x2E,0xFF,
    0xFF,0xFF,0xFF,0xFF,0xFF,0xFF,0xFF,0xFF,0xF6,0x01,0x90,0x00,0x00,0x00,0x00,0x00,0x00,0x00,0x00,0x01,0xDF,0xFF,0xFF,0xFF,
    0xFF,0xFF,0xFF,0xFF,0xFF,0xFF,0xFF,0x30,0x00,0x00,0x00,0x00,0x00,0x00,0x00,0x00,0x00,0x00,0x00,0x00,0x00,0x00,0x00,0x00,
    0x00,0x00,0x00,0x00,0x00,0x00,0x00,0x00,0x00,0x00,0x00,0x00,0x00,0x00,0x00,0x00,0x00,0x00,0x00,0x00,0x00,0x00,0x00,0x00,
    0x00,0x00,0x00,0x00,0x00,0x00,0x00,0x00,0x00,0x00,0x00,0x00,0x00,0x00,0x00,0x00,0x00,0x00,0x00,0x00,0x00,0x00,0x00,0x00,
    0x00,0x00,0x00,0x00,0x00,0x00,0x00,0x00,0x00,0x00,0x00,0x00,0x00,0x00,0x00,0x00,0x00,0x00,0x00,0x00,0x00,0x00,0x00,0x00,
    0x00,0x00,0x00,0x00,0x00,0x00,0x00,0x00,
    // '7' (advance 44 px)
    0x00,0x00,0x00,0x00,0xDF,0xFF,0xFF,0xFF,0xFF,0xFF,0xFF,0xFF,0xFF,0xFF,0xFF,0x40,0x00,0x00,0x00,0x00,0x00,0x00,0x00,0x00,
    0x00,0x00,0x2F,0xFF,0xFF,0xFF,0xFF,0xFF,0xFF,0xFF,0xFF,0xFF,0xF5,0x01,0x00,0x00,0x00,0x00,0x00,0x00,0x00,0x00,0x00,0x00,
    0x06,0xFF,0xFF,0xFF,0xFF,0xFF,0xFF,0xFF,0xFF,0xFC,0x40,0x3A,0x00,0x00,0x00,0x00,0x00,0x00,0x00,0x00,0x00,0x00,0x00,0xAF,
    0xFF,0xFF,0xFF,0xFF,0xFF,0xFF,0xFA,0x30,0x03,0xF9,0x00,0x00,0x00,0x00,0x00,0x00,0x00,0x00,0x00,0x00,0x00,0x00,0x00,0x00,
    0x00,0x00,0x00,0x00,0x00,0x00,0x0D,0xF8,0x00,0x00,0x00,0x00,0x00,0x00,0x00,0x00,0x00,0x00,0x00,0x00,0x00,0x00,0x00,0x00,
    0x00,0x00,0x00,0x00,0x3F,0xF7,0x00,0x00,0x00,0x00,0x00,0x00,0x00,0x00,0x00,0x00,0x00,0x00,0x00,0x00,0x00,0x00,0x00,0x00,
    0x00,0x00,0x8F,0xF5,0x00,0x00,0x00,0x00,0x00,0x00,0x00,0x00,0x00,0x00,0x00,0x00,0x00,0x00,0x00,0x00,0x00,0x00,0x00,0x00,
    0xDF,0xF4,0x00,0x00,0x00,0x00,0x00,0x00,0x00,0x00,0x00,0x00,0x00,0x00,0x00,0x00,0x00,0x00,0x00,0x00,0x00,0x02,0xFF,0xF3,
    0x00,0x00,0x00,0x00,0x00,0x00,0x00,0x00,0x00,0x00,0x00,0x00,0x00,0x00,0x00,0x00,0x00,0x00,0x00,0x07,0xFF,0xF1,0x00,0x00,
    0x00,0x00,0x00,0x00,0x00,0x00,0x00,0x00,0x00,0x00,0x00,0x00,0x00,0x00,0x00,0x00,0x00,0x0D,0xFF,0xF0,0x00,0x00,0x00,0x00,
    0x00,0x00,0x00,0x00,0x00,0x00,0x00,0x00,0x00,0x00,0x00,0x00,0x00,0x00,0x00,0x2F,0xFF,0xF0,0x00,0x00,0x00,0x00,0x00,0x00,
    0x00,0x00,0x00,0x00,0x00,0x00,0x00,0x00,0x00,0x00,0x00,0x00,0x00,0x7F,0xFF,0xD0,0x00,0x00,0x00,0x00,0x00,0x00,0x00,0x00,
    0x00,0x00,0x00,0x00,0x00,0x00,0x00,0x00,0x00,0x00,0x00,0x8F,0xFF,0xC0,0x00,0x00,0x00,0x00,0x00,0x00,0x00,0x00,0x00,0x00,
    0x00,0x00,0x00,0x00,0x00,0x00,0x00,0x00,0x00,0xAF,0xFF,0xB0,0x00,0x00,0x00,0x00,0x00,0x00,0x00,0x00,0x00,0x00,0x00,0x00,
    0x00,0x00,0x00,0x00,0x00,0x00,0x00,0xBF,0xFF,0xA0,0x00,0x00,0x00,0x00,0x00,0x00,0x00,0x00,0x00,0x00,0x00,0x00,0x00,0x00,
    0x00,0x00,0x00,0x00,0x00,0xAF,0xFF,0x80,0x00,0x00,0x00,0x00,0x00,0x00,0x00,0x00,0x00,0x00,0x00,0x00,0x00,0x00,0x00,0x00,
    0x00,0x00,0x00,0x1E,0xFF,0x70,0x00,0x00,0x00,0x00,0x00,0x00,0x00,0x00,0x00,0x00,0x00,0x00,0x00,0x00,0x00,0x00,0x00,0x00,
    0x00,0x03,0xFE,0x40,0x00,0x00,0x00,0x00,0x00,0x00,0x00,0x00,0x00,0x00,0x00,0x00,0x00,0x00,0x00,0x00,0x00,0x00,0x00,0x00,
    0x20,0x00,0x00,0x00,0x00,0x00,0x00,0x00,0x00,0x00,0x00,0x00,0x00,0x00,0x00,0x00,0x00,0x00,0x00,0x00,0x00,0x00,0x00,0x00,
    0x00,0x00,0x00,0x00,0x00,0x00,0x00,0x00,0x00,0x00,0x00,0x00,0x00,0x00,0x00,0x00,0x00,0x00,0x00,0x03,0xC4,0x00,0x00,0x00,
    0x00,0x00,0x00,0x00,0x00,0x00,0x00,0x00,0x00,0x00,0x00,0x00,0x00,0x00,0x00,0x00,0x00,0x3F,0xFF,0x00,0x00,0x00,0x00,0x00,
    0x00,0x00,0x00,0x00,0x00,0x00,0x00,0x00,0x00,0x00,0x00,0x00,0x00,0x00,0x04,0xFF,0xFF,0x00,0x00,0x00,0x00,0x00,0x00,0x00,
    0x00,0x00,0x00,0x00,0x00,0x00,0x00,0x00,0x00,0x00,0x00,0x00,0x0A,0xFF,0xFE,0x00,0x00,0x00,0x00,0x00,0x00,0x00,0x00,0x00,
    0x00,0x00,0x00,0x00,0x00,0x00,0x00,0x00,0x00,0x00,0x09,0xFF,0xFC,0x00,0x00,0x00,0x00,0x00,0x00,0x00,0x00,0x00,0x00,0x00,
    0x00,0x00,0x00,0x00,0x00,0x00,0x00,0x00,0x08,0xFF,0xFB,0x00,0x00,0x00,0x00,0x00,0x00,0x00,0x00,0x00,0x00,0x00,0x00,0x00,
    0x00,0x00,0x00,0x00,0x00,0x00,0x07,0xFF,0xFA,0x00,0x00,0x00,0x00,0x00,0x00,0x00,0x00,0x00,0x00,0x00,0x00,0x00,0x00,0x00,
    0x00,0x00,0x00,0x00,0x05,0xFF,0xF8,0x00,0x00,0x00,0x00,0x00,0x00,0x00,0x00,0x00,0x00,0x00,0x00,0x00,0x00,0x00,0x00,0x00,
    0x00,0x00,0x04,0xFF,0xF7,0x00,0x00,0x00,0x00,0x00,0x00,0x00,0x00,0x00,0x00,0x00,0x00,0x00,0x00,0x00,0x00,0x00,0x00,0x00,
    0x03,0xFF,0xF6,0x00,0x00,0x00,0x00,0x00,0x00,0x00,0x00,0x00,0x00,0x00,0x00,0x00,0x00,0x00,0x00,0x00,0x00,0x00,0x02,0xFF,
    0xF4,0x00,0x00,0x00,0x00,0x00,0x00,0x00,0x00,0x00,0x00,0x00,0x00,0x00,0x00,0x00,0x00,0x00,0x00,0x00,0x01,0xFF,0xF3,0x00,
    0x00,0x00,0x00,0x00,0x00,0x00,0x00,0x00,0x00,0x00,0x00,0x00,0x00,0x00,0x00,0x00,0x00,0x00,0x00,0xFF,0xF2,0x00,0x00,0x00,
    0x00,0x00,0x00,0x00,0x00,0x00,0x00,0x00,0x00,0x00,0x00,0x00,0x00,0x00,0x00,0x00,0x00,0xEF,0xF0,0x00,0x00,0x00,0x00,0x00,
    0x00,0x00,0x00,0x00,0x00,0x00,0x00,0x00,0x00,0x00,0x00,0x00,0x00,0x00,0x00,0xDF,0xF0,0x00,0x00,0x00,0x00,0x00,0x00,0x00,
    0x00,0x00,0x00,0x00,0x00,0x00,0x00,0x00,0x00,0x00,0x00,0x00,0x00,0x9F,0xE0,0x00,0x00,0x00,0x00,0x00,0x00,0x00,0x00,0x00,
    0x00,0x00,0x00,0x00,0x00,0x00,0x00,0x00,0x00,0x00,0x00,0x0C,0xC0,0x00,0x00,0x00,0x00,0x00,0x00,0x00,0x00,0x00,0x00,0x00,
    0x00,0x00,0x00,0x00,0x00,0x00,0x00,0x00,0x00,0x01,0x90,0x00,0x00,0x00,0x00,0x00,0x00,0x00,0x00,0x00,0x00,0x00,0x00,0x00,
    0x00,0x00,0x00,0x00,0x00,0x00,0x00,0x00,0x00,0x00,0x00,0x00,0x00,0x00,0x00,0x00,0x00,0x00,0x00,0x00,0x00,0x00,0x00,0x00,
    0x00,0x00,0x00,0x00,0x00,0x00,0x00,0x00,0x00,0x00,0x00,0x00,0x00,0x00,0x00,0x00,0x00,0x00,0x00,0x00,0x00,0x00,0x00,0x00,
    0x00,0x00,0x00,0x00,0x00,0x00,0x00,0x00,0x00,0x00,0x00,0x00,0x00,0x00,0x00,0x00,0x00,0x00,0x00,0x00,0x00,0x00,0x00,0x00,
    0x00,0x00,0x00,0x00,0x00,0x00,0x00,0x00,0x00,0x00,0x00,0x00,0x00,0x00,0x00,0x00,0x00,0x00,0x00,0x00,0x00,0x00,0x00,0x00,
    0x00,0x00,0x00,0x00,0x00,0x00,0x00,0x00,
    // '8' (advance 44 px)
    0x00,0x00,0x00,0x00,0xDF,0xFF,0xFF,0xFF,0xFF,0xFF,0xFF,0xFF,0xFF,0xFF,0xFF,0x40,0x00,0x00,0x00,0x00,0x00,0x00,0x00,0x00,
    0x05,0x10,0x2F,0xFF,0xFF,0xFF,0xFF,0xFF,0xFF,0xFF,0xFF,0xFF,0xF5,0x03,0x00,0x00,0x00,0x00,0x00,0x00,0x00,0x00,0x08,0xC0,
    0x06,0xFF,0xFF,0xFF,0xFF,0xFF,0xFF,0xFF,0xFF,0xFC,0x40,0x7A,0x00,0x00,0x00,0x00,0x00,0x00,0x00,0x00,0x0A,0xFA,0x00,0xAF,
    0xFF,0xFF,0xFF,0xFF,0xFF,0xFF,0xFA,0x30,0x06,0xF9,0x00,0x00,0x00,0x00,0x00,0x00,0x00,0x00,0x0B,0xFF,0x10,0x00,0x00,0x00,
    0x00,0x00,0x00,0x00,0x00,0x00,0x0E,0xF8,0x00,0x00,0x00,0x00,0x00,0x00,0x00,0x00,0x0C,0xFF,0x20,0x00,0x00,0x00,0x00,0x00,
    0x00,0x00,0x00,0x00,0x4F,0xF6,0x00,0x00,0x00,0x00,0x00,0x00,0x00,0x00,0x0E,0xFF,0x30,0x00,0x00,0x00,0x00,0x00,0x00,0x00,
    0x00,0x00,0x9F,0xF5,0x00,0x00,0x00,0x00,0x00,0x00,0x00,0x00,0x0F,0xFF,0x40,0x00,0x00,0x00,0x00,0x00,0x00,0x00,0x00,0x00,
    0xEF,0xF4,0x00,0x00,0x00,0x00,0x00,0x00,0x00,0x00,0x0F,0xFF,0x60,0x00,0x00,0x00,0x00,0x00,0x00,0x00,0x00,0x03,0xFF,0xF2,
    0x00,0x00,0x00,0x00,0x00,0x00,0x00,0x00,0x2F,0xFF,0x70,0x00,0x00,0x00,0x00,0x00,0x00,0x00,0x00,0x09,0xFF,0xF1,0x00,0x00,
    0x00,0x00,0x00,0x00,0x00,0x00,0x3F,0xFF,0x80,0x00,0x00,0x00,0x00,0x00,0x00,0x00,0x00,0x0E,0xFF,0xF0,0x00,0x00,0x00,0x00,
    0x00,0x00,0x00,0x00,0x4F,0xFF,0x90,0x00,0x00,0x00,0x00,0x00,0x00,0x00,0x00,0x3F,0xFF,0xF0,0x00,0x00,0x00,0x00,0x00,0x00,
    0x00,0x00,0x6F,0xFF,0xA0,0x00,0x00,0x00,0x00,0x00,0x00,0x00,0x00,0x7F,0xFF,0xD0,0x00,0x00,0x00,0x00,0x00,0x00,0x00,0x00,
    0x7F,0xFF,0xB0,0x00,0x00,0x00,0x00,0x00,0x00,0x00,0x00,0x9F,0xFF,0xC0,0x00,0x00,0x00,0x00,0x00,0x00,0x00,0x00,0x8F,0xFF,
    0xC0,0x00,0x00,0x00,0x00,0x00,0x00,0x00,0x00,0xAF,0xFF,0xB0,0x00,0x00,0x00,0x00,0x00,0x00,0x00,0x00,0xAF,0xFF,0xE0,0x00,
    0x00,0x00,0x00,0x00,0x00,0x00,0x00,0xBF,0xFF,0x90,0x00,0x00,0x00,0x00,0x00,0x00,0x00,0x00,0xBF,0xFF,0xB0,0x00,0x00,0x00,
    0x00,0x00,0x00,0x00,0x00,0x9F,0xFF,0x80,0x00,0x00,0x00,0x00,0x00,0x00,0x00,0x00,0xCF,0xFB,0x00,0x00,0x00,0x00,0x00,0x00,
    0x00,0x00,0x00,0x0C,0xFF,0x70,0x00,0x00,0x00,0x00,0x00,0x00,0x00,0x00,0x4E,0xB3,0xFF,0xFF,0xFC,0x20,0x00,0x00,0x9F,0xFF,
    0xFD,0x21,0xDA,0x20,0x00,0x00,0x00,0x00,0x00,0x00,0x00,0x00,0x01,0x2E,0xFF,0xFF,0xFF,0xF8,0x00,0x5E,0xFF,0xFF,0xFF,0xE2,
    0x00,0x00,0x00,0x00,0x00,0x00,0x00,0x00,0x00,0x00,0x00,0x0C,0xFF,0xFF,0xFF,0xF6,0x00,0x4E,0xFF,0xFF,0xFF,0xE2,0x00,0x00,
    0x00,0x00,0x00,0x00,0x00,0x00,0x00,0x00,0x7E,0x41,0xDF,0xFF,0xFB,0x20,0x00,0x00,0x9F,0xFF,0xFD,0x24,0xD4,0x00,0x00,0x00,
    0x00,0x00,0x00,0x00,0x00,0x03,0xFF,0xF2,0x00,0x00,0x00,0x00,0x00,0x00,0x00,0x00,0x00,0x4F,0xFF,0x00,0x00,0x00,0x00,0x00,
    0x00,0x00,0x00,0x05,0xFF,0xFD,0x00,0x00,0x00,0x00,0x00,0x00,0x00,0x00,0x04,0xFF,0xFF,0x00,0x00,0x00,0x00,0x00,0x00,0x00,
    0x00,0x06,0xFF,0xFF,0x00,0x00,0x00,0x00,0x00,0x00,0x00,0x00,0x0A,0xFF,0xFD,0x00,0x00,0x00,0x00,0x00,0x00,0x00,0x00,0x07,
    0xFF,0xFE,0x00,0x00,0x00,0x00,0x00,0x00,0x00,0x00,0x09,0xFF,0xFC,0x00,0x00,0x00,0x00,0x00,0x00,0x00,0x00,0x09,0xFF,0xFD,
    0x00,0x00,0x00,0x00,0x00,0x00,0x00,0x00,0x08,0xFF,0xFB,0x00,0x00,0x00,0x00,0x00,0x00,0x00,0x00,0x0A,0xFF,0xFC,0x00,0x00,
    0x00,0x00,0x00,0x00,0x00,0x00,0x07,0xFF,0xFA,0x00,0x00,0x00,0x00,0x00,0x00,0x00,0x00,0x0B,0xFF,0xF7,0x00,0x00,0x00,0x00,
    0x00,0x00,0x00,0x00,0x05,0xFF,0xF8,0x00,0x00,0x00,0x00,0x00,0x00,0x00,0x00,0x0C,0xFF,0xF2,0x00,0x00,0x00,0x00,0x00,0x00,
    0x00,0x00,0x04,0xFF,0xF7,0x00,0x00,0x00,0x00,0x00,0x00,0x00,0x00,0x0E,0xFF,0xD0,0x00,0x00,0x00,0x00,0x00,0x00,0x00,0x00,
    0x03,0xFF,0xF6,0x00,0x00,0x00,0x00,0x00,0x00,0x00,0x00,0x0F,0xFF,0x80,0x00,0x00,0x00,0x00,0x00,0x00,0x00,0x00,0x02,0xFF,
    0xF4,0x00,0x00,0x00,0x00,0x00,0x00,0x00,0x00,0x0F,0xFF,0x30,0x00,0x00,0x00,0x00,0x00,0x00,0x00,0x00,0x01,0xFF,0xF3,0x00,
    0x00,0x00,0x00,0x00,0x00,0x00,0x00,0x2F,0xFD,0x00,0x00,0x00,0x00,0x00,0x00,0x00,0x00,0x00,0x00,0xFF,0xF2,0x00,0x00,0x00,
    0x00,0x00,0x00,0x00,0x00,0x3F,0xF8,0x00,0x00,0x00,0x00,0x00,0x00,0x00,0x00,0x00,0x00,0xEF,0xF0,0x00,0x00,0x00,0x00,0x00,
    0x00,0x00,0x00,0x4F,0xF3,0x00,0x00,0x00,0x00,0x00,0x00,0x00,0x00,0x00,0x00,0xDF,0xF0,0x00,0x00,0x00,0x00,0x00,0x00,0x00,
    0x00,0x6F,0xA0,0x01,0x8F,0xFF,0xFF,0xFF,0xFF,0xFF,0xFF,0xFD,0x00,0x9F,0xE0,0x00,0x00,0x00,0x00,0x00,0x00,0x00,0x00,0x7A,
    0x02,0xAF,0xFF,0xFF,0xFF,0xFF,0xFF,0xFF,0xFF,0xFF,0xA0,0x0C,0xC0,0x00,0x00,0x00,0x00,0x00,0x00,0x00,0x00,0x30,0x2E,0xFF,
    0xFF,0xFF,0xFF,0xFF,0xFF,0xFF,0xFF,0xFF,0xF6,0x01,0x90,0x00,0x00,0x00,0x00,0x00,0x00,0x00,0x00,0x01,0xDF,0xFF,0xFF,0xFF,
    0xFF,0xFF,0xFF,0xFF,0xFF,0xFF,0xFF,0x30,0x00,0x00,0x00,0x00,0x00,0x00,0x00,0x00,0x00,0x00,0x00,0x00,0x00,0x00,0x00,0x00,
    0x00,0x00,0x00,0x00,0x00,0x00,0x00,0x00,0x00,0x00,0x00,0x00,0x00,0x00,0x00,0x00,0x00,0x00,0x00,0x00,0x00,0x00,0x00,0x00,
    0x00,0x00,0x00,0x00,0x00,0x00,0x00,0x00,0x00,0x00,0x00,0x00,0x00,0x00,0x00,0x00,0x00,0x00,0x00,0x00,0x00,0x00,0x00,0x00,
    0x00,0x00,0x00,0x00,0x00,0x00,0x00,0x00,0x00,0x00,0x00,0x00,0x00,0x00,0x00,0x00,0x00,0x00,0x00,0x00,0x00,0x00,0x00,0x00,
    0x00,0x00,0x00,0x00,0x00,0x00,0x00,0x00,
    // '9' (advance 44 px)
    0x00,0x00,0x00,0x00,0xDF,0xFF,0xFF,0xFF,0xFF,0xFF,0xFF,0xFF,0xFF,0xFF,0xFF,0x40,0x00,0x00,0x00,0x00,0x00,0x00,0x00,0x00,
    0x07,0x30,0x2F,0xFF,0xFF,0xFF,0xFF,0xFF,0xFF,0xFF,0xFF,0xFF,0xF5,0x01,0x00,0x00,0x00,0x00,0x00,0x00,0x00,0x00,0x09,0xE1,
    0x06,0xFF,0xFF,0xFF,0xFF,0xFF,0xFF,0xFF,0xFF,0xFC,0x40,0x3A,0x00,0x00,0x00,0x00,0x00,0x00,0x00,0x00,0x0A,0xFD,0x00,0xAF,
    0xFF,0xFF,0xFF,0xFF,0xFF,0xFF,0xFA,0x30,0x03,0xF9,0x00,0x00,0x00,0x00,0x00,0x00,0x00,0x00,0x0B,0xFF,0x10,0x00,0x00,0x00,
    0x00,0x00,0x00,0x00,0x00,0x00,0x0D,0xF8,0x00,0x00,0x00,0x00,0x00,0x00,0x00,0x00,0x0D,0xFF,0x20,0x00,0x00,0x00,0x00,0x00,
    0x00,0x00,0x00,0x00,0x3F,0xF7,0x00,0x00,0x00,0x00,0x00,0x00,0x00,0x00,0x0E,0xFF,0x40,0x00,0x00,0x00,0x00,0x00,0x00,0x00,
    0x00,0x00,0x8F,0xF5,0x00,0x00,0x00,0x00,0x00,0x00,0x00,0x00,0x0F,0xFF,0x50,0x00,0x00,0x00,0x00,0x00,0x00,0x00,0x00,0x00,
    0xDF,0xF4,0x00,0x00,0x00,0x00,0x00,0x00,0x00,0x00,0x1F,0xFF,0x60,0x00,0x00,0x00,0x00,0x00,0x00,0x00,0x00,0x02,0xFF,0xF3,
    0x00,0x00,0x00,0x00,0x00,0x00,0x00,0x00,0x2F,0xFF,0x70,0x00,0x00,0x00,0x00,0x00,0x00,0x00,0x00,0x07,0xFF,0xF1,0x00,0x00,
    0x00,0x00,0x00,0x00,0x00,0x00,0x3F,0xFF,0x80,0x00,0x00,0x00,0x00,0x00,0x00,0x00,0x00,0x0D,0xFF,0xF0,0x00,0x00,0x00,0x00,
    0x00,0x00,0x00,0x00,0x5F,0xFF,0x90,0x00,0x00,0x00,0x00,0x00,0x00,0x00,0x00,0x2F,0xFF,0xF0,0x00,0x00,0x00,0x00,0x00,0x00,
    0x00,0x00,0x6F,0xFF,0xA0,0x00,0x00,0x00,0x00,0x00,0x00,0x00,0x00,0x7F,0xFF,0xD0,0x00,0x00,0x00,0x00,0x00,0x00,0x00,0x00,
    0x7F,0xFF,0xC0,0x00,0x00,0x00,0x00,0x00,0x00,0x00,0x00,0x8F,0xFF,0xC0,0x00,0x00,0x00,0x00,0x00,0x00,0x00,0x00,0x9F,0xFF,
    0xD0,0x00,0x00,0x00,0x00,0x00,0x00,0x00,0x00,0xAF,0xFF,0xB0,0x00,0x00,0x00,0x00,0x00,0x00,0x00,0x00,0xAF,0xFF,0xE0,0x00,
    0x00,0x00,0x00,0x00,0x00,0x00,0x00,0xBF,0xFF,0xA0,0x00,0x00,0x00,0x00,0x00,0x00,0x00,0x00,0xBF,0xFF,0x80,0x00,0x00,0x00,
    0x00,0x00,0x00,0x00,0x00,0xAF,0xFF,0x80,0x00,0x00,0x00,0x00,0x00,0x00,0x00,0x00,0xCF,0xF8,0x00,0x00,0x00,0x00,0x00,0x00,
    0x00,0x00,0x00,0x1E,0xFF,0x70,0x00,0x00,0x00,0x00,0x00,0x00,0x00,0x00,0x1B,0x73,0xFF,0xFF,0xFC,0x20,0x00,0x00,0x9F,0xFF,
    0xFD,0x23,0xFE,0x40,0x00,0x00,0x00,0x00,0x00,0x00,0x00,0x00,0x00,0x1E,0xFF,0xFF,0xFF,0xF8,0x00,0x5E,0xFF,0xFF,0xFF,0xE2,
    0x20,0x00,0x00,0x00,0x00,0x00,0x00,0x00,0x00,0x00,0x00,0x0C,0xFF,0xFF,0xFF,0xF6,0x00,0x4E,0xFF,0xFF,0xFF,0xE2,0x00,0x00,
    0x00,0x00,0x00,0x00,0x00,0x00,0x00,0x00,0x00,0x01,0xDF,0xFF,0xFB,0x20,0x00,0x00,0x9F,0xFF,0xFD,0x24,0xD4,0x00,0x00,0x00,
    0x00,0x00,0x00,0x00,0x00,0x00,0x00,0x00,0x00,0x00,0x00,0x00,0x00,0x00,0x00,0x00,0x00,0x4F,0xFF,0x00,0x00,0x00,0x00,0x00,
    0x00,0x00,0x00,0x00,0x00,0x00,0x00,0x00,0x00,0x00,0x00,0x00,0x00,0x00,0x04,0xFF,0xFF,0x00,0x00,0x00,0x00,0x00,0x00,0x00,
    0x00,0x00,0x00,0x00,0x00,0x00,0x00,0x00,0x00,0x00,0x00,0x00,0x0A,0xFF,0xFD,0x00,0x00,0x00,0x00,0x00,0x00,0x00,0x00,0x00,
    0x00,0x00,0x00,0x00,0x00,0x00,0x00,0x00,0x00,0x00,0x09,0xFF,0xFC,0x00,0x00,0x00,0x00,0x00,0x00,0x00,0x00,0x00,0x00,0x00,
    0x00,0x00,0x00,0x00,0x00,0x00,0x00,0x00,0x08,0xFF,0xFB,0x00,0x00,0x00,0x00,0x00,0x00,0x00,0x00,0x00,0x00,0x00,0x00,0x00,
    0x00,0x00,0x00,0x00,0x00,0x00,0x07,0xFF,0xFA,0x00,0x00,0x00,0x00,0x00,0x00,0x00,0x00,0x00,0x00,0x00,0x00,0x00,0x00,0x00,
    0x00,0x00,0x00,0x00,0x05,0xFF,0xF8,0x00,0x00,0x00,0x00,0x00,0x00,0x00,0x00,0x00,0x00,0x00,0x00,0x00,0x00,0x00,0x00,0x00,
    0x00,0x00,0x04,0xFF,0xF7,0x00,0x00,0x00,0x00,0x00,0x00,0x00,0x00,0x00,0x00,0x00,0x00,0x00,0x00,0x00,0x00,0x00,0x00,0x00,
    0x03,0xFF,0xF6,0x00,0x00,0x00,0x00,0x00,0x00,0x00,0x00,0x00,0x00,0x00,0x00,0x00,0x00,0x00,0x00,0x00,0x00,0x00,0x02,0xFF,
    0xF4,0x00,0x00,0x00,0x00,0x00,0x00,0x00,0x00,0x00,0x00,0x00,0x00,0x00,0x00,0x00,0x00,0x00,0x00,0x00,0x01,0xFF,0xF3,0x00,
    0x00,0x00,0x00,0x00,0x00,0x00,0x00,0x00,0x00,0x00,0x00,0x00,0x00,0x00,0x00,0x00,0x00,0x00,0x00,0xFF,0xF2,0x00,0x00,0x00,
    0x00,0x00,0x00,0x00,0x00,0x00,0x00,0x00,0x00,0x00,0x00,0x00,0x00,0x00,0x00,0x00,0x00,0xEF,0xF0,0x00,0x00,0x00,0x00,0x00,
    0x00,0x00,0x00,0x00,0x00,0x00,0x00,0x00,0x00,0x00,0x00,0x00,0x00,0x00,0x00,0xDF,0xF0,0x00,0x00,0x00,0x00,0x00,0x00,0x00,
    0x00,0x00,0x00,0x01,0x8F,0xFF,0xFF,0xFF,0xFF,0xFF,0xFF,0xFD,0x00,0x9F,0xE0,0x00,0x00,0x00,0x00,0x00,0x00,0x00,0x00,0x00,
    0x02,0xAF,0xFF,0xFF,0xFF,0xFF,0xFF,0xFF,0xFF,0xFF,0xA0,0x0C,0xC0,0x00,0x00,0x00,0x00,0x00,0x00,0x00,0x00,0x00,0x2E,0xFF,
    0xFF,0xFF,0xFF,0xFF,0xFF,0xFF,0xFF,0xFF,0xF6,0x01,0x90,0x00,0x00,0x00,0x00,0x00,0x00,0x00,0x00,0x01,0xDF,0xFF,0xFF,0xFF,
    0xFF,0xFF,0xFF,0xFF,0xFF,0xFF,0xFF,0x30,0x00,0x00,0x00,0x00,0x00,0x00,0x00,0x00,0x00,0x00,0x00,0x00,0x00,0x00,0x00,0x00,
    0x00,0x00,0x00,0x00,0x00,0x00,0x00,0x00,0x00,0x00,0x00,0x00,0x00,0x00,0x00,0x00,0x00,0x00,0x00,0x00,0x00,0x00,0x00,0x00,
    0x00,0x00,0x00,0x00,0x00,0x00,0x00,0x00,0x00,0x00,0x00,0x00,0x00,0x00,0x00,0x00,0x00,0x00,0x00,0x00,0x00,0x00,0x00,0x00,
    0x00,0x00,0x00,0x00,0x00,0x00,0x00,0x00,0x00,0x00,0x00,0x00,0x00,0x00,0x00,0x00,0x00,0x00,0x00,0x00,0x00,0x00,0x00,0x00,
    0x00,0x00,0x00,0x00,0x00,0x00,0x00,0x00,
    // ':' (advance 0 px)
    0x00,0x00,0x00,0x00,0x00,0x00,0x00,0x00,0x00,0x00,0x00,0x00,0x00,0x00,0x00,0x00,0x00,0x00,0x00,0x01,0xAE,0xD7,0x00,0x00,
    0x00,0x0B,0xFF,0xFF,0x60,0x00,0x00,0x1F,0xFF,0xFF,0xC0,0x00,0x00,0x1F,0xFF,0xFF,0xC0,0x00,0x00,0x0B,0xFF,0xFF,0x70,0x00,
    0x00,0x01,0xAE,0xE7,0x00,0x00,0x00,0x00,0x00,0x00,0x00,0x00,0x00,0x00,0x00,0x00,0x00,0x00,0x00,0x00,0x00,0x00,0x00,0x00,
    0x00,0x00,0x00,0x00,0x00,0x00,0x00,0x00,0x00,0x00,0x00,0x00,0x00,0x00,0x00,0x00,0x00,0x00,0x00,0x00,0x00,0x00,0x00,0x00,
    0x00,0x00,0x00,0x00,0x00,0x00,0x00,0x00,0x00,0x00,0x00,0x00,0x00,0x00,0x00,0x00,0x00,0x00,0x00,0x00,0x00,0x00,0x00,0x00,
    0x00,0x00,0x00,0x00,0x00,0x00,0x00,0x00,0x00,0x00,0x00,0x00,0x00,0x00,0x00,0x00,0x00,0x00,0x00,0x00,0x00,0x00,0x00,0x00,
    0x00,0x00,0x00,0x00,0x00,0x00,0x00,0x00,0x00,0x00,0x00,0x00,0x00,0x00,0x00,0x00,0x00,0x00,0x00,0x00,0x00,0x00,0x00,0x00,
    0x00,0x00,0x00,0x00,0x00,0x00,0x00,0x00,0x00,0x00,0x00,0x00,0x00,0x00,0x00,0x00,0x00,0x00,0x00,0x00,0x00,0x00,0x00,0x00,
    0x01,0xBF,0xD5,0x00,0x00,0x00,0x0D,0xFF,0xFF,0x40,0x00,0x00,0x4F,0xFF,0xFF,0xA0,0x00,0x00,0x4F,0xFF,0xFF,0xA0,0x00,0x00,
    0x0D,0xFF,0xFF,0x40,0x00,0x00,0x02,0xBF,0xD5,0x00,0x00,0x00,0x00,0x00,0x00,0x00,0x00,0x00,0x00,0x00,0x00,0x00,0x00,0x00,
    0x00,0x00,0x00,0x00,0x00,0x00,0x00,0x00,0x00,0x00,0x00,0x00,0x00,0x00,0x00,0x00,0x00,0x00,0x00,0x00,0x00,0x00,0x00,0x00,
    // 'A' (advance 44 px)
    0x00,0x00,0x00,0x00,0xDF,0xFF,0xFF,0xFF,0xFF,0xFF,0xFF,0xFF,0xFF,0xFF,0xFF,0x40,0x00,0x00,0x00,0x00,0x00,0x00,0x00,0x00,
    0x07,0x30,0x2F,0xFF,0xFF,0xFF,0xFF,0xFF,0xFF,0xFF,0xFF,0xFF,0xF5,0x01,0x00,0x00,0x00,0x00,0x00,0x00,0x00,0x00,0x09,0xE1,
    0x06,0xFF,0xFF,0xFF,0xFF,0xFF,0xFF,0xFF,0xFF,0xFC,0x40,0x3A,0x00,0x00,0x00,0x00,0x00,0x00,0x00,0x00,0x0A,0xFD,0x00,0xAF,
    0xFF,0xFF,0xFF,0xFF,0xFF,0xFF,0xFA,0x30,0x03,0xF9,0x00,0x00,0x00,0x00,0x00,0x00,0x00,0x00,0x0B,0xFF,0x10,0x00,0x00,0x00,
    0x00,0x00,0x00,0x00,0x00,0x00,0x0D,0xF8,0x00,0x00,0x00,0x00,0x00,0x00,0x00,0x00,0x0D,0xFF,0x20,0x00,0x00,0x00,0x00,0x00,
    0x00,0x00,0x00,0x00,0x3F,0xF7,0x00,0x00,0x00,0x00,0x00,0x00,0x00,0x00,0x0E,0xFF,0x40,0x00,0x00,0x00,0x00,0x00,0x00,0x00,
    0x00,0x00,0x8F,0xF5,0x00,0x00,0x00,0x00,0x00,0x00,0x00,0x00,0x0F,0xFF,0x50,0x00,0x00,0x00,0x00,0x00,0x00,0x00,0x00,0x00,
    0xDF,0xF4,0x00,0x00,0x00,0x00,0x00,0x00,0x00,0x00,0x1F,0xFF,0x60,0x00,0x00,0x00,0x00,0x00,0x00,0x00,0x00,0x02,0xFF,0xF3,
    0x00,0x00,0x00,0x00,0x00,0x00,0x00,0x00,0x2F,0xFF,0x70,0x00,0x00,0x00,0x00,0x00,0x00,0x00,0x00,0x07,0xFF,0xF1,0x00,0x00,
    0x00,0x00,0x00,0x00,0x00,0x00,0x3F,0xFF,0x80,0x00,0x00,0x00,0x00,0x00,0x00,0x00,0x00,0x0D,0xFF,0xF0,0x00,0x00,0x00,0x00,
    0x00,0x00,0x00,0x00,0x5F,0xFF,0x90,0x00,0x00,0x00,0x00,0x00,0x00,0x00,0x00,0x2F,0xFF,0xF0,0x00,0x00,0x00,0x00,0x00,0x00,
    0x00,0x00,0x6F,0xFF,0xA0,0x00,0x00,0x00,0x00,0x00,0x00,0x00,0x00,0x7F,0xFF,0xD0,0x00,0x00,0x00,0x00,0x00,0x00,0x00,0x00,
    0x7F,0xFF,0xC0,0x00,0x00,0x00,0x00,0x00,0x00,0x00,0x00,0x8F,0xFF,0xC0,0x00,0x00,0x00,0x00,0x00,0x00,0x00,0x00,0x9F,0xFF,
    0xD0,0x00,0x00,0x00,0x00,0x00,0x00,0x00,0x00,0xAF,0xFF,0xB0,0x00,0x00,0x00,0x00,0x00,0x00,0x00,0x00,0xAF,0xFF,0xE0,0x00,
    0x00,0x00,0x00,0x00,0x00,0x00,0x00,0xBF,0xFF,0xA0,0x00,0x00,0x00,0x00,0x00,0x00,0x00,0x00,0xBF,0xFF,0x80,0x00,0x00,0x00,
    0x00,0x00,0x00,0x00,0x00,0xAF,0xFF,0x80,0x00,0x00,0x00,0x00,0x00,0x00,0x00,0x00,0xCF,0xF8,0x00,0x00,0x00,0x00,0x00,0x00,
    0x00,0x00,0x00,0x1E,0xFF,0x70,0x00,0x00,0x00,0x00,0x00,0x00,0x00,0x00,0x1B,0x73,0xFF,0xFF,0xFC,0x20,0x00,0x00,0x9F,0xFF,
    0xFD,0x23,0xFE,0x40,0x00,0x00,0x00,0x00,0x00,0x00,0x00,0x00,0x00,0x1E,0xFF,0xFF,0xFF,0xF8,0x00,0x5E,0xFF,0xFF,0xFF,0xE2,
    0x20,0x00,0x00,0x00,0x00,0x00,0x00,0x00,0x00,0x00,0x00,0x0C,0xFF,0xFF,0xFF,0xF6,0x00,0x4E,0xFF,0xFF,0xFF,0xE2,0x00,0x00,
    0x00,0x00,0x00,0x00,0x00,0x00,0x00,0x00,0x5D,0x31,0xDF,0xFF,0xFB,0x20,0x00,0x00,0x9F,0xFF,0xFD,0x23,0xC4,0x00,0x00,0x00,
    0x00,0x00,0x00,0x00,0x00,0x03,0xFF,0xE1,0x00,0x00,0x00,0x00,0x00,0x00,0x00,0x00,0x00,0x3F,0xFF,0x00,0x00,0x00,0x00,0x00,
    0x00,0x00,0x00,0x05,0xFF,0xFC,0x00,0x00,0x00,0x00,0x00,0x00,0x00,0x00,0x04,0xFF,0xFF,0x00,0x00,0x00,0x00,0x00,0x00,0x00,
    0x00,0x06,0xFF,0xFF,0x00,0x00,0x00,0x00,0x00,0x00,0x00,0x00,0x0A,0xFF,0xFE,0x00,0x00,0x00,0x00,0x00,0x00,0x00,0x00,0x07,
    0xFF,0xFE,0x00,0x00,0x00,0x00,0x00,0x00,0x00,0x00,0x09,0xFF,0xFC,0x00,0x00,0x00,0x00,0x00,0x00,0x00,0x00,0x08,0xFF,0xFD,
    0x00,0x00,0x00,0x00,0x00,0x00,0x00,0x00,0x08,0xFF,0xFB,0x00,0x00,0x00,0x00,0x00,0x00,0x00,0x00,0x0A,0xFF,0xFC,0x00,0x00,
    0x00,0x00,0x00,0x00,0x00,0x00,0x07,0xFF,0xFA,0x00,0x00,0x00,0x00,0x00,0x00,0x00,0x00,0x0B,0xFF,0xF8,0x00,0x00,0x00,0x00,
    0x00,0x00,0x00,0x00,0x05,0xFF,0xF8,0x00,0x00,0x00,0x00,0x00,0x00,0x00,0x00,0x0C,0xFF,0xF3,0x00,0x00,0x00,0x00,0x00,0x00,
    0x00,0x00,0x04,0xFF,0xF7,0x00,0x00,0x00,0x00,0x00,0x00,0x00,0x00,0x0E,0xFF,0xE0,0x00,0x00,0x00,0x00,0x00,0x00,0x00,0x00,
    0x03,0xFF,0xF6,0x00,0x00,0x00,0x00,0x00,0x00,0x00,0x00,0x0F,0xFF,0x80,0x00,0x00,0x00,0x00,0x00,0x00,0x00,0x00,0x02,0xFF,
    0xF4,0x00,0x00,0x00,0x00,0x00,0x00,0x00,0x00,0x0F,0xFF,0x30,0x00,0x00,0x00,0x00,0x00,0x00,0x00,0x00,0x01,0xFF,0xF3,0x00,
    0x00,0x00,0x00,0x00,0x00,0x00,0x00,0x2F,0xFE,0x00,0x00,0x00,0x00,0x00,0x00,0x00,0x00,0x00,0x00,0xFF,0xF2,0x00,0x00,0x00,
    0x00,0x00,0x00,0x00,0x00,0x3F,0xF9,0x00,0x00,0x00,0x00,0x00,0x00,0x00,0x00,0x00,0x00,0xEF,0xF0,0x00,0x00,0x00,0x00,0x00,
    0x00,0x00,0x00,0x4F,0xF4,0x00,0x00,0x00,0x00,0x00,0x00,0x00,0x00,0x00,0x00,0xDF,0xF0,0x00,0x00,0x00,0x00,0x00,0x00,0x00,
    0x00,0x5F,0xC0,0x00,0x00,0x00,0x00,0x00,0x00,0x00,0x00,0x00,0x00,0x9F,0xE0,0x00,0x00,0x00,0x00,0x00,0x00,0x00,0x00,0x7C,
    0x00,0x00,0x00,0x00,0x00,0x00,0x00,0x00,0x00,0x00,0x00,0x0C,0xC0,0x00,0x00,0x00,0x00,0x00,0x00,0x00,0x00,0x40,0x00,0x00,
    0x00,0x00,0x00,0x00,0x00,0x00,0x00,0x00,0x00,0x01,0x90,0x00,0x00,0x00,0x00,0x00,0x00,0x00,0x00,0x00,0x00,0x00,0x00,0x00,
    0x00,0x00,0x00,0x00,0x00,0x00,0x00,0x00,0x00,0x00,0x00,0x00,0x00,0x00,0x00,0x00,0x00,0x00,0x00,0x00,0x00,0x00,0x00,0x00,
    0x00,0x00,0x00,0x00,0x00,0x00,0x00,0x00,0x00,0x00,0x00,0x00,0x00,0x00,0x00,0x00,0x00,0x00,0x00,0x00,0x00,0x00,0x00,0x00,
    0x00,0x00,0x00,0x00,0x00,0x00,0x00,0x00,0x00,0x00,0x00,0x00,0x00,0x00,0x00,0x00,0x00,0x00,0x00,0x00,0x00,0x00,0x00,0x00,
    0x00,0x00,0x00,0x00,0x00,0x00,0x00,0x00,0x00,0x00,0x00,0x00,0x00,0x00,0x00,0x00,0x00,0x00,0x00,0x00,0x00,0x00,0x00,0x00,
    0x00,0x00,0x00,0x00,0x00,0x00,0x00,0x00,
    // 'B' (advance 44 px)
    0x00,0x00,0x00,0x00,0xDF,0xFF,0xFF,0xFF,0xFF,0xFF,0xFF,0xFF,0xFF,0xFF,0xFF,0x40,0x00,0x00,0x00,0x00,0x00,0x00,0x00,0x00,
    0x00,0x00,0x2F,0xFF,0xFF,0xFF,0xFF,0xFF,0xFF,0xFF,0xFF,0xFF,0xF5,0x01,0x00,0x00,0x00,0x00,0x00,0x00,0x00,0x00,0x00,0x00,
    0x06,0xFF,0xFF,0xFF,0xFF,0xFF,0xFF,0xFF,0xFF,0xFC,0x40,0x3A,0x00,0x00,0x00,0x00,0x00,0x00,0x00,0x00,0x00,0x00,0x00,0xAF,
    0xFF,0xFF,0xFF,0xFF,0xFF,0xFF,0xFA,0x30,0x03,0xF9,0x00,0x00,0x00,0x00,0x00,0x00,0x00,0x00,0x00,0x00,0x00,0x00,0x00,0x00,
    0x00,0x00,0x00,0x00,0x00,0x00,0x0D,0xF8,0x00,0x00,0x00,0x00,0x00,0x00,0x00,0x00,0x00,0x00,0x00,0x00,0x00,0x06,0xFF,0xFF,
    0xF0,0x00,0x00,0x00,0x3F,0xF7,0x00,0x00,0x00,0x00,0x00,0x00,0x00,0x00,0x00,0x00,0x00,0x00,0x00,0x07,0xFF,0xFF,0xE0,0x00,
    0x00,0x00,0x8F,0xF5,0x00,0x00,0x00,0x00,0x00,0x00,0x00,0x00,0x00,0x00,0x00,0x00,0x00,0x09,0xFF,0xFF,0xD0,0x00,0x00,0x00,
    0xDF,0xF4,0x00,0x00,0x00,0x00,0x00,0x00,0x00,0x00,0x00,0x00,0x00,0x00,0x00,0x08,0xFF,0xFF,0xA0,0x00,0x00,0x02,0xFF,0xF3,
    0x00,0x00,0x00,0x00,0x00,0x00,0x00,0x00,0x00,0x00,0x00,0x00,0x00,0x06,0xFF,0xFF,0x50,0x00,0x00,0x07,0xFF,0xF1,0x00,0x00,
    0x00,0x00,0x00,0x00,0x00,0x00,0x00,0x00,0x00,0x00,0x00,0x03,0xFF,0xFF,0x00,0x00,0x00,0x0D,0xFF,0xF0,0x00,0x00,0x00,0x00,
    0x00,0x00,0x00,0x00,0x00,0x00,0x00,0x00,0x00,0x01,0xFF,0xFA,0x00,0x00,0x00,0x2F,0xFF,0xF0,0x00,0x00,0x00,0x00,0x00,0x00,
    0x00,0x00,0x00,0x00,0x00,0x00,0x00,0x00,0xEF,0xF5,0x00,0x00,0x00,0x7F,0xFF,0xD0,0x00,0x00,0x00,0x00,0x00,0x00,0x00,0x00,
    0x00,0x00,0x00,0x00,0x00,0x00,0xBF,0xF0,0x00,0x00,0x00,0x8F,0xFF,0xC0,0x00,0x00,0x00,0x00,0x00,0x00,0x00,0x00,0x00,0x00,
    0x00,0x00,0x00,0x00,0x9F,0xB0,0x00,0x00,0x00,0xAF,0xFF,0xB0,0x00,0x00,0x00,0x00,0x00,0x00,0x00,0x00,0x00,0x00,0x00,0x00,
    0x00,0x00,0x6F,0x60,0x00,0x00,0x00,0xBF,0xFF,0xA0,0x00,0x00,0x00,0x00,0x00,0x00,0x00,0x00,0x00,0x00,0x00,0x00,0x00,0x00,
    0x4F,0x10,0x00,0x00,0x00,0xAF,0xFF,0x80,0x00,0x00,0x00,0x00,0x00,0x00,0x00,0x00,0x00,0x00,0x00,0x00,0x00,0x00,0x1B,0x00,
    0x00,0x00,0x00,0x1E,0xFF,0x70,0x00,0x00,0x00,0x00,0x00,0x00,0x00,0x00,0x00,0x00,0x00,0x00,0x00,0x00,0x05,0x00,0x9F,0xFF,
    0xFD,0x23,0xFE,0x40,0x00,0x00,0x00,0x00,0x00,0x00,0x00,0x00,0x00,0x00,0x00,0x00,0x00,0x00,0x00,0x4E,0xFF,0xFF,0xFF,0xE2,
    0x20,0x00,0x00,0x00,0x00,0x00,0x00,0x00,0x00,0x00,0x00,0x00,0x00,0x00,0x00,0x00,0x00,0x5E,0xFF,0xFF,0xFF,0xE2,0x00,0x00,
    0x00,0x00,0x00,0x00,0x00,0x00,0x00,0x00,0x00,0x00,0x00,0x00,0x00,0x00,0x23,0x01,0x9F,0xFF,0xFD,0x24,0xD4,0x00,0x00,0x00,
    0x00,0x00,0x00,0x00,0x00,0x00,0x00,0x00,0x00,0x00,0x00,0x00,0x76,0x00,0x00,0x00,0x00,0x4F,0xFF,0x00,0x00,0x00,0x00,0x00,
    0x00,0x00,0x00,0x00,0x00,0x00,0x00,0x00,0x00,0x00,0xD8,0x00,0x00,0x00,0x04,0xFF,0xFF,0x00,0x00,0x00,0x00,0x00,0x00,0x00,
    0x00,0x00,0x00,0x00,0x00,0x00,0x00,0x02,0xFB,0x00,0x00,0x00,0x0A,0xFF,0xFD,0x00,0x00,0x00,0x00,0x00,0x00,0x00,0x00,0x00,
    0x00,0x00,0x00,0x00,0x00,0x07,0xFD,0x00,0x00,0x00,0x09,0xFF,0xFC,0x00,0x00,0x00,0x00,0x00,0x00,0x00,0x00,0x00,0x00,0x00,
    0x00,0x00,0x00,0x0C,0xFF,0x00,0x00,0x00,0x08,0xFF,0xFB,0x00,0x00,0x00,0x00,0x00,0x00,0x00,0x00,0x00,0x00,0x00,0x00,0x00,
    0x00,0x2F,0xFF,0x20,0x00,0x00,0x07,0xFF,0xFA,0x00,0x00,0x00,0x00,0x00,0x00,0x00,0x00,0x00,0x00,0x00,0x00,0x00,0x00,0x7F,
    0xFF,0x50,0x00,0x00,0x05,0xFF,0xF8,0x00,0x00,0x00,0x00,0x00,0x00,0x00,0x00,0x00,0x00,0x00,0x00,0x00,0x00,0xCF,0xFF,0x80,
    0x00,0x00,0x04,0xFF,0xF7,0x00,0x00,0x00,0x00,0x00,0x00,0x00,0x00,0x00,0x00,0x00,0x00,0x00,0x01,0xFF,0xFF,0xA0,0x00,0x00,
    0x03,0xFF,0xF6,0x00,0x00,0x00,0x00,0x00,0x00,0x00,0x00,0x00,0x00,0x00,0x00,0x00,0x07,0xFF,0xFF,0xD0,0x00,0x00,0x02,0xFF,
    0xF4,0x00,0x00,0x00,0x00,0x00,0x00,0x00,0x00,0x00,0x00,0x00,0x00,0x00,0x09,0xFF,0xFF,0xD0,0x00,0x00,0x01,0xFF,0xF3,0x00,
    0x00,0x00,0x00,0x00,0x00,0x00,0x00,0x00,0x00,0x00,0x00,0x00,0x0A,0xFF,0xFF,0xC0,0x00,0x00,0x00,0xFF,0xF2,0x00,0x00,0x00,
    0x00,0x00,0x00,0x00,0x00,0x00,0x00,0x00,0x00,0x00,0x09,0xDD,0xDD,0x90,0x00,0x00,0x00,0xEF,0xF0,0x00,0x00,0x00,0x00,0x00,
    0x00,0x00,0x00,0x00,0x00,0x00,0x00,0x00,0x00,0x00,0x00,0x00,0x00,0x00,0x00,0xDF,0xF0,0x00,0x00,0x00,0x00,0x00,0x00,0x00,
    0x00,0x00,0x00,0x01,0x8F,0xFF,0xFF,0xFF,0xFF,0xFF,0xFF,0xFD,0x00,0x9F,0xE0,0x00,0x00,0x00,0x00,0x00,0x00,0x00,0x00,0x00,
    0x02,0xAF,0xFF,0xFF,0xFF,0xFF,0xFF,0xFF,0xFF,0xFF,0xA0,0x0C,0xC0,0x00,0x00,0x00,0x00,0x00,0x00,0x00,0x00,0x00,0x2E,0xFF,
    0xFF,0xFF,0xFF,0xFF,0xFF,0xFF,0xFF,0xFF,0xF6,0x01,0x90,0x00,0x00,0x00,0x00,0x00,0x00,0x00,0x00,0x01,0xDF,0xFF,0xFF,0xFF,
    0xFF,0xFF,0xFF,0xFF,0xFF,0xFF,0xFF,0x30,0x00,0x00,0x00,0x00,0x00,0x00,0x00,0x00,0x00,0x00,0x00,0x00,0x00,0x00,0x00,0x00,
    0x00,0x00,0x00,0x00,0x00,0x00,0x00,0x00,0x00,0x00,0x00,0x00,0x00,0x00,0x00,0x00,0x00,0x00,0x00,0x00,0x00,0x00,0x00,0x00,
    0x00,0x00,0x00,0x00,0x00,0x00,0x00,0x00,0x00,0x00,0x00,0x00,0x00,0x00,0x00,0x00,0x00,0x00,0x00,0x00,0x00,0x00,0x00,0x00,
    0x00,0x00,0x00,0x00,0x00,0x00,0x00,0x00,0x00,0x00,0x00,0x00,0x00,0x00,0x00,0x00,0x00,0x00,0x00,0x00,0x00,0x00,0x00,0x00,
    0x00,0x00,0x00,0x00,0x00,0x00,0x00,0x00,
    // 'C' (advance 44 px)
    0x00,0x00,0x00,0x00,0xDF,0xFF,0xFF,0xFF,0xFF,0xFF,0xFF,0xFF,0xFF,0xFF,0xFF,0x40,0x00,0x00,0x00,0x00,0x00,0x00,0x00,0x00,
    0x05,0x10,0x2F,0xFF,0xFF,0xFF,0xFF,0xFF,0xFF,0xFF,0xFF,0xFF,0xF5,0x00,0x00,0x00,0x00,0x00,0x00,0x00,0x00,0x00,0x08,0xC0,
    0x06,0xFF,0xFF,0xFF,0xFF,0xFF,0xFF,0xFF,0xFF,0xFC,0x40,0x00,0x00,0x00,0x00,0x00,0x00,0x00,0x00,0x00,0x0A,0xFA,0x00,0xAF,
    0xFF,0xFF,0xFF,0xFF,0xFF,0xFF,0xFA,0x30,0x00,0x00,0x00,0x00,0x00,0x00,0x00,0x00,0x00,0x00,0x0B,0xFF,0x10,0x00,0x00,0x00,
    0x00,0x00,0x00,0x00,0x00,0x00,0x00,0x00,0x00,0x00,0x00,0x00,0x00,0x00,0x00,0x00,0x0C,0xFF,0x20,0x00,0x00,0x00,0x00,0x00,
    0x00,0x00,0x00,0x00,0x00,0x00,0x00,0x00,0x00,0x00,0x00,0x00,0x00,0x00,0x0E,0xFF,0x30,0x00,0x00,0x00,0x00,0x00,0x00,0x00,
    0x00,0x00,0x00,0x00,0x00,0x00,0x00,0x00,0x00,0x00,0x00,0x00,0x0F,0xFF,0x40,0x00,0x00,0x00,0x00,0x00,0x00,0x00,0x00,0x00,
    0x00,0x00,0x00,0x00,0x00,0x00,0x00,0x00,0x00,0x00,0x0F,0xFF,0x60,0x00,0x00,0x00,0x00,0x00,0x00,0x00,0x00,0x00,0x00,0x00,
    0x00,0x00,0x00,0x00,0x00,0x00,0x00,0x00,0x2F,0xFF,0x70,0x00,0x00,0x00,0x00,0x00,0x00,0x00,0x00,0x00,0x00,0x00,0x00,0x00,
    0x00,0x00,0x00,0x00,0x00,0x00,0x3F,0xFF,0x80,0x00,0x00,0x00,0x00,0x00,0x00,0x00,0x00,0x00,0x00,0x00,0x00,0x00,0x00,0x00,
    0x00,0x00,0x00,0x00,0x4F,0xFF,0x90,0x00,0x00,0x00,0x00,0x00,0x00,0x00,0x00,0x00,0x00,0x00,0x00,0x00,0x00,0x00,0x00,0x00,
    0x00,0x00,0x6F,0xFF,0xA0,0x00,0x00,0x00,0x00,0x00,0x00,0x00,0x00,0x00,0x00,0x00,0x00,0x00,0x00,0x00,0x00,0x00,0x00,0x00,
    0x7F,0xFF,0xB0,0x00,0x00,0x00,0x00,0x00,0x00,0x00,0x00,0x00,0x00,0x00,0x00,0x00,0x00,0x00,0x00,0x00,0x00,0x00,0x8F,0xFF,
    0xC0,0x00,0x00,0x00,0x00,0x00,0x00,0x00,0x00,0x00,0x00,0x00,0x00,0x00,0x00,0x00,0x00,0x00,0x00,0x00,0xAF,0xFF,0xE0,0x00,
    0x00,0x00,0x00,0x00,0x00,0x00,0x00,0x00,0x00,0x00,0x00,0x00,0x00,0x00,0x00,0x00,0x00,0x00,0xBF,0xFF,0xB0,0x00,0x00,0x00,
    0x00,0x00,0x00,0x00,0x00,0x00,0x00,0x00,0x00,0x00,0x00,0x00,0x00,0x00,0x00,0x00,0xCF,0xFB,0x00,0x00,0x00,0x00,0x00,0x00,
    0x00,0x00,0x00,0x00,0x00,0x00,0x00,0x00,0x00,0x00,0x00,0x00,0x00,0x00,0x4E,0xB0,0x00,0x00,0x00,0x00,0x00,0x00,0x00,0x00,
    0x00,0x00,0x00,0x00,0x00,0x00,0x00,0x00,0x00,0x00,0x00,0x00,0x01,0x00,0x00,0x00,0x00,0x00,0x00,0x00,0x00,0x00,0x00,0x00,
    0x00,0x00,0x00,0x00,0x00,0x00,0x00,0x00,0x00,0x00,0x00,0x00,0x00,0x00,0x00,0x00,0x00,0x00,0x00,0x00,0x00,0x00,0x00,0x00,
    0x00,0x00,0x00,0x00,0x00,0x00,0x00,0x00,0x7E,0x40,0x00,0x00,0x00,0x00,0x00,0x00,0x00,0x00,0x00,0x00,0x00,0x00,0x00,0x00,
    0x00,0x00,0x00,0x00,0x00,0x03,0xFF,0xF2,0x00,0x00,0x00,0x00,0x00,0x00,0x00,0x00,0x00,0x00,0x00,0x00,0x00,0x00,0x00,0x00,
    0x00,0x00,0x00,0x05,0xFF,0xFD,0x00,0x00,0x00,0x00,0x00,0x00,0x00,0x00,0x00,0x00,0x00,0x00,0x00,0x00,0x00,0x00,0x00,0x00,
    0x00,0x06,0xFF,0xFF,0x00,0x00,0x00,0x00,0x00,0x00,0x00,0x00,0x00,0x00,0x00,0x00,0x00,0x00,0x00,0x00,0x00,0x00,0x00,0x07,
    0xFF,0xFE,0x00,0x00,0x00,0x00,0x00,0x00,0x00,0x00,0x00,0x00,0x00,0x00,0x00,0x00,0x00,0x00,0x00,0x00,0x00,0x09,0xFF,0xFD,
    0x00,0x00,0x00,0x00,0x00,0x00,0x00,0x00,0x00,0x00,0x00,0x00,0x00,0x00,0x00,0x00,0x00,0x00,0x00,0x0A,0xFF,0xFC,0x00,0x00,
    0x00,0x00,0x00,0x00,0x00,0x00,0x00,0x00,0x00,0x00,0x00,0x00,0x00,0x00,0x00,0x00,0x00,0x0B,0xFF,0xF7,0x00,0x00,0x00,0x00,
    0x00,0x00,0x00,0x00,0x00,0x00,0x00,0x00,0x00,0x00,0x00,0x00,0x00,0x00,0x00,0x0C,0xFF,0xF2,0x00,0x00,0x00,0x00,0x00,0x00,
    0x00,0x00,0x00,0x00,0x00,0x00,0x00,0x00,0x00,0x00,0x00,0x00,0x00,0x0E,0xFF,0xD0,0x00,0x00,0x00,0x00,0x00,0x00,0x00,0x00,
    0x00,0x00,0x00,0x00,0x00,0x00,0x00,0x00,0x00,0x00,0x00,0x0F,0xFF,0x80,0x00,0x00,0x00,0x00,0x00,0x00,0x00,0x00,0x00,0x00,
    0x00,0x00,0x00,0x00,0x00,0x00,0x00,0x00,0x00,0x0F,0xFF,0x30,0x00,0x00,0x00,0x00,0x00,0x00,0x00,0x00,0x00,0x00,0x00,0x00,
    0x00,0x00,0x00,0x00,0x00,0x00,0x00,0x2F,0xFD,0x00,0x00,0x00,0x00,0x00,0x00,0x00,0x00,0x00,0x00,0x00,0x00,0x00,0x00,0x00,
    0x00,0x00,0x00,0x00,0x00,0x3F,0xF8,0x00,0x00,0x00,0x00,0x00,0x00,0x00,0x00,0x00,0x00,0x00,0x00,0x00,0x00,0x00,0x00,0x00,
    0x00,0x00,0x00,0x4F,0xF3,0x00,0x00,0x00,0x00,0x00,0x00,0x00,0x00,0x00,0x00,0x00,0x00,0x00,0x00,0x00,0x00,0x00,0x00,0x00,
    0x00,0x6F,0xA0,0x01,0x8F,0xFF,0xFF,0xFF,0xFF,0xFF,0xFF,0xFD,0x00,0x00,0x00,0x00,0x00,0x00,0x00,0x00,0x00,0x00,0x00,0x7A,
    0x02,0xAF,0xFF,0xFF,0xFF,0xFF,0xFF,0xFF,0xFF,0xFF,0xA0,0x00,0x00,0x00,0x00,0x00,0x00,0x00,0x00,0x00,0x00,0x30,0x2E,0xFF,
    0xFF,0xFF,0xFF,0xFF,0xFF,0xFF,0xFF,0xFF,0xF6,0x00,0x00,0x00,0x00,0x00,0x00,0x00,0x00,0x00,0x00,0x01,0xDF,0xFF,0xFF,0xFF,
    0xFF,0xFF,0xFF,0xFF,0xFF,0xFF,0xFF,0x30,0x00,0x00,0x00,0x00,0x00,0x00,0x00,0x00,0x00,0x00,0x00,0x00,0x00,0x00,0x00,0x00,
    0x00,0x00,0x00,0x00,0x00,0x00,0x00,0x00,0x00,0x00,0x00,0x00,0x00,0x00,0x00,0x00,0x00,0x00,0x00,0x00,0x00,0x00,0x00,0x00,
    0x00,0x00,0x00,0x00,0x00,0x00,0x00,0x00,0x00,0x00,0x00,0x00,0x00,0x00,0x00,0x00,0x00,0x00,0x00,0x00,0x00,0x00,0x00,0x00,
    0x00,0x00,0x00,0x00,0x00,0x00,0x00,0x00,0x00,0x00,0x00,0x00,0x00,0x00,0x00,0x00,0x00,0x00,0x00,0x00,0x00,0x00,0x00,0x00,
    0x00,0x00,0x00,0x00,0x00,0x00,0x00,0x00,
    // 'D' (advance 44 px)
    0x00,0x00,0x00,0x00,0xDF,0xFF,0xFF,0xFF,0xFF,0xFF,0xFF,0xFF,0xFF,0xFF,0xFF,0x40,0x00,0x00,0x00,0x00,0x00,0x00,0x00,0x00,
    0x00,0x00,0x2F,0xFF,0xFF,0xFF,0xFF,0xFF,0xFF,0xFF,0xFF,0xFF,0xF5,0x01,0x00,0x00,0x00,0x00,0x00,0x00,0x00,0x00,0x00,0x00,
    0x06,0xFF,0xFF,0xFF,0xFF,0xFF,0xFF,0xFF,0xFF,0xFC,0x40,0x3A,0x00,0x00,0x00,0x00,0x00,0x00,0x00,0x00,0x00,0x00,0x00,0xAF,
    0xFF,0xFF,0xFF,0xFF,0xFF,0xFF,0xFA,0x30,0x03,0xF9,0x00,0x00,0x00,0x00,0x00,0x00,0x00,0x00,0x00,0x00,0x00,0x00,0x00,0x00,
    0x00,0x00,0x00,0x00,0x00,0x00,0x0D,0xF8,0x00,0x00,0x00,0x00,0x00,0x00,0x00,0x00,0x00,0x00,0x00,0x00,0x00,0x06,0xFF,0xFF,
    0xF0,0x00,0x00,0x00,0x3F,0xF7,0x00,0x00,0x00,0x00,0x00,0x00,0x00,0x00,0x00,0x00,0x00,0x00,0x00,0x07,0xFF,0xFF,0xE0,0x00,
    0x00,0x00,0x8F,0xF5,0x00,0x00,0x00,0x00,0x00,0x00,0x00,0x00,0x00,0x00,0x00,0x00,0x00,0x09,0xFF,0xFF,0xD0,0x00,0x00,0x00,
    0xDF,0xF4,0x00,0x00,0x00,0x00,0x00,0x00,0x00,0x00,0x00,0x00,0x00,0x00,0x00,0x08,0xFF,0xFF,0xA0,0x00,0x00,0x02,0xFF,0xF3,
    0x00,0x00,0x00,0x00,0x00,0x00,0x00,0x00,0x00,0x00,0x00,0x00,0x00,0x06,0xFF,0xFF,0x40,0x00,0x00,0x07,0xFF,0xF1,0x00,0x00,
    0x00,0x00,0x00,0x00,0x00,0x00,0x00,0x00,0x00,0x00,0x00,0x03,0xFF,0xFF,0x00,0x00,0x00,0x0D,0xFF,0xF0,0x00,0x00,0x00,0x00,
    0x00,0x00,0x00,0x00,0x00,0x00,0x00,0x00,0x00,0x00,0xFF,0xFA,0x00,0x00,0x00,0x2F,0xFF,0xF0,0x00,0x00,0x00,0x00,0x00,0x00,
    0x00,0x00,0x00,0x00,0x00,0x00,0x00,0x00,0xEF,0xF5,0x00,0x00,0x00,0x7F,0xFF,0xD0,0x00,0x00,0x00,0x00,0x00,0x00,0x00,0x00,
    0x00,0x00,0x00,0x00,0x00,0x00,0xBF,0xF0,0x00,0x00,0x00,0x8F,0xFF,0xC0,0x00,0x00,0x00,0x00,0x00,0x00,0x00,0x00,0x00,0x00,
    0x00,0x00,0x00,0x00,0x9F,0xB0,0x00,0x00,0x00,0xAF,0xFF,0xB0,0x00,0x00,0x00,0x00,0x00,0x00,0x00,0x00,0x00,0x00,0x00,0x00,
    0x00,0x00,0x6F,0x50,0x00,0x00,0x00,0xBF,0xFF,0xA0,0x00,0x00,0x00,0x00,0x00,0x00,0x00,0x00,0x00,0x00,0x00,0x00,0x00,0x00,
    0x3F,0x10,0x00,0x00,0x00,0xAF,0xFF,0x80,0x00,0x00,0x00,0x00,0x00,0x00,0x00,0x00,0x00,0x00,0x00,0x00,0x00,0x00,0x1B,0x00,
    0x00,0x00,0x00,0x1E,0xFF,0x70,0x00,0x00,0x00,0x00,0x00,0x00,0x00,0x00,0x00,0x00,0x00,0x00,0x00,0x00,0x05,0x00,0x00,0x00,
    0x00,0x03,0xFE,0x40,0x00,0x00,0x00,0x00,0x00,0x00,0x00,0x00,0x00,0x00,0x00,0x00,0x00,0x00,0x00,0x00,0x00,0x00,0x00,0x00,
    0x20,0x00,0x00,0x00,0x00,0x00,0x00,0x00,0x00,0x00,0x00,0x00,0x00,0x00,0x00,0x00,0x00,0x00,0x00,0x00,0x00,0x00,0x00,0x00,
    0x00,0x00,0x00,0x00,0x00,0x00,0x00,0x00,0x00,0x00,0x00,0x00,0x00,0x00,0x23,0x00,0x00,0x00,0x00,0x04,0xD4,0x00,0x00,0x00,
    0x00,0x00,0x00,0x00,0x00,0x00,0x00,0x00,0x00,0x00,0x00,0x00,0x75,0x00,0x00,0x00,0x00,0x4F,0xFF,0x00,0x00,0x00,0x00,0x00,
    0x00,0x00,0x00,0x00,0x00,0x00,0x00,0x00,0x00,0x00,0xC8,0x00,0x00,0x00,0x04,0xFF,0xFF,0x00,0x00,0x00,0x00,0x00,0x00,0x00,
    0x00,0x00,0x00,0x00,0x00,0x00,0x00,0x02,0xFB,0x00,0x00,0x00,0x0A,0xFF,0xFD,0x00,0x00,0x00,0x00,0x00,0x00,0x00,0x00,0x00,
    0x00,0x00,0x00,0x00,0x00,0x07,0xFD,0x00,0x00,0x00,0x09,0xFF,0xFC,0x00,0x00,0x00,0x00,0x00,0x00,0x00,0x00,0x00,0x00,0x00,
    0x00,0x00,0x00,0x0C,0xFF,0x00,0x00,0x00,0x08,0xFF,0xFB,0x00,0x00,0x00,0x00,0x00,0x00,0x00,0x00,0x00,0x00,0x00,0x00,0x00,
    0x00,0x1F,0xFF,0x20,0x00,0x00,0x07,0xFF,0xFA,0x00,0x00,0x00,0x00,0x00,0x00,0x00,0x00,0x00,0x00,0x00,0x00,0x00,0x00,0x7F,
    0xFF,0x50,0x00,0x00,0x05,0xFF,0xF8,0x00,0x00,0x00,0x00,0x00,0x00,0x00,0x00,0x00,0x00,0x00,0x00,0x00,0x00,0xCF,0xFF,0x70,
    0x00,0x00,0x04,0xFF,0xF7,0x00,0x00,0x00,0x00,0x00,0x00,0x00,0x00,0x00,0x00,0x00,0x00,0x00,0x01,0xFF,0xFF,0xA0,0x00,0x00,
    0x03,0xFF,0xF6,0x00,0x00,0x00,0x00,0x00,0x00,0x00,0x00,0x00,0x00,0x00,0x00,0x00,0x06,0xFF,0xFF,0xD0,0x00,0x00,0x02,0xFF,
    0xF4,0x00,0x00,0x00,0x00,0x00,0x00,0x00,0x00,0x00,0x00,0x00,0x00,0x00,0x09,0xFF,0xFF,0xD0,0x00,0x00,0x01,0xFF,0xF3,0x00,
    0x00,0x00,0x00,0x00,0x00,0x00,0x00,0x00,0x00,0x00,0x00,0x00,0x0A,0xFF,0xFF,0xC0,0x00,0x00,0x00,0xFF,0xF2,0x00,0x00,0x00,
    0x00,0x00,0x00,0x00,0x00,0x00,0x00,0x00,0x00,0x00,0x0A,0xEE,0xEE,0xA0,0x00,0x00,0x00,0xEF,0xF0,0x00,0x00,0x00,0x00,0x00,
    0x00,0x00,0x00,0x00,0x00,0x00,0x00,0x00,0x00,0x00,0x00,0x00,0x00,0x00,0x00,0xDF,0xF0,0x00,0x00,0x00,0x00,0x00,0x00,0x00,
    0x00,0x00,0x00,0x01,0x8F,0xFF,0xFF,0xFF,0xFF,0xFF,0xFF,0xFD,0x00,0x9F,0xE0,0x00,0x00,0x00,0x00,0x00,0x00,0x00,0x00,0x00,
    0x02,0xAF,0xFF,0xFF,0xFF,0xFF,0xFF,0xFF,0xFF,0xFF,0xA0,0x0C,0xC0,0x00,0x00,0x00,0x00,0x00,0x00,0x00,0x00,0x00,0x2E,0xFF,
    0xFF,0xFF,0xFF,0xFF,0xFF,0xFF,0xFF,0xFF,0xF6,0x01,0x90,0x00,0x00,0x00,0x00,0x00,0x00,0x00,0x00,0x01,0xDF,0xFF,0xFF,0xFF,
    0xFF,0xFF,0xFF,0xFF,0xFF,0xFF,0xFF,0x30,0x00,0x00,0x00,0x00,0x00,0x00,0x00,0x00,0x00,0x00,0x00,0x00,0x00,0x00,0x00,0x00,
    0x00,0x00,0x00,0x00,0x00,0x00,0x00,0x00,0x00,0x00,0x00,0x00,0x00,0x00,0x00,0x00,0x00,0x00,0x00,0x00,0x00,0x00,0x00,0x00,
    0x00,0x00,0x00,0x00,0x00,0x00,0x00,0x00,0x00,0x00,0x00,0x00,0x00,0x00,0x00,0x00,0x00,0x00,0x00,0x00,0x00,0x00,0x00,0x00,
    0x00,0x00,0x00,0x00,0x00,0x00,0x00,0x00,0x00,0x00,0x00,0x00,0x00,0x00,0x00,0x00,0x00,0x00,0x00,0x00,0x00,0x00,0x00,0x00,
    0x00,0x00,0x00,0x00,0x00,0x00,0x00,0x00,
    // 'E' (advance 44 px)
    0x00,0x00,0x00,0x00,0xDF,0xFF,0xFF,0xFF,0xFF,0xFF,0xFF,0xFF,0xFF,0xFF,0xFF,0x40,0x00,0x00,0x00,0x00,0x00,0x00,0x00,0x00,
    0x05,0x10,0x2F,0xFF,0xFF,0xFF,0xFF,0xFF,0xFF,0xFF,0xFF,0xFF,0xF5,0x00,0x00,0x00,0x00,0x00,0x00,0x00,0x00,0x00,0x08,0xC0,
    0x06,0xFF,0xFF,0xFF,0xFF,0xFF,0xFF,0xFF,0xFF,0xFC,0x40,0x00,0x00,0x00,0x00,0x00,0x00,0x00,0x00,0x00,0x0A,0xFA,0x00,0xAF,
    0xFF,0xFF,0xFF,0xFF,0xFF,0xFF,0xFA,0x30,0x00,0x00,0x00,0x00,0x00,0x00,0x00,0x00,0x00,0x00,0x0B,0xFF,0x10,0x00,0x00,0x00,
    0x00,0x00,0x00,0x00,0x00,0x00,0x00,0x00,0x00,0x00,0x00,0x00,0x00,0x00,0x00,0x00,0x0C,0xFF,0x20,0x00,0x00,0x00,0x00,0x00,
    0x00,0x00,0x00,0x00,0x00,0x00,0x00,0x00,0x00,0x00,0x00,0x00,0x00,0x00,0x0E,0xFF,0x30,0x00,0x00,0x00,0x00,0x00,0x00,0x00,
    0x00,0x00,0x00,0x00,0x00,0x00,0x00,0x00,0x00,0x00,0x00,0x00,0x0F,0xFF,0x40,0x00,0x00,0x00,0x00,0x00,0x00,0x00,0x00,0x00,
    0x00,0x00,0x00,0x00,0x00,0x00,0x00,0x00,0x00,0x00,0x0F,0xFF,0x60,0x00,0x00,0x00,0x00,0x00,0x00,0x00,0x00,0x00,0x00,0x00,
    0x00,0x00,0x00,0x00,0x00,0x00,0x00,0x00,0x2F,0xFF,0x70,0x00,0x00,0x00,0x00,0x00,0x00,0x00,0x00,0x00,0x00,0x00,0x00,0x00,
    0x00,0x00,0x00,0x00,0x00,0x00,0x3F,0xFF,0x80,0x00,0x00,0x00,0x00,0x00,0x00,0x00,0x00,0x00,0x00,0x00,0x00,0x00,0x00,0x00,
    0x00,0x00,0x00,0x00,0x4F,0xFF,0x90,0x00,0x00,0x00,0x00,0x00,0x00,0x00,0x00,0x00,0x00,0x00,0x00,0x00,0x00,0x00,0x00,0x00,
    0x00,0x00,0x6F,0xFF,0xA0,0x00,0x00,0x00,0x00,0x00,0x00,0x00,0x00,0x00,0x00,0x00,0x00,0x00,0x00,0x00,0x00,0x00,0x00,0x00,
    0x7F,0xFF,0xB0,0x00,0x00,0x00,0x00,0x00,0x00,0x00,0x00,0x00,0x00,0x00,0x00,0x00,0x00,0x00,0x00,0x00,0x00,0x00,0x8F,0xFF,
    0xC0,0x00,0x00,0x00,0x00,0x00,0x00,0x00,0x00,0x00,0x00,0x00,0x00,0x00,0x00,0x00,0x00,0x00,0x00,0x00,0xAF,0xFF,0xE0,0x00,
    0x00,0x00,0x00,0x00,0x00,0x00,0x00,0x00,0x00,0x00,0x00,0x00,0x00,0x00,0x00,0x00,0x00,0x00,0xBF,0xFF,0xB0,0x00,0x00,0x00,
    0x00,0x00,0x00,0x00,0x00,0x00,0x00,0x00,0x00,0x00,0x00,0x00,0x00,0x00,0x00,0x00,0xCF,0xFB,0x00,0x00,0x00,0x00,0x00,0x00,
    0x00,0x00,0x00,0x00,0x00,0x00,0x00,0x00,0x00,0x00,0x00,0x00,0x00,0x00,0x4E,0xB3,0xFF,0xFF,0xFC,0x20,0x00,0x00,0x9F,0xFF,
    0xFD,0x20,0x00,0x00,0x00,0x00,0x00,0x00,0x00,0x00,0x00,0x00,0x01,0x2E,0xFF,0xFF,0xFF,0xF8,0x00,0x5E,0xFF,0xFF,0xFF,0xE2,
    0x00,0x00,0x00,0x00,0x00,0x00,0x00,0x00,0x00,0x00,0x00,0x0C,0xFF,0xFF,0xFF,0xF6,0x00,0x4E,0xFF,0xFF,0xFF,0xE2,0x00,0x00,
    0x00,0x00,0x00,0x00,0x00,0x00,0x00,0x00,0x7E,0x41,0xDF,0xFF,0xFB,0x20,0x00,0x00,0x9F,0xFF,0xFD,0x20,0x00,0x00,0x00,0x00,
    0x00,0x00,0x00,0x00,0x00,0x03,0xFF,0xF2,0x00,0x00,0x00,0x00,0x00,0x00,0x00,0x00,0x00,0x00,0x00,0x00,0x00,0x00,0x00,0x00,
    0x00,0x00,0x00,0x05,0xFF,0xFD,0x00,0x00,0x00,0x00,0x00,0x00,0x00,0x00,0x00,0x00,0x00,0x00,0x00,0x00,0x00,0x00,0x00,0x00,
    0x00,0x06,0xFF,0xFF,0x00,0x00,0x00,0x00,0x00,0x00,0x00,0x00,0x00,0x00,0x00,0x00,0x00,0x00,0x00,0x00,0x00,0x00,0x00,0x07,
    0xFF,0xFE,0x00,0x00,0x00,0x00,0x00,0x00,0x00,0x00,0x00,0x00,0x00,0x00,0x00,0x00,0x00,0x00,0x00,0x00,0x00,0x09,0xFF,0xFD,
    0x00,0x00,0x00,0x00,0x00,0x00,0x00,0x00,0x00,0x00,0x00,0x00,0x00,0x00,0x00,0x00,0x00,0x00,0x00,0x0A,0xFF,0xFC,0x00,0x00,
    0x00,0x00,0x00,0x00,0x00,0x00,0x00,0x00,0x00,0x00,0x00,0x00,0x00,0x00,0x00,0x00,0x00,0x0B,0xFF,0xF7,0x00,0x00,0x00,0x00,
    0x00,0x00,0x00,0x00,0x00,0x00,0x00,0x00,0x00,0x00,0x00,0x00,0x00,0x00,0x00,0x0C,0xFF,0xF2,0x00,0x00,0x00,0x00,0x00,0x00,
    0x00,0x00,0x00,0x00,0x00,0x00,0x00,0x00,0x00,0x00,0x00,0x00,0x00,0x0E,0xFF,0xD0,0x00,0x00,0x00,0x00,0x00,0x00,0x00,0x00,
    0x00,0x00,0x00,0x00,0x00,0x00,0x00,0x00,0x00,0x00,0x00,0x0F,0xFF,0x80,0x00,0x00,0x00,0x00,0x00,0x00,0x00,0x00,0x00,0x00,
    0x00,0x00,0x00,0x00,0x00,0x00,0x00,0x00,0x00,0x0F,0xFF,0x30,0x00,0x00,0x00,0x00,0x00,0x00,0x00,0x00,0x00,0x00,0x00,0x00,
    0x00,0x00,0x00,0x00,0x00,0x00,0x00,0x2F,0xFD,0x00,0x00,0x00,0x00,0x00,0x00,0x00,0x00,0x00,0x00,0x00,0x00,0x00,0x00,0x00,
    0x00,0x00,0x00,0x00,0x00,0x3F,0xF8,0x00,0x00,0x00,0x00,0x00,0x00,0x00,0x00,0x00,0x00,0x00,0x00,0x00,0x00,0x00,0x00,0x00,
    0x00,0x00,0x00,0x4F,0xF3,0x00,0x00,0x00,0x00,0x00,0x00,0x00,0x00,0x00,0x00,0x00,0x00,0x00,0x00,0x00,0x00,0x00,0x00,0x00,
    0x00,0x6F,0xA0,0x01,0x8F,0xFF,0xFF,0xFF,0xFF,0xFF,0xFF,0xFD,0x00,0x00,0x00,0x00,0x00,0x00,0x00,0x00,0x00,0x00,0x00,0x7A,
    0x02,0xAF,0xFF,0xFF,0xFF,0xFF,0xFF,0xFF,0xFF,0xFF,0xA0,0x00,0x00,0x00,0x00,0x00,0x00,0x00,0x00,0x00,0x00,0x30,0x2E,0xFF,
    0xFF,0xFF,0xFF,0xFF,0xFF,0xFF,0xFF,0xFF,0xF6,0x00,0x00,0x00,0x00,0x00,0x00,0x00,0x00,0x00,0x00,0x01,0xDF,0xFF,0xFF,0xFF,
    0xFF,0xFF,0xFF,0xFF,0xFF,0xFF,0xFF,0x30,0x00,0x00,0x00,0x00,0x00,0x00,0x00,0x00,0x00,0x00,0x00,0x00,0x00,0x00,0x00,0x00,
    0x00,0x00,0x00,0x00,0x00,0x00,0x00,0x00,0x00,0x00,0x00,0x00,0x00,0x00,0x00,0x00,0x00,0x00,0x00,0x00,0x00,0x00,0x00,0x00,
    0x00,0x00,0x00,0x00,0x00,0x00,0x00,0x00,0x00,0x00,0x00,0x00,0x00,0x00,0x00,0x00,0x00,0x00,0x00,0x00,0x00,0x00,0x00,0x00,
    0x00,0x00,0x00,0x00,0x00,0x00,0x00,0x00,0x00,0x00,0x00,0x00,0x00,0x00,0x00,0x00,0x00,0x00,0x00,0x00,0x00,0x00,0x00,0x00,
    0x00,0x00,0x00,0x00,0x00,0x00,0x00,0x00,
    // 'F' (advance 44 px)
    0x00,0x00,0x00,0x00,0xDF,0xFF,0xFF,0xFF,0xFF,0xFF,0xFF,0xFF,0xFF,0xFF,0xFF,0x40,0x00,0x00,0x00,0x00,0x00,0x00,0x00,0x00,
    0x07,0x30,0x2F,0xFF,0xFF,0xFF,0xFF,0xFF,0xFF,0xFF,0xFF,0xFF,0xF5,0x00,0x00,0x00,0x00,0x00,0x00,0x00,0x00,0x00,0x09,0xE1,
    0x06,0xFF,0xFF,0xFF,0xFF,0xFF,0xFF,0xFF,0xFF,0xFC,0x40,0x00,0x00,0x00,0x00,0x00,0x00,0x00,0x00,0x00,0x0A,0xFD,0x00,0xAF,
    0xFF,0xFF,0xFF,0xFF,0xFF,0xFF,0xFA,0x30,0x00,0x00,0x00,0x00,0x00,0x00,0x00,0x00,0x00,0x00,0x0B,0xFF,0x10,0x00,0x00,0x00,
    0x00,0x00,0x00,0x00,0x00,0x00,0x00,0x00,0x00,0x00,0x00,0x00,0x00,0x00,0x00,0x00,0x0D,0xFF,0x20,0x00,0x00,0x00,0x00,0x00,
    0x00,0x00,0x00,0x00,0x00,0x00,0x00,0x00,0x00,0x00,0x00,0x00,0x00,0x00,0x0E,0xFF,0x40,0x00,0x00,0x00,0x00,0x00,0x00,0x00,
    0x00,0x00,0x00,0x00,0x00,0x00,0x00,0x00,0x00,0x00,0x00,0x00,0x0F,0xFF,0x50,0x00,0x00,0x00,0x00,0x00,0x00,0x00,0x00,0x00,
    0x00,0x00,0x00,0x00,0x00,0x00,0x00,0x00,0x00,0x00,0x1F,0xFF,0x60,0x00,0x00,0x00,0x00,0x00,0x00,0x00,0x00,0x00,0x00,0x00,
    0x00,0x00,0x00,0x00,0x00,0x00,0x00,0x00,0x2F,0xFF,0x70,0x00,0x00,0x00,0x00,0x00,0x00,0x00,0x00,0x00,0x00,0x00,0x00,0x00,
    0x00,0x00,0x00,0x00,0x00,0x00,0x3F,0xFF,0x80,0x00,0x00,0x00,0x00,0x00,0x00,0x00,0x00,0x00,0x00,0x00,0x00,0x00,0x00,0x00,
    0x00,0x00,0x00,0x00,0x5F,0xFF,0x90,0x00,0x00,0x00,0x00,0x00,0x00,0x00,0x00,0x00,0x00,0x00,0x00,0x00,0x00,0x00,0x00,0x00,
    0x00,0x00,0x6F,0xFF,0xA0,0x00,0x00,0x00,0x00,0x00,0x00,0x00,0x00,0x00,0x00,0x00,0x00,0x00,0x00,0x00,0x00,0x00,0x00,0x00,
    0x7F,0xFF,0xC0,0x00,0x00,0x00,0x00,0x00,0x00,0x00,0x00,0x00,0x00,0x00,0x00,0x00,0x00,0x00,0x00,0x00,0x00,0x00,0x9F,0xFF,
    0xD0,0x00,0x00,0x00,0x00,0x00,0x00,0x00,0x00,0x00,0x00,0x00,0x00,0x00,0x00,0x00,0x00,0x00,0x00,0x00,0xAF,0xFF,0xE0,0x00,
    0x00,0x00,0x00,0x00,0x00,0x00,0x00,0x00,0x00,0x00,0x00,0x00,0x00,0x00,0x00,0x00,0x00,0x00,0xBF,0xFF,0x80,0x00,0x00,0x00,
    0x00,0x00,0x00,0x00,0x00,0x00,0x00,0x00,0x00,0x00,0x00,0x00,0x00,0x00,0x00,0x00,0xCF,0xF8,0x00,0x00,0x00,0x00,0x00,0x00,
    0x00,0x00,0x00,0x00,0x00,0x00,0x00,0x00,0x00,0x00,0x00,0x00,0x00,0x00,0x1B,0x73,0xFF,0xFF,0xFC,0x20,0x00,0x00,0x9F,0xFF,
    0xFD,0x20,0x00,0x00,0x00,0x00,0x00,0x00,0x00,0x00,0x00,0x00,0x00,0x1E,0xFF,0xFF,0xFF,0xF8,0x00,0x5E,0xFF,0xFF,0xFF,0xE2,
    0x00,0x00,0x00,0x00,0x00,0x00,0x00,0x00,0x00,0x00,0x00,0x0C,0xFF,0xFF,0xFF,0xF6,0x00,0x4E,0xFF,0xFF,0xFF,0xE2,0x00,0x00,
    0x00,0x00,0x00,0x00,0x00,0x00,0x00,0x00,0x5D,0x31,0xDF,0xFF,0xFB,0x20,0x00,0x00,0x9F,0xFF,0xFD,0x20,0x00,0x00,0x00,0x00,
    0x00,0x00,0x00,0x00,0x00,0x03,0xFF,0xE1,0x00,0x00,0x00,0x00,0x00,0x00,0x00,0x00,0x00,0x00,0x00,0x00,0x00,0x00,0x00,0x00,
    0x00,0x00,0x00,0x05,0xFF,0xFC,0x00,0x00,0x00,0x00,0x00,0x00,0x00,0x00,0x00,0x00,0x00,0x00,0x00,0x00,0x00,0x00,0x00,0x00,
    0x00,0x06,0xFF,0xFF,0x00,0x00,0x00,0x00,0x00,0x00,0x00,0x00,0x00,0x00,0x00,0x00,0x00,0x00,0x00,0x00,0x00,0x00,0x00,0x07,
    0xFF,0xFE,0x00,0x00,0x00,0x00,0x00,0x00,0x00,0x00,0x00,0x00,0x00,0x00,0x00,0x00,0x00,0x00,0x00,0x00,0x00,0x08,0xFF,0xFD,
    0x00,0x00,0x00,0x00,0x00,0x00,0x00,0x00,0x00,0x00,0x00,0x00,0x00,0x00,0x00,0x00,0x00,0x00,0x00,0x0A,0xFF,0xFC,0x00,0x00,
    0x00,0x00,0x00,0x00,0x00,0x00,0x00,0x00,0x00,0x00,0x00,0x00,0x00,0x00,0x00,0x00,0x00,0x0B,0xFF,0xF8,0x00,0x00,0x00,0x00,
    0x00,0x00,0x00,0x00,0x00,0x00,0x00,0x00,0x00,0x00,0x00,0x00,0x00,0x00,0x00,0x0C,0xFF,0xF3,0x00,0x00,0x00,0x00,0x00,0x00,
    0x00,0x00,0x00,0x00,0x00,0x00,0x00,0x00,0x00,0x00,0x00,0x00,0x00,0x0E,0xFF,0xE0,0x00,0x00,0x00,0x00,0x00,0x00,0x00,0x00,
    0x00,0x00,0x00,0x00,0x00,0x00,0x00,0x00,0x00,0x00,0x00,0x0F,0xFF,0x80,0x00,0x00,0x00,0x00,0x00,0x00,0x00,0x00,0x00,0x00,
    0x00,0x00,0x00,0x00,0x00,0x00,0x00,0x00,0x00,0x0F,0xFF,0x30,0x00,0x00,0x00,0x00,0x00,0x00,0x00,0x00,0x00,0x00,0x00,0x00,
    0x00,0x00,0x00,0x00,0x00,0x00,0x00,0x2F,0xFE,0x00,0x00,0x00,0x00,0x00,0x00,0x00,0x00,0x00,0x00,0x00,0x00,0x00,0x00,0x00,
    0x00,0x00,0x00,0x00,0x00,0x3F,0xF9,0x00,0x00,0x00,0x00,0x00,0x00,0x00,0x00,0x00,0x00,0x00,0x00,0x00,0x00,0x00,0x00,0x00,
    0x00,0x00,0x00,0x4F,0xF4,0x00,0x00,0x00,0x00,0x00,0x00,0x00,0x00,0x00,0x00,0x00,0x00,0x00,0x00,0x00,0x00,0x00,0x00,0x00,
    0x00,0x5F,0xC0,0x00,0x00,0x00,0x00,0x00,0x00,0x00,0x00,0x00,0x00,0x00,0x00,0x00,0x00,0x00,0x00,0x00,0x00,0x00,0x00,0x7C,
    0x00,0x00,0x00,0x00,0x00,0x00,0x00,0x00,0x00,0x00,0x00,0x00,0x00,0x00,0x00,0x00,0x00,0x00,0x00,0x00,0x00,0x40,0x00,0x00,
    0x00,0x00,0x00,0x00,0x00,0x00,0x00,0x00,0x00,0x00,0x00,0x00,0x00,0x00,0x00,0x00,0x00,0x00,0x00,0x00,0x00,0x00,0x00,0x00,
    0x00,0x00,0x00,0x00,0x00,0x00,0x00,0x00,0x00,0x00,0x00,0x00,0x00,0x00,0x00,0x00,0x00,0x00,0x00,0x00,0x00,0x00,0x00,0x00,
    0x00,0x00,0x00,0x00,0x00,0x00,0x00,0x00,0x00,0x00,0x00,0x00,0x00,0x00,0x00,0x00,0x00,0x00,0x00,0x00,0x00,0x00,0x00,0x00,
    0x00,0x00,0x00,0x00,0x00,0x00,0x00,0x00,0x00,0x00,0x00,0x00,0x00,0x00,0x00,0x00,0x00,0x00,0x00,0x00,0x00,0x00,0x00,0x00,
    0x00,0x00,0x00,0x00,0x00,0x00,0x00,0x00,0x00,0x00,0x00,0x00,0x00,0x00,0x00,0x00,0x00,0x00,0x00,0x00,0x00,0x00,0x00,0x00,
    0x00,0x00,0x00,0x00,0x00,0x00,0x00,0x00,
    // 'G' (advance 44 px)
    0x00,0x00,0x00,0x00,0xDF,0xFF,0xFF,0xFF,0xFF,0xFF,0xFF,0xFF,0xFF,0xFF,0xFF,0x40,0x00,0x00,0x00,0x00,0x00,0x00,0x00,0x00,
    0x05,0x10,0x2F,0xFF,0xFF,0xFF,0xFF,0xFF,0xFF,0xFF,0xFF,0xFF,0xF5,0x00,0x00,0x00,0x00,0x00,0x00,0x00,0x00,0x00,0x08,0xC0,
    0x06,0xFF,0xFF,0xFF,0xFF,0xFF,0xFF,0xFF,0xFF,0xFC,0x40,0x00,0x00,0x00,0x00,0x00,0x00,0x00,0x00,0x00,0x0A,0xFA,0x00,0xAF,
    0xFF,0xFF,0xFF,0xFF,0xFF,0xFF,0xFA,0x30,0x00,0x00,0x00,0x00,0x00,0x00,0x00,0x00,0x00,0x00,0x0B,0xFF,0x10,0x00,0x00,0x00,
    0x00,0x00,0x00,0x00,0x00,0x00,0x00,0x00,0x00,0x00,0x00,0x00,0x00,0x00,0x00,0x00,0x0C,0xFF,0x20,0x00,0x00,0x00,0x00,0x00,
    0x00,0x00,0x00,0x00,0x00,0x00,0x00,0x00,0x00,0x00,0x00,0x00,0x00,0x00,0x0E,0xFF,0x30,0x00,0x00,0x00,0x00,0x00,0x00,0x00,
    0x00,0x00,0x00,0x00,0x00,0x00,0x00,0x00,0x00,0x00,0x00,0x00,0x0F,0xFF,0x40,0x00,0x00,0x00,0x00,0x00,0x00,0x00,0x00,0x00,
    0x00,0x00,0x00,0x00,0x00,0x00,0x00,0x00,0x00,0x00,0x0F,0xFF,0x60,0x00,0x00,0x00,0x00,0x00,0x00,0x00,0x00,0x00,0x00,0x00,
    0x00,0x00,0x00,0x00,0x00,0x00,0x00,0x00,0x2F,0xFF,0x70,0x00,0x00,0x00,0x00,0x00,0x00,0x00,0x00,0x00,0x00,0x00,0x00,0x00,
    0x00,0x00,0x00,0x00,0x00,0x00,0x3F,0xFF,0x80,0x00,0x00,0x00,0x00,0x00,0x00,0x00,0x00,0x00,0x00,0x00,0x00,0x00,0x00,0x00,
    0x00,0x00,0x00,0x00,0x4F,0xFF,0x90,0x00,0x00,0x00,0x00,0x00,0x00,0x00,0x00,0x00,0x00,0x00,0x00,0x00,0x00,0x00,0x00,0x00,
    0x00,0x00,0x6F,0xFF,0xA0,0x00,0x00,0x00,0x00,0x00,0x00,0x00,0x00,0x00,0x00,0x00,0x00,0x00,0x00,0x00,0x00,0x00,0x00,0x00,
    0x7F,0xFF,0xB0,0x00,0x00,0x00,0x00,0x00,0x00,0x00,0x00,0x00,0x00,0x00,0x00,0x00,0x00,0x00,0x00,0x00,0x00,0x00,0x8F,0xFF,
    0xC0,0x00,0x00,0x00,0x00,0x00,0x00,0x00,0x00,0x00,0x00,0x00,0x00,0x00,0x00,0x00,0x00,0x00,0x00,0x00,0xAF,0xFF,0xE0,0x00,
    0x00,0x00,0x00,0x00,0x00,0x00,0x00,0x00,0x00,0x00,0x00,0x00,0x00,0x00,0x00,0x00,0x00,0x00,0xBF,0xFF,0xB0,0x00,0x00,0x00,
    0x00,0x00,0x00,0x00,0x00,0x00,0x00,0x00,0x00,0x00,0x00,0x00,0x00,0x00,0x00,0x00,0xCF,0xFB,0x00,0x00,0x00,0x00,0x00,0x00,
    0x00,0x00,0x00,0x00,0x00,0x00,0x00,0x00,0x00,0x00,0x00,0x00,0x00,0x00,0x4E,0xB0,0x00,0x00,0x00,0x00,0x00,0x00,0x9F,0xFF,
    0xFD,0x20,0x00,0x00,0x00,0x00,0x00,0x00,0x00,0x00,0x00,0x00,0x01,0x00,0x00,0x00,0x00,0x00,0x00,0x4E,0xFF,0xFF,0xFF,0xE2,
    0x00,0x00,0x00,0x00,0x00,0x00,0x00,0x00,0x00,0x00,0x00,0x00,0x00,0x00,0x00,0x00,0x00,0x5E,0xFF,0xFF,0xFF,0xE2,0x00,0x00,
    0x00,0x00,0x00,0x00,0x00,0x00,0x00,0x00,0x7E,0x40,0x00,0x00,0x00,0x00,0x00,0x01,0x9F,0xFF,0xFD,0x24,0xD4,0x00,0x00,0x00,
    0x00,0x00,0x00,0x00,0x00,0x03,0xFF,0xF2,0x00,0x00,0x00,0x00,0x00,0x00,0x00,0x00,0x00,0x4F,0xFF,0x00,0x00,0x00,0x00,0x00,
    0x00,0x00,0x00,0x05,0xFF,0xFD,0x00,0x00,0x00,0x00,0x00,0x00,0x00,0x00,0x04,0xFF,0xFF,0x00,0x00,0x00,0x00,0x00,0x00,0x00,
    0x00,0x06,0xFF,0xFF,0x00,0x00,0x00,0x00,0x00,0x00,0x00,0x00,0x0A,0xFF,0xFD,0x00,0x00,0x00,0x00,0x00,0x00,0x00,0x00,0x07,
    0xFF,0xFE,0x00,0x00,0x00,0x00,0x00,0x00,0x00,0x00,0x09,0xFF,0xFC,0x00,0x00,0x00,0x00,0x00,0x00,0x00,0x00,0x09,0xFF,0xFD,
    0x00,0x00,0x00,0x00,0x00,0x00,0x00,0x00,0x08,0xFF,0xFB,0x00,0x00,0x00,0x00,0x00,0x00,0x00,0x00,0x0A,0xFF,0xFC,0x00,0x00,
    0x00,0x00,0x00,0x00,0x00,0x00,0x07,0xFF,0xFA,0x00,0x00,0x00,0x00,0x00,0x00,0x00,0x00,0x0B,0xFF,0xF7,0x00,0x00,0x00,0x00,
    0x00,0x00,0x00,0x00,0x05,0xFF,0xF8,0x00,0x00,0x00,0x00,0x00,0x00,0x00,0x00,0x0C,0xFF,0xF2,0x00,0x00,0x00,0x00,0x00,0x00,
    0x00,0x00,0x04,0xFF,0xF7,0x00,0x00,0x00,0x00,0x00,0x00,0x00,0x00,0x0E,0xFF,0xD0,0x00,0x00,0x00,0x00,0x00,0x00,0x00,0x00,
    0x03,0xFF,0xF6,0x00,0x00,0x00,0x00,0x00,0x00,0x00,0x00,0x0F,0xFF,0x80,0x00,0x00,0x00,0x00,0x00,0x00,0x00,0x00,0x02,0xFF,
    0xF4,0x00,0x00,0x00,0x00,0x00,0x00,0x00,0x00,0x0F,0xFF,0x30,0x00,0x00,0x00,0x00,0x00,0x00,0x00,0x00,0x01,0xFF,0xF3,0x00,
    0x00,0x00,0x00,0x00,0x00,0x00,0x00,0x2F,0xFD,0x00,0x00,0x00,0x00,0x00,0x00,0x00,0x00,0x00,0x00,0xFF,0xF2,0x00,0x00,0x00,
    0x00,0x00,0x00,0x00,0x00,0x3F,0xF8,0x00,0x00,0x00,0x00,0x00,0x00,0x00,0x00,0x00,0x00,0xEF,0xF0,0x00,0x00,0x00,0x00,0x00,
    0x00,0x00,0x00,0x4F,0xF3,0x00,0x00,0x00,0x00,0x00,0x00,0x00,0x00,0x00,0x00,0xDF,0xF0,0x00,0x00,0x00,0x00,0x00,0x00,0x00,
    0x00,0x6F,0xA0,0x01,0x8F,0xFF,0xFF,0xFF,0xFF,0xFF,0xFF,0xFD,0x00,0x9F,0xE0,0x00,0x00,0x00,0x00,0x00,0x00,0x00,0x00,0x7A,
    0x02,0xAF,0xFF,0xFF,0xFF,0xFF,0xFF,0xFF,0xFF,0xFF,0xA0,0x0C,0xC0,0x00,0x00,0x00,0x00,0x00,0x00,0x00,0x00,0x30,0x2E,0xFF,
    0xFF,0xFF,0xFF,0xFF,0xFF,0xFF,0xFF,0xFF,0xF6,0x01,0x90,0x00,0x00,0x00,0x00,0x00,0x00,0x00,0x00,0x01,0xDF,0xFF,0xFF,0xFF,
    0xFF,0xFF,0xFF,0xFF,0xFF,0xFF,0xFF,0x30,0x00,0x00,0x00,0x00,0x00,0x00,0x00,0x00,0x00,0x00,0x00,0x00,0x00,0x00,0x00,0x00,
    0x00,0x00,0x00,0x00,0x00,0x00,0x00,0x00,0x00,0x00,0x00,0x00,0x00,0x00,0x00,0x00,0x00,0x00,0x00,0x00,0x00,0x00,0x00,0x00,
    0x00,0x00,0x00,0x00,0x00,0x00,0x00,0x00,0x00,0x00,0x00,0x00,0x00,0x00,0x00,0x00,0x00,0x00,0x00,0x00,0x00,0x00,0x00,0x00,
    0x00,0x00,0x00,0x00,0x00,0x00,0x00,0x00,0x00,0x00,0x00,0x00,0x00,0x00,0x00,0x00,0x00,0x00,0x00,0x00,0x00,0x00,0x00,0x00,
    0x00,0x00,0x00,0x00,0x00,0x00,0x00,0x00,
    // 'H' (advance 44 px)
    0x00,0x00,0x00,0x00,0x00,0x00,0x00,0x00,0x00,0x00,0x00,0x00,0x00,0x00,0x00,0x00,0x00,0x00,0x00,0x00,0x00,0x00,0x00,0x00,
    0x07,0x40,0x00,0x00,0x00,0x00,0x00,0x00,0x00,0x00,0x00,0x00,0x00,0x04,0x00,0x00,0x00,0x00,0x00,0x00,0x00,0x00,0x09,0xE2,
    0x00,0x00,0x00,0x00,0x00,0x00,0x00,0x00,0x00,0x00,0x00,0x8A,0x00,0x00,0x00,0x00,0x00,0x00,0x00,0x00,0x0A,0xFD,0x00,0x00,
    0x00,0x00,0x00,0x00,0x00,0x00,0x00,0x00,0x07,0xF9,0x00,0x00,0x00,0x00,0x00,0x00,0x00,0x00,0x0C,0xFF,0x10,0x00,0x00,0x00,
    0x00,0x00,0x00,0x00,0x00,0x00,0x0F,0xF8,0x00,0x00,0x00,0x00,0x00,0x00,0x00,0x00,0x0D,0xFF,0x30,0x00,0x00,0x00,0x00,0x00,
    0x00,0x00,0x00,0x00,0x4F,0xF6,0x00,0x00,0x00,0x00,0x00,0x00,0x00,0x00,0x0E,0xFF,0x40,0x00,0x00,0x00,0x00,0x00,0x00,0x00,
    0x00,0x00,0xAF,0xF5,0x00,0x00,0x00,0x00,0x00,0x00,0x00,0x00,0x0F,0xFF,0x50,0x00,0x00,0x00,0x00,0x00,0x00,0x00,0x00,0x00,
    0xEF,0xF4,0x00,0x00,0x00,0x00,0x00,0x00,0x00,0x00,0x1F,0xFF,0x60,0x00,0x00,0x00,0x00,0x00,0x00,0x00,0x00,0x04,0xFF,0xF2,
    0x00,0x00,0x00,0x00,0x00,0x00,0x00,0x00,0x2F,0xFF,0x70,0x00,0x00,0x00,0x00,0x00,0x00,0x00,0x00,0x09,0xFF,0xF1,0x00,0x00,
    0x00,0x00,0x00,0x00,0x00,0x00,0x3F,0xFF,0x80,0x00,0x00,0x00,0x00,0x00,0x00,0x00,0x00,0x0E,0xFF,0xF0,0x00,0x00,0x00,0x00,
    0x00,0x00,0x00,0x00,0x5F,0xFF,0x90,0x00,0x00,0x00,0x00,0x00,0x00,0x00,0x00,0x4F,0xFF,0xE0,0x00,0x00,0x00,0x00,0x00,0x00,
    0x00,0x00,0x6F,0xFF,0xA0,0x00,0x00,0x00,0x00,0x00,0x00,0x00,0x00,0x7F,0xFF,0xD0,0x00,0x00,0x00,0x00,0x00,0x00,0x00,0x00,
    0x7F,0xFF,0xC0,0x00,0x00,0x00,0x00,0x00,0x00,0x00,0x00,0x9F,0xFF,0xC0,0x00,0x00,0x00,0x00,0x00,0x00,0x00,0x00,0x9F,0xFF,
    0xD0,0x00,0x00,0x00,0x00,0x00,0x00,0x00,0x00,0xAF,0xFF,0xA0,0x00,0x00,0x00,0x00,0x00,0x00,0x00,0x00,0xAF,0xFF,0xE0,0x00,
    0x00,0x00,0x00,0x00,0x00,0x00,0x00,0xBF,0xFF,0x90,0x00,0x00,0x00,0x00,0x00,0x00,0x00,0x00,0xBF,0xFF,0x70,0x00,0x00,0x00,
    0x00,0x00,0x00,0x00,0x00,0x8F,0xFF,0x80,0x00,0x00,0x00,0x00,0x00,0x00,0x00,0x00,0xCF,0xF7,0x00,0x00,0x00,0x00,0x00,0x00,
    0x00,0x00,0x00,0x0B,0xFF,0x60,0x00,0x00,0x00,0x00,0x00,0x00,0x00,0x00,0x1A,0x63,0xFF,0xFF,0xFC,0x20,0x00,0x00,0x9F,0xFF,
    0xFD,0x20,0xC9,0x20,0x00,0x00,0x00,0x00,0x00,0x00,0x00,0x00,0x00,0x1E,0xFF,0xFF,0xFF,0xF8,0x00,0x5E,0xFF,0xFF,0xFF,0xE2,
    0x00,0x00,0x00,0x00,0x00,0x00,0x00,0x00,0x00,0x00,0x00,0x0C,0xFF,0xFF,0xFF,0xF6,0x00,0x4E,0xFF,0xFF,0xFF,0xE2,0x00,0x00,
    0x00,0x00,0x00,0x00,0x00,0x00,0x00,0x00,0x5D,0x31,0xDF,0xFF,0xFB,0x20,0x00,0x00,0x9F,0xFF,0xFD,0x23,0xC4,0x00,0x00,0x00,
    0x00,0x00,0x00,0x00,0x00,0x03,0xFF,0xE1,0x00,0x00,0x00,0x00,0x00,0x00,0x00,0x00,0x00,0x3F,0xFF,0x00,0x00,0x00,0x00,0x00,
    0x00,0x00,0x00,0x05,0xFF,0xFC,0x00,0x00,0x00,0x00,0x00,0x00,0x00,0x00,0x04,0xFF,0xFF,0x00,0x00,0x00,0x00,0x00,0x00,0x00,
    0x00,0x06,0xFF,0xFF,0x00,0x00,0x00,0x00,0x00,0x00,0x00,0x00,0x0A,0xFF,0xFE,0x00,0x00,0x00,0x00,0x00,0x00,0x00,0x00,0x07,
    0xFF,0xFE,0x00,0x00,0x00,0x00,0x00,0x00,0x00,0x00,0x09,0xFF,0xFC,0x00,0x00,0x00,0x00,0x00,0x00,0x00,0x00,0x08,0xFF,0xFD,
    0x00,0x00,0x00,0x00,0x00,0x00,0x00,0x00,0x08,0xFF,0xFB,0x00,0x00,0x00,0x00,0x00,0x00,0x00,0x00,0x0A,0xFF,0xFC,0x00,0x00,
    0x00,0x00,0x00,0x00,0x00,0x00,0x07,0xFF,0xFA,0x00,0x00,0x00,0x00,0x00,0x00,0x00,0x00,0x0B,0xFF,0xF8,0x00,0x00,0x00,0x00,
    0x00,0x00,0x00,0x00,0x05,0xFF,0xF8,0x00,0x00,0x00,0x00,0x00,0x00,0x00,0x00,0x0C,0xFF,0xF3,0x00,0x00,0x00,0x00,0x00,0x00,
    0x00,0x00,0x04,0xFF,0xF7,0x00,0x00,0x00,0x00,0x00,0x00,0x00,0x00,0x0E,0xFF,0xE0,0x00,0x00,0x00,0x00,0x00,0x00,0x00,0x00,
    0x03,0xFF,0xF6,0x00,0x00,0x00,0x00,0x00,0x00,0x00,0x00,0x0F,0xFF,0x80,0x00,0x00,0x00,0x00,0x00,0x00,0x00,0x00,0x02,0xFF,
    0xF4,0x00,0x00,0x00,0x00,0x00,0x00,0x00,0x00,0x0F,0xFF,0x30,0x00,0x00,0x00,0x00,0x00,0x00,0x00,0x00,0x01,0xFF,0xF3,0x00,
    0x00,0x00,0x00,0x00,0x00,0x00,0x00,0x2F,0xFE,0x00,0x00,0x00,0x00,0x00,0x00,0x00,0x00,0x00,0x00,0xFF,0xF2,0x00,0x00,0x00,
    0x00,0x00,0x00,0x00,0x00,0x3F,0xF9,0x00,0x00,0x00,0x00,0x00,0x00,0x00,0x00,0x00,0x00,0xEF,0xF0,0x00,0x00,0x00,0x00,0x00,
    0x00,0x00,0x00,0x4F,0xF4,0x00,0x00,0x00,0x00,0x00,0x00,0x00,0x00,0x00,0x00,0xDF,0xF0,0x00,0x00,0x00,0x00,0x00,0x00,0x00,
    0x00,0x5F,0xC0,0x00,0x00,0x00,0x00,0x00,0x00,0x00,0x00,0x00,0x00,0x9F,0xE0,0x00,0x00,0x00,0x00,0x00,0x00,0x00,0x00,0x7C,
    0x00,0x00,0x00,0x00,0x00,0x00,0x00,0x00,0x00,0x00,0x00,0x0C,0xC0,0x00,0x00,0x00,0x00,0x00,0x00,0x00,0x00,0x40,0x00,0x00,
    0x00,0x00,0x00,0x00,0x00,0x00,0x00,0x00,0x00,0x01,0x90,0x00,0x00,0x00,0x00,0x00,0x00,0x00,0x00,0x00,0x00,0x00,0x00,0x00,
    0x00,0x00,0x00,0x00,0x00,0x00,0x00,0x00,0x00,0x00,0x00,0x00,0x00,0x00,0x00,0x00,0x00,0x00,0x00,0x00,0x00,0x00,0x00,0x00,
    0x00,0x00,0x00,0x00,0x00,0x00,0x00,0x00,0x00,0x00,0x00,0x00,0x00,0x00,0x00,0x00,0x00,0x00,0x00,0x00,0x00,0x00,0x00,0x00,
    0x00,0x00,0x00,0x00,0x00,0x00,0x00,0x00,0x00,0x00,0x00,0x00,0x00,0x00,0x00,0x00,0x00,0x00,0x00,0x00,0x00,0x00,0x00,0x00,
    0x00,0x00,0x00,0x00,0x00,0x00,0x00,0x00,0x00,0x00,0x00,0x00,0x00,0x00,0x00,0x00,0x00,0x00,0x00,0x00,0x00,0x00,0x00,0x00,
    0x00,0x00,0x00,0x00,0x00,0x00,0x00,0x00,
    // 'I' (advance 44 px)
    0x00,0x00,0x00,0x00,0xDF,0xFF,0xFF,0xFF,0xFF,0xFF,0xFF,0xFF,0xFF,0xFF,0xFF,0x40,0x00,0x00,0x00,0x00,0x00,0x00,0x00,0x00,
    0x00,0x00,0x2F,0xFF,0xFF,0xFF,0xFF,0xFF,0xFF,0xFF,0xFF,0xFF,0xF5,0x00,0x00,0x00,0x00,0x00,0x00,0x00,0x00,0x00,0x00,0x00,
    0x06,0xFF,0xFF,0xFF,0xFF,0xFF,0xFF,0xFF,0xFF,0xFC,0x40,0x00,0x00,0x00,0x00,0x00,0x00,0x00,0x00,0x00,0x00,0x00,0x00,0xAF,
    0xFF,0xFF,0xFF,0xFF,0xFF,0xFF,0xFA,0x30,0x00,0x00,0x00,0x00,0x00,0x00,0x00,0x00,0x00,0x00,0x00,0x00,0x00,0x00,0x00,0x00,
    0x00,0x00,0x00,0x00,0x00,0x00,0x00,0x00,0x00,0x00,0x00,0x00,0x00,0x00,0x00,0x00,0x00,0x00,0x00,0x00,0x00,0x06,0xFF,0xFF,
    0xF0,0x00,0x00,0x00,0x00,0x00,0x00,0x00,0x00,0x00,0x00,0x00,0x00,0x00,0x00,0x00,0x00,0x00,0x00,0x07,0xFF,0xFF,0xE0,0x00,
    0x00,0x00,0x00,0x00,0x00,0x00,0x00,0x00,0x00,0x00,0x00,0x00,0x00,0x00,0x00,0x00,0x00,0x09,0xFF,0xFF,0xD0,0x00,0x00,0x00,
    0x00,0x00,0x00,0x00,0x00,0x00,0x00,0x00,0x00,0x00,0x00,0x00,0x00,0x00,0x00,0x08,0xFF,0xFF,0xA0,0x00,0x00,0x00,0x00,0x00,
    0x00,0x00,0x00,0x00,0x00,0x00,0x00,0x00,0x00,0x00,0x00,0x00,0x00,0x06,0xFF,0xFF,0x40,0x00,0x00,0x00,0x00,0x00,0x00,0x00,
    0x00,0x00,0x00,0x00,0x00,0x00,0x00,0x00,0x00,0x00,0x00,0x03,0xFF,0xFF,0x00,0x00,0x00,0x00,0x00,0x00,0x00,0x00,0x00,0x00,
    0x00,0x00,0x00,0x00,0x00,0x00,0x00,0x00,0x00,0x00,0xFF,0xFA,0x00,0x00,0x00,0x00,0x00,0x00,0x00,0x00,0x00,0x00,0x00,0x00,
    0x00,0x00,0x00,0x00,0x00,0x00,0x00,0x00,0xEF,0xF5,0x00,0x00,0x00,0x00,0x00,0x00,0x00,0x00,0x00,0x00,0x00,0x00,0x00,0x00,
    0x00,0x00,0x00,0x00,0x00,0x00,0xBF,0xF0,0x00,0x00,0x00,0x00,0x00,0x00,0x00,0x00,0x00,0x00,0x00,0x00,0x00,0x00,0x00,0x00,
    0x00,0x00,0x00,0x00,0x9F,0xB0,0x00,0x00,0x00,0x00,0x00,0x00,0x00,0x00,0x00,0x00,0x00,0x00,0x00,0x00,0x00,0x00,0x00,0x00,
    0x00,0x00,0x6F,0x50,0x00,0x00,0x00,0x00,0x00,0x00,0x00,0x00,0x00,0x00,0x00,0x00,0x00,0x00,0x00,0x00,0x00,0x00,0x00,0x00,
    0x3F,0x10,0x00,0x00,0x00,0x00,0x00,0x00,0x00,0x00,0x00,0x00,0x00,0x00,0x00,0x00,0x00,0x00,0x00,0x00,0x00,0x00,0x1B,0x00,
    0x00,0x00,0x00,0x00,0x00,0x00,0x00,0x00,0x00,0x00,0x00,0x00,0x00,0x00,0x00,0x00,0x00,0x00,0x00,0x00,0x05,0x00,0x00,0x00,
    0x00,0x00,0x00,0x00,0x00,0x00,0x00,0x00,0x00,0x00,0x00,0x00,0x00,0x00,0x00,0x00,0x00,0x00,0x00,0x00,0x00,0x00,0x00,0x00,
    0x00,0x00,0x00,0x00,0x00,0x00,0x00,0x00,0x00,0x00,0x00,0x00,0x00,0x00,0x00,0x00,0x00,0x00,0x00,0x00,0x00,0x00,0x00,0x00,
    0x00,0x00,0x00,0x00,0x00,0x00,0x00,0x00,0x00,0x00,0x00,0x00,0x00,0x00,0x23,0x00,0x00,0x00,0x00,0x00,0x00,0x00,0x00,0x00,
    0x00,0x00,0x00,0x00,0x00,0x00,0x00,0x00,0x00,0x00,0x00,0x00,0x75,0x00,0x00,0x00,0x00,0x00,0x00,0x00,0x00,0x00,0x00,0x00,
    0x00,0x00,0x00,0x00,0x00,0x00,0x00,0x00,0x00,0x00,0xC8,0x00,0x00,0x00,0x00,0x00,0x00,0x00,0x00,0x00,0x00,0x00,0x00,0x00,
    0x00,0x00,0x00,0x00,0x00,0x00,0x00,0x02,0xFB,0x00,0x00,0x00,0x00,0x00,0x00,0x00,0x00,0x00,0x00,0x00,0x00,0x00,0x00,0x00,
    0x00,0x00,0x00,0x00,0x00,0x07,0xFD,0x00,0x00,0x00,0x00,0x00,0x00,0x00,0x00,0x00,0x00,0x00,0x00,0x00,0x00,0x00,0x00,0x00,
    0x00,0x00,0x00,0x0C,0xFF,0x00,0x00,0x00,0x00,0x00,0x00,0x00,0x00,0x00,0x00,0x00,0x00,0x00,0x00,0x00,0x00,0x00,0x00,0x00,
    0x00,0x1F,0xFF,0x20,0x00,0x00,0x00,0x00,0x00,0x00,0x00,0x00,0x00,0x00,0x00,0x00,0x00,0x00,0x00,0x00,0x00,0x00,0x00,0x7F,
    0xFF,0x50,0x00,0x00,0x00,0x00,0x00,0x00,0x00,0x00,0x00,0x00,0x00,0x00,0x00,0x00,0x00,0x00,0x00,0x00,0x00,0xCF,0xFF,0x70,
    0x00,0x00,0x00,0x00,0x00,0x00,0x00,0x00,0x00,0x00,0x00,0x00,0x00,0x00,0x00,0x00,0x00,0x00,0x01,0xFF,0xFF,0xA0,0x00,0x00,
    0x00,0x00,0x00,0x00,0x00,0x00,0x00,0x00,0x00,0x00,0x00,0x00,0x00,0x00,0x00,0x00,0x06,0xFF,0xFF,0xD0,0x00,0x00,0x00,0x00,
    0x00,0x00,0x00,0x00,0x00,0x00,0x00,0x00,0x00,0x00,0x00,0x00,0x00,0x00,0x09,0xFF,0xFF,0xD0,0x00,0x00,0x00,0x00,0x00,0x00,
    0x00,0x00,0x00,0x00,0x00,0x00,0x00,0x00,0x00,0x00,0x00,0x00,0x0A,0xFF,0xFF,0xC0,0x00,0x00,0x00,0x00,0x00,0x00,0x00,0x00,
    0x00,0x00,0x00,0x00,0x00,0x00,0x00,0x00,0x00,0x00,0x0A,0xEE,0xEE,0xA0,0x00,0x00,0x00,0x00,0x00,0x00,0x00,0x00,0x00,0x00,
    0x00,0x00,0x00,0x00,0x00,0x00,0x00,0x00,0x00,0x00,0x00,0x00,0x00,0x00,0x00,0x00,0x00,0x00,0x00,0x00,0x00,0x00,0x00,0x00,
    0x00,0x00,0x00,0x01,0x8F,0xFF,0xFF,0xFF,0xFF,0xFF,0xFF,0xFD,0x00,0x00,0x00,0x00,0x00,0x00,0x00,0x00,0x00,0x00,0x00,0x00,
    0x02,0xAF,0xFF,0xFF,0xFF,0xFF,0xFF,0xFF,0xFF,0xFF,0xA0,0x00,0x00,0x00,0x00,0x00,0x00,0x00,0x00,0x00,0x00,0x00,0x2E,0xFF,
    0xFF,0xFF,0xFF,0xFF,0xFF,0xFF,0xFF,0xFF,0xF6,0x00,0x00,0x00,0x00,0x00,0x00,0x00,0x00,0x00,0x00,0x01,0xDF,0xFF,0xFF,0xFF,
    0xFF,0xFF,0xFF,0xFF,0xFF,0xFF,0xFF,0x30,0x00,0x00,0x00,0x00,0x00,0x00,0x00,0x00,0x00,0x00,0x00,0x00,0x00,0x00,0x00,0x00,
    0x00,0x00,0x00,0x00,0x00,0x00,0x00,0x00,0x00,0x00,0x00,0x00,0x00,0x00,0x00,0x00,0x00,0x00,0x00,0x00,0x00,0x00,0x00,0x00,
    0x00,0x00,0x00,0x00,0x00,0x00,0x00,0x00,0x00,0x00,0x00,0x00,0x00,0x00,0x00,0x00,0x00,0x00,0x00,0x00,0x00,0x00,0x00,0x00,
    0x00,0x00,0x00,0x00,0x00,0x00,0x00,0x00,0x00,0x00,0x00,0x00,0x00,0x00,0x00,0x00,0x00,0x00,0x00,0x00,0x00,0x00,0x00,0x00,
    0x00,0x00,0x00,0x00,0x00,0x00,0x00,0x00,
    // 'J' (advance 44 px)
    0x00,0x00,0x00,0x00,0x00,0x00,0x00,0x00,0x00,0x00,0x00,0x00,0x00,0x00,0x00,0x00,0x00,0x00,0x00,0x00,0x00,0x00,0x00,0x00,
    0x00,0x00,0x00,0x00,0x00,0x00,0x00,0x00,0x00,0x00,0x00,0x00,0x00,0x04,0x00,0x00,0x00,0x00,0x00,0x00,0x00,0x00,0x00,0x00,
    0x00,0x00,0x00,0x00,0x00,0x00,0x00,0x00,0x00,0x00,0x00,0x8A,0x00,0x00,0x00,0x00,0x00,0x00,0x00,0x00,0x00,0x00,0x00,0x00,
    0x00,0x00,0x00,0x00,0x00,0x00,0x00,0x00,0x07,0xF9,0x00,0x00,0x00,0x00,0x00,0x00,0x00,0x00,0x00,0x00,0x00,0x00,0x00,0x00,
    0x00,0x00,0x00,0x00,0x00,0x00,0x0F,0xF8,0x00,0x00,0x00,0x00,0x00,0x00,0x00,0x00,0x00,0x00,0x00,0x00,0x00,0x00,0x00,0x00,
    0x00,0x00,0x00,0x00,0x4F,0xF6,0x00,0x00,0x00,0x00,0x00,0x00,0x00,0x00,0x00,0x00,0x00,0x00,0x00,0x00,0x00,0x00,0x00,0x00,
    0x00,0x00,0xAF,0xF5,0x00,0x00,0x00,0x00,0x00,0x00,0x00,0x00,0x00,0x00,0x00,0x00,0x00,0x00,0x00,0x00,0x00,0x00,0x00,0x00,
    0xEF,0xF4,0x00,0x00,0x00,0x00,0x00,0x00,0x00,0x00,0x00,0x00,0x00,0x00,0x00,0x00,0x00,0x00,0x00,0x00,0x00,0x04,0xFF,0xF2,
    0x00,0x00,0x00,0x00,0x00,0x00,0x00,0x00,0x00,0x00,0x00,0x00,0x00,0x00,0x00,0x00,0x00,0x00,0x00,0x09,0xFF,0xF1,0x00,0x00,
    0x00,0x00,0x00,0x00,0x00,0x00,0x00,0x00,0x00,0x00,0x00,0x00,0x00,0x00,0x00,0x00,0x00,0x0E,0xFF,0xF0,0x00,0x00,0x00,0x00,
    0x00,0x00,0x00,0x00,0x00,0x00,0x00,0x00,0x00,0x00,0x00,0x00,0x00,0x00,0x00,0x4F,0xFF,0xE0,0x00,0x00,0x00,0x00,0x00,0x00,
    0x00,0x00,0x00,0x00,0x00,0x00,0x00,0x00,0x00,0x00,0x00,0x00,0x00,0x7F,0xFF,0xD0,0x00,0x00,0x00,0x00,0x00,0x00,0x00,0x00,
    0x00,0x00,0x00,0x00,0x00,0x00,0x00,0x00,0x00,0x00,0x00,0x9F,0xFF,0xC0,0x00,0x00,0x00,0x00,0x00,0x00,0x00,0x00,0x00,0x00,
    0x00,0x00,0x00,0x00,0x00,0x00,0x00,0x00,0x00,0xAF,0xFF,0xA0,0x00,0x00,0x00,0x00,0x00,0x00,0x00,0x00,0x00,0x00,0x00,0x00,
    0x00,0x00,0x00,0x00,0x00,0x00,0x00,0xBF,0xFF,0x90,0x00,0x00,0x00,0x00,0x00,0x00,0x00,0x00,0x00,0x00,0x00,0x00,0x00,0x00,
    0x00,0x00,0x00,0x00,0x00,0x8F,0xFF,0x80,0x00,0x00,0x00,0x00,0x00,0x00,0x00,0x00,0x00,0x00,0x00,0x00,0x00,0x00,0x00,0x00,
    0x00,0x00,0x00,0x0B,0xFF,0x60,0x00,0x00,0x00,0x00,0x00,0x00,0x00,0x00,0x00,0x00,0x00,0x00,0x00,0x00,0x00,0x00,0x00,0x00,
    0x00,0x00,0xC9,0x20,0x00,0x00,0x00,0x00,0x00,0x00,0x00,0x00,0x00,0x00,0x00,0x00,0x00,0x00,0x00,0x00,0x00,0x00,0x00,0x00,
    0x00,0x00,0x00,0x00,0x00,0x00,0x00,0x00,0x00,0x00,0x00,0x00,0x00,0x00,0x00,0x00,0x00,0x00,0x00,0x00,0x00,0x00,0x00,0x00,
    0x00,0x00,0x00,0x00,0x00,0x00,0x00,0x00,0x7E,0x40,0x00,0x00,0x00,0x00,0x00,0x00,0x00,0x00,0x00,0x04,0xD4,0x00,0x00,0x00,
    0x00,0x00,0x00,0x00,0x00,0x03,0xFF,0xF2,0x00,0x00,0x00,0x00,0x00,0x00,0x00,0x00,0x00,0x4F,0xFF,0x00,0x00,0x00,0x00,0x00,
    0x00,0x00,0x00,0x05,0xFF,0xFD,0x00,0x00,0x00,0x00,0x00,0x00,0x00,0x00,0x04,0xFF,0xFF,0x00,0x00,0x00,0x00,0x00,0x00,0x00,
    0x00,0x06,0xFF,0xFF,0x00,0x00,0x00,0x00,0x00,0x00,0x00,0x00,0x0A,0xFF,0xFD,0x00,0x00,0x00,0x00,0x00,0x00,0x00,0x00,0x07,
    0xFF,0xFE,0x00,0x00,0x00,0x00,0x00,0x00,0x00,0x00,0x09,0xFF,0xFC,0x00,0x00,0x00,0x00,0x00,0x00,0x00,0x00,0x09,0xFF,0xFD,
    0x00,0x00,0x00,0x00,0x00,0x00,0x00,0x00,0x08,0xFF,0xFB,0x00,0x00,0x00,0x00,0x00,0x00,0x00,0x00,0x0A,0xFF,0xFC,0x00,0x00,
    0x00,0x00,0x00,0x00,0x00,0x00,0x07,0xFF,0xFA,0x00,0x00,0x00,0x00,0x00,0x00,0x00,0x00,0x0B,0xFF,0xF7,0x00,0x00,0x00,0x00,
    0x00,0x00,0x00,0x00,0x05,0xFF,0xF8,0x00,0x00,0x00,0x00,0x00,0x00,0x00,0x00,0x0C,0xFF,0xF2,0x00,0x00,0x00,0x00,0x00,0x00,
    0x00,0x00,0x04,0xFF,0xF7,0x00,0x00,0x00,0x00,0x00,0x00,0x00,0x00,0x0E,0xFF,0xD0,0x00,0x00,0x00,0x00,0x00,0x00,0x00,0x00,
    0x03,0xFF,0xF6,0x00,0x00,0x00,0x00,0x00,0x00,0x00,0x00,0x0F,0xFF,0x80,0x00,0x00,0x00,0x00,0x00,0x00,0x00,0x00,0x02,0xFF,
    0xF4,0x00,0x00,0x00,0x00,0x00,0x00,0x00,0x00,0x0F,0xFF,0x30,0x00,0x00,0x00,0x00,0x00,0x00,0x00,0x00,0x01,0xFF,0xF3,0x00,
    0x00,0x00,0x00,0x00,0x00,0x00,0x00,0x2F,0xFD,0x00,0x00,0x00,0x00,0x00,0x00,0x00,0x00,0x00,0x00,0xFF,0xF2,0x00,0x00,0x00,
    0x00,0x00,0x00,0x00,0x00,0x3F,0xF8,0x00,0x00,0x00,0x00,0x00,0x00,0x00,0x00,0x00,0x00,0xEF,0xF0,0x00,0x00,0x00,0x00,0x00,
    0x00,0x00,0x00,0x4F,0xF3,0x00,0x00,0x00,0x00,0x00,0x00,0x00,0x00,0x00,0x00,0xDF,0xF0,0x00,0x00,0x00,0x00,0x00,0x00,0x00,
    0x00,0x6F,0xA0,0x01,0x8F,0xFF,0xFF,0xFF,0xFF,0xFF,0xFF,0xFD,0x00,0x9F,0xE0,0x00,0x00,0x00,0x00,0x00,0x00,0x00,0x00,0x7A,
    0x02,0xAF,0xFF,0xFF,0xFF,0xFF,0xFF,0xFF,0xFF,0xFF,0xA0,0x0C,0xC0,0x00,0x00,0x00,0x00,0x00,0x00,0x00,0x00,0x30,0x2E,0xFF,
    0xFF,0xFF,0xFF,0xFF,0xFF,0xFF,0xFF,0xFF,0xF6,0x01,0x90,0x00,0x00,0x00,0x00,0x00,0x00,0x00,0x00,0x01,0xDF,0xFF,0xFF,0xFF,
    0xFF,0xFF,0xFF,0xFF,0xFF,0xFF,0xFF,0x30,0x00,0x00,0x00,0x00,0x00,0x00,0x00,0x00,0x00,0x00,0x00,0x00,0x00,0x00,0x00,0x00,
    0x00,0x00,0x00,0x00,0x00,0x00,0x00,0x00,0x00,0x00,0x00,0x00,0x00,0x00,0x00,0x00,0x00,0x00,0x00,0x00,0x00,0x00,0x00,0x00,
    0x00,0x00,0x00,0x00,0x00,0x00,0x00,0x00,0x00,0x00,0x00,0x00,0x00,0x00,0x00,0x00,0x00,0x00,0x00,0x00,0x00,0x00,0x00,0x00,
    0x00,0x00,0x00,0x00,0x00,0x00,0x00,0x00,0x00,0x00,0x00,0x00,0x00,0x00,0x00,0x00,0x00,0x00,0x00,0x00,0x00,0x00,0x00,0x00,
    0x00,0x00,0x00,0x00,0x00,0x00,0x00,0x00,
    // 'K' (advance 44 px)
    0x00,0x00,0x00,0x00,0x00,0x00,0x00,0x00,0x00,0x00,0x00,0x00,0x00,0x00,0x00,0x00,0x00,0x00,0x00,0x00,0x00,0x00,0x00,0x00,
    0x07,0x40,0x00,0x00,0x00,0x00,0x00,0x00,0x00,0x00,0x00,0x00,0x00,0x00,0x00,0x00,0x00,0x00,0x00,0x00,0x00,0x00,0x09,0xE2,
    0x00,0x00,0x00,0x00,0x00,0x00,0x00,0x00,0x00,0x00,0x00,0x00,0x00,0x00,0x00,0x00,0x00,0x00,0x00,0x00,0x0A,0xFD,0x00,0x00,
    0x00,0x00,0x00,0x00,0x00,0x00,0x00,0x04,0x00,0x00,0x00,0x00,0x00,0x00,0x00,0x00,0x00,0x00,0x0C,0xFF,0x10,0x00,0x00,0x00,
    0x00,0x00,0x00,0x00,0x02,0xBA,0x00,0x00,0x00,0x00,0x00,0x00,0x00,0x00,0x00,0x00,0x0D,0xFF,0x30,0x00,0x00,0x00,0x00,0x00,
    0x00,0x00,0x7F,0xF4,0x00,0x00,0x00,0x00,0x00,0x00,0x00,0x00,0x00,0x00,0x0E,0xFF,0x40,0x00,0x00,0x00,0x00,0x00,0x00,0x08,
    0xFF,0xE0,0x00,0x00,0x00,0x00,0x00,0x00,0x00,0x00,0x00,0x00,0x0F,0xFF,0x50,0x00,0x00,0x00,0x00,0x00,0x00,0x8F,0xFF,0x80,
    0x00,0x00,0x00,0x00,0x00,0x00,0x00,0x00,0x00,0x00,0x1F,0xFF,0x60,0x00,0x00,0x00,0x00,0x00,0x05,0xFF,0xFF,0x20,0x00,0x00,
    0x00,0x00,0x00,0x00,0x00,0x00,0x00,0x00,0x2F,0xFF,0x70,0x00,0x00,0x00,0x00,0x00,0x0B,0xFF,0xFC,0x00,0x00,0x00,0x00,0x00,
    0x00,0x00,0x00,0x00,0x00,0x00,0x3F,0xFF,0x80,0x00,0x00,0x00,0x00,0x00,0x1F,0xFF,0xF6,0x00,0x00,0x00,0x00,0x00,0x00,0x00,
    0x00,0x00,0x00,0x00,0x5F,0xFF,0x90,0x00,0x00,0x00,0x00,0x00,0x6F,0xFF,0xF0,0x00,0x00,0x00,0x00,0x00,0x00,0x00,0x00,0x00,
    0x00,0x00,0x6F,0xFF,0xA0,0x00,0x00,0x00,0x00,0x00,0xBF,0xFF,0x90,0x00,0x00,0x00,0x00,0x00,0x00,0x00,0x00,0x00,0x00,0x00,
    0x7F,0xFF,0xC0,0x00,0x00,0x00,0x00,0x01,0xFF,0xFF,0x30,0x00,0x00,0x00,0x00,0x00,0x00,0x00,0x00,0x00,0x00,0x00,0x9F,0xFF,
    0xD0,0x00,0x00,0x00,0x00,0x06,0xFF,0xE3,0x00,0x00,0x00,0x00,0x00,0x00,0x00,0x00,0x00,0x00,0x00,0x00,0xAF,0xFF,0xE0,0x00,
    0x00,0x00,0x00,0x0C,0xFD,0x20,0x00,0x00,0x00,0x00,0x00,0x00,0x00,0x00,0x00,0x00,0x00,0x00,0xBF,0xFF,0x70,0x00,0x00,0x00,
    0x00,0x1F,0xC1,0x00,0x00,0x00,0x00,0x00,0x00,0x00,0x00,0x00,0x00,0x00,0x00,0x00,0xCF,0xF7,0x00,0x00,0x00,0x00,0x00,0x7B,
    0x00,0x00,0x00,0x00,0x00,0x00,0x00,0x00,0x00,0x00,0x00,0x00,0x00,0x00,0x1A,0x63,0xFF,0xFF,0xFC,0x20,0x00,0x60,0x00,0x00,
    0x00,0x00,0x00,0x00,0x00,0x00,0x00,0x00,0x00,0x00,0x00,0x00,0x00,0x1E,0xFF,0xFF,0xFF,0xF8,0x00,0x00,0x00,0x00,0x00,0x00,
    0x00,0x00,0x00,0x00,0x00,0x00,0x00,0x00,0x00,0x00,0x00,0x0C,0xFF,0xFF,0xFF,0xF6,0x00,0x00,0x00,0x00,0x00,0x00,0x00,0x00,
    0x00,0x00,0x00,0x00,0x00,0x00,0x00,0x00,0x5D,0x31,0xDF,0xFF,0xFB,0x20,0x00,0xA1,0x00,0x00,0x00,0x00,0x00,0x00,0x00,0x00,
    0x00,0x00,0x00,0x00,0x00,0x03,0xFF,0xE1,0x00,0x00,0x00,0x00,0x00,0xBD,0x30,0x00,0x00,0x00,0x00,0x00,0x00,0x00,0x00,0x00,
    0x00,0x00,0x00,0x05,0xFF,0xFC,0x00,0x00,0x00,0x00,0x00,0x8F,0xF6,0x00,0x00,0x00,0x00,0x00,0x00,0x00,0x00,0x00,0x00,0x00,
    0x00,0x06,0xFF,0xFF,0x00,0x00,0x00,0x00,0x00,0x5F,0xFF,0x50,0x00,0x00,0x00,0x00,0x00,0x00,0x00,0x00,0x00,0x00,0x00,0x07,
    0xFF,0xFE,0x00,0x00,0x00,0x00,0x00,0x1F,0xFF,0xD0,0x00,0x00,0x00,0x00,0x00,0x00,0x00,0x00,0x00,0x00,0x00,0x08,0xFF,0xFD,
    0x00,0x00,0x00,0x00,0x00,0x0E,0xFF,0xF4,0x00,0x00,0x00,0x00,0x00,0x00,0x00,0x00,0x00,0x00,0x00,0x0A,0xFF,0xFC,0x00,0x00,
    0x00,0x00,0x00,0x0B,0xFF,0xFC,0x00,0x00,0x00,0x00,0x00,0x00,0x00,0x00,0x00,0x00,0x00,0x0B,0xFF,0xF8,0x00,0x00,0x00,0x00,
    0x00,0x07,0xFF,0xFF,0x20,0x00,0x00,0x00,0x00,0x00,0x00,0x00,0x00,0x00,0x00,0x0C,0xFF,0xF3,0x00,0x00,0x00,0x00,0x00,0x03,
    0xFF,0xFF,0x40,0x00,0x00,0x00,0x00,0x00,0x00,0x00,0x00,0x00,0x00,0x0E,0xFF,0xE0,0x00,0x00,0x00,0x00,0x00,0x00,0xCF,0xFF,
    0x70,0x00,0x00,0x00,0x00,0x00,0x00,0x00,0x00,0x00,0x00,0x0F,0xFF,0x80,0x00,0x00,0x00,0x00,0x00,0x00,0x5F,0xFF,0x90,0x00,
    0x00,0x00,0x00,0x00,0x00,0x00,0x00,0x00,0x00,0x0F,0xFF,0x30,0x00,0x00,0x00,0x00,0x00,0x00,0x0E,0xFF,0xB0,0x00,0x00,0x00,
    0x00,0x00,0x00,0x00,0x00,0x00,0x00,0x2F,0xFE,0x00,0x00,0x00,0x00,0x00,0x00,0x00,0x07,0xFF,0xD0,0x00,0x00,0x00,0x00,0x00,
    0x00,0x00,0x00,0x00,0x00,0x3F,0xF9,0x00,0x00,0x00,0x00,0x00,0x00,0x00,0x00,0x7F,0xF0,0x00,0x00,0x00,0x00,0x00,0x00,0x00,
    0x00,0x00,0x00,0x4F,0xF4,0x00,0x00,0x00,0x00,0x00,0x00,0x00,0x00,0x03,0xD2,0x00,0x00,0x00,0x00,0x00,0x00,0x00,0x00,0x00,
    0x00,0x5F,0xC0,0x00,0x00,0x00,0x00,0x00,0x00,0x00,0x00,0x00,0x01,0x00,0x00,0x00,0x00,0x00,0x00,0x00,0x00,0x00,0x00,0x7C,
    0x00,0x00,0x00,0x00,0x00,0x00,0x00,0x00,0x00,0x00,0x00,0x00,0x00,0x00,0x00,0x00,0x00,0x00,0x00,0x00,0x00,0x40,0x00,0x00,
    0x00,0x00,0x00,0x00,0x00,0x00,0x00,0x00,0x00,0x00,0x00,0x00,0x00,0x00,0x00,0x00,0x00,0x00,0x00,0x00,0x00,0x00,0x00,0x00,
    0x00,0x00,0x00,0x00,0x00,0x00,0x00,0x00,0x00,0x00,0x00,0x00,0x00,0x00,0x00,0x00,0x00,0x00,0x00,0x00,0x00,0x00,0x00,0x00,
    0x00,0x00,0x00,0x00,0x00,0x00,0x00,0x00,0x00,0x00,0x00,0x00,0x00,0x00,0x00,0x00,0x00,0x00,0x00,0x00,0x00,0x00,0x00,0x00,
    0x00,0x00,0x00,0x00,0x00,0x00,0x00,0x00,0x00,0x00,0x00,0x00,0x00,0x00,0x00,0x00,0x00,0x00,0x00,0x00,0x00,0x00,0x00,0x00,
    0x00,0x00,0x00,0x00,0x00,0x00,0x00,0x00,0x00,0x00,0x00,0x00,0x00,0x00,0x00,0x00,0x00,0x00,0x00,0x00,0x00,0x00,0x00,0x00,
    0x00,0x00,0x00,0x00,0x00,0x00,0x00,0x00,
    // 'L' (advance 44 px)
    0x00,0x00,0x00,0x00,0x00,0x00,0x00,0x00,0x00,0x00,0x00,0x00,0x00,0x00,0x00,0x00,0x00,0x00,0x00,0x00,0x00,0x00,0x00,0x00,
    0x07,0x40,0x00,0x00,0x00,0x00,0x00,0x00,0x00,0x00,0x00,0x00,0x00,0x00,0x00,0x00,0x00,0x00,0x00,0x00,0x00,0x00,0x09,0xE2,
    0x00,0x00,0x00,0x00,0x00,0x00,0x00,0x00,0x00,0x00,0x00,0x00,0x00,0x00,0x00,0x00,0x00,0x00,0x00,0x00,0x0A,0xFD,0x00,0x00,
    0x00,0x00,0x00,0x00,0x00,0x00,0x00,0x00,0x00,0x00,0x00,0x00,0x00,0x00,0x00,0x00,0x00,0x00,0x0C,0xFF,0x10,0x00,0x00,0x00,
    0x00,0x00,0x00,0x00,0x00,0x00,0x00,0x00,0x00,0x00,0x00,0x00,0x00,0x00,0x00,0x00,0x0D,0xFF,0x30,0x00,0x00,0x00,0x00,0x00,
    0x00,0x00,0x00,0x00,0x00,0x00,0x00,0x00,0x00,0x00,0x00,0x00,0x00,0x00,0x0E,0xFF,0x40,0x00,0x00,0x00,0x00,0x00,0x00,0x00,
    0x00,0x00,0x00,0x00,0x00,0x00,0x00,0x00,0x00,0x00,0x00,0x00,0x0F,0xFF,0x50,0x00,0x00,0x00,0x00,0x00,0x00,0x00,0x00,0x00,
    0x00,0x00,0x00,0x00,0x00,0x00,0x00,0x00,0x00,0x00,0x1F,0xFF,0x60,0x00,0x00,0x00,0x00,0x00,0x00,0x00,0x00,0x00,0x00,0x00,
    0x00,0x00,0x00,0x00,0x00,0x00,0x00,0x00,0x2F,0xFF,0x70,0x00,0x00,0x00,0x00,0x00,0x00,0x00,0x00,0x00,0x00,0x00,0x00,0x00,
    0x00,0x00,0x00,0x00,0x00,0x00,0x3F,0xFF,0x80,0x00,0x00,0x00,0x00,0x00,0x00,0x00,0x00,0x00,0x00,0x00,0x00,0x00,0x00,0x00,
    0x00,0x00,0x00,0x00,0x5F,0xFF,0x90,0x00,0x00,0x00,0x00,0x00,0x00,0x00,0x00,0x00,0x00,0x00,0x00,0x00,0x00,0x00,0x00,0x00,
    0x00,0x00,0x6F,0xFF,0xA0,0x00,0x00,0x00,0x00,0x00,0x00,0x00,0x00,0x00,0x00,0x00,0x00,0x00,0x00,0x00,0x00,0x00,0x00,0x00,
    0x7F,0xFF,0xC0,0x00,0x00,0x00,0x00,0x00,0x00,0x00,0x00,0x00,0x00,0x00,0x00,0x00,0x00,0x00,0x00,0x00,0x00,0x00,0x9F,0xFF,
    0xD0,0x00,0x00,0x00,0x00,0x00,0x00,0x00,0x00,0x00,0x00,0x00,0x00,0x00,0x00,0x00,0x00,0x00,0x00,0x00,0xAF,0xFF,0xE0,0x00,
    0x00,0x00,0x00,0x00,0x00,0x00,0x00,0x00,0x00,0x00,0x00,0x00,0x00,0x00,0x00,0x00,0x00,0x00,0xBF,0xFF,0x70,0x00,0x00,0x00,
    0x00,0x00,0x00,0x00,0x00,0x00,0x00,0x00,0x00,0x00,0x00,0x00,0x00,0x00,0x00,0x00,0xCF,0xF7,0x00,0x00,0x00,0x00,0x00,0x00,
    0x00,0x00,0x00,0x00,0x00,0x00,0x00,0x00,0x00,0x00,0x00,0x00,0x00,0x00,0x1A,0x60,0x00,0x00,0x00,0x00,0x00,0x00,0x00,0x00,
    0x00,0x00,0x00,0x00,0x00,0x00,0x00,0x00,0x00,0x00,0x00,0x00,0x00,0x00,0x00,0x00,0x00,0x00,0x00,0x00,0x00,0x00,0x00,0x00,
    0x00,0x00,0x00,0x00,0x00,0x00,0x00,0x00,0x00,0x00,0x00,0x00,0x00,0x00,0x00,0x00,0x00,0x00,0x00,0x00,0x00,0x00,0x00,0x00,
    0x00,0x00,0x00,0x00,0x00,0x00,0x00,0x00,0x7E,0x40,0x00,0x00,0x00,0x00,0x00,0x00,0x00,0x00,0x00,0x00,0x00,0x00,0x00,0x00,
    0x00,0x00,0x00,0x00,0x00,0x03,0xFF,0xF2,0x00,0x00,0x00,0x00,0x00,0x00,0x00,0x00,0x00,0x00,0x00,0x00,0x00,0x00,0x00,0x00,
    0x00,0x00,0x00,0x05,0xFF,0xFD,0x00,0x00,0x00,0x00,0x00,0x00,0x00,0x00,0x00,0x00,0x00,0x00,0x00,0x00,0x00,0x00,0x00,0x00,
    0x00,0x06,0xFF,0xFF,0x00,0x00,0x00,0x00,0x00,0x00,0x00,0x00,0x00,0x00,0x00,0x00,0x00,0x00,0x00,0x00,0x00,0x00,0x00,0x07,
    0xFF,0xFE,0x00,0x00,0x00,0x00,0x00,0x00,0x00,0x00,0x00,0x00,0x00,0x00,0x00,0x00,0x00,0x00,0x00,0x00,0x00,0x09,0xFF,0xFD,
    0x00,0x00,0x00,0x00,0x00,0x00,0x00,0x00,0x00,0x00,0x00,0x00,0x00,0x00,0x00,0x00,0x00,0x00,0x00,0x0A,0xFF,0xFC,0x00,0x00,
    0x00,0x00,0x00,0x00,0x00,0x00,0x00,0x00,0x00,0x00,0x00,0x00,0x00,0x00,0x00,0x00,0x00,0x0B,0xFF,0xF7,0x00,0x00,0x00,0x00,
    0x00,0x00,0x00,0x00,0x00,0x00,0x00,0x00,0x00,0x00,0x00,0x00,0x00,0x00,0x00,0x0C,0xFF,0xF2,0x00,0x00,0x00,0x00,0x00,0x00,
    0x00,0x00,0x00,0x00,0x00,0x00,0x00,0x00,0x00,0x00,0x00,0x00,0x00,0x0E,0xFF,0xD0,0x00,0x00,0x00,0x00,0x00,0x00,0x00,0x00,
    0x00,0x00,0x00,0x00,0x00,0x00,0x00,0x00,0x00,0x00,0x00,0x0F,0xFF,0x80,0x00,0x00,0x00,0x00,0x00,0x00,0x00,0x00,0x00,0x00,
    0x00,0x00,0x00,0x00,0x00,0x00,0x00,0x00,0x00,0x0F,0xFF,0x30,0x00,0x00,0x00,0x00,0x00,0x00,0x00,0x00,0x00,0x00,0x00,0x00,
    0x00,0x00,0x00,0x00,0x00,0x00,0x00,0x2F,0xFD,0x00,0x00,0x00,0x00,0x00,0x00,0x00,0x00,0x00,0x00,0x00,0x00,0x00,0x00,0x00,
    0x00,0x00,0x00,0x00,0x00,0x3F,0xF8,0x00,0x00,0x00,0x00,0x00,0x00,0x00,0x00,0x00,0x00,0x00,0x00,0x00,0x00,0x00,0x00,0x00,
    0x00,0x00,0x00,0x4F,0xF3,0x00,0x00,0x00,0x00,0x00,0x00,0x00,0x00,0x00,0x00,0x00,0x00,0x00,0x00,0x00,0x00,0x00,0x00,0x00,
    0x00,0x6F,0xA0,0x01,0x8F,0xFF,0xFF,0xFF,0xFF,0xFF,0xFF,0xFD,0x00,0x00,0x00,0x00,0x00,0x00,0x00,0x00,0x00,0x00,0x00,0x7A,
    0x02,0xAF,0xFF,0xFF,0xFF,0xFF,0xFF,0xFF,0xFF,0xFF,0xA0,0x00,0x00,0x00,0x00,0x00,0x00,0x00,0x00,0x00,0x00,0x30,0x2E,0xFF,
    0xFF,0xFF,0xFF,0xFF,0xFF,0xFF,0xFF,0xFF,0xF6,0x00,0x00,0x00,0x00,0x00,0x00,0x00,0x00,0x00,0x00,0x01,0xDF,0xFF,0xFF,0xFF,
    0xFF,0xFF,0xFF,0xFF,0xFF,0xFF,0xFF,0x30,0x00,0x00,0x00,0x00,0x00,0x00,0x00,0x00,0x00,0x00,0x00,0x00,0x00,0x00,0x00,0x00,
    0x00,0x00,0x00,0x00,0x00,0x00,0x00,0x00,0x00,0x00,0x00,0x00,0x00,0x00,0x00,0x00,0x00,0x00,0x00,0x00,0x00,0x00,0x00,0x00,
    0x00,0x00,0x00,0x00,0x00,0x00,0x00,0x00,0x00,0x00,0x00,0x00,0x00,0x00,0x00,0x00,0x00,0x00,0x00,0x00,0x00,0x00,0x00,0x00,
    0x00,0x00,0x00,0x00,0x00,0x00,0x00,0x00,0x00,0x00,0x00,0x00,0x00,0x00,0x00,0x00,0x00,0x00,0x00,0x00,0x00,0x00,0x00,0x00,
    0x00,0x00,0x00,0x00,0x00,0x00,0x00,0x00,
    // 'M' (advance 44 px)
    0x00,0x00,0x05,0x10,0x00,0x00,0x00,0x00,0x00,0x00,0x00,0x00,0x00,0x00,0x00,0x01,0x00,0x00,0x00,0x00,0x00,0x00,0x00,0x00,
    0x09,0xC0,0x00,0x00,0x00,0x00,0x00,0x00,0x00,0x00,0x00,0x00,0x00,0x4A,0x00,0x00,0x00,0x00,0x00,0x00,0x00,0x00,0x0A,0xFA,
    0x01,0x00,0x00,0x00,0x00,0x00,0x00,0x00,0x00,0x01,0x04,0xF9,0x00,0x00,0x00,0x00,0x00,0x00,0x00,0x00,0x0B,0xFF,0x1C,0x30,
    0x00,0x00,0x00,0x00,0x00,0x00,0x00,0x6B,0x0D,0xF8,0x00,0x00,0x00,0x00,0x00,0x00,0x00,0x00,0x0C,0xFF,0x2C,0xF5,0x00,0x00,
    0x00,0x00,0x00,0x00,0x3D,0xF6,0x3F,0xF7,0x00,0x00,0x00,0x00,0x00,0x00,0x00,0x00,0x0E,0xFF,0x3A,0xFF,0x70,0x00,0x00,0x00,
    0x00,0x03,0xFF,0xF1,0x8F,0xF5,0x00,0x00,0x00,0x00,0x00,0x00,0x00,0x00,0x0F,0xFF,0x48,0xFF,0xE0,0x00,0x00,0x00,0x00,0x3F,
    0xFF,0xA0,0xDF,0xF4,0x00,0x00,0x00,0x00,0x00,0x00,0x00,0x00,0x0F,0xFF,0x66,0xFF,0xF6,0x00,0x00,0x00,0x02,0xFF,0xFF,0x42,
    0xFF,0xF3,0x00,0x00,0x00,0x00,0x00,0x00,0x00,0x00,0x2F,0xFF,0x73,0xFF,0xFD,0x00,0x00,0x00,0x09,0xFF,0xFE,0x08,0xFF,0xF1,
    0x00,0x00,0x00,0x00,0x00,0x00,0x00,0x00,0x3F,0xFF,0x81,0xFF,0xFF,0x50,0x00,0x00,0x0E,0xFF,0xF8,0x0D,0xFF,0xF0,0x00,0x00,
    0x00,0x00,0x00,0x00,0x00,0x00,0x4F,0xFF,0x90,0xFF,0xFF,0xA0,0x00,0x00,0x4F,0xFF,0xF2,0x2F,0xFF,0xF0,0x00,0x00,0x00,0x00,
    0x00,0x00,0x00,0x00,0x6F,0xFF,0xA0,0xBF,0xFF,0xD0,0x00,0x00,0x9F,0xFF,0xC0,0x7F,0xFF,0xD0,0x00,0x00,0x00,0x00,0x00,0x00,
    0x00,0x00,0x7F,0xFF,0xB0,0x4F,0xFF,0xF1,0x00,0x00,0xEF,0xFF,0x60,0x8F,0xFF,0xC0,0x00,0x00,0x00,0x00,0x00,0x00,0x00,0x00,
    0x8F,0xFF,0xC0,0x0C,0xFF,0xF4,0x00,0x04,0xFF,0xF9,0x00,0xAF,0xFF,0xB0,0x00,0x00,0x00,0x00,0x00,0x00,0x00,0x00,0xAF,0xFF,
    0xE0,0x05,0xFF,0xF7,0x00,0x0A,0xFF,0x80,0x00,0xBF,0xFF,0xA0,0x00,0x00,0x00,0x00,0x00,0x00,0x00,0x00,0xBF,0xFF,0xB0,0x00,
    0xAF,0xFB,0x00,0x0F,0xF6,0x00,0x00,0xAF,0xFF,0x80,0x00,0x00,0x00,0x00,0x00,0x00,0x00,0x00,0xCF,0xFB,0x00,0x00,0x06,0xFE,
    0x00,0x4F,0x40,0x00,0x00,0x1E,0xFF,0x70,0x00,0x00,0x00,0x00,0x00,0x00,0x00,0x00,0x4E,0xB0,0x00,0x00,0x00,0x3E,0x10,0x93,
    0x00,0x00,0x00,0x03,0xFE,0x40,0x00,0x00,0x00,0x00,0x00,0x00,0x00,0x00,0x01,0x00,0x00,0x00,0x00,0x01,0x20,0x10,0x00,0x00,
    0x00,0x00,0x10,0x00,0x00,0x00,0x00,0x00,0x00,0x00,0x00,0x00,0x00,0x00,0x00,0x00,0x00,0x00,0x00,0x00,0x00,0x00,0x00,0x00,
    0x00,0x00,0x00,0x00,0x00,0x00,0x00,0x00,0x00,0x00,0x02,0x00,0x00,0x00,0x00,0x00,0x00,0x00,0x00,0x00,0x00,0x00,0x20,0x00,
    0x00,0x00,0x00,0x00,0x00,0x00,0x00,0x01,0xAF,0x70,0x00,0x00,0x00,0x00,0x00,0x00,0x00,0x00,0x00,0x07,0xF8,0x00,0x00,0x00,
    0x00,0x00,0x00,0x00,0x00,0x04,0xFF,0xF4,0x00,0x00,0x00,0x00,0x00,0x00,0x00,0x00,0x00,0x8F,0xFF,0x00,0x00,0x00,0x00,0x00,
    0x00,0x00,0x00,0x05,0xFF,0xFF,0x00,0x00,0x00,0x00,0x00,0x00,0x00,0x00,0x07,0xFF,0xFE,0x00,0x00,0x00,0x00,0x00,0x00,0x00,
    0x00,0x06,0xFF,0xFF,0x00,0x00,0x00,0x00,0x00,0x00,0x00,0x00,0x0A,0xFF,0xFD,0x00,0x00,0x00,0x00,0x00,0x00,0x00,0x00,0x08,
    0xFF,0xFE,0x00,0x00,0x00,0x00,0x00,0x00,0x00,0x00,0x09,0xFF,0xFC,0x00,0x00,0x00,0x00,0x00,0x00,0x00,0x00,0x09,0xFF,0xFD,
    0x00,0x00,0x00,0x00,0x00,0x00,0x00,0x00,0x07,0xFF,0xFB,0x00,0x00,0x00,0x00,0x00,0x00,0x00,0x00,0x0A,0xFF,0xFB,0x00,0x00,
    0x00,0x00,0x00,0x00,0x00,0x00,0x06,0xFF,0xF9,0x00,0x00,0x00,0x00,0x00,0x00,0x00,0x00,0x0B,0xFF,0xF6,0x00,0x00,0x00,0x00,
    0x00,0x00,0x00,0x00,0x05,0xFF,0xF8,0x00,0x00,0x00,0x00,0x00,0x00,0x00,0x00,0x0D,0xFF,0xF1,0x00,0x00,0x00,0x00,0x00,0x00,
    0x00,0x00,0x04,0xFF,0xF7,0x00,0x00,0x00,0x00,0x00,0x00,0x00,0x00,0x0E,0xFF,0xC0,0x00,0x00,0x00,0x00,0x00,0x00,0x00,0x00,
    0x03,0xFF,0xF5,0x00,0x00,0x00,0x00,0x00,0x00,0x00,0x00,0x0F,0xFF,0x70,0x00,0x00,0x00,0x00,0x00,0x00,0x00,0x00,0x01,0xFF,
    0xF4,0x00,0x00,0x00,0x00,0x00,0x00,0x00,0x00,0x1F,0xFF,0x20,0x00,0x00,0x00,0x00,0x00,0x00,0x00,0x00,0x00,0xFF,0xF3,0x00,
    0x00,0x00,0x00,0x00,0x00,0x00,0x00,0x2F,0xFC,0x00,0x00,0x00,0x00,0x00,0x00,0x00,0x00,0x00,0x00,0xFF,0xF1,0x00,0x00,0x00,
    0x00,0x00,0x00,0x00,0x00,0x3F,0xF7,0x00,0x00,0x00,0x00,0x00,0x00,0x00,0x00,0x00,0x00,0xEF,0xF0,0x00,0x00,0x00,0x00,0x00,
    0x00,0x00,0x00,0x5F,0xF2,0x00,0x00,0x00,0x00,0x00,0x00,0x00,0x00,0x00,0x00,0xDF,0xF0,0x00,0x00,0x00,0x00,0x00,0x00,0x00,
    0x00,0x6F,0x70,0x00,0x00,0x00,0x00,0x00,0x00,0x00,0x00,0x00,0x00,0x6F,0xD0,0x00,0x00,0x00,0x00,0x00,0x00,0x00,0x00,0x77,
    0x00,0x00,0x00,0x00,0x00,0x00,0x00,0x00,0x00,0x00,0x00,0x09,0xC0,0x00,0x00,0x00,0x00,0x00,0x00,0x00,0x00,0x10,0x00,0x00,
    0x00,0x00,0x00,0x00,0x00,0x00,0x00,0x00,0x00,0x00,0x60,0x00,0x00,0x00,0x00,0x00,0x00,0x00,0x00,0x00,0x00,0x00,0x00,0x00,
    0x00,0x00,0x00,0x00,0x00,0x00,0x00,0x00,0x00,0x00,0x00,0x00,0x00,0x00,0x00,0x00,0x00,0x00,0x00,0x00,0x00,0x00,0x00,0x00,
    0x00,0x00,0x00,0x00,0x00,0x00,0x00,0x00,0x00,0x00,0x00,0x00,0x00,0x00,0x00,0x00,0x00,0x00,0x00,0x00,0x00,0x00,0x00,0x00,
    0x00,0x00,0x00,0x00,0x00,0x00,0x00,0x00,0x00,0x00,0x00,0x00,0x00,0x00,0x00,0x00,0x00,0x00,0x00,0x00,0x00,0x00,0x00,0x00,
    0x00,0x00,0x00,0x00,0x00,0x00,0x00,0x00,0x00,0x00,0x00,0x00,0x00,0x00,0x00,0x00,0x00,0x00,0x00,0x00,0x00,0x00,0x00,0x00,
    0x00,0x00,0x00,0x00,0x00,0x00,0x00,0x00,
    // 'N' (advance 44 px)
    0x00,0x00,0x05,0x10,0x00,0x00,0x00,0x00,0x00,0x00,0x00,0x00,0x00,0x00,0x00,0x01,0x00,0x00,0x00,0x00,0x00,0x00,0x00,0x00,
    0x09,0xC0,0x00,0x00,0x00,0x00,0x00,0x00,0x00,0x00,0x00,0x00,0x00,0x4A,0x00,0x00,0x00,0x00,0x00,0x00,0x00,0x00,0x0A,0xFA,
    0x01,0x00,0x00,0x00,0x00,0x00,0x00,0x00,0x00,0x00,0x04,0xF9,0x00,0x00,0x00,0x00,0x00,0x00,0x00,0x00,0x0B,0xFF,0x1C,0x30,
    0x00,0x00,0x00,0x00,0x00,0x00,0x00,0x00,0x0D,0xF8,0x00,0x00,0x00,0x00,0x00,0x00,0x00,0x00,0x0C,0xFF,0x2C,0xF5,0x00,0x00,
    0x00,0x00,0x00,0x00,0x00,0x00,0x3F,0xF7,0x00,0x00,0x00,0x00,0x00,0x00,0x00,0x00,0x0E,0xFF,0x3A,0xFF,0x70,0x00,0x00,0x00,
    0x00,0x00,0x00,0x00,0x8F,0xF5,0x00,0x00,0x00,0x00,0x00,0x00,0x00,0x00,0x0F,0xFF,0x48,0xFF,0xE0,0x00,0x00,0x00,0x00,0x00,
    0x00,0x00,0xDF,0xF4,0x00,0x00,0x00,0x00,0x00,0x00,0x00,0x00,0x0F,0xFF,0x66,0xFF,0xF6,0x00,0x00,0x00,0x00,0x00,0x00,0x02,
    0xFF,0xF3,0x00,0x00,0x00,0x00,0x00,0x00,0x00,0x00,0x2F,0xFF,0x73,0xFF,0xFD,0x00,0x00,0x00,0x00,0x00,0x00,0x08,0xFF,0xF1,
    0x00,0x00,0x00,0x00,0x00,0x00,0x00,0x00,0x3F,0xFF,0x81,0xFF,0xFF,0x50,0x00,0x00,0x00,0x00,0x00,0x0D,0xFF,0xF0,0x00,0x00,
    0x00,0x00,0x00,0x00,0x00,0x00,0x4F,0xFF,0x90,0xFF,0xFF,0xA0,0x00,0x00,0x00,0x00,0x00,0x2F,0xFF,0xF0,0x00,0x00,0x00,0x00,
    0x00,0x00,0x00,0x00,0x6F,0xFF,0xA0,0xBF,0xFF,0xD0,0x00,0x00,0x00,0x00,0x00,0x7F,0xFF,0xD0,0x00,0x00,0x00,0x00,0x00,0x00,
    0x00,0x00,0x7F,0xFF,0xB0,0x4F,0xFF,0xF1,0x00,0x00,0x00,0x00,0x00,0x8F,0xFF,0xC0,0x00,0x00,0x00,0x00,0x00,0x00,0x00,0x00,
    0x8F,0xFF,0xC0,0x0C,0xFF,0xF4,0x00,0x00,0x00,0x00,0x00,0xAF,0xFF,0xB0,0x00,0x00,0x00,0x00,0x00,0x00,0x00,0x00,0xAF,0xFF,
    0xE0,0x05,0xFF,0xF7,0x00,0x00,0x00,0x00,0x00,0xBF,0xFF,0xA0,0x00,0x00,0x00,0x00,0x00,0x00,0x00,0x00,0xBF,0xFF,0xB0,0x00,
    0xAF,0xFB,0x00,0x00,0x00,0x00,0x00,0xAF,0xFF,0x80,0x00,0x00,0x00,0x00,0x00,0x00,0x00,0x00,0xCF,0xFB,0x00,0x00,0x06,0xFE,
    0x00,0x00,0x00,0x00,0x00,0x1E,0xFF,0x70,0x00,0x00,0x00,0x00,0x00,0x00,0x00,0x00,0x4E,0xB0,0x00,0x00,0x00,0x3E,0x10,0x00,
    0x00,0x00,0x00,0x03,0xFE,0x40,0x00,0x00,0x00,0x00,0x00,0x00,0x00,0x00,0x01,0x00,0x00,0x00,0x00,0x01,0x20,0x00,0x00,0x00,
    0x00,0x00,0x10,0x00,0x00,0x00,0x00,0x00,0x00,0x00,0x00,0x00,0x00,0x00,0x00,0x00,0x00,0x00,0x00,0x00,0x00,0x00,0x00,0x00,
    0x00,0x00,0x00,0x00,0x00,0x00,0x00,0x00,0x00,0x00,0x02,0x00,0x00,0x00,0x00,0x00,0x00,0x10,0x00,0x00,0x00,0x00,0x20,0x00,
    0x00,0x00,0x00,0x00,0x00,0x00,0x00,0x01,0xAF,0x70,0x00,0x00,0x00,0x00,0x00,0xC4,0x00,0x00,0x00,0x07,0xF8,0x00,0x00,0x00,
    0x00,0x00,0x00,0x00,0x00,0x04,0xFF,0xF4,0x00,0x00,0x00,0x00,0x00,0xAF,0x70,0x00,0x00,0x8F,0xFF,0x00,0x00,0x00,0x00,0x00,
    0x00,0x00,0x00,0x05,0xFF,0xFF,0x00,0x00,0x00,0x00,0x00,0x7F,0xFB,0x00,0x07,0xFF,0xFE,0x00,0x00,0x00,0x00,0x00,0x00,0x00,
    0x00,0x06,0xFF,0xFF,0x00,0x00,0x00,0x00,0x00,0x4F,0xFF,0x80,0x0A,0xFF,0xFD,0x00,0x00,0x00,0x00,0x00,0x00,0x00,0x00,0x08,
    0xFF,0xFE,0x00,0x00,0x00,0x00,0x00,0x1F,0xFF,0xE0,0x09,0xFF,0xFC,0x00,0x00,0x00,0x00,0x00,0x00,0x00,0x00,0x09,0xFF,0xFD,
    0x00,0x00,0x00,0x00,0x00,0x0D,0xFF,0xF6,0x07,0xFF,0xFB,0x00,0x00,0x00,0x00,0x00,0x00,0x00,0x00,0x0A,0xFF,0xFB,0x00,0x00,
    0x00,0x00,0x00,0x0A,0xFF,0xFE,0x06,0xFF,0xF9,0x00,0x00,0x00,0x00,0x00,0x00,0x00,0x00,0x0B,0xFF,0xF6,0x00,0x00,0x00,0x00,
    0x00,0x07,0xFF,0xFF,0x35,0xFF,0xF8,0x00,0x00,0x00,0x00,0x00,0x00,0x00,0x00,0x0D,0xFF,0xF1,0x00,0x00,0x00,0x00,0x00,0x02,
    0xFF,0xFF,0x54,0xFF,0xF7,0x00,0x00,0x00,0x00,0x00,0x00,0x00,0x00,0x0E,0xFF,0xC0,0x00,0x00,0x00,0x00,0x00,0x00,0xBF,0xFF,
    0x73,0xFF,0xF5,0x00,0x00,0x00,0x00,0x00,0x00,0x00,0x00,0x0F,0xFF,0x70,0x00,0x00,0x00,0x00,0x00,0x00,0x3F,0xFF,0x91,0xFF,
    0xF4,0x00,0x00,0x00,0x00,0x00,0x00,0x00,0x00,0x1F,0xFF,0x20,0x00,0x00,0x00,0x00,0x00,0x00,0x0C,0xFF,0xC0,0xFF,0xF3,0x00,
    0x00,0x00,0x00,0x00,0x00,0x00,0x00,0x2F,0xFC,0x00,0x00,0x00,0x00,0x00,0x00,0x00,0x05,0xFF,0xE0,0xFF,0xF1,0x00,0x00,0x00,
    0x00,0x00,0x00,0x00,0x00,0x3F,0xF7,0x00,0x00,0x00,0x00,0x00,0x00,0x00,0x00,0x4E,0xF0,0xEF,0xF0,0x00,0x00,0x00,0x00,0x00,
    0x00,0x00,0x00,0x5F,0xF2,0x00,0x00,0x00,0x00,0x00,0x00,0x00,0x00,0x01,0xB2,0xDF,0xF0,0x00,0x00,0x00,0x00,0x00,0x00,0x00,
    0x00,0x6F,0x70,0x00,0x00,0x00,0x00,0x00,0x00,0x00,0x00,0x00,0x00,0x6F,0xD0,0x00,0x00,0x00,0x00,0x00,0x00,0x00,0x00,0x77,
    0x00,0x00,0x00,0x00,0x00,0x00,0x00,0x00,0x00,0x00,0x00,0x09,0xC0,0x00,0x00,0x00,0x00,0x00,0x00,0x00,0x00,0x10,0x00,0x00,
    0x00,0x00,0x00,0x00,0x00,0x00,0x00,0x00,0x00,0x00,0x60,0x00,0x00,0x00,0x00,0x00,0x00,0x00,0x00,0x00,0x00,0x00,0x00,0x00,
    0x00,0x00,0x00,0x00,0x00,0x00,0x00,0x00,0x00,0x00,0x00,0x00,0x00,0x00,0x00,0x00,0x00,0x00,0x00,0x00,0x00,0x00,0x00,0x00,
    0x00,0x00,0x00,0x00,0x00,0x00,0x00,0x00,0x00,0x00,0x00,0x00,0x00,0x00,0x00,0x00,0x00,0x00,0x00,0x00,0x00,0x00,0x00,0x00,
    0x00,0x00,0x00,0x00,0x00,0x00,0x00,0x00,0x00,0x00,0x00,0x00,0x00,0x00,0x00,0x00,0x00,0x00,0x00,0x00,0x00,0x00,0x00,0x00,
    0x00,0x00,0x00,0x00,0x00,0x00,0x00,0x00,0x00,0x00,0x00,0x00,0x00,0x00,0x00,0x00,0x00,0x00,0x00,0x00,0x00,0x00,0x00,0x00,
    0x00,0x00,0x00,0x00,0x00,0x00,0x00,0x00,
    // 'O' (advance 44 px)
    0x00,0x00,0x00,0x00,0xDF,0xFF,0xFF,0xFF,0xFF,0xFF,0xFF,0xFF,0xFF,0xFF,0xFF,0x40,0x00,0x00,0x00,0x00,0x00,0x00,0x00,0x00,
    0x07,0x30,0x2F,0xFF,0xFF,0xFF,0xFF,0xFF,0xFF,0xFF,0xFF,0xFF,0xF5,0x01,0x00,0x00,0x00,0x00,0x00,0x00,0x00,0x00,0x09,0xE1,
    0x06,0xFF,0xFF,0xFF,0xFF,0xFF,0xFF,0xFF,0xFF,0xFC,0x40,0x3A,0x00,0x00,0x00,0x00,0x00,0x00,0x00,0x00,0x0A,0xFD,0x00,0xAF,
    0xFF,0xFF,0xFF,0xFF,0xFF,0xFF,0xFA,0x30,0x03,0xF9,0x00,0x00,0x00,0x00,0x00,0x00,0x00,0x00,0x0B,0xFF,0x10,0x00,0x00,0x00,
    0x00,0x00,0x00,0x00,0x00,0x00,0x0D,0xF8,0x00,0x00,0x00,0x00,0x00,0x00,0x00,0x00,0x0D,0xFF,0x20,0x00,0x00,0x00,0x00,0x00,
    0x00,0x00,0x00,0x00,0x3F,0xF7,0x00,0x00,0x00,0x00,0x00,0x00,0x00,0x00,0x0E,0xFF,0x40,0x00,0x00,0x00,0x00,0x00,0x00,0x00,
    0x00,0x00,0x8F,0xF5,0x00,0x00,0x00,0x00,0x00,0x00,0x00,0x00,0x0F,0xFF,0x50,0x00,0x00,0x00,0x00,0x00,0x00,0x00,0x00,0x00,
    0xDF,0xF4,0x00,0x00,0x00,0x00,0x00,0x00,0x00,0x00,0x1F,0xFF,0x60,0x00,0x00,0x00,0x00,0x00,0x00,0x00,0x00,0x02,0xFF,0xF3,
    0x00,0x00,0x00,0x00,0x00,0x00,0x00,0x00,0x2F,0xFF,0x70,0x00,0x00,0x00,0x00,0x00,0x00,0x00,0x00,0x07,0xFF,0xF1,0x00,0x00,
    0x00,0x00,0x00,0x00,0x00,0x00,0x3F,0xFF,0x80,0x00,0x00,0x00,0x00,0x00,0x00,0x00,0x00,0x0D,0xFF,0xF0,0x00,0x00,0x00,0x00,
    0x00,0x00,0x00,0x00,0x5F,0xFF,0x90,0x00,0x00,0x00,0x00,0x00,0x00,0x00,0x00,0x2F,0xFF,0xF0,0x00,0x00,0x00,0x00,0x00,0x00,
    0x00,0x00,0x6F,0xFF,0xA0,0x00,0x00,0x00,0x00,0x00,0x00,0x00,0x00,0x7F,0xFF,0xD0,0x00,0x00,0x00,0x00,0x00,0x00,0x00,0x00,
    0x7F,0xFF,0xC0,0x00,0x00,0x00,0x00,0x00,0x00,0x00,0x00,0x8F,0xFF,0xC0,0x00,0x00,0x00,0x00,0x00,0x00,0x00,0x00,0x9F,0xFF,
    0xD0,0x00,0x00,0x00,0x00,0x00,0x00,0x00,0x00,0xAF,0xFF,0xB0,0x00,0x00,0x00,0x00,0x00,0x00,0x00,0x00,0xAF,0xFF,0xE0,0x00,
    0x00,0x00,0x00,0x00,0x00,0x00,0x00,0xBF,0xFF,0xA0,0x00,0x00,0x00,0x00,0x00,0x00,0x00,0x00,0xBF,0xFF,0x80,0x00,0x00,0x00,
    0x00,0x00,0x00,0x00,0x00,0xAF,0xFF,0x80,0x00,0x00,0x00,0x00,0x00,0x00,0x00,0x00,0xCF,0xF8,0x00,0x00,0x00,0x00,0x00,0x00,
    0x00,0x00,0x00,0x1E,0xFF,0x70,0x00,0x00,0x00,0x00,0x00,0x00,0x00,0x00,0x1B,0x70,0x00,0x00,0x00,0x00,0x00,0x00,0x00,0x00,
    0x00,0x03,0xFE,0x40,0x00,0x00,0x00,0x00,0x00,0x00,0x00,0x00,0x00,0x00,0x00,0x00,0x00,0x00,0x00,0x00,0x00,0x00,0x00,0x00,
    0x20,0x00,0x00,0x00,0x00,0x00,0x00,0x00,0x00,0x00,0x00,0x00,0x00,0x00,0x00,0x00,0x00,0x00,0x00,0x00,0x00,0x00,0x00,0x00,
    0x00,0x00,0x00,0x00,0x00,0x00,0x00,0x00,0x7E,0x40,0x00,0x00,0x00,0x00,0x00,0x00,0x00,0x00,0x00,0x04,0xD4,0x00,0x00,0x00,
    0x00,0x00,0x00,0x00,0x00,0x03,0xFF,0xF2,0x00,0x00,0x00,0x00,0x00,0x00,0x00,0x00,0x00,0x4F,0xFF,0x00,0x00,0x00,0x00,0x00,
    0x00,0x00,0x00,0x05,0xFF,0xFD,0x00,0x00,0x00,0x00,0x00,0x00,0x00,0x00,0x04,0xFF,0xFF,0x00,0x00,0x00,0x00,0x00,0x00,0x00,
    0x00,0x06,0xFF,0xFF,0x00,0x00,0x00,0x00,0x00,0x00,0x00,0x00,0x0A,0xFF,0xFD,0x00,0x00,0x00,0x00,0x00,0x00,0x00,0x00,0x07,
    0xFF,0xFE,0x00,0x00,0x00,0x00,0x00,0x00,0x00,0x00,0x09,0xFF,0xFC,0x00,0x00,0x00,0x00,0x00,0x00,0x00,0x00,0x09,0xFF,0xFD,
    0x00,0x00,0x00,0x00,0x00,0x00,0x00,0x00,0x08,0xFF,0xFB,0x00,0x00,0x00,0x00,0x00,0x00,0x00,0x00,0x0A,0xFF,0xFC,0x00,0x00,
    0x00,0x00,0x00,0x00,0x00,0x00,0x07,0xFF,0xFA,0x00,0x00,0x00,0x00,0x00,0x00,0x00,0x00,0x0B,0xFF,0xF7,0x00,0x00,0x00,0x00,
    0x00,0x00,0x00,0x00,0x05,0xFF,0xF8,0x00,0x00,0x00,0x00,0x00,0x00,0x00,0x00,0x0C,0xFF,0xF2,0x00,0x00,0x00,0x00,0x00,0x00,
    0x00,0x00,0x04,0xFF,0xF7,0x00,0x00,0x00,0x00,0x00,0x00,0x00,0x00,0x0E,0xFF,0xD0,0x00,0x00,0x00,0x00,0x00,0x00,0x00,0x00,
    0x03,0xFF,0xF6,0x00,0x00,0x00,0x00,0x00,0x00,0x00,0x00,0x0F,0xFF,0x80,0x00,0x00,0x00,0x00,0x00,0x00,0x00,0x00,0x02,0xFF,
    0xF4,0x00,0x00,0x00,0x00,0x00,0x00,0x00,0x00,0x0F,0xFF,0x30,0x00,0x00,0x00,0x00,0x00,0x00,0x00,0x00,0x01,0xFF,0xF3,0x00,
    0x00,0x00,0x00,0x00,0x00,0x00,0x00,0x2F,0xFD,0x00,0x00,0x00,0x00,0x00,0x00,0x00,0x00,0x00,0x00,0xFF,0xF2,0x00,0x00,0x00,
    0x00,0x00,0x00,0x00,0x00,0x3F,0xF8,0x00,0x00,0x00,0x00,0x00,0x00,0x00,0x00,0x00,0x00,0xEF,0xF0,0x00,0x00,0x00,0x00,0x00,
    0x00,0x00,0x00,0x4F,0xF3,0x00,0x00,0x00,0x00,0x00,0x00,0x00,0x00,0x00,0x00,0xDF,0xF0,0x00,0x00,0x00,0x00,0x00,0x00,0x00,
    0x00,0x6F,0xA0,0x01,0x8F,0xFF,0xFF,0xFF,0xFF,0xFF,0xFF,0xFD,0x00,0x9F,0xE0,0x00,0x00,0x00,0x00,0x00,0x00,0x00,0x00,0x7A,
    0x02,0xAF,0xFF,0xFF,0xFF,0xFF,0xFF,0xFF,0xFF,0xFF,0xA0,0x0C,0xC0,0x00,0x00,0x00,0x00,0x00,0x00,0x00,0x00,0x30,0x2E,0xFF,
    0xFF,0xFF,0xFF,0xFF,0xFF,0xFF,0xFF,0xFF,0xF6,0x01,0x90,0x00,0x00,0x00,0x00,0x00,0x00,0x00,0x00,0x01,0xDF,0xFF,0xFF,0xFF,
    0xFF,0xFF,0xFF,0xFF,0xFF,0xFF,0xFF,0x30,0x00,0x00,0x00,0x00,0x00,0x00,0x00,0x00,0x00,0x00,0x00,0x00,0x00,0x00,0x00,0x00,
    0x00,0x00,0x00,0x00,0x00,0x00,0x00,0x00,0x00,0x00,0x00,0x00,0x00,0x00,0x00,0x00,0x00,0x00,0x00,0x00,0x00,0x00,0x00,0x00,
    0x00,0x00,0x00,0x00,0x00,0x00,0x00,0x00,0x00,0x00,0x00,0x00,0x00,0x00,0x00,0x00,0x00,0x00,0x00,0x00,0x00,0x00,0x00,0x00,
    0x00,0x00,0x00,0x00,0x00,0x00,0x00,0x00,0x00,0x00,0x00,0x00,0x00,0x00,0x00,0x00,0x00,0x00,0x00,0x00,0x00,0x00,0x00,0x00,
    0x00,0x00,0x00,0x00,0x00,0x00,0x00,0x00,
    // 'P' (advance 44 px)
    0x00,0x00,0x00,0x00,0xDF,0xFF,0xFF,0xFF,0xFF,0xFF,0xFF,0xFF,0xFF,0xFF,0xFF,0x40,0x00,0x00,0x00,0x00,0x00,0x00,0x00,0x00,
    0x07,0x30,0x2F,0xFF,0xFF,0xFF,0xFF,0xFF,0xFF,0xFF,0xFF,0xFF,0xF5,0x01,0x00,0x00,0x00,0x00,0x00,0x00,0x00,0x00,0x09,0xE1,
    0x06,0xFF,0xFF,0xFF,0xFF,0xFF,0xFF,0xFF,0xFF,0xFC,0x40,0x3A,0x00,0x00,0x00,0x00,0x00,0x00,0x00,0x00,0x0A,0xFD,0x00,0xAF,
    0xFF,0xFF,0xFF,0xFF,0xFF,0xFF,0xFA,0x30,0x03,0xF9,0x00,0x00,0x00,0x00,0x00,0x00,0x00,0x00,0x0B,0xFF,0x10,0x00,0x00,0x00,
    0x00,0x00,0x00,0x00,0x00,0x00,0x0D,0xF8,0x00,0x00,0x00,0x00,0x00,0x00,0x00,0x00,0x0D,0xFF,0x20,0x00,0x00,0x00,0x00,0x00,
    0x00,0x00,0x00,0x00,0x3F,0xF7,0x00,0x00,0x00,0x00,0x00,0x00,0x00,0x00,0x0E,0xFF,0x40,0x00,0x00,0x00,0x00,0x00,0x00,0x00,
    0x00,0x00,0x8F,0xF5,0x00,0x00,0x00,0x00,0x00,0x00,0x00,0x00,0x0F,0xFF,0x50,0x00,0x00,0x00,0x00,0x00,0x00,0x00,0x00,0x00,
    0xDF,0xF4,0x00,0x00,0x00,0x00,0x00,0x00,0x00,0x00,0x1F,0xFF,0x60,0x00,0x00,0x00,0x00,0x00,0x00,0x00,0x00,0x02,0xFF,0xF3,
    0x00,0x00,0x00,0x00,0x00,0x00,0x00,0x00,0x2F,0xFF,0x70,0x00,0x00,0x00,0x00,0x00,0x00,0x00,0x00,0x07,0xFF,0xF1,0x00,0x00,
    0x00,0x00,0x00,0x00,0x00,0x00,0x3F,0xFF,0x80,0x00,0x00,0x00,0x00,0x00,0x00,0x00,0x00,0x0D,0xFF,0xF0,0x00,0x00,0x00,0x00,
    0x00,0x00,0x00,0x00,0x5F,0xFF,0x90,0x00,0x00,0x00,0x00,0x00,0x00,0x00,0x00,0x2F,0xFF,0xF0,0x00,0x00,0x00,0x00,0x00,0x00,
    0x00,0x00,0x6F,0xFF,0xA0,0x00,0x00,0x00,0x00,0x00,0x00,0x00,0x00,0x7F,0xFF,0xD0,0x00,0x00,0x00,0x00,0x00,0x00,0x00,0x00,
    0x7F,0xFF,0xC0,0x00,0x00,0x00,0x00,0x00,0x00,0x00,0x00,0x8F,0xFF,0xC0,0x00,0x00,0x00,0x00,0x00,0x00,0x00,0x00,0x9F,0xFF,
    0xD0,0x00,0x00,0x00,0x00,0x00,0x00,0x00,0x00,0xAF,0xFF,0xB0,0x00,0x00,0x00,0x00,0x00,0x00,0x00,0x00,0xAF,0xFF,0xE0,0x00,
    0x00,0x00,0x00,0x00,0x00,0x00,0x00,0xBF,0xFF,0xA0,0x00,0x00,0x00,0x00,0x00,0x00,0x00,0x00,0xBF,0xFF,0x80,0x00,0x00,0x00,
    0x00,0x00,0x00,0x00,0x00,0xAF,0xFF,0x80,0x00,0x00,0x00,0x00,0x00,0x00,0x00,0x00,0xCF,0xF8,0x00,0x00,0x00,0x00,0x00,0x00,
    0x00,0x00,0x00,0x1E,0xFF,0x70,0x00,0x00,0x00,0x00,0x00,0x00,0x00,0x00,0x1B,0x73,0xFF,0xFF,0xFC,0x20,0x00,0x00,0x9F,0xFF,
    0xFD,0x23,0xFE,0x40,0x00,0x00,0x00,0x00,0x00,0x00,0x00,0x00,0x00,0x1E,0xFF,0xFF,0xFF,0xF8,0x00,0x5E,0xFF,0xFF,0xFF,0xE2,
    0x20,0x00,0x00,0x00,0x00,0x00,0x00,0x00,0x00,0x00,0x00,0x0C,0xFF,0xFF,0xFF,0xF6,0x00,0x4E,0xFF,0xFF,0xFF,0xE2,0x00,0x00,
    0x00,0x00,0x00,0x00,0x00,0x00,0x00,0x00,0x5D,0x31,0xDF,0xFF,0xFB,0x20,0x00,0x00,0x9F,0xFF,0xFD,0x20,0x00,0x00,0x00,0x00,
    0x00,0x00,0x00,0x00,0x00,0x03,0xFF,0xE1,0x00,0x00,0x00,0x00,0x00,0x00,0x00,0x00,0x00,0x00,0x00,0x00,0x00,0x00,0x00,0x00,
    0x00,0x00,0x00,0x05,0xFF,0xFC,0x00,0x00,0x00,0x00,0x00,0x00,0x00,0x00,0x00,0x00,0x00,0x00,0x00,0x00,0x00,0x00,0x00,0x00,
    0x00,0x06,0xFF,0xFF,0x00,0x00,0x00,0x00,0x00,0x00,0x00,0x00,0x00,0x00,0x00,0x00,0x00,0x00,0x00,0x00,0x00,0x00,0x00,0x07,
    0xFF,0xFE,0x00,0x00,0x00,0x00,0x00,0x00,0x00,0x00,0x00,0x00,0x00,0x00,0x00,0x00,0x00,0x00,0x00,0x00,0x00,0x08,0xFF,0xFD,
    0x00,0x00,0x00,0x00,0x00,0x00,0x00,0x00,0x00,0x00,0x00,0x00,0x00,0x00,0x00,0x00,0x00,0x00,0x00,0x0A,0xFF,0xFC,0x00,0x00,
    0x00,0x00,0x00,0x00,0x00,0x00,0x00,0x00,0x00,0x00,0x00,0x00,0x00,0x00,0x00,0x00,0x00,0x0B,0xFF,0xF8,0x00,0x00,0x00,0x00,
    0x00,0x00,0x00,0x00,0x00,0x00,0x00,0x00,0x00,0x00,0x00,0x00,0x00,0x00,0x00,0x0C,0xFF,0xF3,0x00,0x00,0x00,0x00,0x00,0x00,
    0x00,0x00,0x00,0x00,0x00,0x00,0x00,0x00,0x00,0x00,0x00,0x00,0x00,0x0E,0xFF,0xE0,0x00,0x00,0x00,0x00,0x00,0x00,0x00,0x00,
    0x00,0x00,0x00,0x00,0x00,0x00,0x00,0x00,0x00,0x00,0x00,0x0F,0xFF,0x80,0x00,0x00,0x00,0x00,0x00,0x00,0x00,0x00,0x00,0x00,
    0x00,0x00,0x00,0x00,0x00,0x00,0x00,0x00,0x00,0x0F,0xFF,0x30,0x00,0x00,0x00,0x00,0x00,0x00,0x00,0x00,0x00,0x00,0x00,0x00,
    0x00,0x00,0x00,0x00,0x00,0x00,0x00,0x2F,0xFE,0x00,0x00,0x00,0x00,0x00,0x00,0x00,0x00,0x00,0x00,0x00,0x00,0x00,0x00,0x00,
    0x00,0x00,0x00,0x00,0x00,0x3F,0xF9,0x00,0x00,0x00,0x00,0x00,0x00,0x00,0x00,0x00,0x00,0x00,0x00,0x00,0x00,0x00,0x00,0x00,
    0x00,0x00,0x00,0x4F,0xF4,0x00,0x00,0x00,0x00,0x00,0x00,0x00,0x00,0x00,0x00,0x00,0x00,0x00,0x00,0x00,0x00,0x00,0x00,0x00,
    0x00,0x5F,0xC0,0x00,0x00,0x00,0x00,0x00,0x00,0x00,0x00,0x00,0x00,0x00,0x00,0x00,0x00,0x00,0x00,0x00,0x00,0x00,0x00,0x7C,
    0x00,0x00,0x00,0x00,0x00,0x00,0x00,0x00,0x00,0x00,0x00,0x00,0x00,0x00,0x00,0x00,0x00,0x00,0x00,0x00,0x00,0x40,0x00,0x00,
    0x00,0x00,0x00,0x00,0x00,0x00,0x00,0x00,0x00,0x00,0x00,0x00,0x00,0x00,0x00,0x00,0x00,0x00,0x00,0x00,0x00,0x00,0x00,0x00,
    0x00,0x00,0x00,0x00,0x00,0x00,0x00,0x00,0x00,0x00,0x00,0x00,0x00,0x00,0x00,0x00,0x00,0x00,0x00,0x00,0x00,0x00,0x00,0x00,
    0x00,0x00,0x00,0x00,0x00,0x00,0x00,0x00,0x00,0x00,0x00,0x00,0x00,0x00,0x00,0x00,0x00,0x00,0x00,0x00,0x00,0x00,0x00,0x00,
    0x00,0x00,0x00,0x00,0x00,0x00,0x00,0x00,0x00,0x00,0x00,0x00,0x00,0x00,0x00,0x00,0x00,0x00,0x00,0x00,0x00,0x00,0x00,0x00,
    0x00,0x00,0x00,0x00,0x00,0x00,0x00,0x00,0x00,0x00,0x00,0x00,0x00,0x00,0x00,0x00,0x00,0x00,0x00,0x00,0x00,0x00,0x00,0x00,
    0x00,0x00,0x00,0x00,0x00,0x00,0x00,0x00,
    // 'Q' (advance 44 px)
    0x00,0x00,0x00,0x00,0xDF,0xFF,0xFF,0xFF,0xFF,0xFF,0xFF,0xFF,0xFF,0xFF,0xFF,0x40,0x00,0x00,0x00,0x00,0x00,0x00,0x00,0x00,
    0x07,0x30,0x2F,0xFF,0xFF,0xFF,0xFF,0xFF,0xFF,0xFF,0xFF,0xFF,0xF5,0x01,0x00,0x00,0x00,0x00,0x00,0x00,0x00,0x00,0x09,0xE1,
    0x06,0xFF,0xFF,0xFF,0xFF,0xFF,0xFF,0xFF,0xFF,0xFC,0x40,0x3A,0x00,0x00,0x00,0x00,0x00,0x00,0x00,0x00,0x0A,0xFD,0x00,0xAF,
    0xFF,0xFF,0xFF,0xFF,0xFF,0xFF,0xFA,0x30,0x03,0xF9,0x00,0x00,0x00,0x00,0x00,0x00,0x00,0x00,0x0B,0xFF,0x10,0x00,0x00,0x00,
    0x00,0x00,0x00,0x00,0x00,0x00,0x0D,0xF8,0x00,0x00,0x00,0x00,0x00,0x00,0x00,0x00,0x0D,0xFF,0x20,0x00,0x00,0x00,0x00,0x00,
    0x00,0x00,0x00,0x00,0x3F,0xF7,0x00,0x00,0x00,0x00,0x00,0x00,0x00,0x00,0x0E,0xFF,0x40,0x00,0x00,0x00,0x00,0x00,0x00,0x00,
    0x00,0x00,0x8F,0xF5,0x00,0x00,0x00,0x00,0x00,0x00,0x00,0x00,0x0F,0xFF,0x50,0x00,0x00,0x00,0x00,0x00,0x00,0x00,0x00,0x00,
    0xDF,0xF4,0x00,0x00,0x00,0x00,0x00,0x00,0x00,0x00,0x1F,0xFF,0x60,0x00,0x00,0x00,0x00,0x00,0x00,0x00,0x00,0x02,0xFF,0xF3,
    0x00,0x00,0x00,0x00,0x00,0x00,0x00,0x00,0x2F,0xFF,0x70,0x00,0x00,0x00,0x00,0x00,0x00,0x00,0x00,0x07,0xFF,0xF1,0x00,0x00,
    0x00,0x00,0x00,0x00,0x00,0x00,0x3F,0xFF,0x80,0x00,0x00,0x00,0x00,0x00,0x00,0x00,0x00,0x0D,0xFF,0xF0,0x00,0x00,0x00,0x00,
    0x00,0x00,0x00,0x00,0x5F,0xFF,0x90,0x00,0x00,0x00,0x00,0x00,0x00,0x00,0x00,0x2F,0xFF,0xF0,0x00,0x00,0x00,0x00,0x00,0x00,
    0x00,0x00,0x6F,0xFF,0xA0,0x00,0x00,0x00,0x00,0x00,0x00,0x00,0x00,0x7F,0xFF,0xD0,0x00,0x00,0x00,0x00,0x00,0x00,0x00,0x00,
    0x7F,0xFF,0xC0,0x00,0x00,0x00,0x00,0x00,0x00,0x00,0x00,0x8F,0xFF,0xC0,0x00,0x00,0x00,0x00,0x00,0x00,0x00,0x00,0x9F,0xFF,
    0xD0,0x00,0x00,0x00,0x00,0x00,0x00,0x00,0x00,0xAF,0xFF,0xB0,0x00,0x00,0x00,0x00,0x00,0x00,0x00,0x00,0xAF,0xFF,0xE0,0x00,
    0x00,0x00,0x00,0x00,0x00,0x00,0x00,0xBF,0xFF,0xA0,0x00,0x00,0x00,0x00,0x00,0x00,0x00,0x00,0xBF,0xFF,0x80,0x00,0x00,0x00,
    0x00,0x00,0x00,0x00,0x00,0xAF,0xFF,0x80,0x00,0x00,0x00,0x00,0x00,0x00,0x00,0x00,0xCF,0xF8,0x00,0x00,0x00,0x00,0x00,0x00,
    0x00,0x00,0x00,0x1E,0xFF,0x70,0x00,0x00,0x00,0x00,0x00,0x00,0x00,0x00,0x1B,0x70,0x00,0x00,0x00,0x00,0x00,0x00,0x00,0x00,
    0x00,0x03,0xFE,0x40,0x00,0x00,0x00,0x00,0x00,0x00,0x00,0x00,0x00,0x00,0x00,0x00,0x00,0x00,0x00,0x00,0x00,0x00,0x00,0x00,
    0x20,0x00,0x00,0x00,0x00,0x00,0x00,0x00,0x00,0x00,0x00,0x00,0x00,0x00,0x00,0x00,0x00,0x00,0x00,0x00,0x00,0x00,0x00,0x00,
    0x00,0x00,0x00,0x00,0x00,0x00,0x00,0x00,0x7E,0x40,0x00,0x00,0x00,0x00,0x00,0xB2,0x00,0x00,0x00,0x04,0xD4,0x00,0x00,0x00,
    0x00,0x00,0x00,0x00,0x00,0x03,0xFF,0xF2,0x00,0x00,0x00,0x00,0x00,0xBF,0x50,0x00,0x00,0x4F,0xFF,0x00,0x00,0x00,0x00,0x00,
    0x00,0x00,0x00,0x05,0xFF,0xFD,0x00,0x00,0x00,0x00,0x00,0x7F,0xF8,0x00,0x04,0xFF,0xFF,0x00,0x00,0x00,0x00,0x00,0x00,0x00,
    0x00,0x06,0xFF,0xFF,0x00,0x00,0x00,0x00,0x00,0x4F,0xFF,0x70,0x0A,0xFF,0xFD,0x00,0x00,0x00,0x00,0x00,0x00,0x00,0x00,0x07,
    0xFF,0xFE,0x00,0x00,0x00,0x00,0x00,0x1F,0xFF,0xE0,0x09,0xFF,0xFC,0x00,0x00,0x00,0x00,0x00,0x00,0x00,0x00,0x09,0xFF,0xFD,
    0x00,0x00,0x00,0x00,0x00,0x0E,0xFF,0xF5,0x08,0xFF,0xFB,0x00,0x00,0x00,0x00,0x00,0x00,0x00,0x00,0x0A,0xFF,0xFC,0x00,0x00,
    0x00,0x00,0x00,0x0A,0xFF,0xFD,0x07,0xFF,0xFA,0x00,0x00,0x00,0x00,0x00,0x00,0x00,0x00,0x0B,0xFF,0xF7,0x00,0x00,0x00,0x00,
    0x00,0x07,0xFF,0xFF,0x25,0xFF,0xF8,0x00,0x00,0x00,0x00,0x00,0x00,0x00,0x00,0x0C,0xFF,0xF2,0x00,0x00,0x00,0x00,0x00,0x02,
    0xFF,0xFF,0x54,0xFF,0xF7,0x00,0x00,0x00,0x00,0x00,0x00,0x00,0x00,0x0E,0xFF,0xD0,0x00,0x00,0x00,0x00,0x00,0x00,0xBF,0xFF,
    0x73,0xFF,0xF6,0x00,0x00,0x00,0x00,0x00,0x00,0x00,0x00,0x0F,0xFF,0x80,0x00,0x00,0x00,0x00,0x00,0x00,0x4F,0xFF,0x92,0xFF,
    0xF4,0x00,0x00,0x00,0x00,0x00,0x00,0x00,0x00,0x0F,0xFF,0x30,0x00,0x00,0x00,0x00,0x00,0x00,0x0D,0xFF,0xC1,0xFF,0xF3,0x00,
    0x00,0x00,0x00,0x00,0x00,0x00,0x00,0x2F,0xFD,0x00,0x00,0x00,0x00,0x00,0x00,0x00,0x05,0xFF,0xE0,0xFF,0xF2,0x00,0x00,0x00,
    0x00,0x00,0x00,0x00,0x00,0x3F,0xF8,0x00,0x00,0x00,0x00,0x00,0x00,0x00,0x00,0x5E,0xF0,0xEF,0xF0,0x00,0x00,0x00,0x00,0x00,
    0x00,0x00,0x00,0x4F,0xF3,0x00,0x00,0x00,0x00,0x00,0x00,0x00,0x00,0x01,0xB2,0xDF,0xF0,0x00,0x00,0x00,0x00,0x00,0x00,0x00,
    0x00,0x6F,0xA0,0x01,0x8F,0xFF,0xFF,0xFF,0xFF,0xFF,0xFF,0xFD,0x00,0x9F,0xE0,0x00,0x00,0x00,0x00,0x00,0x00,0x00,0x00,0x7A,
    0x02,0xAF,0xFF,0xFF,0xFF,0xFF,0xFF,0xFF,0xFF,0xFF,0xA0,0x0C,0xC0,0x00,0x00,0x00,0x00,0x00,0x00,0x00,0x00,0x30,0x2E,0xFF,
    0xFF,0xFF,0xFF,0xFF,0xFF,0xFF,0xFF,0xFF,0xF6,0x01,0x90,0x00,0x00,0x00,0x00,0x00,0x00,0x00,0x00,0x01,0xDF,0xFF,0xFF,0xFF,
    0xFF,0xFF,0xFF,0xFF,0xFF,0xFF,0xFF,0x30,0x00,0x00,0x00,0x00,0x00,0x00,0x00,0x00,0x00,0x00,0x00,0x00,0x00,0x00,0x00,0x00,
    0x00,0x00,0x00,0x00,0x00,0x00,0x00,0x00,0x00,0x00,0x00,0x00,0x00,0x00,0x00,0x00,0x00,0x00,0x00,0x00,0x00,0x00,0x00,0x00,
    0x00,0x00,0x00,0x00,0x00,0x00,0x00,0x00,0x00,0x00,0x00,0x00,0x00,0x00,0x00,0x00,0x00,0x00,0x00,0x00,0x00,0x00,0x00,0x00,
    0x00,0x00,0x00,0x00,0x00,0x00,0x00,0x00,0x00,0x00,0x00,0x00,0x00,0x00,0x00,0x00,0x00,0x00,0x00,0x00,0x00,0x00,0x00,0x00,
    0x00,0x00,0x00,0x00,0x00,0x00,0x00,0x00,
    // 'R' (advance 44 px)
    0x00,0x00,0x00,0x00,0xDF,0xFF,0xFF,0xFF,0xFF,0xFF,0xFF,0xFF,0xFF,0xFF,0xFF,0x40,0x00,0x00,0x00,0x00,0x00,0x00,0x00,0x00,
    0x05,0x10,0x2F,0xFF,0xFF,0xFF,0xFF,0xFF,0xFF,0xFF,0xFF,0xFF,0xF5,0x03,0x00,0x00,0x00,0x00,0x00,0x00,0x00,0x00,0x08,0xC0,
    0x06,0xFF,0xFF,0xFF,0xFF,0xFF,0xFF,0xFF,0xFF,0xFC,0x40,0x7A,0x00,0x00,0x00,0x00,0x00,0x00,0x00,0x00,0x0A,0xFA,0x00,0xAF,
    0xFF,0xFF,0xFF,0xFF,0xFF,0xFF,0xFA,0x30,0x06,0xF9,0x00,0x00,0x00,0x00,0x00,0x00,0x00,0x00,0x0B,0xFF,0x10,0x00,0x00,0x00,
    0x00,0x00,0x00,0x00,0x00,0x00,0x0E,0xF8,0x00,0x00,0x00,0x00,0x00,0x00,0x00,0x00,0x0C,0xFF,0x20,0x00,0x00,0x00,0x00,0x00,
    0x00,0x00,0x00,0x00,0x4F,0xF6,0x00,0x00,0x00,0x00,0x00,0x00,0x00,0x00,0x0E,0xFF,0x30,0x00,0x00,0x00,0x00,0x00,0x00,0x00,
    0x00,0x00,0x9F,0xF5,0x00,0x00,0x00,0x00,0x00,0x00,0x00,0x00,0x0F,0xFF,0x40,0x00,0x00,0x00,0x00,0x00,0x00,0x00,0x00,0x00,
    0xEF,0xF4,0x00,0x00,0x00,0x00,0x00,0x00,0x00,0x00,0x0F,0xFF,0x60,0x00,0x00,0x00,0x00,0x00,0x00,0x00,0x00,0x03,0xFF,0xF2,
    0x00,0x00,0x00,0x00,0x00,0x00,0x00,0x00,0x2F,0xFF,0x70,0x00,0x00,0x00,0x00,0x00,0x00,0x00,0x00,0x09,0xFF,0xF1,0x00,0x00,
    0x00,0x00,0x00,0x00,0x00,0x00,0x3F,0xFF,0x80,0x00,0x00,0x00,0x00,0x00,0x00,0x00,0x00,0x0E,0xFF,0xF0,0x00,0x00,0x00,0x00,
    0x00,0x00,0x00,0x00,0x4F,0xFF,0x90,0x00,0x00,0x00,0x00,0x00,0x00,0x00,0x00,0x3F,0xFF,0xF0,0x00,0x00,0x00,0x00,0x00,0x00,
    0x00,0x00,0x6F,0xFF,0xA0,0x00,0x00,0x00,0x00,0x00,0x00,0x00,0x00,0x7F,0xFF,0xD0,0x00,0x00,0x00,0x00,0x00,0x00,0x00,0x00,
    0x7F,0xFF,0xB0,0x00,0x00,0x00,0x00,0x00,0x00,0x00,0x00,0x9F,0xFF,0xC0,0x00,0x00,0x00,0x00,0x00,0x00,0x00,0x00,0x8F,0xFF,
    0xC0,0x00,0x00,0x00,0x00,0x00,0x00,0x00,0x00,0xAF,0xFF,0xB0,0x00,0x00,0x00,0x00,0x00,0x00,0x00,0x00,0xAF,0xFF,0xE0,0x00,
    0x00,0x00,0x00,0x00,0x00,0x00,0x00,0xBF,0xFF,0x90,0x00,0x00,0x00,0x00,0x00,0x00,0x00,0x00,0xBF,0xFF,0xB0,0x00,0x00,0x00,
    0x00,0x00,0x00,0x00,0x00,0x9F,0xFF,0x80,0x00,0x00,0x00,0x00,0x00,0x00,0x00,0x00,0xCF,0xFB,0x00,0x00,0x00,0x00,0x00,0x00,
    0x00,0x00,0x00,0x0C,0xFF,0x70,0x00,0x00,0x00,0x00,0x00,0x00,0x00,0x00,0x4E,0xB3,0xFF,0xFF,0xFC,0x20,0x00,0x00,0x9F,0xFF,
    0xFD,0x21,0xDA,0x20,0x00,0x00,0x00,0x00,0x00,0x00,0x00,0x00,0x01,0x2E,0xFF,0xFF,0xFF,0xF8,0x00,0x5E,0xFF,0xFF,0xFF,0xE2,
    0x00,0x00,0x00,0x00,0x00,0x00,0x00,0x00,0x00,0x00,0x00,0x0C,0xFF,0xFF,0xFF,0xF6,0x00,0x4E,0xFF,0xFF,0xFF,0xE2,0x00,0x00,
    0x00,0x00,0x00,0x00,0x00,0x00,0x00,0x00,0x5D,0x31,0xDF,0xFF,0xFB,0x20,0x00,0xA1,0x9F,0xFF,0xFD,0x20,0x00,0x00,0x00,0x00,
    0x00,0x00,0x00,0x00,0x00,0x03,0xFF,0xE1,0x00,0x00,0x00,0x00,0x00,0xBD,0x30,0x00,0x00,0x00,0x00,0x00,0x00,0x00,0x00,0x00,
    0x00,0x00,0x00,0x05,0xFF,0xFC,0x00,0x00,0x00,0x00,0x00,0x8F,0xF6,0x00,0x00,0x00,0x00,0x00,0x00,0x00,0x00,0x00,0x00,0x00,
    0x00,0x06,0xFF,0xFF,0x00,0x00,0x00,0x00,0x00,0x5F,0xFF,0x50,0x00,0x00,0x00,0x00,0x00,0x00,0x00,0x00,0x00,0x00,0x00,0x07,
    0xFF,0xFE,0x00,0x00,0x00,0x00,0x00,0x1F,0xFF,0xD0,0x00,0x00,0x00,0x00,0x00,0x00,0x00,0x00,0x00,0x00,0x00,0x08,0xFF,0xFD,
    0x00,0x00,0x00,0x00,0x00,0x0E,0xFF,0xF4,0x00,0x00,0x00,0x00,0x00,0x00,0x00,0x00,0x00,0x00,0x00,0x0A,0xFF,0xFC,0x00,0x00,
    0x00,0x00,0x00,0x0B,0xFF,0xFC,0x00,0x00,0x00,0x00,0x00,0x00,0x00,0x00,0x00,0x00,0x00,0x0B,0xFF,0xF8,0x00,0x00,0x00,0x00,
    0x00,0x07,0xFF,0xFF,0x20,0x00,0x00,0x00,0x00,0x00,0x00,0x00,0x00,0x00,0x00,0x0C,0xFF,0xF3,0x00,0x00,0x00,0x00,0x00,0x03,
    0xFF,0xFF,0x40,0x00,0x00,0x00,0x00,0x00,0x00,0x00,0x00,0x00,0x00,0x0E,0xFF,0xE0,0x00,0x00,0x00,0x00,0x00,0x00,0xCF,0xFF,
    0x70,0x00,0x00,0x00,0x00,0x00,0x00,0x00,0x00,0x00,0x00,0x0F,0xFF,0x80,0x00,0x00,0x00,0x00,0x00,0x00,0x5F,0xFF,0x90,0x00,
    0x00,0x00,0x00,0x00,0x00,0x00,0x00,0x00,0x00,0x0F,0xFF,0x30,0x00,0x00,0x00,0x00,0x00,0x00,0x0E,0xFF,0xB0,0x00,0x00,0x00,
    0x00,0x00,0x00,0x00,0x00,0x00,0x00,0x2F,0xFE,0x00,0x00,0x00,0x00,0x00,0x00,0x00,0x07,0xFF,0xD0,0x00,0x00,0x00,0x00,0x00,
    0x00,0x00,0x00,0x00,0x00,0x3F,0xF9,0x00,0x00,0x00,0x00,0x00,0x00,0x00,0x00,0x7F,0xF0,0x00,0x00,0x00,0x00,0x00,0x00,0x00,
    0x00,0x00,0x00,0x4F,0xF4,0x00,0x00,0x00,0x00,0x00,0x00,0x00,0x00,0x03,0xD2,0x00,0x00,0x00,0x00,0x00,0x00,0x00,0x00,0x00,
    0x00,0x5F,0xC0,0x00,0x00,0x00,0x00,0x00,0x00,0x00,0x00,0x00,0x01,0x00,0x00,0x00,0x00,0x00,0x00,0x00,0x00,0x00,0x00,0x7C,
    0x00,0x00,0x00,0x00,0x00,0x00,0x00,0x00,0x00,0x00,0x00,0x00,0x00,0x00,0x00,0x00,0x00,0x00,0x00,0x00,0x00,0x40,0x00,0x00,
    0x00,0x00,0x00,0x00,0x00,0x00,0x00,0x00,0x00,0x00,0x00,0x00,0x00,0x00,0x00,0x00,0x00,0x00,0x00,0x00,0x00,0x00,0x00,0x00,
    0x00,0x00,0x00,0x00,0x00,0x00,0x00,0x00,0x00,0x00,0x00,0x00,0x00,0x00,0x00,0x00,0x00,0x00,0x00,0x00,0x00,0x00,0x00,0x00,
    0x00,0x00,0x00,0x00,0x00,0x00,0x00,0x00,0x00,0x00,0x00,0x00,0x00,0x00,0x00,0x00,0x00,0x00,0x00,0x00,0x00,0x00,0x00,0x00,
    0x00,0x00,0x00,0x00,0x00,0x00,0x00,0x00,0x00,0x00,0x00,0x00,0x00,0x00,0x00,0x00,0x00,0x00,0x00,0x00,0x00,0x00,0x00,0x00,
    0x00,0x00,0x00,0x00,0x00,0x00,0x00,0x00,0x00,0x00,0x00,0x00,0x00,0x00,0x00,0x00,0x00,0x00,0x00,0x00,0x00,0x00,0x00,0x00,
    0x00,0x00,0x00,0x00,0x00,0x00,0x00,0x00,
    // 'S' (advance 44 px)
    0x00,0x00,0x00,0x00,0xDF,0xFF,0xFF,0xFF,0xFF,0xFF,0xFF,0xFF,0xFF,0xFF,0xFF,0x40,0x00,0x00,0x00,0x00,0x00,0x00,0x00,0x00,
    0x05,0x10,0x2F,0xFF,0xFF,0xFF,0xFF,0xFF,0xFF,0xFF,0xFF,0xFF,0xF5,0x00,0x00,0x00,0x00,0x00,0x00,0x00,0x00,0x00,0x08,0xC0,
    0x06,0xFF,0xFF,0xFF,0xFF,0xFF,0xFF,0xFF,0xFF,0xFC,0x40,0x00,0x00,0x00,0x00,0x00,0x00,0x00,0x00,0x00,0x0A,0xFA,0x00,0xAF,
    0xFF,0xFF,0xFF,0xFF,0xFF,0xFF,0xFA,0x30,0x00,0x00,0x00,0x00,0x00,0x00,0x00,0x00,0x00,0x00,0x0B,0xFF,0x10,0x00,0x00,0x00,
    0x00,0x00,0x00,0x00,0x00,0x00,0x00,0x00,0x00,0x00,0x00,0x00,0x00,0x00,0x00,0x00,0x0C,0xFF,0x20,0x00,0x00,0x00,0x00,0x00,
    0x00,0x00,0x00,0x00,0x00,0x00,0x00,0x00,0x00,0x00,0x00,0x00,0x00,0x00,0x0E,0xFF,0x30,0x00,0x00,0x00,0x00,0x00,0x00,0x00,
    0x00,0x00,0x00,0x00,0x00,0x00,0x00,0x00,0x00,0x00,0x00,0x00,0x0F,0xFF,0x40,0x00,0x00,0x00,0x00,0x00,0x00,0x00,0x00,0x00,
    0x00,0x00,0x00,0x00,0x00,0x00,0x00,0x00,0x00,0x00,0x0F,0xFF,0x60,0x00,0x00,0x00,0x00,0x00,0x00,0x00,0x00,0x00,0x00,0x00,
    0x00,0x00,0x00,0x00,0x00,0x00,0x00,0x00,0x2F,0xFF,0x70,0x00,0x00,0x00,0x00,0x00,0x00,0x00,0x00,0x00,0x00,0x00,0x00,0x00,
    0x00,0x00,0x00,0x00,0x00,0x00,0x3F,0xFF,0x80,0x00,0x00,0x00,0x00,0x00,0x00,0x00,0x00,0x00,0x00,0x00,0x00,0x00,0x00,0x00,
    0x00,0x00,0x00,0x00,0x4F,0xFF,0x90,0x00,0x00,0x00,0x00,0x00,0x00,0x00,0x00,0x00,0x00,0x00,0x00,0x00,0x00,0x00,0x00,0x00,
    0x00,0x00,0x6F,0xFF,0xA0,0x00,0x00,0x00,0x00,0x00,0x00,0x00,0x00,0x00,0x00,0x00,0x00,0x00,0x00,0x00,0x00,0x00,0x00,0x00,
    0x7F,0xFF,0xB0,0x00,0x00,0x00,0x00,0x00,0x00,0x00,0x00,0x00,0x00,0x00,0x00,0x00,0x00,0x00,0x00,0x00,0x00,0x00,0x8F,0xFF,
    0xC0,0x00,0x00,0x00,0x00,0x00,0x00,0x00,0x00,0x00,0x00,0x00,0x00,0x00,0x00,0x00,0x00,0x00,0x00,0x00,0xAF,0xFF,0xE0,0x00,
    0x00,0x00,0x00,0x00,0x00,0x00,0x00,0x00,0x00,0x00,0x00,0x00,0x00,0x00,0x00,0x00,0x00,0x00,0xBF,0xFF,0xB0,0x00,0x00,0x00,
    0x00,0x00,0x00,0x00,0x00,0x00,0x00,0x00,0x00,0x00,0x00,0x00,0x00,0x00,0x00,0x00,0xCF,0xFB,0x00,0x00,0x00,0x00,0x00,0x00,
    0x00,0x00,0x00,0x00,0x00,0x00,0x00,0x00,0x00,0x00,0x00,0x00,0x00,0x00,0x4E,0xB3,0xFF,0xFF,0xFC,0x20,0x00,0x00,0x9F,0xFF,
    0xFD,0x20,0x00,0x00,0x00,0x00,0x00,0x00,0x00,0x00,0x00,0x00,0x01,0x2E,0xFF,0xFF,0xFF,0xF8,0x00,0x5E,0xFF,0xFF,0xFF,0xE2,
    0x00,0x00,0x00,0x00,0x00,0x00,0x00,0x00,0x00,0x00,0x00,0x0C,0xFF,0xFF,0xFF,0xF6,0x00,0x4E,0xFF,0xFF,0xFF,0xE2,0x00,0x00,
    0x00,0x00,0x00,0x00,0x00,0x00,0x00,0x00,0x00,0x01,0xDF,0xFF,0xFB,0x20,0x00,0x00,0x9F,0xFF,0xFD,0x24,0xD4,0x00,0x00,0x00,
    0x00,0x00,0x00,0x00,0x00,0x00,0x00,0x00,0x00,0x00,0x00,0x00,0x00,0x00,0x00,0x00,0x00,0x4F,0xFF,0x00,0x00,0x00,0x00,0x00,
    0x00,0x00,0x00,0x00,0x00,0x00,0x00,0x00,0x00,0x00,0x00,0x00,0x00,0x00,0x04,0xFF,0xFF,0x00,0x00,0x00,0x00,0x00,0x00,0x00,
    0x00,0x00,0x00,0x00,0x00,0x00,0x00,0x00,0x00,0x00,0x00,0x00,0x0A,0xFF,0xFD,0x00,0x00,0x00,0x00,0x00,0x00,0x00,0x00,0x00,
    0x00,0x00,0x00,0x00,0x00,0x00,0x00,0x00,0x00,0x00,0x09,0xFF,0xFC,0x00,0x00,0x00,0x00,0x00,0x00,0x00,0x00,0x00,0x00,0x00,
    0x00,0x00,0x00,0x00,0x00,0x00,0x00,0x00,0x08,0xFF,0xFB,0x00,0x00,0x00,0x00,0x00,0x00,0x00,0x00,0x00,0x00,0x00,0x00,0x00,
    0x00,0x00,0x00,0x00,0x00,0x00,0x07,0xFF,0xFA,0x00,0x00,0x00,0x00,0x00,0x00,0x00,0x00,0x00,0x00,0x00,0x00,0x00,0x00,0x00,
    0x00,0x00,0x00,0x00,0x05,0xFF,0xF8,0x00,0x00,0x00,0x00,0x00,0x00,0x00,0x00,0x00,0x00,0x00,0x00,0x00,0x00,0x00,0x00,0x00,
    0x00,0x00,0x04,0xFF,0xF7,0x00,0x00,0x00,0x00,0x00,0x00,0x00,0x00,0x00,0x00,0x00,0x00,0x00,0x00,0x00,0x00,0x00,0x00,0x00,
    0x03,0xFF,0xF6,0x00,0x00,0x00,0x00,0x00,0x00,0x00,0x00,0x00,0x00,0x00,0x00,0x00,0x00,0x00,0x00,0x00,0x00,0x00,0x02,0xFF,
    0xF4,0x00,0x00,0x00,0x00,0x00,0x00,0x00,0x00,0x00,0x00,0x00,0x00,0x00,0x00,0x00,0x00,0x00,0x00,0x00,0x01,0xFF,0xF3,0x00,
    0x00,0x00,0x00,0x00,0x00,0x00,0x00,0x00,0x00,0x00,0x00,0x00,0x00,0x00,0x00,0x00,0x00,0x00,0x00,0xFF,0xF2,0x00,0x00,0x00,
    0x00,0x00,0x00,0x00,0x00,0x00,0x00,0x00,0x00,0x00,0x00,0x00,0x00,0x00,0x00,0x00,0x00,0xEF,0xF0,0x00,0x00,0x00,0x00,0x00,
    0x00,0x00,0x00,0x00,0x00,0x00,0x00,0x00,0x00,0x00,0x00,0x00,0x00,0x00,0x00,0xDF,0xF0,0x00,0x00,0x00,0x00,0x00,0x00,0x00,
    0x00,0x00,0x00,0x01,0x8F,0xFF,0xFF,0xFF,0xFF,0xFF,0xFF,0xFD,0x00,0x9F,0xE0,0x00,0x00,0x00,0x00,0x00,0x00,0x00,0x00,0x00,
    0x02,0xAF,0xFF,0xFF,0xFF,0xFF,0xFF,0xFF,0xFF,0xFF,0xA0,0x0C,0xC0,0x00,0x00,0x00,0x00,0x00,0x00,0x00,0x00,0x00,0x2E,0xFF,
    0xFF,0xFF,0xFF,0xFF,0xFF,0xFF,0xFF,0xFF,0xF6,0x01,0x90,0x00,0x00,0x00,0x00,0x00,0x00,0x00,0x00,0x01,0xDF,0xFF,0xFF,0xFF,
    0xFF,0xFF,0xFF,0xFF,0xFF,0xFF,0xFF,0x30,0x00,0x00,0x00,0x00,0x00,0x00,0x00,0x00,0x00,0x00,0x00,0x00,0x00,0x00,0x00,0x00,
    0x00,0x00,0x00,0x00,0x00,0x00,0x00,0x00,0x00,0x00,0x00,0x00,0x00,0x00,0x00,0x00,0x00,0x00,0x00,0x00,0x00,0x00,0x00,0x00,
    0x00,0x00,0x00,0x00,0x00,0x00,0x00,0x00,0x00,0x00,0x00,0x00,0x00,0x00,0x00,0x00,0x00,0x00,0x00,0x00,0x00,0x00,0x00,0x00,
    0x00,0x00,0x00,0x00,0x00,0x00,0x00,0x00,0x00,0x00,0x00,0x00,0x00,0x00,0x00,0x00,0x00,0x00,0x00,0x00,0x00,0x00,0x00,0x00,
    0x00,0x00,0x00,0x00,0x00,0x00,0x00,0x00,
    // 'T' (advance 44 px)
    0x00,0x00,0x00,0x00,0xDF,0xFF,0xFF,0xFF,0xFF,0xFF,0xFF,0xFF,0xFF,0xFF,0xFF,0x40,0x00,0x00,0x00,0x00,0x00,0x00,0x00,0x00,
    0x00,0x00,0x2F,0xFF,0xFF,0xFF,0xFF,0xFF,0xFF,0xFF,0xFF,0xFF,0xF5,0x00,0x00,0x00,0x00,0x00,0x00,0x00,0x00,0x00,0x00,0x00,
    0x06,0xFF,0xFF,0xFF,0xFF,0xFF,0xFF,0xFF,0xFF,0xFC,0x40,0x00,0x00,0x00,0x00,0x00,0x00,0x00,0x00,0x00,0x00,0x00,0x00,0xAF,
    0xFF,0xFF,0xFF,0xFF,0xFF,0xFF,0xFA,0x30,0x00,0x00,0x00,0x00,0x00,0x00,0x00,0x00,0x00,0x00,0x00,0x00,0x00,0x00,0x00,0x00,
    0x00,0x00,0x00,0x00,0x00,0x00,0x00,0x00,0x00,0x00,0x00,0x00,0x00,0x00,0x00,0x00,0x00,0x00,0x00,0x00,0x00,0x06,0xFF,0xFF,
    0xF0,0x00,0x00,0x00,0x00,0x00,0x00,0x00,0x00,0x00,0x00,0x00,0x00,0x00,0x00,0x00,0x00,0x00,0x00,0x07,0xFF,0xFF,0xE0,0x00,
    0x00,0x00,0x00,0x00,0x00,0x00,0x00,0x00,0x00,0x00,0x00,0x00,0x00,0x00,0x00,0x00,0x00,0x09,0xFF,0xFF,0xD0,0x00,0x00,0x00,
    0x00,0x00,0x00,0x00,0x00,0x00,0x00,0x00,0x00,0x00,0x00,0x00,0x00,0x00,0x00,0x08,0xFF,0xFF,0xA0,0x00,0x00,0x00,0x00,0x00,
    0x00,0x00,0x00,0x00,0x00,0x00,0x00,0x00,0x00,0x00,0x00,0x00,0x00,0x06,0xFF,0xFF,0x40,0x00,0x00,0x00,0x00,0x00,0x00,0x00,
    0x00,0x00,0x00,0x00,0x00,0x00,0x00,0x00,0x00,0x00,0x00,0x03,0xFF,0xFF,0x00,0x00,0x00,0x00,0x00,0x00,0x00,0x00,0x00,0x00,
    0x00,0x00,0x00,0x00,0x00,0x00,0x00,0x00,0x00,0x00,0xFF,0xFA,0x00,0x00,0x00,0x00,0x00,0x00,0x00,0x00,0x00,0x00,0x00,0x00,
    0x00,0x00,0x00,0x00,0x00,0x00,0x00,0x00,0xEF,0xF5,0x00,0x00,0x00,0x00,0x00,0x00,0x00,0x00,0x00,0x00,0x00,0x00,0x00,0x00,
    0x00,0x00,0x00,0x00,0x00,0x00,0xBF,0xF0,0x00,0x00,0x00,0x00,0x00,0x00,0x00,0x00,0x00,0x00,0x00,0x00,0x00,0x00,0x00,0x00,
    0x00,0x00,0x00,0x00,0x9F,0xB0,0x00,0x00,0x00,0x00,0x00,0x00,0x00,0x00,0x00,0x00,0x00,0x00,0x00,0x00,0x00,0x00,0x00,0x00,
    0x00,0x00,0x6F,0x50,0x00,0x00,0x00,0x00,0x00,0x00,0x00,0x00,0x00,0x00,0x00,0x00,0x00,0x00,0x00,0x00,0x00,0x00,0x00,0x00,
    0x3F,0x10,0x00,0x00,0x00,0x00,0x00,0x00,0x00,0x00,0x00,0x00,0x00,0x00,0x00,0x00,0x00,0x00,0x00,0x00,0x00,0x00,0x1B,0x00,
    0x00,0x00,0x00,0x00,0x00,0x00,0x00,0x00,0x00,0x00,0x00,0x00,0x00,0x00,0x00,0x00,0x00,0x00,0x00,0x00,0x05,0x00,0x00,0x00,
    0x00,0x00,0x00,0x00,0x00,0x00,0x00,0x00,0x00,0x00,0x00,0x00,0x00,0x00,0x00,0x00,0x00,0x00,0x00,0x00,0x00,0x00,0x00,0x00,
    0x00,0x00,0x00,0x00,0x00,0x00,0x00,0x00,0x00,0x00,0x00,0x00,0x00,0x00,0x00,0x00,0x00,0x00,0x00,0x00,0x00,0x00,0x00,0x00,
    0x00,0x00,0x00,0x00,0x00,0x00,0x00,0x00,0x00,0x00,0x00,0x00,0x00,0x00,0x23,0x00,0x00,0x00,0x00,0x00,0x00,0x00,0x00,0x00,
    0x00,0x00,0x00,0x00,0x00,0x00,0x00,0x00,0x00,0x00,0x00,0x00,0x75,0x00,0x00,0x00,0x00,0x00,0x00,0x00,0x00,0x00,0x00,0x00,
    0x00,0x00,0x00,0x00,0x00,0x00,0x00,0x00,0x00,0x00,0xC8,0x00,0x00,0x00,0x00,0x00,0x00,0x00,0x00,0x00,0x00,0x00,0x00,0x00,
    0x00,0x00,0x00,0x00,0x00,0x00,0x00,0x01,0xFA,0x00,0x00,0x00,0x00,0x00,0x00,0x00,0x00,0x00,0x00,0x00,0x00,0x00,0x00,0x00,
    0x00,0x00,0x00,0x00,0x00,0x07,0xFD,0x00,0x00,0x00,0x00,0x00,0x00,0x00,0x00,0x00,0x00,0x00,0x00,0x00,0x00,0x00,0x00,0x00,
    0x00,0x00,0x00,0x0C,0xFF,0x00,0x00,0x00,0x00,0x00,0x00,0x00,0x00,0x00,0x00,0x00,0x00,0x00,0x00,0x00,0x00,0x00,0x00,0x00,
    0x00,0x1F,0xFF,0x20,0x00,0x00,0x00,0x00,0x00,0x00,0x00,0x00,0x00,0x00,0x00,0x00,0x00,0x00,0x00,0x00,0x00,0x00,0x00,0x6F,
    0xFF,0x50,0x00,0x00,0x00,0x00,0x00,0x00,0x00,0x00,0x00,0x00,0x00,0x00,0x00,0x00,0x00,0x00,0x00,0x00,0x00,0xCF,0xFF,0x70,
    0x00,0x00,0x00,0x00,0x00,0x00,0x00,0x00,0x00,0x00,0x00,0x00,0x00,0x00,0x00,0x00,0x00,0x00,0x01,0xFF,0xFF,0xA0,0x00,0x00,
    0x00,0x00,0x00,0x00,0x00,0x00,0x00,0x00,0x00,0x00,0x00,0x00,0x00,0x00,0x00,0x00,0x06,0xFF,0xFF,0xC0,0x00,0x00,0x00,0x00,
    0x00,0x00,0x00,0x00,0x00,0x00,0x00,0x00,0x00,0x00,0x00,0x00,0x00,0x00,0x09,0xFF,0xFF,0xD0,0x00,0x00,0x00,0x00,0x00,0x00,
    0x00,0x00,0x00,0x00,0x00,0x00,0x00,0x00,0x00,0x00,0x00,0x00,0x0A,0xFF,0xFF,0xC0,0x00,0x00,0x00,0x00,0x00,0x00,0x00,0x00,
    0x00,0x00,0x00,0x00,0x00,0x00,0x00,0x00,0x00,0x00,0x0A,0xEE,0xEE,0xA0,0x00,0x00,0x00,0x00,0x00,0x00,0x00,0x00,0x00,0x00,
    0x00,0x00,0x00,0x00,0x00,0x00,0x00,0x00,0x00,0x00,0x00,0x00,0x00,0x00,0x00,0x00,0x00,0x00,0x00,0x00,0x00,0x00,0x00,0x00,
    0x00,0x00,0x00,0x00,0x00,0x00,0x00,0x00,0x00,0x00,0x00,0x00,0x00,0x00,0x00,0x00,0x00,0x00,0x00,0x00,0x00,0x00,0x00,0x00,
    0x00,0x00,0x00,0x00,0x00,0x00,0x00,0x00,0x00,0x00,0x00,0x00,0x00,0x00,0x00,0x00,0x00,0x00,0x00,0x00,0x00,0x00,0x00,0x00,
    0x00,0x00,0x00,0x00,0x00,0x00,0x00,0x00,0x00,0x00,0x00,0x00,0x00,0x00,0x00,0x00,0x00,0x00,0x00,0x00,0x00,0x00,0x00,0x00,
    0x00,0x00,0x00,0x00,0x00,0x00,0x00,0x00,0x00,0x00,0x00,0x00,0x00,0x00,0x00,0x00,0x00,0x00,0x00,0x00,0x00,0x00,0x00,0x00,
    0x00,0x00,0x00,0x00,0x00,0x00,0x00,0x00,0x00,0x00,0x00,0x00,0x00,0x00,0x00,0x00,0x00,0x00,0x00,0x00,0x00,0x00,0x00,0x00,
    0x00,0x00,0x00,0x00,0x00,0x00,0x00,0x00,0x00,0x00,0x00,0x00,0x00,0x00,0x00,0x00,0x00,0x00,0x00,0x00,0x00,0x00,0x00,0x00,
    0x00,0x00,0x00,0x00,0x00,0x00,0x00,0x00,0x00,0x00,0x00,0x00,0x00,0x00,0x00,0x00,0x00,0x00,0x00,0x00,0x00,0x00,0x00,0x00,
    0x00,0x00,0x00,0x00,0x00,0x00,0x00,0x00,
    // 'U' (advance 44 px)
    0x00,0x00,0x00,0x00,0x00,0x00,0x00,0x00,0x00,0x00,0x00,0x00,0x00,0x00,0x00,0x00,0x00,0x00,0x00,0x00,0x00,0x00,0x00,0x00,
    0x07,0x40,0x00,0x00,0x00,0x00,0x00,0x00,0x00,0x00,0x00,0x00,0x00,0x04,0x00,0x00,0x00,0x00,0x00,0x00,0x00,0x00,0x09,0xE2,
    0x00,0x00,0x00,0x00,0x00,0x00,0x00,0x00,0x00,0x00,0x00,0x8A,0x00,0x00,0x00,0x00,0x00,0x00,0x00,0x00,0x0A,0xFD,0x00,0x00,
    0x00,0x00,0x00,0x00,0x00,0x00,0x00,0x00,0x07,0xF9,0x00,0x00,0x00,0x00,0x00,0x00,0x00,0x00,0x0C,0xFF,0x10,0x00,0x00,0x00,
    0x00,0x00,0x00,0x00,0x00,0x00,0x0F,0xF8,0x00,0x00,0x00,0x00,0x00,0x00,0x00,0x00,0x0D,0xFF,0x30,0x00,0x00,0x00,0x00,0x00,
    0x00,0x00,0x00,0x00,0x4F,0xF6,0x00,0x00,0x00,0x00,0x00,0x00,0x00,0x00,0x0E,0xFF,0x40,0x00,0x00,0x00,0x00,0x00,0x00,0x00,
    0x00,0x00,0xAF,0xF5,0x00,0x00,0x00,0x00,0x00,0x00,0x00,0x00,0x0F,0xFF,0x50,0x00,0x00,0x00,0x00,0x00,0x00,0x00,0x00,0x00,
    0xEF,0xF4,0x00,0x00,0x00,0x00,0x00,0x00,0x00,0x00,0x1F,0xFF,0x60,0x00,0x00,0x00,0x00,0x00,0x00,0x00,0x00,0x04,0xFF,0xF2,
    0x00,0x00,0x00,0x00,0x00,0x00,0x00,0x00,0x2F,0xFF,0x70,0x00,0x00,0x00,0x00,0x00,0x00,0x00,0x00,0x09,0xFF,0xF1,0x00,0x00,
    0x00,0x00,0x00,0x00,0x00,0x00,0x3F,0xFF,0x80,0x00,0x00,0x00,0x00,0x00,0x00,0x00,0x00,0x0E,0xFF,0xF0,0x00,0x00,0x00,0x00,
    0x00,0x00,0x00,0x00,0x5F,0xFF,0x90,0x00,0x00,0x00,0x00,0x00,0x00,0x00,0x00,0x4F,0xFF,0xE0,0x00,0x00,0x00,0x00,0x00,0x00,
    0x00,0x00,0x6F,0xFF,0xA0,0x00,0x00,0x00,0x00,0x00,0x00,0x00,0x00,0x7F,0xFF,0xD0,0x00,0x00,0x00,0x00,0x00,0x00,0x00,0x00,
    0x7F,0xFF,0xC0,0x00,0x00,0x00,0x00,0x00,0x00,0x00,0x00,0x9F,0xFF,0xC0,0x00,0x00,0x00,0x00,0x00,0x00,0x00,0x00,0x9F,0xFF,
    0xD0,0x00,0x00,0x00,0x00,0x00,0x00,0x00,0x00,0xAF,0xFF,0xA0,0x00,0x00,0x00,0x00,0x00,0x00,0x00,0x00,0xAF,0xFF,0xE0,0x00,
    0x00,0x00,0x00,0x00,0x00,0x00,0x00,0xBF,0xFF,0x90,0x00,0x00,0x00,0x00,0x00,0x00,0x00,0x00,0xBF,0xFF,0x70,0x00,0x00,0x00,
    0x00,0x00,0x00,0x00,0x00,0x8F,0xFF,0x80,0x00,0x00,0x00,0x00,0x00,0x00,0x00,0x00,0xCF,0xF7,0x00,0x00,0x00,0x00,0x00,0x00,
    0x00,0x00,0x00,0x0B,0xFF,0x60,0x00,0x00,0x00,0x00,0x00,0x00,0x00,0x00,0x1A,0x60,0x00,0x00,0x00,0x00,0x00,0x00,0x00,0x00,
    0x00,0x00,0xC9,0x20,0x00,0x00,0x00,0x00,0x00,0x00,0x00,0x00,0x00,0x00,0x00,0x00,0x00,0x00,0x00,0x00,0x00,0x00,0x00,0x00,
    0x00,0x00,0x00,0x00,0x00,0x00,0x00,0x00,0x00,0x00,0x00,0x00,0x00,0x00,0x00,0x00,0x00,0x00,0x00,0x00,0x00,0x00,0x00,0x00,
    0x00,0x00,0x00,0x00,0x00,0x00,0x00,0x00,0x7E,0x40,0x00,0x00,0x00,0x00,0x00,0x00,0x00,0x00,0x00,0x04,0xD4,0x00,0x00,0x00,
    0x00,0x00,0x00,0x00,0x00,0x03,0xFF,0xF2,0x00,0x00,0x00,0x00,0x00,0x00,0x00,0x00,0x00,0x4F,0xFF,0x00,0x00,0x00,0x00,0x00,
    0x00,0x00,0x00,0x05,0xFF,0xFD,0x00,0x00,0x00,0x00,0x00,0x00,0x00,0x00,0x04,0xFF,0xFF,0x00,0x00,0x00,0x00,0x00,0x00,0x00,
    0x00,0x06,0xFF,0xFF,0x00,0x00,0x00,0x00,0x00,0x00,0x00,0x00,0x0A,0xFF,0xFD,0x00,0x00,0x00,0x00,0x00,0x00,0x00,0x00,0x07,
    0xFF,0xFE,0x00,0x00,0x00,0x00,0x00,0x00,0x00,0x00,0x09,0xFF,0xFC,0x00,0x00,0x00,0x00,0x00,0x00,0x00,0x00,0x09,0xFF,0xFD,
    0x00,0x00,0x00,0x00,0x00,0x00,0x00,0x00,0x08,0xFF,0xFB,0x00,0x00,0x00,0x00,0x00,0x00,0x00,0x00,0x0A,0xFF,0xFC,0x00,0x00,
    0x00,0x00,0x00,0x00,0x00,0x00,0x07,0xFF,0xFA,0x00,0x00,0x00,0x00,0x00,0x00,0x00,0x00,0x0B,0xFF,0xF7,0x00,0x00,0x00,0x00,
    0x00,0x00,0x00,0x00,0x05,0xFF,0xF8,0x00,0x00,0x00,0x00,0x00,0x00,0x00,0x00,0x0C,0xFF,0xF2,0x00,0x00,0x00,0x00,0x00,0x00,
    0x00,0x00,0x04,0xFF,0xF7,0x00,0x00,0x00,0x00,0x00,0x00,0x00,0x00,0x0E,0xFF,0xD0,0x00,0x00,0x00,0x00,0x00,0x00,0x00,0x00,
    0x03,0xFF,0xF6,0x00,0x00,0x00,0x00,0x00,0x00,0x00,0x00,0x0F,0xFF,0x80,0x00,0x00,0x00,0x00,0x00,0x00,0x00,0x00,0x02,0xFF,
    0xF4,0x00,0x00,0x00,0x00,0x00,0x00,0x00,0x00,0x0F,0xFF,0x30,0x00,0x00,0x00,0x00,0x00,0x00,0x00,0x00,0x01,0xFF,0xF3,0x00,
    0x00,0x00,0x00,0x00,0x00,0x00,0x00,0x2F,0xFD,0x00,0x00,0x00,0x00,0x00,0x00,0x00,0x00,0x00,0x00,0xFF,0xF2,0x00,0x00,0x00,
    0x00,0x00,0x00,0x00,0x00,0x3F,0xF8,0x00,0x00,0x00,0x00,0x00,0x00,0x00,0x00,0x00,0x00,0xEF,0xF0,0x00,0x00,0x00,0x00,0x00,
    0x00,0x00,0x00,0x4F,0xF3,0x00,0x00,0x00,0x00,0x00,0x00,0x00,0x00,0x00,0x00,0xDF,0xF0,0x00,0x00,0x00,0x00,0x00,0x00,0x00,
    0x00,0x6F,0xA0,0x01,0x8F,0xFF,0xFF,0xFF,0xFF,0xFF,0xFF,0xFD,0x00,0x9F,0xE0,0x00,0x00,0x00,0x00,0x00,0x00,0x00,0x00,0x7A,
    0x02,0xAF,0xFF,0xFF,0xFF,0xFF,0xFF,0xFF,0xFF,0xFF,0xA0,0x0C,0xC0,0x00,0x00,0x00,0x00,0x00,0x00,0x00,0x00,0x30,0x2E,0xFF,
    0xFF,0xFF,0xFF,0xFF,0xFF,0xFF,0xFF,0xFF,0xF6,0x01,0x90,0x00,0x00,0x00,0x00,0x00,0x00,0x00,0x00,0x01,0xDF,0xFF,0xFF,0xFF,
    0xFF,0xFF,0xFF,0xFF,0xFF,0xFF,0xFF,0x30,0x00,0x00,0x00,0x00,0x00,0x00,0x00,0x00,0x00,0x00,0x00,0x00,0x00,0x00,0x00,0x00,
    0x00,0x00,0x00,0x00,0x00,0x00,0x00,0x00,0x00,0x00,0x00,0x00,0x00,0x00,0x00,0x00,0x00,0x00,0x00,0x00,0x00,0x00,0x00,0x00,
    0x00,0x00,0x00,0x00,0x00,0x00,0x00,0x00,0x00,0x00,0x00,0x00,0x00,0x00,0x00,0x00,0x00,0x00,0x00,0x00,0x00,0x00,0x00,0x00,
    0x00,0x00,0x00,0x00,0x00,0x00,0x00,0x00,0x00,0x00,0x00,0x00,0x00,0x00,0x00,0x00,0x00,0x00,0x00,0x00,0x00,0x00,0x00,0x00,
    0x00,0x00,0x00,0x00,0x00,0x00,0x00,0x00,
    // 'V' (advance 44 px)
    0x00,0x00,0x00,0x00,0x00,0x00,0x00,0x00,0x00,0x00,0x00,0x00,0x00,0x00,0x00,0x00,0x00,0x00,0x00,0x00,0x00,0x00,0x00,0x00,
    0x05,0x10,0x00,0x00,0x00,0x00,0x00,0x00,0x00,0x00,0x00,0x00,0x00,0x00,0x00,0x00,0x00,0x00,0x00,0x00,0x00,0x00,0x09,0xC0,
    0x00,0x00,0x00,0x00,0x00,0x00,0x00,0x00,0x00,0x00,0x00,0x00,0x00,0x00,0x00,0x00,0x00,0x00,0x00,0x00,0x0A,0xFA,0x00,0x00,
    0x00,0x00,0x00,0x00,0x00,0x00,0x00,0x01,0x00,0x00,0x00,0x00,0x00,0x00,0x00,0x00,0x00,0x00,0x0B,0xFF,0x10,0x00,0x00,0x00,
    0x00,0x00,0x00,0x00,0x00,0x7B,0x00,0x00,0x00,0x00,0x00,0x00,0x00,0x00,0x00,0x00,0x0C,0xFF,0x20,0x00,0x00,0x00,0x00,0x00,
    0x00,0x00,0x3D,0xF6,0x00,0x00,0x00,0x00,0x00,0x00,0x00,0x00,0x00,0x00,0x0E,0xFF,0x30,0x00,0x00,0x00,0x00,0x00,0x00,0x04,
    0xFF,0xF0,0x00,0x00,0x00,0x00,0x00,0x00,0x00,0x00,0x00,0x00,0x0F,0xFF,0x40,0x00,0x00,0x00,0x00,0x00,0x00,0x4F,0xFF,0xA0,
    0x00,0x00,0x00,0x00,0x00,0x00,0x00,0x00,0x00,0x00,0x0F,0xFF,0x60,0x00,0x00,0x00,0x00,0x00,0x03,0xFF,0xFF,0x40,0x00,0x00,
    0x00,0x00,0x00,0x00,0x00,0x00,0x00,0x00,0x2F,0xFF,0x70,0x00,0x00,0x00,0x00,0x00,0x09,0xFF,0xFD,0x00,0x00,0x00,0x00,0x00,
    0x00,0x00,0x00,0x00,0x00,0x00,0x3F,0xFF,0x80,0x00,0x00,0x00,0x00,0x00,0x0E,0xFF,0xF7,0x00,0x00,0x00,0x00,0x00,0x00,0x00,
    0x00,0x00,0x00,0x00,0x4F,0xFF,0x90,0x00,0x00,0x00,0x00,0x00,0x4F,0xFF,0xF1,0x00,0x00,0x00,0x00,0x00,0x00,0x00,0x00,0x00,
    0x00,0x00,0x6F,0xFF,0xA0,0x00,0x00,0x00,0x00,0x00,0xAF,0xFF,0xB0,0x00,0x00,0x00,0x00,0x00,0x00,0x00,0x00,0x00,0x00,0x00,
    0x7F,0xFF,0xB0,0x00,0x00,0x00,0x00,0x00,0xFF,0xFF,0x50,0x00,0x00,0x00,0x00,0x00,0x00,0x00,0x00,0x00,0x00,0x00,0x8F,0xFF,
    0xC0,0x00,0x00,0x00,0x00,0x05,0xFF,0xF6,0x00,0x00,0x00,0x00,0x00,0x00,0x00,0x00,0x00,0x00,0x00,0x00,0xAF,0xFF,0xE0,0x00,
    0x00,0x00,0x00,0x0B,0xFF,0x50,0x00,0x00,0x00,0x00,0x00,0x00,0x00,0x00,0x00,0x00,0x00,0x00,0xBF,0xFF,0xB0,0x00,0x00,0x00,
    0x00,0x0F,0xE3,0x00,0x00,0x00,0x00,0x00,0x00,0x00,0x00,0x00,0x00,0x00,0x00,0x00,0xCF,0xFB,0x00,0x00,0x00,0x00,0x00,0x6D,
    0x20,0x00,0x00,0x00,0x00,0x00,0x00,0x00,0x00,0x00,0x00,0x00,0x00,0x00,0x4E,0xB0,0x00,0x00,0x00,0x00,0x00,0x81,0x00,0x00,
    0x00,0x00,0x00,0x00,0x00,0x00,0x00,0x00,0x00,0x00,0x00,0x00,0x01,0x00,0x00,0x00,0x00,0x00,0x00,0x00,0x00,0x00,0x00,0x00,
    0x00,0x00,0x00,0x00,0x00,0x00,0x00,0x00,0x00,0x00,0x00,0x00,0x00,0x00,0x00,0x00,0x00,0x00,0x00,0x00,0x00,0x00,0x00,0x00,
    0x00,0x00,0x00,0x00,0x00,0x00,0x00,0x00,0x2A,0x20,0x00,0x00,0x00,0x03,0x00,0x00,0x00,0x00,0x00,0x00,0x00,0x00,0x00,0x00,
    0x00,0x00,0x00,0x00,0x00,0x03,0xFF,0xD0,0x00,0x00,0x00,0x5B,0x00,0x00,0x00,0x00,0x00,0x00,0x00,0x00,0x00,0x00,0x00,0x00,
    0x00,0x00,0x00,0x04,0xFF,0xFB,0x00,0x00,0x07,0xF6,0x00,0x00,0x00,0x00,0x00,0x00,0x00,0x00,0x00,0x00,0x00,0x00,0x00,0x00,
    0x00,0x06,0xFF,0xFF,0x00,0x00,0xAF,0xF1,0x00,0x00,0x00,0x00,0x00,0x00,0x00,0x00,0x00,0x00,0x00,0x00,0x00,0x00,0x00,0x07,
    0xFF,0xFF,0x00,0x1C,0xFF,0xB0,0x00,0x00,0x00,0x00,0x00,0x00,0x00,0x00,0x00,0x00,0x00,0x00,0x00,0x00,0x00,0x08,0xFF,0xFD,
    0x01,0xEF,0xFF,0x50,0x00,0x00,0x00,0x00,0x00,0x00,0x00,0x00,0x00,0x00,0x00,0x00,0x00,0x00,0x00,0x0A,0xFF,0xFC,0x07,0xFF,
    0xFF,0x00,0x00,0x00,0x00,0x00,0x00,0x00,0x00,0x00,0x00,0x00,0x00,0x00,0x00,0x00,0x00,0x0B,0xFF,0xF9,0x0D,0xFF,0xFA,0x00,
    0x00,0x00,0x00,0x00,0x00,0x00,0x00,0x00,0x00,0x00,0x00,0x00,0x00,0x00,0x00,0x0C,0xFF,0xF4,0x3F,0xFF,0xF5,0x00,0x00,0x00,
    0x00,0x00,0x00,0x00,0x00,0x00,0x00,0x00,0x00,0x00,0x00,0x00,0x00,0x0D,0xFF,0xE0,0x9F,0xFF,0xF0,0x00,0x00,0x00,0x00,0x00,
    0x00,0x00,0x00,0x00,0x00,0x00,0x00,0x00,0x00,0x00,0x00,0x0F,0xFF,0x90,0xEF,0xFF,0x90,0x00,0x00,0x00,0x00,0x00,0x00,0x00,
    0x00,0x00,0x00,0x00,0x00,0x00,0x00,0x00,0x00,0x0F,0xFF,0x44,0xFF,0xFD,0x10,0x00,0x00,0x00,0x00,0x00,0x00,0x00,0x00,0x00,
    0x00,0x00,0x00,0x00,0x00,0x00,0x00,0x1F,0xFF,0x0A,0xFF,0xD1,0x00,0x00,0x00,0x00,0x00,0x00,0x00,0x00,0x00,0x00,0x00,0x00,
    0x00,0x00,0x00,0x00,0x00,0x3F,0xFA,0x1F,0xFD,0x10,0x00,0x00,0x00,0x00,0x00,0x00,0x00,0x00,0x00,0x00,0x00,0x00,0x00,0x00,
    0x00,0x00,0x00,0x4F,0xF5,0x6F,0x70,0x00,0x00,0x00,0x00,0x00,0x00,0x00,0x00,0x00,0x00,0x00,0x00,0x00,0x00,0x00,0x00,0x00,
    0x00,0x5F,0xD0,0x71,0x00,0x00,0x00,0x00,0x00,0x00,0x00,0x00,0x00,0x00,0x00,0x00,0x00,0x00,0x00,0x00,0x00,0x00,0x00,0x7D,
    0x10,0x00,0x00,0x00,0x00,0x00,0x00,0x00,0x00,0x00,0x00,0x00,0x00,0x00,0x00,0x00,0x00,0x00,0x00,0x00,0x00,0x51,0x00,0x00,
    0x00,0x00,0x00,0x00,0x00,0x00,0x00,0x00,0x00,0x00,0x00,0x00,0x00,0x00,0x00,0x00,0x00,0x00,0x00,0x00,0x00,0x00,0x00,0x00,
    0x00,0x00,0x00,0x00,0x00,0x00,0x00,0x00,0x00,0x00,0x00,0x00,0x00,0x00,0x00,0x00,0x00,0x00,0x00,0x00,0x00,0x00,0x00,0x00,
    0x00,0x00,0x00,0x00,0x00,0x00,0x00,0x00,0x00,0x00,0x00,0x00,0x00,0x00,0x00,0x00,0x00,0x00,0x00,0x00,0x00,0x00,0x00,0x00,
    0x00,0x00,0x00,0x00,0x00,0x00,0x00,0x00,0x00,0x00,0x00,0x00,0x00,0x00,0x00,0x00,0x00,0x00,0x00,0x00,0x00,0x00,0x00,0x00,
    0x00,0x00,0x00,0x00,0x00,0x00,0x00,0x00,0x00,0x00,0x00,0x00,0x00,0x00,0x00,0x00,0x00,0x00,0x00,0x00,0x00,0x00,0x00,0x00,
    0x00,0x00,0x00,0x00,0x00,0x00,0x00,0x00,
    // 'W' (advance 44 px)
    0x00,0x00,0x05,0x10,0x00,0x00,0x00,0x00,0x00,0x00,0x00,0x00,0x00,0x00,0x00,0x01,0x00,0x00,0x00,0x00,0x00,0x00,0x00,0x00,
    0x09,0xC0,0x00,0x00,0x00,0x00,0x00,0x00,0x00,0x00,0x00,0x00,0x00,0x4A,0x00,0x00,0x00,0x00,0x00,0x00,0x00,0x00,0x0A,0xFA,
    0x00,0x00,0x00,0x00,0x00,0x00,0x00,0x00,0x00,0x00,0x04,0xF9,0x00,0x00,0x00,0x00,0x00,0x00,0x00,0x00,0x0B,0xFF,0x10,0x00,
    0x00,0x00,0x00,0x00,0x00,0x00,0x00,0x00,0x0D,0xF8,0x00,0x00,0x00,0x00,0x00,0x00,0x00,0x00,0x0C,0xFF,0x20,0x00,0x00,0x00,
    0x00,0x00,0x00,0x00,0x00,0x00,0x3F,0xF7,0x00,0x00,0x00,0x00,0x00,0x00,0x00,0x00,0x0E,0xFF,0x30,0x00,0x00,0x00,0x00,0x00,
    0x00,0x00,0x00,0x00,0x8F,0xF5,0x00,0x00,0x00,0x00,0x00,0x00,0x00,0x00,0x0F,0xFF,0x40,0x00,0x00,0x00,0x00,0x00,0x00,0x00,
    0x00,0x00,0xDF,0xF4,0x00,0x00,0x00,0x00,0x00,0x00,0x00,0x00,0x0F,0xFF,0x60,0x00,0x00,0x00,0x00,0x00,0x00,0x00,0x00,0x02,
    0xFF,0xF3,0x00,0x00,0x00,0x00,0x00,0x00,0x00,0x00,0x2F,0xFF,0x70,0x00,0x00,0x00,0x00,0x00,0x00,0x00,0x00,0x08,0xFF,0xF1,
    0x00,0x00,0x00,0x00,0x00,0x00,0x00,0x00,0x3F,0xFF,0x80,0x00,0x00,0x00,0x00,0x00,0x00,0x00,0x00,0x0D,0xFF,0xF0,0x00,0x00,
    0x00,0x00,0x00,0x00,0x00,0x00,0x4F,0xFF,0x90,0x00,0x00,0x00,0x00,0x00,0x00,0x00,0x00,0x2F,0xFF,0xF0,0x00,0x00,0x00,0x00,
    0x00,0x00,0x00,0x00,0x6F,0xFF,0xA0,0x00,0x00,0x00,0x00,0x00,0x00,0x00,0x00,0x7F,0xFF,0xD0,0x00,0x00,0x00,0x00,0x00,0x00,
    0x00,0x00,0x7F,0xFF,0xB0,0x00,0x00,0x00,0x00,0x00,0x00,0x00,0x00,0x8F,0xFF,0xC0,0x00,0x00,0x00,0x00,0x00,0x00,0x00,0x00,
    0x8F,0xFF,0xC0,0x00,0x00,0x00,0x00,0x00,0x00,0x00,0x00,0xAF,0xFF,0xB0,0x00,0x00,0x00,0x00,0x00,0x00,0x00,0x00,0xAF,0xFF,
    0xE0,0x00,0x00,0x00,0x00,0x00,0x00,0x00,0x00,0xBF,0xFF,0xA0,0x00,0x00,0x00,0x00,0x00,0x00,0x00,0x00,0xBF,0xFF,0xB0,0x00,
    0x00,0x00,0x00,0x00,0x00,0x00,0x00,0xAF,0xFF,0x80,0x00,0x00,0x00,0x00,0x00,0x00,0x00,0x00,0xCF,0xFB,0x00,0x00,0x00,0x00,
    0x00,0x00,0x00,0x00,0x00,0x1E,0xFF,0x70,0x00,0x00,0x00,0x00,0x00,0x00,0x00,0x00,0x4E,0xB0,0x00,0x00,0x00,0x00,0x00,0x00,
    0x00,0x00,0x00,0x03,0xFE,0x40,0x00,0x00,0x00,0x00,0x00,0x00,0x00,0x00,0x01,0x00,0x00,0x00,0x00,0x00,0x00,0x00,0x00,0x00,
    0x00,0x00,0x10,0x00,0x00,0x00,0x00,0x00,0x00,0x00,0x00,0x00,0x00,0x00,0x00,0x00,0x00,0x00,0x00,0x00,0x00,0x00,0x00,0x00,
    0x00,0x00,0x00,0x00,0x00,0x00,0x00,0x00,0x00,0x00,0x02,0x00,0x00,0x00,0x00,0x00,0x00,0x10,0x00,0x00,0x00,0x00,0x20,0x00,
    0x00,0x00,0x00,0x00,0x00,0x00,0x00,0x01,0xAF,0x70,0x00,0x00,0x00,0x1B,0x00,0xC4,0x00,0x00,0x00,0x07,0xF8,0x00,0x00,0x00,
    0x00,0x00,0x00,0x00,0x00,0x04,0xFF,0xF4,0x00,0x00,0x03,0xE8,0x00,0xAF,0x70,0x00,0x00,0x8F,0xFF,0x00,0x00,0x00,0x00,0x00,
    0x00,0x00,0x00,0x05,0xFF,0xFF,0x00,0x00,0x5F,0xF2,0x00,0x7F,0xFB,0x00,0x07,0xFF,0xFE,0x00,0x00,0x00,0x00,0x00,0x00,0x00,
    0x00,0x06,0xFF,0xFF,0x00,0x07,0xFF,0xD0,0x00,0x4F,0xFF,0x80,0x0A,0xFF,0xFD,0x00,0x00,0x00,0x00,0x00,0x00,0x00,0x00,0x08,
    0xFF,0xFE,0x00,0xAF,0xFF,0x70,0x00,0x1F,0xFF,0xE0,0x09,0xFF,0xFC,0x00,0x00,0x00,0x00,0x00,0x00,0x00,0x00,0x09,0xFF,0xFD,
    0x05,0xFF,0xFF,0x20,0x00,0x0D,0xFF,0xF6,0x07,0xFF,0xFB,0x00,0x00,0x00,0x00,0x00,0x00,0x00,0x00,0x0A,0xFF,0xFB,0x0A,0xFF,
    0xFC,0x00,0x00,0x0A,0xFF,0xFE,0x06,0xFF,0xF9,0x00,0x00,0x00,0x00,0x00,0x00,0x00,0x00,0x0B,0xFF,0xF6,0x1F,0xFF,0xF7,0x00,
    0x00,0x07,0xFF,0xFF,0x35,0xFF,0xF8,0x00,0x00,0x00,0x00,0x00,0x00,0x00,0x00,0x0D,0xFF,0xF1,0x6F,0xFF,0xF1,0x00,0x00,0x02,
    0xFF,0xFF,0x54,0xFF,0xF7,0x00,0x00,0x00,0x00,0x00,0x00,0x00,0x00,0x0E,0xFF,0xC0,0xCF,0xFF,0xC0,0x00,0x00,0x00,0xBF,0xFF,
    0x73,0xFF,0xF5,0x00,0x00,0x00,0x00,0x00,0x00,0x00,0x00,0x0F,0xFF,0x72,0xFF,0xFF,0x50,0x00,0x00,0x00,0x3F,0xFF,0x91,0xFF,
    0xF4,0x00,0x00,0x00,0x00,0x00,0x00,0x00,0x00,0x1F,0xFF,0x28,0xFF,0xF5,0x00,0x00,0x00,0x00,0x0C,0xFF,0xC0,0xFF,0xF3,0x00,
    0x00,0x00,0x00,0x00,0x00,0x00,0x00,0x2F,0xFC,0x0D,0xFF,0x50,0x00,0x00,0x00,0x00,0x05,0xFF,0xE0,0xFF,0xF1,0x00,0x00,0x00,
    0x00,0x00,0x00,0x00,0x00,0x3F,0xF7,0x3F,0xE5,0x00,0x00,0x00,0x00,0x00,0x00,0x4E,0xF0,0xEF,0xF0,0x00,0x00,0x00,0x00,0x00,
    0x00,0x00,0x00,0x5F,0xF2,0x98,0x00,0x00,0x00,0x00,0x00,0x00,0x00,0x01,0xB2,0xDF,0xF0,0x00,0x00,0x00,0x00,0x00,0x00,0x00,
    0x00,0x6F,0x70,0x10,0x00,0x00,0x00,0x00,0x00,0x00,0x00,0x00,0x00,0x6F,0xD0,0x00,0x00,0x00,0x00,0x00,0x00,0x00,0x00,0x77,
    0x00,0x00,0x00,0x00,0x00,0x00,0x00,0x00,0x00,0x00,0x00,0x09,0xC0,0x00,0x00,0x00,0x00,0x00,0x00,0x00,0x00,0x10,0x00,0x00,
    0x00,0x00,0x00,0x00,0x00,0x00,0x00,0x00,0x00,0x00,0x60,0x00,0x00,0x00,0x00,0x00,0x00,0x00,0x00,0x00,0x00,0x00,0x00,0x00,
    0x00,0x00,0x00,0x00,0x00,0x00,0x00,0x00,0x00,0x00,0x00,0x00,0x00,0x00,0x00,0x00,0x00,0x00,0x00,0x00,0x00,0x00,0x00,0x00,
    0x00,0x00,0x00,0x00,0x00,0x00,0x00,0x00,0x00,0x00,0x00,0x00,0x00,0x00,0x00,0x00,0x00,0x00,0x00,0x00,0x00,0x00,0x00,0x00,
    0x00,0x00,0x00,0x00,0x00,0x00,0x00,0x00,0x00,0x00,0x00,0x00,0x00,0x00,0x00,0x00,0x00,0x00,0x00,0x00,0x00,0x00,0x00,0x00,
    0x00,0x00,0x00,0x00,0x00,0x00,0x00,0x00,0x00,0x00,0x00,0x00,0x00,0x00,0x00,0x00,0x00,0x00,0x00,0x00,0x00,0x00,0x00,0x00,
    0x00,0x00,0x00,0x00,0x00,0x00,0x00,0x00,
    // 'X' (advance 44 px)
    0x00,0x00,0x00,0x00,0x00,0x00,0x00,0x00,0x00,0x00,0x00,0x00,0x00,0x00,0x00,0x00,0x00,0x00,0x00,0x00,0x00,0x00,0x00,0x00,
    0x00,0x00,0x00,0x00,0x00,0x00,0x00,0x00,0x00,0x00,0x00,0x00,0x00,0x00,0x00,0x00,0x00,0x00,0x00,0x00,0x00,0x00,0x00,0x00,
    0x00,0x00,0x00,0x00,0x00,0x00,0x00,0x00,0x00,0x00,0x00,0x00,0x00,0x00,0x00,0x00,0x00,0x00,0x00,0x00,0x00,0x00,0x00,0x00,
    0x00,0x00,0x00,0x00,0x00,0x00,0x00,0x00,0x00,0x00,0x00,0x00,0x00,0x00,0x00,0x00,0x00,0x00,0x00,0x00,0x08,0x00,0x00,0x00,
    0x00,0x00,0x00,0x00,0x00,0x4A,0x00,0x00,0x00,0x00,0x00,0x00,0x00,0x00,0x00,0x00,0x00,0x00,0x0D,0xC2,0x00,0x00,0x00,0x00,
    0x00,0x00,0x1B,0xF7,0x00,0x00,0x00,0x00,0x00,0x00,0x00,0x00,0x00,0x00,0x00,0x00,0x0A,0xFE,0x40,0x00,0x00,0x00,0x00,0x02,
    0xEF,0xF1,0x00,0x00,0x00,0x00,0x00,0x00,0x00,0x00,0x00,0x00,0x00,0x00,0x08,0xFF,0xD0,0x00,0x00,0x00,0x00,0x2E,0xFF,0xB0,
    0x00,0x00,0x00,0x00,0x00,0x00,0x00,0x00,0x00,0x00,0x00,0x00,0x06,0xFF,0xF5,0x00,0x00,0x00,0x02,0xEF,0xFF,0x50,0x00,0x00,
    0x00,0x00,0x00,0x00,0x00,0x00,0x00,0x00,0x00,0x00,0x04,0xFF,0xFC,0x00,0x00,0x00,0x08,0xFF,0xFE,0x00,0x00,0x00,0x00,0x00,
    0x00,0x00,0x00,0x00,0x00,0x00,0x00,0x00,0x02,0xFF,0xFF,0x30,0x00,0x00,0x0E,0xFF,0xF9,0x00,0x00,0x00,0x00,0x00,0x00,0x00,
    0x00,0x00,0x00,0x00,0x00,0x00,0x00,0xFF,0xFF,0x90,0x00,0x00,0x3F,0xFF,0xF2,0x00,0x00,0x00,0x00,0x00,0x00,0x00,0x00,0x00,
    0x00,0x00,0x00,0x00,0x00,0xCF,0xFF,0xD0,0x00,0x00,0x9F,0xFF,0xC0,0x00,0x00,0x00,0x00,0x00,0x00,0x00,0x00,0x00,0x00,0x00,
    0x00,0x00,0x00,0x5F,0xFF,0xF0,0x00,0x00,0xEF,0xFF,0x60,0x00,0x00,0x00,0x00,0x00,0x00,0x00,0x00,0x00,0x00,0x00,0x00,0x00,
    0x00,0x0D,0xFF,0xF4,0x00,0x04,0xFF,0xFA,0x00,0x00,0x00,0x00,0x00,0x00,0x00,0x00,0x00,0x00,0x00,0x00,0x00,0x00,0x00,0x06,
    0xFF,0xF7,0x00,0x09,0xFF,0x80,0x00,0x00,0x00,0x00,0x00,0x00,0x00,0x00,0x00,0x00,0x00,0x00,0x00,0x00,0x00,0x00,0xBF,0xFA,
    0x00,0x0E,0xF6,0x00,0x00,0x00,0x00,0x00,0x00,0x00,0x00,0x00,0x00,0x00,0x00,0x00,0x00,0x00,0x00,0x00,0x07,0xFE,0x00,0x4F,
    0x40,0x00,0x00,0x00,0x00,0x00,0x00,0x00,0x00,0x00,0x00,0x00,0x00,0x00,0x00,0x00,0x00,0x00,0x00,0x3E,0x10,0x93,0x00,0x00,
    0x00,0x00,0x00,0x00,0x00,0x00,0x00,0x00,0x00,0x00,0x00,0x00,0x00,0x00,0x00,0x00,0x00,0x01,0x20,0x10,0x00,0x00,0x00,0x00,
    0x00,0x00,0x00,0x00,0x00,0x00,0x00,0x00,0x00,0x00,0x00,0x00,0x00,0x00,0x00,0x00,0x00,0x00,0x00,0x00,0x00,0x00,0x00,0x00,
    0x00,0x00,0x00,0x00,0x00,0x00,0x00,0x00,0x00,0x00,0x00,0x00,0x00,0x01,0x00,0x20,0x00,0x00,0x00,0x00,0x00,0x00,0x00,0x00,
    0x00,0x00,0x00,0x00,0x00,0x00,0x00,0x00,0x00,0x00,0x00,0x2B,0x00,0xC5,0x00,0x00,0x00,0x00,0x00,0x00,0x00,0x00,0x00,0x00,
    0x00,0x00,0x00,0x00,0x00,0x00,0x00,0x00,0x04,0xF8,0x00,0xAF,0x80,0x00,0x00,0x00,0x00,0x00,0x00,0x00,0x00,0x00,0x00,0x00,
    0x00,0x00,0x00,0x00,0x00,0x00,0x7F,0xF2,0x00,0x7F,0xFC,0x10,0x00,0x00,0x00,0x00,0x00,0x00,0x00,0x00,0x00,0x00,0x00,0x00,
    0x00,0x00,0x00,0x0A,0xFF,0xC0,0x00,0x3F,0xFF,0x90,0x00,0x00,0x00,0x00,0x00,0x00,0x00,0x00,0x00,0x00,0x00,0x00,0x00,0x00,
    0x00,0xCF,0xFF,0x70,0x00,0x0F,0xFF,0xF1,0x00,0x00,0x00,0x00,0x00,0x00,0x00,0x00,0x00,0x00,0x00,0x00,0x00,0x00,0x06,0xFF,
    0xFF,0x10,0x00,0x0D,0xFF,0xF8,0x00,0x00,0x00,0x00,0x00,0x00,0x00,0x00,0x00,0x00,0x00,0x00,0x00,0x00,0x0C,0xFF,0xFB,0x00,
    0x00,0x09,0xFF,0xFE,0x00,0x00,0x00,0x00,0x00,0x00,0x00,0x00,0x00,0x00,0x00,0x00,0x00,0x00,0x2F,0xFF,0xF6,0x00,0x00,0x06,
    0xFF,0xFF,0x30,0x00,0x00,0x00,0x00,0x00,0x00,0x00,0x00,0x00,0x00,0x00,0x00,0x00,0x8F,0xFF,0xF0,0x00,0x00,0x01,0xFF,0xFF,
    0x50,0x00,0x00,0x00,0x00,0x00,0x00,0x00,0x00,0x00,0x00,0x00,0x00,0x00,0xEF,0xFF,0xA0,0x00,0x00,0x00,0x9F,0xFF,0x80,0x00,
    0x00,0x00,0x00,0x00,0x00,0x00,0x00,0x00,0x00,0x00,0x00,0x04,0xFF,0xFE,0x20,0x00,0x00,0x00,0x2F,0xFF,0xA0,0x00,0x00,0x00,
    0x00,0x00,0x00,0x00,0x00,0x00,0x00,0x00,0x00,0x0A,0xFF,0xE2,0x00,0x00,0x00,0x00,0x0A,0xFF,0xC0,0x00,0x00,0x00,0x00,0x00,
    0x00,0x00,0x00,0x00,0x00,0x00,0x00,0x0F,0xFE,0x20,0x00,0x00,0x00,0x00,0x02,0xEF,0xF0,0x00,0x00,0x00,0x00,0x00,0x00,0x00,
    0x00,0x00,0x00,0x00,0x00,0x6F,0x91,0x00,0x00,0x00,0x00,0x00,0x00,0x1A,0xF1,0x00,0x00,0x00,0x00,0x00,0x00,0x00,0x00,0x00,
    0x00,0x00,0x00,0x72,0x00,0x00,0x00,0x00,0x00,0x00,0x00,0x00,0x52,0x00,0x00,0x00,0x00,0x00,0x00,0x00,0x00,0x00,0x00,0x00,
    0x00,0x00,0x00,0x00,0x00,0x00,0x00,0x00,0x00,0x00,0x00,0x00,0x00,0x00,0x00,0x00,0x00,0x00,0x00,0x00,0x00,0x00,0x00,0x00,
    0x00,0x00,0x00,0x00,0x00,0x00,0x00,0x00,0x00,0x00,0x00,0x00,0x00,0x00,0x00,0x00,0x00,0x00,0x00,0x00,0x00,0x00,0x00,0x00,
    0x00,0x00,0x00,0x00,0x00,0x00,0x00,0x00,0x00,0x00,0x00,0x00,0x00,0x00,0x00,0x00,0x00,0x00,0x00,0x00,0x00,0x00,0x00,0x00,
    0x00,0x00,0x00,0x00,0x00,0x00,0x00,0x00,0x00,0x00,0x00,0x00,0x00,0x00,0x00,0x00,0x00,0x00,0x00,0x00,0x00,0x00,0x00,0x00,
    0x00,0x00,0x00,0x00,0x00,0x00,0x00,0x00,0x00,0x00,0x00,0x00,0x00,0x00,0x00,0x00,0x00,0x00,0x00,0x00,0x00,0x00,0x00,0x00,
    0x00,0x00,0x00,0x00,0x00,0x00,0x00,0x00,0x00,0x00,0x00,0x00,0x00,0x00,0x00,0x00,0x00,0x00,0x00,0x00,0x00,0x00,0x00,0x00,
    0x00,0x00,0x00,0x00,0x00,0x00,0x00,0x00,
    // 'Y' (advance 44 px)
    0x00,0x00,0x00,0x00,0x00,0x00,0x00,0x00,0x00,0x00,0x00,0x00,0x00,0x00,0x00,0x00,0x00,0x00,0x00,0x00,0x00,0x00,0x00,0x00,
    0x00,0x00,0x00,0x00,0x00,0x00,0x00,0x00,0x00,0x00,0x00,0x00,0x00,0x00,0x00,0x00,0x00,0x00,0x00,0x00,0x00,0x00,0x00,0x00,
    0x00,0x00,0x00,0x00,0x00,0x00,0x00,0x00,0x00,0x00,0x00,0x00,0x00,0x00,0x00,0x00,0x00,0x00,0x00,0x00,0x00,0x00,0x05,0x00,
    0x00,0x00,0x00,0x00,0x00,0x00,0x00,0x18,0x00,0x00,0x00,0x00,0x00,0x00,0x00,0x00,0x00,0x00,0x00,0x00,0x0D,0x90,0x00,0x00,
    0x00,0x00,0x00,0x00,0x07,0xF8,0x00,0x00,0x00,0x00,0x00,0x00,0x00,0x00,0x00,0x00,0x00,0x00,0x0B,0xFC,0x20,0x00,0x00,0x00,
    0x00,0x00,0xCF,0xF2,0x00,0x00,0x00,0x00,0x00,0x00,0x00,0x00,0x00,0x00,0x00,0x00,0x09,0xFF,0xC0,0x00,0x00,0x00,0x00,0x0C,
    0xFF,0xC0,0x00,0x00,0x00,0x00,0x00,0x00,0x00,0x00,0x00,0x00,0x00,0x00,0x07,0xFF,0xF3,0x00,0x00,0x00,0x00,0xCF,0xFF,0x60,
    0x00,0x00,0x00,0x00,0x00,0x00,0x00,0x00,0x00,0x00,0x00,0x00,0x04,0xFF,0xFA,0x00,0x00,0x00,0x07,0xFF,0xFF,0x10,0x00,0x00,
    0x00,0x00,0x00,0x00,0x00,0x00,0x00,0x00,0x00,0x00,0x02,0xFF,0xFF,0x10,0x00,0x00,0x0C,0xFF,0xFA,0x00,0x00,0x00,0x00,0x00,
    0x00,0x00,0x00,0x00,0x00,0x00,0x00,0x00,0x00,0xFF,0xFF,0x80,0x00,0x00,0x2F,0xFF,0xF4,0x00,0x00,0x00,0x00,0x00,0x00,0x00,
    0x00,0x00,0x00,0x00,0x00,0x00,0x00,0xEF,0xFF,0xC0,0x00,0x00,0x7F,0xFF,0xE0,0x00,0x00,0x00,0x00,0x00,0x00,0x00,0x00,0x00,
    0x00,0x00,0x00,0x00,0x00,0x7F,0xFF,0xF0,0x00,0x00,0xDF,0xFF,0x80,0x00,0x00,0x00,0x00,0x00,0x00,0x00,0x00,0x00,0x00,0x00,
    0x00,0x00,0x00,0x1F,0xFF,0xF2,0x00,0x02,0xFF,0xFE,0x10,0x00,0x00,0x00,0x00,0x00,0x00,0x00,0x00,0x00,0x00,0x00,0x00,0x00,
    0x00,0x08,0xFF,0xF6,0x00,0x07,0xFF,0xD1,0x00,0x00,0x00,0x00,0x00,0x00,0x00,0x00,0x00,0x00,0x00,0x00,0x00,0x00,0x00,0x01,
    0xFF,0xF9,0x00,0x0D,0xFB,0x00,0x00,0x00,0x00,0x00,0x00,0x00,0x00,0x00,0x00,0x00,0x00,0x00,0x00,0x00,0x00,0x00,0x2C,0xFD,
    0x00,0x2F,0xA0,0x00,0x00,0x00,0x00,0x00,0x00,0x00,0x00,0x00,0x00,0x00,0x00,0x00,0x00,0x00,0x00,0x00,0x00,0x9F,0x00,0x88,
    0x00,0x00,0x00,0x00,0x00,0x00,0x00,0x00,0x00,0x00,0x00,0x00,0x00,0x00,0x00,0x00,0x00,0x00,0x00,0x05,0x30,0x40,0x00,0x00,
    0x00,0x00,0x00,0x00,0x00,0x00,0x00,0x00,0x00,0x00,0x00,0x00,0x00,0x00,0x00,0x00,0x00,0x00,0x00,0x00,0x00,0x00,0x00,0x00,
    0x00,0x00,0x00,0x00,0x00,0x00,0x00,0x00,0x00,0x00,0x00,0x00,0x00,0x00,0x00,0x00,0x00,0x00,0x00,0x00,0x00,0x00,0x00,0x00,
    0x00,0x00,0x00,0x00,0x00,0x00,0x00,0x00,0x00,0x00,0x00,0x00,0x00,0x00,0x23,0x00,0x00,0x00,0x00,0x00,0x00,0x00,0x00,0x00,
    0x00,0x00,0x00,0x00,0x00,0x00,0x00,0x00,0x00,0x00,0x00,0x00,0x76,0x00,0x00,0x00,0x00,0x00,0x00,0x00,0x00,0x00,0x00,0x00,
    0x00,0x00,0x00,0x00,0x00,0x00,0x00,0x00,0x00,0x00,0xD8,0x00,0x00,0x00,0x00,0x00,0x00,0x00,0x00,0x00,0x00,0x00,0x00,0x00,
    0x00,0x00,0x00,0x00,0x00,0x00,0x00,0x02,0xFB,0x00,0x00,0x00,0x00,0x00,0x00,0x00,0x00,0x00,0x00,0x00,0x00,0x00,0x00,0x00,
    0x00,0x00,0x00,0x00,0x00,0x07,0xFD,0x00,0x00,0x00,0x00,0x00,0x00,0x00,0x00,0x00,0x00,0x00,0x00,0x00,0x00,0x00,0x00,0x00,
    0x00,0x00,0x00,0x0C,0xFF,0x00,0x00,0x00,0x00,0x00,0x00,0x00,0x00,0x00,0x00,0x00,0x00,0x00,0x00,0x00,0x00,0x00,0x00,0x00,
    0x00,0x1F,0xFF,0x20,0x00,0x00,0x00,0x00,0x00,0x00,0x00,0x00,0x00,0x00,0x00,0x00,0x00,0x00,0x00,0x00,0x00,0x00,0x00,0x6F,
    0xFF,0x50,0x00,0x00,0x00,0x00,0x00,0x00,0x00,0x00,0x00,0x00,0x00,0x00,0x00,0x00,0x00,0x00,0x00,0x00,0x00,0xCF,0xFF,0x70,
    0x00,0x00,0x00,0x00,0x00,0x00,0x00,0x00,0x00,0x00,0x00,0x00,0x00,0x00,0x00,0x00,0x00,0x00,0x01,0xFF,0xFF,0xA0,0x00,0x00,
    0x00,0x00,0x00,0x00,0x00,0x00,0x00,0x00,0x00,0x00,0x00,0x00,0x00,0x00,0x00,0x00,0x06,0xFF,0xFF,0xC0,0x00,0x00,0x00,0x00,
    0x00,0x00,0x00,0x00,0x00,0x00,0x00,0x00,0x00,0x00,0x00,0x00,0x00,0x00,0x09,0xFF,0xFF,0xD0,0x00,0x00,0x00,0x00,0x00,0x00,
    0x00,0x00,0x00,0x00,0x00,0x00,0x00,0x00,0x00,0x00,0x00,0x00,0x0A,0xFF,0xFF,0xC0,0x00,0x00,0x00,0x00,0x00,0x00,0x00,0x00,
    0x00,0x00,0x00,0x00,0x00,0x00,0x00,0x00,0x00,0x00,0x0B,0xFF,0xFF,0xB0,0x00,0x00,0x00,0x00,0x00,0x00,0x00,0x00,0x00,0x00,
    0x00,0x00,0x00,0x00,0x00,0x00,0x00,0x00,0x00,0x00,0x00,0x00,0x00,0x00,0x00,0x00,0x00,0x00,0x00,0x00,0x00,0x00,0x00,0x00,
    0x00,0x00,0x00,0x00,0x00,0x00,0x00,0x00,0x00,0x00,0x00,0x00,0x00,0x00,0x00,0x00,0x00,0x00,0x00,0x00,0x00,0x00,0x00,0x00,
    0x00,0x00,0x00,0x00,0x00,0x00,0x00,0x00,0x00,0x00,0x00,0x00,0x00,0x00,0x00,0x00,0x00,0x00,0x00,0x00,0x00,0x00,0x00,0x00,
    0x00,0x00,0x00,0x00,0x00,0x00,0x00,0x00,0x00,0x00,0x00,0x00,0x00,0x00,0x00,0x00,0x00,0x00,0x00,0x00,0x00,0x00,0x00,0x00,
    0x00,0x00,0x00,0x00,0x00,0x00,0x00,0x00,0x00,0x00,0x00,0x00,0x00,0x00,0x00,0x00,0x00,0x00,0x00,0x00,0x00,0x00,0x00,0x00,
    0x00,0x00,0x00,0x00,0x00,0x00,0x00,0x00,0x00,0x00,0x00,0x00,0x00,0x00,0x00,0x00,0x00,0x00,0x00,0x00,0x00,0x00,0x00,0x00,
    0x00,0x00,0x00,0x00,0x00,0x00,0x00,0x00,0x00,0x00,0x00,0x00,0x00,0x00,0x00,0x00,0x00,0x00,0x00,0x00,0x00,0x00,0x00,0x00,
    0x00,0x00,0x00,0x00,0x00,0x00,0x00,0x00,0x00,0x00,0x00,0x00,0x00,0x00,0x00,0x00,0x00,0x00,0x00,0x00,0x00,0x00,0x00,0x00,
    0x00,0x00,0x00,0x00,0x00,0x00,0x00,0x00,
    // 'Z' (advance 44 px)
    0x00,0x00,0x00,0x00,0xDF,0xFF,0xFF,0xFF,0xFF,0xFF,0xFF,0xFF,0xFF,0xFF,0xFF,0x40,0x00,0x00,0x00,0x00,0x00,0x00,0x00,0x00,
    0x00,0x00,0x2F,0xFF,0xFF,0xFF,0xFF,0xFF,0xFF,0xFF,0xFF,0xFF,0xF5,0x00,0x00,0x00,0x00,0x00,0x00,0x00,0x00,0x00,0x00,0x00,
    0x06,0xFF,0xFF,0xFF,0xFF,0xFF,0xFF,0xFF,0xFF,0xFC,0x40,0x00,0x00,0x00,0x00,0x00,0x00,0x00,0x00,0x00,0x00,0x00,0x00,0xAF,
    0xFF,0xFF,0xFF,0xFF,0xFF,0xFF,0xFA,0x31,0x00,0x00,0x00,0x00,0x00,0x00,0x00,0x00,0x00,0x00,0x00,0x00,0x00,0x00,0x00,0x00,
    0x00,0x00,0x00,0x00,0x00,0x7B,0x00,0x00,0x00,0x00,0x00,0x00,0x00,0x00,0x00,0x00,0x00,0x00,0x00,0x00,0x00,0x00,0x00,0x00,
    0x00,0x00,0x3D,0xF6,0x00,0x00,0x00,0x00,0x00,0x00,0x00,0x00,0x00,0x00,0x00,0x00,0x00,0x00,0x00,0x00,0x00,0x00,0x00,0x04,
    0xFF,0xF0,0x00,0x00,0x00,0x00,0x00,0x00,0x00,0x00,0x00,0x00,0x00,0x00,0x00,0x00,0x00,0x00,0x00,0x00,0x00,0x4F,0xFF,0xA0,
    0x00,0x00,0x00,0x00,0x00,0x00,0x00,0x00,0x00,0x00,0x00,0x00,0x00,0x00,0x00,0x00,0x00,0x00,0x03,0xFF,0xFF,0x40,0x00,0x00,
    0x00,0x00,0x00,0x00,0x00,0x00,0x00,0x00,0x00,0x00,0x00,0x00,0x00,0x00,0x00,0x00,0x09,0xFF,0xFD,0x00,0x00,0x00,0x00,0x00,
    0x00,0x00,0x00,0x00,0x00,0x00,0x00,0x00,0x00,0x00,0x00,0x00,0x00,0x00,0x0E,0xFF,0xF7,0x00,0x00,0x00,0x00,0x00,0x00,0x00,
    0x00,0x00,0x00,0x00,0x00,0x00,0x00,0x00,0x00,0x00,0x00,0x00,0x4F,0xFF,0xF1,0x00,0x00,0x00,0x00,0x00,0x00,0x00,0x00,0x00,
    0x00,0x00,0x00,0x00,0x00,0x00,0x00,0x00,0x00,0x00,0xAF,0xFF,0xB0,0x00,0x00,0x00,0x00,0x00,0x00,0x00,0x00,0x00,0x00,0x00,
    0x00,0x00,0x00,0x00,0x00,0x00,0x00,0x00,0xFF,0xFF,0x50,0x00,0x00,0x00,0x00,0x00,0x00,0x00,0x00,0x00,0x00,0x00,0x00,0x00,
    0x00,0x00,0x00,0x00,0x00,0x05,0xFF,0xF7,0x00,0x00,0x00,0x00,0x00,0x00,0x00,0x00,0x00,0x00,0x00,0x00,0x00,0x00,0x00,0x00,
    0x00,0x00,0x00,0x0A,0xFF,0x50,0x00,0x00,0x00,0x00,0x00,0x00,0x00,0x00,0x00,0x00,0x00,0x00,0x00,0x00,0x00,0x00,0x00,0x00,
    0x00,0x0F,0xE4,0x00,0x00,0x00,0x00,0x00,0x00,0x00,0x00,0x00,0x00,0x00,0x00,0x00,0x00,0x00,0x00,0x00,0x00,0x00,0x00,0x5E,
    0x20,0x00,0x00,0x00,0x00,0x00,0x00,0x00,0x00,0x00,0x00,0x00,0x00,0x00,0x00,0x00,0x00,0x00,0x00,0x00,0x00,0x81,0x00,0x00,
    0x00,0x00,0x00,0x00,0x00,0x00,0x00,0x00,0x00,0x00,0x00,0x00,0x00,0x00,0x00,0x00,0x00,0x00,0x00,0x00,0x00,0x00,0x00,0x00,
    0x00,0x00,0x00,0x00,0x00,0x00,0x00,0x00,0x00,0x00,0x00,0x00,0x00,0x00,0x00,0x00,0x00,0x00,0x00,0x00,0x00,0x00,0x00,0x00,
    0x00,0x00,0x00,0x00,0x00,0x00,0x00,0x00,0x00,0x00,0x00,0x00,0x00,0x09,0x00,0x00,0x00,0x00,0x00,0x00,0x00,0x00,0x00,0x00,
    0x00,0x00,0x00,0x00,0x00,0x00,0x00,0x00,0x00,0x00,0x01,0xD9,0x00,0x00,0x00,0x00,0x00,0x00,0x00,0x00,0x00,0x00,0x00,0x00,
    0x00,0x00,0x00,0x00,0x00,0x00,0x00,0x00,0x3E,0xF3,0x00,0x00,0x00,0x00,0x00,0x00,0x00,0x00,0x00,0x00,0x00,0x00,0x00,0x00,
    0x00,0x00,0x00,0x00,0x00,0x05,0xFF,0xE0,0x00,0x00,0x00,0x00,0x00,0x00,0x00,0x00,0x00,0x00,0x00,0x00,0x00,0x00,0x00,0x00,
    0x00,0x00,0x00,0x8F,0xFF,0x80,0x00,0x00,0x00,0x00,0x00,0x00,0x00,0x00,0x00,0x00,0x00,0x00,0x00,0x00,0x00,0x00,0x00,0x00,
    0x04,0xFF,0xFF,0x30,0x00,0x00,0x00,0x00,0x00,0x00,0x00,0x00,0x00,0x00,0x00,0x00,0x00,0x00,0x00,0x00,0x00,0x00,0x0A,0xFF,
    0xFD,0x00,0x00,0x00,0x00,0x00,0x00,0x00,0x00,0x00,0x00,0x00,0x00,0x00,0x00,0x00,0x00,0x00,0x00,0x00,0x0F,0xFF,0xF7,0x00,
    0x00,0x00,0x00,0x00,0x00,0x00,0x00,0x00,0x00,0x00,0x00,0x00,0x00,0x00,0x00,0x00,0x00,0x00,0x6F,0xFF,0xF2,0x00,0x00,0x00,
    0x00,0x00,0x00,0x00,0x00,0x00,0x00,0x00,0x00,0x00,0x00,0x00,0x00,0x00,0x00,0x00,0xCF,0xFF,0xC0,0x00,0x00,0x00,0x00,0x00,
    0x00,0x00,0x00,0x00,0x00,0x00,0x00,0x00,0x00,0x00,0x00,0x00,0x00,0x02,0xFF,0xFF,0x50,0x00,0x00,0x00,0x00,0x00,0x00,0x00,
    0x00,0x00,0x00,0x00,0x00,0x00,0x00,0x00,0x00,0x00,0x00,0x07,0xFF,0xF6,0x00,0x00,0x00,0x00,0x00,0x00,0x00,0x00,0x00,0x00,
    0x00,0x00,0x00,0x00,0x00,0x00,0x00,0x00,0x00,0x0D,0xFF,0x60,0x00,0x00,0x00,0x00,0x00,0x00,0x00,0x00,0x00,0x00,0x00,0x00,
    0x00,0x00,0x00,0x00,0x00,0x00,0x00,0x3F,0xE5,0x00,0x00,0x00,0x00,0x00,0x00,0x00,0x00,0x00,0x00,0x00,0x00,0x00,0x00,0x00,
    0x00,0x00,0x00,0x00,0x00,0x99,0x10,0x00,0x00,0x00,0x00,0x00,0x00,0x00,0x00,0x00,0x00,0x00,0x00,0x00,0x00,0x00,0x00,0x00,
    0x00,0x00,0x00,0x11,0x8F,0xFF,0xFF,0xFF,0xFF,0xFF,0xFF,0xFD,0x00,0x00,0x00,0x00,0x00,0x00,0x00,0x00,0x00,0x00,0x00,0x00,
    0x02,0xAF,0xFF,0xFF,0xFF,0xFF,0xFF,0xFF,0xFF,0xFF,0xA0,0x00,0x00,0x00,0x00,0x00,0x00,0x00,0x00,0x00,0x00,0x00,0x2E,0xFF,
    0xFF,0xFF,0xFF,0xFF,0xFF,0xFF,0xFF,0xFF,0xF6,0x00,0x00,0x00,0x00,0x00,0x00,0x00,0x00,0x00,0x00,0x01,0xDF,0xFF,0xFF,0xFF,
    0xFF,0xFF,0xFF,0xFF,0xFF,0xFF,0xFF,0x30,0x00,0x00,0x00,0x00,0x00,0x00,0x00,0x00,0x00,0x00,0x00,0x00,0x00,0x00,0x00,0x00,
    0x00,0x00,0x00,0x00,0x00,0x00,0x00,0x00,0x00,0x00,0x00,0x00,0x00,0x00,0x00,0x00,0x00,0x00,0x00,0x00,0x00,0x00,0x00,0x00,
    0x00,0x00,0x00,0x00,0x00,0x00,0x00,0x00,0x00,0x00,0x00,0x00,0x00,0x00,0x00,0x00,0x00,0x00,0x00,0x00,0x00,0x00,0x00,0x00,
    0x00,0x00,0x00,0x00,0x00,0x00,0x00,0x00,0x00,0x00,0x00,0x00,0x00,0x00,0x00,0x00,0x00,0x00,0x00,0x00,0x00,0x00,0x00,0x00,
    0x00,0x00,0x00,0x00,0x00,0x00,0x00,0x00,
};

static const GlyphFont::Glyph kClockFontSmall_glyphs[] = {
    { 32, 44, 0, 44, 0 },
    { 44, 0, -13, 13, 968 },
    { 45, 44, 0, 44, 1276 },
    { 46, 0, -11, 11, 2244 },
    { 47, 44, 0, 44, 2508 },
    { 48, 44, 0, 44, 3476 },
    { 49, 44, 0, 44, 4444 },
    { 50, 44, 0, 44, 5412 },
    { 51, 44, 0, 44, 6380 },
    { 52, 44, 0, 44, 7348 },
    { 53, 44, 0, 44, 8316 },
    { 54, 44, 0, 44, 9284 },
    { 55, 44, 0, 44, 10252 },
    { 56, 44, 0, 44, 11220 },
    { 57, 44, 0, 44, 12188 },
    { 58, 0, -11, 11, 13156 },
    { 65, 44, 0, 44, 13420 },
    { 66, 44, 0, 44, 14388 },
    { 67, 44, 0, 44, 15356 },
    { 68, 44, 0, 44, 16324 },
    { 69, 44, 0, 44, 17292 },
    { 70, 44, 0, 44, 18260 },
    { 71, 44, 0, 44, 19228 },
    { 72, 44, 0, 44, 20196 },
    { 73, 44, 0, 44, 21164 },
    { 74, 44, 0, 44, 22132 },
    { 75, 44, 0, 44, 23100 },
    { 76, 44, 0, 44, 24068 },
    { 77, 44, 0, 44, 25036 },
    { 78, 44, 0, 44, 26004 },
    { 79, 44, 0, 44, 26972 },
    { 80, 44, 0, 44, 27940 },
    { 81, 44, 0, 44, 28908 },
    { 82, 44, 0, 44, 29876 },
    { 83, 44, 0, 44, 30844 },
    { 84, 44, 0, 44, 31812 },
    { 85, 44, 0, 44, 32780 },
    { 86, 44, 0, 44, 33748 },
    { 87, 44, 0, 44, 34716 },
    { 88, 44, 0, 44, 35684 },
    { 89, 44, 0, 44, 36652 },
    { 90, 44, 0, 44, 37620 },
};

extern const GlyphFont kClockFontSmall = { 44, 42, kClockFontSmall_glyphs, kClockFontSmall_data };

}  // namespace hipi
